,,
,,
,,
,,
,,
,,
,,
,,
,,
,,
,,
,,
,,
,,
,,
,,
,,
,,
,,
,,
,,
,,
,,
,,
,,
,,
,,
,,
,,
,,
,,
,,
,,
,,
,,
,,
,,
,,
,,
,,
,,
,,
,,
,,
,,
,,
,,
,,
,,
,,
,,
,,
,,
,,
,,
,,
,,
,,
,,
,,
,,
,,
,,
,,
,,
,,
,,
,,
,,
,,
,,
,,
,,
,,
,,
,,
,,
,,
,,
,,
,,
,,
,,
,,
,,
,,
,,
,,
,,
,,
,,
,,
,,
,,
,,
,,
,,
,,
,,
,,
,,
,,
,,
,,
,,
,,
,,
,,
,,
,,
,,
,,
,,
,,
,,
,,
,,
,,
,,
,,
,,
,,
,,
,,
,,
,,
,,
,,
,,
,,
,,
,,
,,
,,
,,
,,
,,
,,
,,
,,
,,
,,
,,
,,
,,
,,
,,
,,
,,
,,
,,
,,
,,
,,
,,
,,
,,
,,
,,
,,
,,
,,
,,
,,
,,
,,
,,
,,
,,
,,
,,
,,
,,
,,
,,
,,
,,
,,
,,
,,
,,
,,
,,
,,
,,
,,
,,
,,
,,
,,
,,
,,
,,
,,
,,
,,
,,
,,
,,
,,
,,
,,
,,
,,
,,
,,
,,
,,
,,
,,
,,
,,
,,
,,
,,
,,
,,
,,
,,
,,
,,
,,
,,
,,
,,
,,
,,
,,
,,
,,
,,
,,
,,
,,
,,
,,
,,
,,
,,
,,
,,
,,
,,
,,
,,
,,
,,
,,
,,
,,
,,
,,
,,
,,
,,
,,
,,
,,
,,
,,
,,
,,
,,
,,
,,
,,
,,
,,
,,
,,
,,
,,
,,
,,
,,
,,
,,
,,
,,
,,
,,
,,
,,
,,
,,
,,
,,
,,
,,
,,
,,
,,
,,
,,
,,
,,
,,
,,
,,
,,
,,
,,
,,
,,
,,
,,
,,
,,
,,
,,
,,
,,
,,
,,
,,
,,
,,
,,
,,
,,
,,
,,
,,
,,
,,
,,
,,
,,
,,
,,
,,
,,
,,
,,
,,
,,
,,
,,
,,
,,
,,
,,
,,
,,
,,
,,
,,
,,
,,
,,
,,
,,
,,
,,
,,
,,
,,
,,
,,
,,
,,
,,
,,
,,
,,
,,
,,
,,
,,
,,
,,
,,
,,
,,
,,
,,
,,
,,
,,
,,
,,
,,
,,
,,
,,
,,
,,
,,
,,
,,
,,
,,
,,
,,
,,
,,
,,
,,
,,
,,
,,
,,
,,
,,
,,
,,
,,
,,
,,
,,
,,
,,
,,
,,
,,
,,
,,
,,
,,
,,
,,
,,
,,
,,
,,
,,
,,
,,
,,
,,
,,
,,
,,
,,
,,
,,
,,
,,
,,
,,
,,
,,
,,
,,
,,
,,
,,
,,
,,
,,
,,
,,
,,
,,
,,
,,
,,
,,
,,
,,
,,
,,
,,
,,
,,
,,
,,
,,
,,
,,
,,
,,
,,
,,
,,
,,
,,
,,
,,
,,
,,
,,
,,
,,
,,
,,
,,
,,
,,
,,
,,
,,
,,
,,
,,
,,
,,
,,
,,
,,
,,
,,
,,
,,
,,
,,
,,
,,
,,
,,
,,
,,
,,
,,
,,
,,
,,
,,
,,
,,
,,
,,
,,
,,
,,
,,
,,
,,
,,
,,
,,
,,
,,
,,
,,
,,
,,
,,
,,
,,
,,
,,
,,
,,
,,
,,
,,
,,
,,
,,
,,
,,
,,
,,
,,
,,
,,
,,
,,
,,
,,
,,
,,
,,
,,
,,
,,
,,
,,
,,
,,
,,
,,
,,
,,
,,
,,
,,
,,
,,
,,
,,
,,
,,
,,
,,
,,
,,
,,
,,
,,
,,
,,
,,
,,
,,
,,
,,
,,
,,
,,
,,
,,
,,
,,
,,
,,
,,
,,
,,
,,
,,
,,
,,
,,
,,
,,
,,
,,
,,
,,
,,
,,
,,
,,
,,
,,
,,
,,
,,
,,
,,
,,
,,
,,
,,
,,
,,
,,
,,
,,
,,
,,
,,
,,
,,
,,
,,
,,
,,
,,
,,
,,
,,
,,
,,
,,
,,
,,
,,
,,
,,
,,
,,
,,
,,
,,
,,
,,
,,
,,
,,
,,
,,
,,
,,
,,
,,
,,
,,
,,
,,
,,
,,
,,
,,
,,
,,
,,
,,
,,
,,
,,
,,
,,
,,
,,
,,
,,
,,
,,
,,
,,
,,
,,
,,
,,
,,
,,
,,
,,
,,
,,
,,
,,
,,
,,
,,
,,
,,
,,
,,
,,
,,
,,
,,
,,
,,
,,
,,
,,
,,
,,
,,
,,
,,
,,
,,
,,
,,
,,
,,
,,
,,
,,
,,
,,
,,
,,
,,
,,
,,
,,
,,
,,
,,
,,
,,
,,
,,
,,
,,
,,
,,
,,
,,
,,
,,
,,
,,
,,
,,
,,
,,
,,
,,
,,
,,
,,
,,
,,
,,
,,
,,
,,
,,
,,
,,
,,
,,
,,
,,
,,
,,
,,
,,
,,
,,
,,
,,
,,
,,
,,
,,
,,
,,
,,
,,
,,
,,
,,
,,
,,
,,
,,
,,
,,
,,
,,
,,
,,
,,
,,
,,
,,
,,
,,
,,
,,
,,
,,
,,
,,
,,
,,
,,
,,
,,
,,
,,
,,
,,
,,
,,
,,
,,
,,
,,
,,
,,
,,
,,
,,
,,
,,
,,
,,
,,
,,
,,
,,
,,
,,
,,
,,
,,
,,
,,
,,
,,
,,
,,
,,
,,
,,
,,
,,
,,
,,
,,
,,
,,
,,
,,
,,
,,
,,
,,
,,
,,
,,
,,
,,
,,
,,
,,
,,
,,
,,
,,
,,
,,
,,
,,
,,
,,
,,
,,
,,
,,
,,
,,
,,
,,
,,
,,
,,
,,
,,
,,
,,
,,
,,
,,
,,
,,
,,
,,
,,
,,
,,
,,
,,
,,
,,
,,
,,
,,
,,
,,
,,
,,
,,
,,
,,
,,
,,
,,
,,
,,
,,
,,
,,
,,
,,
,,
,,
,,
,,
,,
,,
,,
,,
,,
,,
,,
,,
,,
,,
,,
,,
,,
,,
,,
,,
,,
,,
,,
,,
,,
,,
,,
,,
,,
,,
,,
,,
,,
,,
,,
,,
,,
,,
,,
,,
,,
,,
,,
,,
,,
,,
"ListingKey","HasAvailability","AvailYearEnd"
"1","1","174"
"2","1","27"
"3","1","122"
"4","1","54"
"5","1","0"
"6","1","11"
"7","1","91"
"8","1","61"
"9","1","155"
"10","1","0"
"11","1","103"
"12","1","128"
"13","1","125"
"14","1","62"
"15","1","31"
"16","1","179"
"17","1","4"
"18","1","152"
"19","1","61"
"20","1","139"
"21","1","177"
"22","1","201"
"23","1","136"
"24","1","0"
"25","1","64"
"26","1","168"
"27","1","118"
"28","1","201"
"29","1","194"
"30","1","0"
"31","1","8"
"32","1","150"
"33","1","1"
"34","1","28"
"35","1","0"
"36","1","122"
"37","1","69"
"38","1","164"
"39","1","0"
"40","1","85"
"41","1","86"
"42","1","122"
"43","1","189"
"44","1","38"
"45","1","0"
"46","1","72"
"47","1","171"
"48","1","0"
"49","1","201"
"50","1","193"
"51","1","41"
"52","1","0"
"53","1","100"
"54","1","10"
"55","1","0"
"56","1","17"
"57","1","200"
"58","1","200"
"59","1","200"
"60","1","201"
"61","1","82"
"62","1","59"
"63","1","144"
"64","1","68"
"65","1","0"
"66","1","44"
"67","1","154"
"68","1","180"
"69","1","0"
"70","1","58"
"71","1","17"
"72","1","0"
"73","1","200"
"74","1","0"
"75","1","0"
"76","1","172"
"77","1","73"
"78","1","196"
"79","1","0"
"80","1","200"
"81","1","74"
"82","1","0"
"83","1","123"
"84","1","0"
"85","1","41"
"86","1","100"
"87","1","69"
"88","1","110"
"89","1","42"
"90","1","61"
"91","1","79"
"92","1","0"
"93","1","0"
"94","1","0"
"95","1","77"
"96","1","200"
"97","1","168"
"98","1","0"
"99","1","0"
"100","1","0"
"101","1","0"
"102","1","140"
"103","1","127"
"104","1","169"
"105","1","170"
"106","1","168"
"107","1","85"
"108","1","80"
"109","1","3"
"110","1","173"
"111","1","101"
"112","1","0"
"113","1","0"
"114","1","90"
"115","1","89"
"116","1","54"
"117","1","95"
"118","1","104"
"119","1","0"
"120","1","171"
"121","1","158"
"122","1","1"
"123","1","88"
"124","1","42"
"125","1","78"
"126","1","201"
"127","1","54"
"128","1","30"
"129","1","26"
"130","1","153"
"131","1","136"
"132","1","0"
"133","1","201"
"134","1","0"
"135","1","194"
"136","1","0"
"137","1","19"
"138","1","89"
"139","1","0"
"140","1","107"
"141","1","154"
"142","1","0"
"143","1","155"
"144","1","201"
"145","1","163"
"146","1","2"
"147","1","122"
"148","1","0"
"149","1","0"
"150","1","152"
"151","1","200"
"152","1","0"
"153","1","112"
"154","1","42"
"155","1","0"
"156","1","200"
"157","1","68"
"158","1","0"
"159","1","83"
"160","1","144"
"161","1","0"
"162","1","1"
"163","1","51"
"164","1","0"
"165","1","0"
"166","1","0"
"167","1","161"
"168","1","201"
"169","1","83"
"170","1","201"
"171","1","72"
"172","1","0"
"173","1","88"
"174","1","153"
"175","1","92"
"176","1","0"
"177","1","0"
"178","1","132"
"179","1","167"
"180","1","0"
"181","1","87"
"182","1","0"
"183","1","0"
"184","1","117"
"185","1","21"
"186","1","175"
"187","1","160"
"188","1","89"
"189","1","0"
"190","1","71"
"191","1","152"
"192","1","102"
"193","1","0"
"194","1","154"
"195","1","60"
"196","1","200"
"197","1","99"
"198","1","45"
"199","1","0"
"200","1","201"
"201","1","55"
"202","1","194"
"203","1","33"
"204","1","159"
"205","1","103"
"206","1","77"
"207","1","194"
"208","1","0"
"209","1","178"
"210","1","0"
"211","1","168"
"212","1","200"
"213","1","77"
"214","1","201"
"215","1","0"
"216","1","140"
"217","1","201"
"218","1","0"
"219","1","172"
"220","1","168"
"221","1","168"
"222","1","168"
"223","1","164"
"224","1","168"
"225","1","168"
"226","1","168"
"227","1","0"
"228","1","0"
"229","1","0"
"230","1","168"
"231","1","0"
"232","1","123"
"233","1","88"
"234","1","90"
"235","1","172"
"236","1","0"
"237","1","0"
"238","1","0"
"239","1","0"
"240","1","201"
"241","1","0"
"242","1","0"
"243","1","61"
"244","1","73"
"245","1","56"
"246","1","0"
"247","1","0"
"248","1","66"
"249","1","145"
"250","1","0"
"251","1","2"
"252","1","70"
"253","1","0"
"254","1","179"
"255","1","201"
"256","1","0"
"257","1","200"
"258","1","184"
"259","1","123"
"260","1","122"
"261","1","115"
"262","1","193"
"263","1","184"
"264","1","84"
"265","1","0"
"266","1","170"
"267","1","0"
"268","1","0"
"269","1","54"
"270","1","96"
"271","1","0"
"272","1","0"
"273","1","122"
"274","1","169"
"275","1","160"
"276","1","166"
"277","1","126"
"278","1","133"
"279","1","0"
"280","1","14"
"281","1","0"
"282","1","88"
"283","1","0"
"284","1","140"
"285","1","0"
"286","1","152"
"287","1","92"
"288","1","134"
"289","1","62"
"290","1","88"
"291","1","123"
"292","1","161"
"293","1","89"
"294","1","0"
"295","1","0"
"296","1","160"
"297","1","0"
"298","1","95"
"299","1","52"
"300","1","0"
"301","1","0"
"302","1","174"
"303","1","179"
"304","1","19"
"305","1","199"
"306","1","1"
"307","1","199"
"308","1","125"
"309","1","0"
"310","1","122"
"311","1","89"
"312","1","0"
"313","1","0"
"314","1","200"
"315","1","188"
"316","1","186"
"317","1","78"
"318","1","10"
"319","1","90"
"320","1","200"
"321","1","123"
"322","1","0"
"323","1","103"
"324","1","200"
"325","1","153"
"326","1","200"
"327","1","108"
"328","1","201"
"329","1","0"
"330","1","0"
"331","1","184"
"332","1","83"
"333","1","110"
"334","1","179"
"335","1","0"
"336","1","160"
"337","1","30"
"338","1","148"
"339","1","0"
"340","1","140"
"341","1","0"
"342","1","199"
"343","1","0"
"344","1","72"
"345","1","200"
"346","1","114"
"347","1","0"
"348","1","42"
"349","1","94"
"350","1","57"
"351","1","0"
"352","1","177"
"353","1","201"
"354","1","96"
"355","1","0"
"356","1","154"
"357","1","87"
"358","1","0"
"359","1","24"
"360","1","167"
"361","1","5"
"362","1","31"
"363","1","200"
"364","1","0"
"365","1","0"
"366","1","0"
"367","1","0"
"368","1","0"
"369","1","0"
"370","1","49"
"371","1","0"
"372","1","200"
"373","1","200"
"374","1","143"
"375","1","0"
"376","1","184"
"377","1","185"
"378","1","0"
"379","1","0"
"380","1","199"
"381","1","30"
"382","1","198"
"383","1","0"
"384","1","194"
"385","1","0"
"386","1","0"
"387","1","0"
"388","1","103"
"389","1","181"
"390","1","0"
"391","1","200"
"392","1","0"
"393","1","0"
"394","1","82"
"395","1","54"
"396","1","0"
"397","1","151"
"398","1","96"
"399","1","72"
"400","1","133"
"401","1","61"
"402","1","175"
"403","1","70"
"404","1","201"
"405","1","32"
"406","1","201"
"407","1","0"
"408","1","168"
"409","1","0"
"410","1","27"
"411","1","150"
"412","1","32"
"413","1","0"
"414","1","0"
"415","1","97"
"416","1","0"
"417","1","0"
"418","1","0"
"419","1","201"
"420","1","200"
"421","1","0"
"422","1","137"
"423","1","80"
"424","1","184"
"425","1","122"
"426","1","0"
"427","1","52"
"428","1","0"
"429","1","130"
"430","1","0"
"431","1","200"
"432","1","145"
"433","1","145"
"434","1","0"
"435","1","0"
"436","1","0"
"437","1","0"
"438","1","177"
"439","1","0"
"440","1","42"
"441","1","0"
"442","1","53"
"443","1","0"
"444","1","88"
"445","1","115"
"446","1","118"
"447","1","0"
"448","1","92"
"449","1","40"
"450","1","14"
"451","1","0"
"452","1","0"
"453","1","36"
"454","1","122"
"455","1","0"
"456","1","0"
"457","1","200"
"458","1","0"
"459","1","0"
"460","1","153"
"461","1","0"
"462","1","193"
"463","1","83"
"464","1","60"
"465","1","153"
"466","1","0"
"467","1","199"
"468","1","42"
"469","1","154"
"470","1","0"
"471","1","89"
"472","1","179"
"473","1","0"
"474","1","0"
"475","1","0"
"476","1","57"
"477","1","176"
"478","1","0"
"479","1","39"
"480","1","75"
"481","1","0"
"482","1","200"
"483","1","0"
"484","1","0"
"485","1","0"
"486","1","94"
"487","1","201"
"488","1","0"
"489","1","0"
"490","1","0"
"491","1","0"
"492","1","1"
"493","1","0"
"494","1","156"
"495","1","193"
"496","1","0"
"497","1","75"
"498","1","0"
"499","1","3"
"500","1","0"
"501","1","201"
"502","1","0"
"503","1","197"
"504","1","164"
"505","1","131"
"506","1","122"
"507","1","180"
"508","1","201"
"509","1","93"
"510","1","184"
"511","1","10"
"512","1","193"
"513","1","87"
"514","1","0"
"515","1","194"
"516","1","4"
"517","1","0"
"518","1","0"
"519","1","45"
"520","1","0"
"521","1","0"
"522","1","0"
"523","1","63"
"524","1","181"
"525","1","136"
"526","1","178"
"527","1","0"
"528","1","0"
"529","1","71"
"530","1","165"
"531","1","0"
"532","1","170"
"533","1","164"
"534","1","0"
"535","1","138"
"536","1","93"
"537","1","137"
"538","1","195"
"539","1","0"
"540","1","173"
"541","1","102"
"542","1","72"
"543","1","39"
"544","1","134"
"545","1","89"
"546","1","0"
"547","1","182"
"548","1","55"
"549","1","201"
"550","1","0"
"551","1","0"
"552","1","193"
"553","1","178"
"554","1","184"
"555","1","201"
"556","1","114"
"557","1","0"
"558","1","67"
"559","1","0"
"560","1","0"
"561","1","62"
"562","1","93"
"563","1","0"
"564","1","0"
"565","1","201"
"566","1","0"
"567","1","45"
"568","1","0"
"569","1","0"
"570","1","0"
"571","1","131"
"572","1","0"
"573","1","0"
"574","1","198"
"575","1","0"
"576","1","0"
"577","1","0"
"578","1","0"
"579","1","97"
"580","1","120"
"581","1","198"
"582","1","0"
"583","1","0"
"584","1","187"
"585","1","111"
"586","1","192"
"587","1","35"
"588","1","198"
"589","1","154"
"590","1","43"
"591","1","59"
"592","1","201"
"593","1","199"
"594","1","0"
"595","1","49"
"596","1","0"
"597","1","0"
"598","1","52"
"599","1","0"
"600","1","87"
"601","1","0"
"602","1","0"
"603","1","169"
"604","1","0"
"605","1","0"
"606","1","156"
"607","1","48"
"608","1","83"
"609","1","0"
"610","1","131"
"611","1","198"
"612","1","0"
"613","1","0"
"614","1","5"
"615","1","0"
"616","1","0"
"617","1","192"
"618","1","0"
"619","1","97"
"620","1","123"
"621","1","132"
"622","1","137"
"623","1","1"
"624","1","65"
"625","1","0"
"626","1","10"
"627","1","75"
"628","1","180"
"629","1","182"
"630","1","166"
"631","1","0"
"632","1","194"
"633","1","123"
"634","1","183"
"635","1","0"
"636","1","0"
"637","1","0"
"638","1","5"
"639","1","31"
"640","1","53"
"641","1","169"
"642","1","123"
"643","1","69"
"644","1","0"
"645","1","0"
"646","1","23"
"647","1","81"
"648","1","201"
"649","1","190"
"650","1","178"
"651","1","0"
"652","1","0"
"653","1","54"
"654","1","91"
"655","1","0"
"656","1","195"
"657","1","122"
"658","1","82"
"659","1","0"
"660","1","168"
"661","1","0"
"662","1","62"
"663","1","23"
"664","1","0"
"665","1","59"
"666","1","0"
"667","1","0"
"668","1","77"
"669","1","117"
"670","1","7"
"671","1","9"
"672","1","122"
"673","1","0"
"674","1","39"
"675","1","160"
"676","1","0"
"677","1","177"
"678","1","162"
"679","1","201"
"680","1","75"
"681","1","0"
"682","1","0"
"683","1","170"
"684","1","187"
"685","1","132"
"686","1","199"
"687","1","165"
"688","1","33"
"689","1","10"
"690","1","126"
"691","1","201"
"692","1","0"
"693","1","173"
"694","1","83"
"695","1","0"
"696","1","181"
"697","1","181"
"698","1","181"
"699","1","52"
"700","1","0"
"701","1","65"
"702","1","0"
"703","1","71"
"704","1","134"
"705","1","0"
"706","1","0"
"707","1","0"
"708","1","71"
"709","1","103"
"710","1","144"
"711","1","51"
"712","1","176"
"713","1","1"
"714","1","177"
"715","1","153"
"716","1","103"
"717","1","109"
"718","1","121"
"719","1","0"
"720","1","200"
"721","1","200"
"722","1","60"
"723","1","141"
"724","1","179"
"725","1","20"
"726","1","132"
"727","1","201"
"728","1","6"
"729","1","0"
"730","1","187"
"731","1","177"
"732","1","160"
"733","1","0"
"734","1","0"
"735","1","180"
"736","1","116"
"737","1","0"
"738","1","200"
"739","1","156"
"740","1","149"
"741","1","96"
"742","1","67"
"743","1","87"
"744","1","0"
"745","1","60"
"746","1","179"
"747","1","201"
"748","1","16"
"749","1","0"
"750","1","130"
"751","1","154"
"752","1","99"
"753","1","131"
"754","1","200"
"755","1","200"
"756","1","0"
"757","1","55"
"758","1","193"
"759","1","137"
"760","1","0"
"761","1","0"
"762","1","197"
"763","1","0"
"764","1","0"
"765","1","82"
"766","1","124"
"767","1","136"
"768","1","201"
"769","1","200"
"770","1","62"
"771","1","0"
"772","1","0"
"773","1","201"
"774","1","193"
"775","1","0"
"776","1","61"
"777","1","80"
"778","1","201"
"779","1","118"
"780","1","0"
"781","1","0"
"782","1","44"
"783","1","0"
"784","1","0"
"785","1","0"
"786","1","100"
"787","1","12"
"788","1","0"
"789","1","19"
"790","1","92"
"791","1","0"
"792","1","74"
"793","1","38"
"794","1","0"
"795","1","0"
"796","1","185"
"797","1","43"
"798","1","0"
"799","1","175"
"800","1","200"
"801","1","198"
"802","1","0"
"803","1","0"
"804","1","23"
"805","1","69"
"806","1","53"
"807","1","200"
"808","1","0"
"809","1","0"
"810","1","132"
"811","1","0"
"812","1","86"
"813","1","182"
"814","1","1"
"815","1","201"
"816","1","7"
"817","1","162"
"818","1","169"
"819","1","0"
"820","1","0"
"821","1","152"
"822","1","139"
"823","1","31"
"824","1","0"
"825","1","0"
"826","1","0"
"827","1","200"
"828","1","54"
"829","1","0"
"830","1","0"
"831","1","45"
"832","1","75"
"833","1","0"
"834","1","154"
"835","1","0"
"836","1","7"
"837","1","89"
"838","1","145"
"839","1","194"
"840","1","179"
"841","1","0"
"842","1","0"
"843","1","59"
"844","1","102"
"845","1","181"
"846","1","174"
"847","1","0"
"848","1","198"
"849","1","200"
"850","1","35"
"851","1","45"
"852","1","200"
"853","1","46"
"854","1","0"
"855","1","201"
"856","1","0"
"857","1","0"
"858","1","0"
"859","1","176"
"860","1","13"
"861","1","0"
"862","1","45"
"863","1","123"
"864","1","0"
"865","1","42"
"866","1","201"
"867","1","83"
"868","1","83"
"869","1","91"
"870","1","0"
"871","1","0"
"872","1","80"
"873","1","46"
"874","1","0"
"875","1","194"
"876","1","0"
"877","1","200"
"878","1","171"
"879","1","171"
"880","1","41"
"881","1","199"
"882","1","15"
"883","1","136"
"884","1","194"
"885","1","190"
"886","1","185"
"887","1","137"
"888","1","0"
"889","1","125"
"890","1","0"
"891","1","201"
"892","1","132"
"893","1","0"
"894","1","133"
"895","1","0"
"896","1","199"
"897","1","200"
"898","1","166"
"899","1","143"
"900","1","164"
"901","1","0"
"902","1","0"
"903","1","169"
"904","1","199"
"905","1","0"
"906","1","200"
"907","1","128"
"908","1","201"
"909","1","150"
"910","1","201"
"911","1","200"
"912","1","0"
"913","1","68"
"914","1","0"
"915","1","0"
"916","1","0"
"917","1","37"
"918","1","192"
"919","1","198"
"920","1","0"
"921","1","0"
"922","1","199"
"923","1","86"
"924","1","131"
"925","1","0"
"926","1","0"
"927","1","194"
"928","1","0"
"929","1","0"
"930","1","0"
"931","1","0"
"932","1","0"
"933","1","183"
"934","1","14"
"935","1","0"
"936","1","0"
"937","1","200"
"938","1","200"
"939","1","0"
"940","1","0"
"941","1","0"
"942","1","0"
"943","1","201"
"944","1","19"
"945","1","106"
"946","1","0"
"947","1","31"
"948","1","119"
"949","1","0"
"950","1","194"
"951","1","0"
"952","1","0"
"953","1","101"
"954","1","132"
"955","1","200"
"956","1","0"
"957","1","193"
"958","1","0"
"959","1","0"
"960","1","172"
"961","1","79"
"962","1","0"
"963","1","0"
"964","1","170"
"965","1","0"
"966","1","194"
"967","1","0"
"968","1","0"
"969","1","130"
"970","1","0"
"971","1","61"
"972","1","124"
"973","1","0"
"974","1","165"
"975","1","7"
"976","1","37"
"977","1","71"
"978","1","106"
"979","1","164"
"980","1","24"
"981","1","200"
"982","1","0"
"983","1","0"
"984","1","83"
"985","1","188"
"986","1","0"
"987","1","0"
"988","1","0"
"989","1","0"
"990","1","201"
"991","1","153"
"992","1","0"
"993","1","0"
"994","1","201"
"995","1","52"
"996","1","0"
"997","1","102"
"998","1","0"
"999","1","170"
"1000","1","0"
"1001","1","19"
"1002","1","0"
"1003","1","0"
"1004","1","28"
"1005","1","0"
"1006","1","171"
"1007","1","192"
"1008","1","0"
"1009","1","0"
"1010","1","0"
"1011","1","0"
"1012","1","200"
"1013","1","199"
"1014","1","195"
"1015","1","0"
"1016","1","83"
"1017","1","0"
"1018","1","0"
"1019","1","0"
"1020","1","158"
"1021","1","0"
"1022","1","0"
"1023","1","0"
"1024","1","0"
"1025","1","0"
"1026","1","0"
"1027","1","83"
"1028","1","0"
"1029","1","0"
"1030","1","0"
"1031","1","0"
"1032","1","0"
"1033","1","0"
"1034","1","163"
"1035","1","0"
"1036","1","122"
"1037","1","0"
"1038","1","0"
"1039","1","52"
"1040","1","0"
"1041","1","95"
"1042","1","0"
"1043","1","0"
"1044","1","0"
"1045","1","0"
"1046","1","62"
"1047","1","136"
"1048","1","92"
"1049","1","0"
"1050","1","0"
"1051","1","89"
"1052","1","163"
"1053","","0"
"1054","1","0"
"1055","1","0"
"1056","1","1"
"1057","1","154"
"1058","1","0"
"1059","1","0"
"1060","1","0"
"1061","1","0"
"1062","1","0"
"1063","1","0"
"1064","1","153"
"1065","1","0"
"1066","1","0"
"1067","1","108"
"1068","1","116"
"1069","1","130"
"1070","1","138"
"1071","1","117"
"1072","1","0"
"1073","1","39"
"1074","1","200"
"1075","1","0"
"1076","1","201"
"1077","1","74"
"1078","1","201"
"1079","1","0"
"1080","1","0"
"1081","1","0"
"1082","1","0"
"1083","1","100"
"1084","1","0"
"1085","1","0"
"1086","1","32"
"1087","1","0"
"1088","1","0"
"1089","1","0"
"1090","1","0"
"1091","1","39"
"1092","1","31"
"1093","1","166"
"1094","1","0"
"1095","1","0"
"1096","1","114"
"1097","1","153"
"1098","1","0"
"1099","1","0"
"1100","1","0"
"1101","1","179"
"1102","1","0"
"1103","1","105"
"1104","1","0"
"1105","1","0"
"1106","1","125"
"1107","1","180"
"1108","1","0"
"1109","1","199"
"1110","1","0"
"1111","1","172"
"1112","1","0"
"1113","1","0"
"1114","1","0"
"1115","1","38"
"1116","1","201"
"1117","1","99"
"1118","1","42"
"1119","1","0"
"1120","1","0"
"1121","1","171"
"1122","1","0"
"1123","1","0"
"1124","1","0"
"1125","1","63"
"1126","1","169"
"1127","1","0"
"1128","1","112"
"1129","1","58"
"1130","1","0"
"1131","1","0"
"1132","1","0"
"1133","1","0"
"1134","1","200"
"1135","1","131"
"1136","1","64"
"1137","1","28"
"1138","1","0"
"1139","1","166"
"1140","1","123"
"1141","1","102"
"1142","1","0"
"1143","1","197"
"1144","1","1"
"1145","1","0"
"1146","1","201"
"1147","1","153"
"1148","1","69"
"1149","1","31"
"1150","1","67"
"1151","1","0"
"1152","1","0"
"1153","1","0"
"1154","1","0"
"1155","1","199"
"1156","1","178"
"1157","1","0"
"1158","1","0"
"1159","1","0"
"1160","1","0"
"1161","1","0"
"1162","1","155"
"1163","1","0"
"1164","1","0"
"1165","1","50"
"1166","1","0"
"1167","1","0"
"1168","1","0"
"1169","1","201"
"1170","1","0"
"1171","1","123"
"1172","1","75"
"1173","1","60"
"1174","1","121"
"1175","1","0"
"1176","1","0"
"1177","1","104"
"1178","1","0"
"1179","1","142"
"1180","1","160"
"1181","1","141"
"1182","1","0"
"1183","1","0"
"1184","1","0"
"1185","1","152"
"1186","1","0"
"1187","1","134"
"1188","1","85"
"1189","1","0"
"1190","1","46"
"1191","1","0"
"1192","1","0"
"1193","1","0"
"1194","1","0"
"1195","1","92"
"1196","1","0"
"1197","1","0"
"1198","1","194"
"1199","1","0"
"1200","1","200"
"1201","1","199"
"1202","1","201"
"1203","1","0"
"1204","1","56"
"1205","1","0"
"1206","1","198"
"1207","1","201"
"1208","1","109"
"1209","1","0"
"1210","1","3"
"1211","1","0"
"1212","1","0"
"1213","1","0"
"1214","1","0"
"1215","1","0"
"1216","1","0"
"1217","1","0"
"1218","1","0"
"1219","1","35"
"1220","1","0"
"1221","1","144"
"1222","1","0"
"1223","1","0"
"1224","1","123"
"1225","1","0"
"1226","1","201"
"1227","1","122"
"1228","1","141"
"1229","1","1"
"1230","1","0"
"1231","1","27"
"1232","1","0"
"1233","1","136"
"1234","1","169"
"1235","1","0"
"1236","1","111"
"1237","1","0"
"1238","1","122"
"1239","1","145"
"1240","1","139"
"1241","1","0"
"1242","1","168"
"1243","1","89"
"1244","1","0"
"1245","1","164"
"1246","1","0"
"1247","1","0"
"1248","1","0"
"1249","1","145"
"1250","1","42"
"1251","1","0"
"1252","1","0"
"1253","1","190"
"1254","1","57"
"1255","1","0"
"1256","1","0"
"1257","1","190"
"1258","1","193"
"1259","1","30"
"1260","1","114"
"1261","1","0"
"1262","1","0"
"1263","1","0"
"1264","1","178"
"1265","1","93"
"1266","1","137"
"1267","1","139"
"1268","1","109"
"1269","1","73"
"1270","1","0"
"1271","1","44"
"1272","1","162"
"1273","1","0"
"1274","1","0"
"1275","1","0"
"1276","1","0"
"1277","1","91"
"1278","1","0"
"1279","1","0"
"1280","1","44"
"1281","1","90"
"1282","1","0"
"1283","1","0"
"1284","1","184"
"1285","1","166"
"1286","1","0"
"1287","1","0"
"1288","1","0"
"1289","1","201"
"1290","1","73"
"1291","1","0"
"1292","1","0"
"1293","1","117"
"1294","1","198"
"1295","1","0"
"1296","1","0"
"1297","1","0"
"1298","1","0"
"1299","1","0"
"1300","1","200"
"1301","1","0"
"1302","1","20"
"1303","1","169"
"1304","1","0"
"1305","1","29"
"1306","1","40"
"1307","1","0"
"1308","1","0"
"1309","1","106"
"1310","1","193"
"1311","1","201"
"1312","1","130"
"1313","1","0"
"1314","1","0"
"1315","1","164"
"1316","1","0"
"1317","1","0"
"1318","1","0"
"1319","1","0"
"1320","","13"
"1321","1","71"
"1322","1","0"
"1323","1","81"
"1324","1","0"
"1325","1","35"
"1326","1","0"
"1327","1","0"
"1328","1","0"
"1329","1","193"
"1330","1","0"
"1331","1","0"
"1332","1","58"
"1333","1","30"
"1334","1","200"
"1335","1","0"
"1336","1","0"
"1337","1","163"
"1338","1","0"
"1339","1","179"
"1340","1","0"
"1341","1","145"
"1342","1","198"
"1343","1","0"
"1344","1","0"
"1345","1","0"
"1346","1","0"
"1347","1","0"
"1348","1","0"
"1349","1","181"
"1350","1","71"
"1351","1","153"
"1352","1","0"
"1353","1","0"
"1354","1","180"
"1355","1","0"
"1356","1","0"
"1357","1","0"
"1358","1","0"
"1359","1","124"
"1360","1","0"
"1361","1","88"
"1362","1","0"
"1363","1","83"
"1364","1","0"
"1365","1","0"
"1366","","0"
"1367","1","0"
"1368","1","0"
"1369","1","0"
"1370","1","0"
"1371","1","0"
"1372","1","201"
"1373","1","107"
"1374","1","201"
"1375","1","0"
"1376","1","0"
"1377","1","0"
"1378","1","0"
"1379","1","0"
"1380","1","31"
"1381","1","0"
"1382","1","45"
"1383","1","0"
"1384","1","69"
"1385","1","0"
"1386","","90"
"1387","1","0"
"1388","1","173"
"1389","1","0"
"1390","1","0"
"1391","1","168"
"1392","1","0"
"1393","1","196"
"1394","1","199"
"1395","1","148"
"1396","1","201"
"1397","1","92"
"1398","1","199"
"1399","1","186"
"1400","1","0"
"1401","1","0"
"1402","1","42"
"1403","1","0"
"1404","1","90"
"1405","1","0"
"1406","1","199"
"1407","1","199"
"1408","1","151"
"1409","1","0"
"1410","1","4"
"1411","1","13"
"1412","1","200"
"1413","1","0"
"1414","1","0"
"1415","1","0"
"1416","1","0"
"1417","1","0"
"1418","1","0"
"1419","1","154"
"1420","1","0"
"1421","1","7"
"1422","1","87"
"1423","1","0"
"1424","1","188"
"1425","1","0"
"1426","1","0"
"1427","1","0"
"1428","1","0"
"1429","1","0"
"1430","1","15"
"1431","1","0"
"1432","1","0"
"1433","1","0"
"1434","1","0"
"1435","1","0"
"1436","1","158"
"1437","1","0"
"1438","1","0"
"1439","1","144"
"1440","1","200"
"1441","1","0"
"1442","1","102"
"1443","1","138"
"1444","1","119"
"1445","1","0"
"1446","1","153"
"1447","1","0"
"1448","1","0"
"1449","1","180"
"1450","1","0"
"1451","1","37"
"1452","1","94"
"1453","1","0"
"1454","1","0"
"1455","1","0"
"1456","1","87"
"1457","1","132"
"1458","1","116"
"1459","1","0"
"1460","1","153"
"1461","1","180"
"1462","1","0"
"1463","1","201"
"1464","1","0"
"1465","1","0"
"1466","1","0"
"1467","1","0"
"1468","1","108"
"1469","1","0"
"1470","1","0"
"1471","1","93"
"1472","1","0"
"1473","1","0"
"1474","1","0"
"1475","1","0"
"1476","1","0"
"1477","1","0"
"1478","1","155"
"1479","1","154"
"1480","1","0"
"1481","1","0"
"1482","1","0"
"1483","1","0"
"1484","1","27"
"1485","1","0"
"1486","1","0"
"1487","1","102"
"1488","1","166"
"1489","1","0"
"1490","1","0"
"1491","1","172"
"1492","1","0"
"1493","1","0"
"1494","1","87"
"1495","1","201"
"1496","1","138"
"1497","1","63"
"1498","1","50"
"1499","1","0"
"1500","1","194"
"1501","1","0"
"1502","1","73"
"1503","1","122"
"1504","1","75"
"1505","1","0"
"1506","1","189"
"1507","1","194"
"1508","1","0"
"1509","1","0"
"1510","1","0"
"1511","1","0"
"1512","1","122"
"1513","1","0"
"1514","1","13"
"1515","1","199"
"1516","1","0"
"1517","1","0"
"1518","1","0"
"1519","1","1"
"1520","1","165"
"1521","1","108"
"1522","1","122"
"1523","1","138"
"1524","1","12"
"1525","1","0"
"1526","1","198"
"1527","1","0"
"1528","1","64"
"1529","1","0"
"1530","1","0"
"1531","1","0"
"1532","1","0"
"1533","1","0"
"1534","1","0"
"1535","1","37"
"1536","1","193"
"1537","1","0"
"1538","1","0"
"1539","1","93"
"1540","1","0"
"1541","1","0"
"1542","1","0"
"1543","1","61"
"1544","1","137"
"1545","1","0"
"1546","1","0"
"1547","1","0"
"1548","1","188"
"1549","1","0"
"1550","1","0"
"1551","1","0"
"1552","1","0"
"1553","1","127"
"1554","1","32"
"1555","1","201"
"1556","1","0"
"1557","1","0"
"1558","1","0"
"1559","1","193"
"1560","1","30"
"1561","1","83"
"1562","1","2"
"1563","1","80"
"1564","1","0"
"1565","1","139"
"1566","1","0"
"1567","1","31"
"1568","1","139"
"1569","1","63"
"1570","1","24"
"1571","1","199"
"1572","1","124"
"1573","1","93"
"1574","1","93"
"1575","1","29"
"1576","1","199"
"1577","1","130"
"1578","1","0"
"1579","1","200"
"1580","1","38"
"1581","1","0"
"1582","1","0"
"1583","1","0"
"1584","1","0"
"1585","1","0"
"1586","1","0"
"1587","1","0"
"1588","1","0"
"1589","1","0"
"1590","1","0"
"1591","1","0"
"1592","1","54"
"1593","1","70"
"1594","1","0"
"1595","1","200"
"1596","1","0"
"1597","1","0"
"1598","1","199"
"1599","1","0"
"1600","1","0"
"1601","1","0"
"1602","1","31"
"1603","1","0"
"1604","1","180"
"1605","1","0"
"1606","1","0"
"1607","1","69"
"1608","1","0"
"1609","1","65"
"1610","1","0"
"1611","1","0"
"1612","1","179"
"1613","1","0"
"1614","1","0"
"1615","1","159"
"1616","1","55"
"1617","1","0"
"1618","1","0"
"1619","1","129"
"1620","1","0"
"1621","1","200"
"1622","1","139"
"1623","1","180"
"1624","1","0"
"1625","1","146"
"1626","1","42"
"1627","1","0"
"1628","1","77"
"1629","1","0"
"1630","1","72"
"1631","1","0"
"1632","1","0"
"1633","1","0"
"1634","1","200"
"1635","1","0"
"1636","1","0"
"1637","1","201"
"1638","1","0"
"1639","1","0"
"1640","1","91"
"1641","1","0"
"1642","1","0"
"1643","1","1"
"1644","1","198"
"1645","1","0"
"1646","1","154"
"1647","1","0"
"1648","1","176"
"1649","1","0"
"1650","1","201"
"1651","1","175"
"1652","1","184"
"1653","1","197"
"1654","1","126"
"1655","1","99"
"1656","1","0"
"1657","1","90"
"1658","1","0"
"1659","1","0"
"1660","1","0"
"1661","1","0"
"1662","1","84"
"1663","1","178"
"1664","1","4"
"1665","1","200"
"1666","1","30"
"1667","1","46"
"1668","1","169"
"1669","1","87"
"1670","1","0"
"1671","1","0"
"1672","1","143"
"1673","1","0"
"1674","1","0"
"1675","1","0"
"1676","1","7"
"1677","1","0"
"1678","1","0"
"1679","1","133"
"1680","1","0"
"1681","1","0"
"1682","1","146"
"1683","1","200"
"1684","1","167"
"1685","1","0"
"1686","1","0"
"1687","1","117"
"1688","1","0"
"1689","1","0"
"1690","1","0"
"1691","1","199"
"1692","1","33"
"1693","1","58"
"1694","1","0"
"1695","1","0"
"1696","1","24"
"1697","1","0"
"1698","1","0"
"1699","1","0"
"1700","1","0"
"1701","1","0"
"1702","1","0"
"1703","1","11"
"1704","1","0"
"1705","1","0"
"1706","1","0"
"1707","1","0"
"1708","1","0"
"1709","1","108"
"1710","1","0"
"1711","1","0"
"1712","1","0"
"1713","1","0"
"1714","1","0"
"1715","1","0"
"1716","1","0"
"1717","1","0"
"1718","1","0"
"1719","1","0"
"1720","1","0"
"1721","1","0"
"1722","1","9"
"1723","1","0"
"1724","1","136"
"1725","1","66"
"1726","1","0"
"1727","1","91"
"1728","1","0"
"1729","1","0"
"1730","1","180"
"1731","1","78"
"1732","1","56"
"1733","1","119"
"1734","1","0"
"1735","1","0"
"1736","1","0"
"1737","1","0"
"1738","1","140"
"1739","1","0"
"1740","1","201"
"1741","1","0"
"1742","1","0"
"1743","1","0"
"1744","1","178"
"1745","1","0"
"1746","1","0"
"1747","1","194"
"1748","1","0"
"1749","1","0"
"1750","1","0"
"1751","1","0"
"1752","1","153"
"1753","1","0"
"1754","1","0"
"1755","1","201"
"1756","1","0"
"1757","1","0"
"1758","1","0"
"1759","1","145"
"1760","1","0"
"1761","1","196"
"1762","1","182"
"1763","1","83"
"1764","1","0"
"1765","1","0"
"1766","1","194"
"1767","1","51"
"1768","1","150"
"1769","1","0"
"1770","1","198"
"1771","1","149"
"1772","1","1"
"1773","1","0"
"1774","1","90"
"1775","1","75"
"1776","1","162"
"1777","1","0"
"1778","1","0"
"1779","1","21"
"1780","1","58"
"1781","1","0"
"1782","1","0"
"1783","1","0"
"1784","1","0"
"1785","1","197"
"1786","1","0"
"1787","1","0"
"1788","1","0"
"1789","1","0"
"1790","1","0"
"1791","1","198"
"1792","1","123"
"1793","1","52"
"1794","1","153"
"1795","1","93"
"1796","1","0"
"1797","1","164"
"1798","1","200"
"1799","1","193"
"1800","1","0"
"1801","1","0"
"1802","1","0"
"1803","1","0"
"1804","1","0"
"1805","1","139"
"1806","1","170"
"1807","1","0"
"1808","1","0"
"1809","1","0"
"1810","1","0"
"1811","1","191"
"1812","1","0"
"1813","1","0"
"1814","1","201"
"1815","1","200"
"1816","1","0"
"1817","1","0"
"1818","1","0"
"1819","1","0"
"1820","1","0"
"1821","1","0"
"1822","1","140"
"1823","1","0"
"1824","1","0"
"1825","1","0"
"1826","1","0"
"1827","1","0"
"1828","1","0"
"1829","1","0"
"1830","1","0"
"1831","1","0"
"1832","1","0"
"1833","1","104"
"1834","1","147"
"1835","1","193"
"1836","1","0"
"1837","1","0"
"1838","1","0"
"1839","1","0"
"1840","1","0"
"1841","1","0"
"1842","1","72"
"1843","1","0"
"1844","1","0"
"1845","1","0"
"1846","1","198"
"1847","1","0"
"1848","1","0"
"1849","1","0"
"1850","1","8"
"1851","1","0"
"1852","1","200"
"1853","1","201"
"1854","1","132"
"1855","1","52"
"1856","1","0"
"1857","1","0"
"1858","1","117"
"1859","1","9"
"1860","1","196"
"1861","1","0"
"1862","1","0"
"1863","1","168"
"1864","1","0"
"1865","1","0"
"1866","1","0"
"1867","1","0"
"1868","1","0"
"1869","1","183"
"1870","1","0"
"1871","1","0"
"1872","1","201"
"1873","1","0"
"1874","1","0"
"1875","1","95"
"1876","1","0"
"1877","1","0"
"1878","1","0"
"1879","1","0"
"1880","1","0"
"1881","1","0"
"1882","1","0"
"1883","1","0"
"1884","1","0"
"1885","1","163"
"1886","1","0"
"1887","1","0"
"1888","1","0"
"1889","1","109"
"1890","1","185"
"1891","1","0"
"1892","1","135"
"1893","1","0"
"1894","1","0"
"1895","1","39"
"1896","1","163"
"1897","1","0"
"1898","1","83"
"1899","1","0"
"1900","1","200"
"1901","1","0"
"1902","1","0"
"1903","1","0"
"1904","1","0"
"1905","1","0"
"1906","1","0"
"1907","1","0"
"1908","1","51"
"1909","1","0"
"1910","1","122"
"1911","1","5"
"1912","1","138"
"1913","1","0"
"1914","1","0"
"1915","1","180"
"1916","1","0"
"1917","1","0"
"1918","1","0"
"1919","1","0"
"1920","1","193"
"1921","1","38"
"1922","1","36"
"1923","1","89"
"1924","1","0"
"1925","1","0"
"1926","1","0"
"1927","1","0"
"1928","1","0"
"1929","1","0"
"1930","1","0"
"1931","1","0"
"1932","1","179"
"1933","1","0"
"1934","1","201"
"1935","1","0"
"1936","1","0"
"1937","1","142"
"1938","1","0"
"1939","1","201"
"1940","1","201"
"1941","1","201"
"1942","1","121"
"1943","1","0"
"1944","1","0"
"1945","1","19"
"1946","1","0"
"1947","1","0"
"1948","1","0"
"1949","1","12"
"1950","1","0"
"1951","1","152"
"1952","1","193"
"1953","1","193"
"1954","1","0"
"1955","1","32"
"1956","1","156"
"1957","1","89"
"1958","1","92"
"1959","1","199"
"1960","1","0"
"1961","1","83"
"1962","1","0"
"1963","1","0"
"1964","1","160"
"1965","1","199"
"1966","1","101"
"1967","1","0"
"1968","1","0"
"1969","1","0"
"1970","1","0"
"1971","1","0"
"1972","1","200"
"1973","1","0"
"1974","1","0"
"1975","1","106"
"1976","1","0"
"1977","1","0"
"1978","1","0"
"1979","1","0"
"1980","1","200"
"1981","1","0"
"1982","1","57"
"1983","1","154"
"1984","1","0"
"1985","1","0"
"1986","1","13"
"1987","1","180"
"1988","1","0"
"1989","1","28"
"1990","1","0"
"1991","1","100"
"1992","1","89"
"1993","1","0"
"1994","1","0"
"1995","1","0"
"1996","1","0"
"1997","1","200"
"1998","1","201"
"1999","1","0"
"2000","1","0"
"2001","1","68"
"2002","1","193"
"2003","1","139"
"2004","1","199"
"2005","1","0"
"2006","1","0"
"2007","1","199"
"2008","1","0"
"2009","1","0"
"2010","1","0"
"2011","1","48"
"2012","1","89"
"2013","1","0"
"2014","1","0"
"2015","1","201"
"2016","1","0"
"2017","1","0"
"2018","1","114"
"2019","1","0"
"2020","1","194"
"2021","1","0"
"2022","1","74"
"2023","1","148"
"2024","1","0"
"2025","1","56"
"2026","1","0"
"2027","1","0"
"2028","1","163"
"2029","1","90"
"2030","1","199"
"2031","1","194"
"2032","1","201"
"2033","1","0"
"2034","1","77"
"2035","1","179"
"2036","1","0"
"2037","1","194"
"2038","1","0"
"2039","1","144"
"2040","1","0"
"2041","1","176"
"2042","1","0"
"2043","1","0"
"2044","1","89"
"2045","1","0"
"2046","1","23"
"2047","1","0"
"2048","1","47"
"2049","1","193"
"2050","1","201"
"2051","1","2"
"2052","1","152"
"2053","1","62"
"2054","1","167"
"2055","1","14"
"2056","1","0"
"2057","1","196"
"2058","1","199"
"2059","1","0"
"2060","1","0"
"2061","1","0"
"2062","1","118"
"2063","1","0"
"2064","1","38"
"2065","1","185"
"2066","1","0"
"2067","1","196"
"2068","1","139"
"2069","1","0"
"2070","1","61"
"2071","1","0"
"2072","1","0"
"2073","1","0"
"2074","1","0"
"2075","1","106"
"2076","1","0"
"2077","1","103"
"2078","1","201"
"2079","1","70"
"2080","1","0"
"2081","1","0"
"2082","1","0"
"2083","1","120"
"2084","1","0"
"2085","1","26"
"2086","1","0"
"2087","1","180"
"2088","1","0"
"2089","1","0"
"2090","1","0"
"2091","1","173"
"2092","1","200"
"2093","1","0"
"2094","1","7"
"2095","1","201"
"2096","1","0"
"2097","1","0"
"2098","1","118"
"2099","1","93"
"2100","1","200"
"2101","1","0"
"2102","1","0"
"2103","1","139"
"2104","1","93"
"2105","1","0"
"2106","1","0"
"2107","1","0"
"2108","1","0"
"2109","1","0"
"2110","1","184"
"2111","1","0"
"2112","1","146"
"2113","1","0"
"2114","1","106"
"2115","1","0"
"2116","1","108"
"2117","1","0"
"2118","1","0"
"2119","1","162"
"2120","1","0"
"2121","1","92"
"2122","1","136"
"2123","1","0"
"2124","1","123"
"2125","1","0"
"2126","","8"
"2127","1","0"
"2128","1","0"
"2129","1","38"
"2130","1","0"
"2131","1","0"
"2132","1","0"
"2133","1","200"
"2134","1","0"
"2135","1","176"
"2136","1","100"
"2137","1","123"
"2138","1","0"
"2139","1","0"
"2140","1","120"
"2141","1","73"
"2142","1","42"
"2143","1","0"
"2144","1","0"
"2145","1","0"
"2146","1","149"
"2147","1","0"
"2148","1","0"
"2149","1","0"
"2150","1","0"
"2151","1","0"
"2152","1","184"
"2153","1","198"
"2154","1","0"
"2155","1","0"
"2156","1","0"
"2157","1","38"
"2158","1","0"
"2159","1","89"
"2160","1","16"
"2161","1","0"
"2162","1","0"
"2163","1","0"
"2164","1","0"
"2165","1","92"
"2166","1","139"
"2167","1","0"
"2168","1","0"
"2169","1","0"
"2170","1","0"
"2171","1","41"
"2172","1","72"
"2173","1","0"
"2174","1","0"
"2175","1","140"
"2176","1","0"
"2177","1","0"
"2178","1","0"
"2179","1","179"
"2180","1","200"
"2181","1","0"
"2182","1","39"
"2183","1","0"
"2184","1","141"
"2185","1","0"
"2186","1","44"
"2187","1","92"
"2188","1","0"
"2189","1","95"
"2190","1","0"
"2191","1","0"
"2192","1","21"
"2193","1","0"
"2194","1","0"
"2195","1","0"
"2196","1","201"
"2197","1","0"
"2198","1","0"
"2199","1","0"
"2200","1","73"
"2201","1","0"
"2202","1","0"
"2203","1","0"
"2204","1","0"
"2205","1","0"
"2206","1","109"
"2207","1","119"
"2208","1","53"
"2209","1","57"
"2210","1","30"
"2211","1","0"
"2212","1","0"
"2213","1","153"
"2214","1","0"
"2215","1","201"
"2216","1","0"
"2217","1","153"
"2218","1","21"
"2219","1","0"
"2220","1","194"
"2221","1","0"
"2222","1","10"
"2223","1","0"
"2224","1","0"
"2225","1","0"
"2226","1","0"
"2227","1","0"
"2228","1","0"
"2229","1","0"
"2230","1","0"
"2231","1","142"
"2232","1","0"
"2233","1","0"
"2234","1","137"
"2235","1","0"
"2236","1","0"
"2237","1","197"
"2238","1","0"
"2239","1","0"
"2240","1","0"
"2241","1","0"
"2242","1","0"
"2243","1","98"
"2244","1","0"
"2245","1","160"
"2246","1","0"
"2247","1","19"
"2248","1","148"
"2249","1","60"
"2250","1","186"
"2251","1","199"
"2252","1","0"
"2253","1","0"
"2254","1","0"
"2255","1","0"
"2256","1","201"
"2257","1","0"
"2258","1","0"
"2259","1","0"
"2260","1","0"
"2261","1","198"
"2262","1","123"
"2263","1","0"
"2264","1","0"
"2265","1","0"
"2266","1","0"
"2267","1","0"
"2268","1","0"
"2269","1","185"
"2270","1","200"
"2271","1","0"
"2272","1","0"
"2273","1","0"
"2274","1","0"
"2275","1","0"
"2276","1","0"
"2277","1","151"
"2278","1","76"
"2279","1","0"
"2280","1","200"
"2281","1","87"
"2282","1","0"
"2283","1","34"
"2284","1","0"
"2285","1","122"
"2286","1","0"
"2287","1","198"
"2288","1","1"
"2289","1","89"
"2290","1","0"
"2291","1","94"
"2292","1","0"
"2293","1","0"
"2294","1","0"
"2295","1","0"
"2296","1","0"
"2297","1","0"
"2298","1","89"
"2299","1","0"
"2300","1","0"
"2301","1","0"
"2302","1","0"
"2303","1","0"
"2304","1","0"
"2305","1","0"
"2306","1","0"
"2307","1","0"
"2308","1","0"
"2309","1","0"
"2310","1","87"
"2311","1","0"
"2312","1","0"
"2313","1","0"
"2314","1","193"
"2315","1","132"
"2316","1","0"
"2317","1","0"
"2318","1","0"
"2319","1","0"
"2320","1","0"
"2321","1","0"
"2322","1","0"
"2323","1","146"
"2324","1","0"
"2325","1","33"
"2326","1","0"
"2327","1","0"
"2328","1","73"
"2329","1","0"
"2330","1","154"
"2331","1","0"
"2332","1","0"
"2333","1","147"
"2334","1","0"
"2335","1","125"
"2336","1","200"
"2337","1","145"
"2338","1","0"
"2339","1","0"
"2340","1","0"
"2341","1","94"
"2342","1","0"
"2343","1","0"
"2344","1","0"
"2345","1","0"
"2346","1","163"
"2347","1","92"
"2348","1","0"
"2349","1","94"
"2350","1","201"
"2351","1","0"
"2352","1","0"
"2353","1","200"
"2354","1","173"
"2355","1","0"
"2356","1","0"
"2357","1","0"
"2358","1","0"
"2359","1","0"
"2360","1","201"
"2361","1","81"
"2362","1","0"
"2363","1","0"
"2364","1","0"
"2365","1","0"
"2366","1","115"
"2367","1","201"
"2368","1","0"
"2369","1","0"
"2370","1","0"
"2371","1","174"
"2372","1","161"
"2373","1","0"
"2374","1","16"
"2375","1","0"
"2376","1","71"
"2377","1","199"
"2378","1","0"
"2379","1","100"
"2380","1","0"
"2381","1","134"
"2382","1","0"
"2383","1","0"
"2384","1","0"
"2385","1","0"
"2386","1","0"
"2387","1","145"
"2388","1","0"
"2389","1","0"
"2390","1","177"
"2391","1","0"
"2392","1","0"
"2393","1","0"
"2394","1","91"
"2395","1","1"
"2396","1","0"
"2397","1","0"
"2398","1","0"
"2399","1","155"
"2400","1","0"
"2401","1","0"
"2402","1","126"
"2403","1","0"
"2404","1","0"
"2405","1","199"
"2406","1","0"
"2407","1","0"
"2408","1","0"
"2409","1","156"
"2410","1","172"
"2411","1","0"
"2412","1","0"
"2413","1","0"
"2414","1","132"
"2415","1","0"
"2416","1","115"
"2417","1","0"
"2418","1","0"
"2419","1","0"
"2420","1","93"
"2421","1","0"
"2422","1","0"
"2423","1","0"
"2424","1","77"
"2425","1","0"
"2426","1","0"
"2427","1","0"
"2428","1","0"
"2429","1","0"
"2430","1","0"
"2431","1","0"
"2432","1","199"
"2433","1","0"
"2434","1","5"
"2435","1","0"
"2436","1","157"
"2437","1","169"
"2438","1","0"
"2439","1","179"
"2440","1","149"
"2441","1","0"
"2442","1","0"
"2443","1","154"
"2444","1","0"
"2445","1","0"
"2446","1","96"
"2447","1","198"
"2448","1","0"
"2449","1","123"
"2450","1","199"
"2451","1","0"
"2452","1","21"
"2453","1","31"
"2454","1","0"
"2455","1","164"
"2456","1","139"
"2457","1","0"
"2458","1","115"
"2459","1","200"
"2460","1","200"
"2461","1","200"
"2462","1","145"
"2463","1","200"
"2464","1","181"
"2465","1","0"
"2466","1","0"
"2467","1","34"
"2468","1","0"
"2469","1","0"
"2470","1","0"
"2471","1","0"
"2472","1","184"
"2473","1","0"
"2474","1","151"
"2475","1","0"
"2476","1","0"
"2477","1","0"
"2478","1","0"
"2479","1","0"
"2480","1","0"
"2481","1","30"
"2482","1","0"
"2483","1","39"
"2484","1","0"
"2485","1","131"
"2486","1","0"
"2487","1","123"
"2488","1","0"
"2489","1","0"
"2490","1","193"
"2491","1","0"
"2492","1","0"
"2493","1","5"
"2494","1","101"
"2495","1","0"
"2496","1","166"
"2497","1","148"
"2498","1","0"
"2499","1","53"
"2500","1","0"
"2501","1","0"
"2502","1","0"
"2503","1","0"
"2504","1","27"
"2505","1","111"
"2506","1","0"
"2507","1","0"
"2508","1","185"
"2509","1","0"
"2510","1","0"
"2511","1","0"
"2512","1","0"
"2513","1","0"
"2514","1","0"
"2515","1","0"
"2516","1","0"
"2517","1","165"
"2518","1","0"
"2519","1","0"
"2520","1","0"
"2521","1","0"
"2522","1","0"
"2523","1","0"
"2524","1","0"
"2525","1","0"
"2526","1","0"
"2527","1","0"
"2528","1","0"
"2529","1","0"
"2530","1","123"
"2531","1","0"
"2532","1","0"
"2533","1","0"
"2534","1","0"
"2535","1","0"
"2536","1","0"
"2537","1","142"
"2538","1","0"
"2539","1","0"
"2540","1","168"
"2541","1","24"
"2542","1","0"
"2543","1","0"
"2544","1","0"
"2545","1","0"
"2546","1","27"
"2547","1","0"
"2548","1","146"
"2549","1","33"
"2550","1","0"
"2551","1","145"
"2552","1","0"
"2553","1","0"
"2554","1","0"
"2555","1","0"
"2556","1","0"
"2557","1","0"
"2558","1","51"
"2559","1","200"
"2560","1","143"
"2561","1","0"
"2562","1","0"
"2563","1","0"
"2564","1","86"
"2565","1","186"
"2566","1","0"
"2567","1","180"
"2568","1","0"
"2569","1","83"
"2570","1","131"
"2571","1","0"
"2572","1","0"
"2573","1","0"
"2574","1","0"
"2575","1","0"
"2576","1","0"
"2577","1","0"
"2578","1","0"
"2579","1","0"
"2580","1","16"
"2581","1","0"
"2582","1","0"
"2583","1","0"
"2584","1","0"
"2585","1","0"
"2586","1","0"
"2587","1","200"
"2588","1","0"
"2589","1","0"
"2590","1","0"
"2591","1","0"
"2592","1","122"
"2593","1","0"
"2594","1","0"
"2595","1","154"
"2596","1","0"
"2597","1","0"
"2598","1","0"
"2599","1","0"
"2600","1","176"
"2601","1","0"
"2602","1","0"
"2603","1","0"
"2604","1","200"
"2605","1","0"
"2606","1","0"
"2607","1","0"
"2608","1","0"
"2609","1","0"
"2610","1","153"
"2611","1","0"
"2612","1","94"
"2613","1","0"
"2614","1","0"
"2615","1","0"
"2616","1","0"
"2617","1","0"
"2618","1","0"
"2619","1","0"
"2620","1","0"
"2621","1","0"
"2622","1","0"
"2623","1","0"
"2624","1","136"
"2625","1","0"
"2626","1","0"
"2627","1","0"
"2628","1","165"
"2629","1","0"
"2630","1","153"
"2631","1","0"
"2632","1","183"
"2633","1","0"
"2634","1","0"
"2635","1","0"
"2636","1","0"
"2637","1","143"
"2638","1","0"
"2639","1","122"
"2640","1","0"
"2641","1","0"
"2642","1","0"
"2643","1","0"
"2644","1","0"
"2645","1","0"
"2646","1","0"
"2647","1","0"
"2648","1","0"
"2649","1","0"
"2650","1","183"
"2651","1","0"
"2652","1","0"
"2653","1","0"
"2654","1","0"
"2655","1","0"
"2656","1","0"
"2657","1","0"
"2658","1","101"
"2659","1","190"
"2660","1","0"
"2661","1","0"
"2662","1","183"
"2663","1","0"
"2664","1","0"
"2665","1","200"
"2666","1","0"
"2667","1","0"
"2668","1","0"
"2669","1","0"
"2670","1","0"
"2671","1","0"
"2672","1","0"
"2673","1","0"
"2674","1","166"
"2675","1","0"
"2676","1","0"
"2677","1","127"
"2678","1","0"
"2679","1","0"
"2680","1","0"
"2681","1","0"
"2682","1","0"
"2683","1","92"
"2684","1","0"
"2685","1","0"
"2686","1","0"
"2687","1","0"
"2688","1","105"
"2689","1","185"
"2690","1","0"
"2691","1","0"
"2692","1","39"
"2693","1","0"
"2694","1","0"
"2695","1","0"
"2696","1","38"
"2697","1","0"
"2698","1","120"
"2699","1","0"
"2700","1","0"
"2701","1","0"
"2702","1","0"
"2703","1","0"
"2704","1","82"
"2705","1","0"
"2706","1","0"
"2707","1","0"
"2708","1","0"
"2709","1","0"
"2710","1","0"
"2711","1","0"
"2712","1","0"
"2713","1","0"
"2714","1","0"
"2715","1","139"
"2716","1","92"
"2717","1","0"
"2718","1","199"
"2719","1","0"
"2720","1","0"
"2721","1","0"
"2722","1","0"
"2723","1","0"
"2724","1","0"
"2725","1","0"
"2726","1","122"
"2727","1","0"
"2728","1","0"
"2729","1","0"
"2730","1","0"
"2731","1","0"
"2732","1","155"
"2733","1","0"
"2734","1","0"
"2735","1","0"
"2736","1","0"
"2737","1","0"
"2738","1","0"
"2739","1","199"
"2740","1","0"
"2741","1","201"
"2742","1","0"
"2743","1","0"
"2744","1","77"
"2745","1","0"
"2746","1","0"
"2747","1","0"
"2748","1","0"
"2749","1","46"
"2750","1","0"
"2751","1","0"
"2752","1","0"
"2753","1","89"
"2754","1","0"
"2755","1","0"
"2756","1","50"
"2757","1","0"
"2758","1","170"
"2759","1","0"
"2760","1","0"
"2761","1","0"
"2762","1","0"
"2763","1","122"
"2764","1","0"
"2765","1","0"
"2766","1","185"
"2767","1","0"
"2768","1","0"
"2769","1","0"
"2770","1","0"
"2771","1","192"
"2772","1","187"
"2773","1","0"
"2774","1","0"
"2775","1","0"
"2776","1","200"
"2777","1","4"
"2778","1","0"
"2779","1","0"
"2780","1","0"
"2781","1","0"
"2782","1","2"
"2783","1","0"
"2784","1","0"
"2785","1","0"
"2786","1","0"
"2787","1","0"
"2788","1","0"
"2789","1","192"
"2790","1","0"
"2791","1","0"
"2792","1","32"
"2793","1","125"
"2794","1","133"
"2795","1","0"
"2796","1","185"
"2797","1","0"
"2798","1","41"
"2799","1","0"
"2800","1","201"
"2801","1","0"
"2802","1","32"
"2803","1","0"
"2804","1","0"
"2805","1","139"
"2806","1","0"
"2807","1","0"
"2808","1","0"
"2809","1","0"
"2810","1","147"
"2811","1","0"
"2812","1","0"
"2813","1","0"
"2814","1","200"
"2815","1","0"
"2816","1","144"
"2817","1","0"
"2818","1","201"
"2819","1","0"
"2820","1","86"
"2821","1","0"
"2822","1","0"
"2823","1","0"
"2824","1","0"
"2825","1","0"
"2826","1","0"
"2827","1","0"
"2828","1","38"
"2829","1","0"
"2830","1","0"
"2831","1","0"
"2832","1","0"
"2833","1","126"
"2834","1","0"
"2835","1","184"
"2836","1","0"
"2837","1","146"
"2838","1","0"
"2839","1","116"
"2840","1","0"
"2841","1","0"
"2842","1","0"
"2843","1","56"
"2844","1","52"
"2845","1","0"
"2846","1","126"
"2847","1","0"
"2848","1","0"
"2849","1","0"
"2850","1","0"
"2851","1","0"
"2852","1","0"
"2853","1","170"
"2854","1","0"
"2855","1","0"
"2856","1","164"
"2857","1","0"
"2858","1","0"
"2859","1","0"
"2860","1","0"
"2861","1","39"
"2862","1","166"
"2863","1","0"
"2864","1","0"
"2865","1","201"
"2866","1","182"
"2867","1","0"
"2868","1","0"
"2869","1","0"
"2870","1","0"
"2871","1","0"
"2872","1","0"
"2873","1","153"
"2874","1","0"
"2875","1","0"
"2876","1","0"
"2877","1","0"
"2878","1","0"
"2879","1","0"
"2880","1","0"
"2881","1","0"
"2882","1","0"
"2883","1","0"
"2884","1","0"
"2885","1","0"
"2886","1","0"
"2887","1","123"
"2888","1","0"
"2889","1","145"
"2890","1","0"
"2891","1","0"
"2892","1","0"
"2893","1","42"
"2894","1","48"
"2895","1","50"
"2896","1","40"
"2897","1","50"
"2898","1","47"
"2899","1","163"
"2900","1","0"
"2901","1","200"
"2902","1","0"
"2903","1","176"
"2904","1","199"
"2905","1","0"
"2906","1","201"
"2907","1","0"
"2908","1","89"
"2909","1","122"
"2910","1","0"
"2911","1","139"
"2912","1","0"
"2913","1","0"
"2914","1","0"
"2915","1","0"
"2916","1","0"
"2917","1","91"
"2918","1","0"
"2919","1","0"
"2920","1","64"
"2921","1","0"
"2922","1","0"
"2923","1","0"
"2924","1","0"
"2925","1","0"
"2926","1","154"
"2927","1","122"
"2928","1","0"
"2929","1","0"
"2930","1","0"
"2931","1","192"
"2932","1","0"
"2933","1","201"
"2934","1","199"
"2935","1","0"
"2936","1","0"
"2937","1","145"
"2938","1","200"
"2939","1","0"
"2940","1","172"
"2941","1","89"
"2942","1","0"
"2943","1","0"
"2944","1","0"
"2945","1","201"
"2946","1","0"
"2947","1","0"
"2948","1","200"
"2949","1","0"
"2950","1","0"
"2951","1","0"
"2952","1","59"
"2953","1","0"
"2954","1","1"
"2955","1","133"
"2956","1","33"
"2957","1","201"
"2958","1","0"
"2959","1","0"
"2960","1","0"
"2961","1","0"
"2962","1","0"
"2963","1","0"
"2964","1","0"
"2965","1","105"
"2966","1","0"
"2967","1","0"
"2968","1","0"
"2969","1","112"
"2970","1","1"
"2971","1","61"
"2972","1","177"
"2973","1","137"
"2974","1","139"
"2975","1","0"
"2976","1","0"
"2977","1","0"
"2978","1","0"
"2979","1","0"
"2980","1","0"
"2981","1","198"
"2982","1","0"
"2983","1","130"
"2984","1","0"
"2985","1","0"
"2986","1","0"
"2987","1","0"
"2988","1","138"
"2989","1","0"
"2990","1","0"
"2991","1","0"
"2992","1","0"
"2993","1","13"
"2994","1","198"
"2995","1","0"
"2996","1","0"
"2997","1","163"
"2998","1","0"
"2999","1","83"
"3000","1","182"
"3001","1","0"
"3002","1","88"
"3003","1","0"
"3004","1","0"
"3005","1","154"
"3006","1","0"
"3007","1","0"
"3008","1","190"
"3009","1","0"
"3010","1","199"
"3011","1","85"
"3012","1","0"
"3013","1","44"
"3014","1","0"
"3015","1","142"
"3016","1","0"
"3017","1","0"
"3018","1","0"
"3019","1","0"
"3020","1","200"
"3021","1","0"
"3022","1","200"
"3023","1","0"
"3024","1","201"
"3025","1","0"
"3026","1","88"
"3027","1","0"
"3028","1","199"
"3029","1","0"
"3030","1","0"
"3031","1","84"
"3032","1","92"
"3033","1","0"
"3034","1","73"
"3035","1","0"
"3036","1","0"
"3037","1","153"
"3038","1","0"
"3039","1","123"
"3040","1","56"
"3041","1","53"
"3042","1","0"
"3043","1","0"
"3044","1","0"
"3045","1","95"
"3046","1","0"
"3047","1","167"
"3048","1","0"
"3049","1","0"
"3050","1","0"
"3051","1","90"
"3052","1","0"
"3053","1","0"
"3054","1","150"
"3055","1","0"
"3056","1","90"
"3057","1","0"
"3058","1","0"
"3059","1","124"
"3060","1","0"
"3061","1","200"
"3062","1","0"
"3063","1","0"
"3064","1","73"
"3065","1","0"
"3066","1","0"
"3067","1","0"
"3068","1","0"
"3069","1","0"
"3070","1","0"
"3071","1","0"
"3072","1","155"
"3073","1","0"
"3074","1","0"
"3075","1","0"
"3076","1","0"
"3077","1","100"
"3078","1","0"
"3079","1","0"
"3080","1","124"
"3081","1","192"
"3082","1","64"
"3083","1","0"
"3084","1","63"
"3085","1","0"
"3086","1","0"
"3087","1","184"
"3088","1","0"
"3089","1","201"
"3090","1","27"
"3091","1","193"
"3092","1","0"
"3093","1","36"
"3094","1","0"
"3095","1","0"
"3096","1","0"
"3097","1","117"
"3098","1","0"
"3099","1","0"
"3100","1","0"
"3101","1","198"
"3102","1","194"
"3103","1","0"
"3104","1","0"
"3105","1","4"
"3106","1","194"
"3107","1","162"
"3108","1","103"
"3109","1","0"
"3110","1","0"
"3111","1","45"
"3112","1","0"
"3113","1","0"
"3114","1","0"
"3115","1","0"
"3116","1","0"
"3117","1","0"
"3118","1","44"
"3119","1","194"
"3120","1","0"
"3121","1","0"
"3122","1","0"
"3123","1","0"
"3124","1","0"
"3125","1","0"
"3126","1","0"
"3127","1","0"
"3128","1","0"
"3129","1","0"
"3130","1","0"
"3131","1","0"
"3132","1","0"
"3133","1","12"
"3134","1","0"
"3135","1","0"
"3136","1","0"
"3137","1","0"
"3138","1","0"
"3139","1","0"
"3140","1","0"
"3141","1","0"
"3142","1","0"
"3143","1","184"
"3144","1","83"
"3145","1","0"
"3146","1","0"
"3147","1","0"
"3148","1","156"
"3149","1","184"
"3150","1","96"
"3151","1","140"
"3152","1","154"
"3153","1","124"
"3154","1","0"
"3155","1","0"
"3156","1","0"
"3157","1","199"
"3158","1","0"
"3159","1","193"
"3160","1","0"
"3161","1","0"
"3162","1","0"
"3163","1","186"
"3164","1","0"
"3165","1","123"
"3166","1","0"
"3167","1","0"
"3168","1","201"
"3169","1","88"
"3170","1","83"
"3171","1","0"
"3172","1","83"
"3173","1","0"
"3174","1","0"
"3175","1","201"
"3176","1","0"
"3177","1","0"
"3178","1","0"
"3179","1","0"
"3180","1","0"
"3181","1","0"
"3182","1","0"
"3183","1","146"
"3184","1","0"
"3185","1","0"
"3186","1","0"
"3187","1","46"
"3188","1","83"
"3189","1","0"
"3190","1","0"
"3191","1","0"
"3192","1","7"
"3193","1","0"
"3194","1","122"
"3195","1","0"
"3196","1","184"
"3197","1","0"
"3198","1","0"
"3199","1","0"
"3200","1","52"
"3201","1","0"
"3202","1","31"
"3203","1","0"
"3204","1","145"
"3205","1","0"
"3206","1","0"
"3207","1","0"
"3208","1","147"
"3209","1","183"
"3210","1","27"
"3211","1","159"
"3212","1","0"
"3213","1","129"
"3214","1","59"
"3215","1","0"
"3216","1","0"
"3217","1","0"
"3218","1","0"
"3219","1","0"
"3220","1","0"
"3221","1","200"
"3222","1","0"
"3223","1","135"
"3224","1","0"
"3225","1","139"
"3226","1","0"
"3227","1","0"
"3228","1","0"
"3229","1","0"
"3230","1","0"
"3231","1","0"
"3232","1","0"
"3233","1","0"
"3234","1","0"
"3235","1","51"
"3236","1","0"
"3237","1","69"
"3238","1","0"
"3239","1","0"
"3240","1","0"
"3241","1","0"
"3242","1","0"
"3243","1","0"
"3244","1","0"
"3245","1","0"
"3246","1","0"
"3247","1","36"
"3248","1","0"
"3249","1","0"
"3250","1","0"
"3251","1","140"
"3252","1","0"
"3253","1","0"
"3254","1","160"
"3255","1","0"
"3256","1","0"
"3257","1","0"
"3258","1","0"
"3259","1","0"
"3260","1","200"
"3261","1","0"
"3262","1","0"
"3263","1","0"
"3264","1","74"
"3265","1","0"
"3266","1","200"
"3267","1","114"
"3268","1","167"
"3269","1","0"
"3270","1","0"
"3271","1","0"
"3272","1","0"
"3273","1","25"
"3274","1","0"
"3275","1","0"
"3276","1","0"
"3277","1","1"
"3278","1","117"
"3279","1","0"
"3280","1","0"
"3281","1","201"
"3282","1","0"
"3283","1","0"
"3284","1","0"
"3285","1","0"
"3286","1","11"
"3287","1","0"
"3288","1","0"
"3289","1","115"
"3290","1","0"
"3291","1","0"
"3292","1","0"
"3293","1","120"
"3294","1","33"
"3295","1","0"
"3296","1","0"
"3297","1","0"
"3298","1","0"
"3299","1","0"
"3300","1","0"
"3301","1","0"
"3302","1","0"
"3303","1","0"
"3304","1","51"
"3305","1","0"
"3306","1","172"
"3307","1","0"
"3308","1","0"
"3309","1","145"
"3310","1","172"
"3311","1","0"
"3312","1","200"
"3313","1","172"
"3314","1","169"
"3315","1","0"
"3316","1","160"
"3317","1","188"
"3318","1","0"
"3319","1","18"
"3320","1","136"
"3321","1","0"
"3322","1","193"
"3323","1","0"
"3324","1","0"
"3325","1","0"
"3326","1","186"
"3327","1","0"
"3328","1","0"
"3329","1","0"
"3330","1","167"
"3331","1","0"
"3332","1","78"
"3333","1","0"
"3334","1","0"
"3335","1","0"
"3336","1","90"
"3337","1","153"
"3338","1","200"
"3339","1","201"
"3340","1","0"
"3341","1","0"
"3342","1","199"
"3343","1","0"
"3344","1","0"
"3345","1","0"
"3346","1","0"
"3347","1","168"
"3348","1","83"
"3349","1","184"
"3350","1","0"
"3351","1","0"
"3352","1","198"
"3353","1","0"
"3354","1","185"
"3355","1","0"
"3356","1","0"
"3357","1","83"
"3358","1","0"
"3359","1","168"
"3360","1","0"
"3361","1","153"
"3362","1","2"
"3363","1","0"
"3364","1","0"
"3365","1","160"
"3366","1","0"
"3367","1","0"
"3368","1","0"
"3369","1","0"
"3370","1","0"
"3371","1","75"
"3372","1","0"
"3373","1","0"
"3374","1","0"
"3375","1","201"
"3376","1","81"
"3377","1","0"
"3378","1","68"
"3379","1","0"
"3380","1","0"
"3381","1","0"
"3382","1","176"
"3383","1","44"
"3384","1","0"
"3385","1","0"
"3386","1","199"
"3387","1","89"
"3388","1","0"
"3389","1","150"
"3390","1","0"
"3391","1","0"
"3392","1","170"
"3393","1","199"
"3394","1","0"
"3395","1","0"
"3396","1","0"
"3397","1","0"
"3398","1","0"
"3399","1","160"
"3400","1","0"
"3401","1","0"
"3402","1","0"
"3403","1","0"
"3404","1","0"
"3405","1","0"
"3406","1","0"
"3407","1","0"
"3408","1","122"
"3409","1","200"
"3410","1","0"
"3411","1","0"
"3412","1","0"
"3413","1","0"
"3414","1","138"
"3415","1","16"
"3416","1","173"
"3417","1","49"
"3418","1","0"
"3419","1","0"
"3420","1","0"
"3421","1","0"
"3422","1","0"
"3423","1","0"
"3424","1","0"
"3425","1","59"
"3426","1","0"
"3427","1","199"
"3428","1","0"
"3429","1","158"
"3430","1","92"
"3431","1","0"
"3432","1","0"
"3433","1","0"
"3434","1","0"
"3435","1","0"
"3436","1","0"
"3437","1","0"
"3438","1","0"
"3439","1","0"
"3440","1","110"
"3441","1","0"
"3442","1","0"
"3443","1","0"
"3444","1","98"
"3445","1","0"
"3446","1","0"
"3447","1","0"
"3448","1","0"
"3449","1","107"
"3450","1","66"
"3451","1","0"
"3452","1","0"
"3453","1","0"
"3454","1","0"
"3455","1","0"
"3456","1","0"
"3457","1","0"
"3458","1","0"
"3459","1","173"
"3460","1","189"
"3461","1","200"
"3462","1","0"
"3463","1","0"
"3464","1","199"
"3465","1","0"
"3466","1","0"
"3467","1","154"
"3468","1","0"
"3469","1","0"
"3470","1","0"
"3471","1","0"
"3472","1","175"
"3473","1","0"
"3474","1","0"
"3475","1","200"
"3476","1","0"
"3477","1","0"
"3478","1","0"
"3479","1","0"
"3480","1","0"
"3481","1","0"
"3482","1","0"
"3483","1","0"
"3484","1","46"
"3485","1","0"
"3486","1","0"
"3487","1","179"
"3488","1","0"
"3489","1","152"
"3490","1","0"
"3491","1","145"
"3492","1","0"
"3493","1","0"
"3494","1","116"
"3495","1","0"
"3496","1","42"
"3497","1","0"
"3498","1","96"
"3499","1","188"
"3500","1","0"
"3501","1","0"
"3502","1","0"
"3503","1","0"
"3504","1","0"
"3505","1","0"
"3506","1","0"
"3507","1","0"
"3508","1","0"
"3509","1","0"
"3510","1","42"
"3511","1","201"
"3512","1","0"
"3513","1","200"
"3514","1","201"
"3515","1","0"
"3516","1","0"
"3517","1","0"
"3518","1","0"
"3519","1","0"
"3520","1","0"
"3521","1","0"
"3522","1","0"
"3523","1","15"
"3524","1","0"
"3525","1","0"
"3526","1","87"
"3527","1","136"
"3528","1","0"
"3529","1","0"
"3530","1","92"
"3531","1","0"
"3532","1","77"
"3533","1","0"
"3534","1","186"
"3535","1","0"
"3536","1","0"
"3537","1","0"
"3538","1","0"
"3539","1","0"
"3540","1","147"
"3541","1","146"
"3542","1","0"
"3543","1","70"
"3544","1","0"
"3545","1","0"
"3546","1","0"
"3547","1","85"
"3548","1","42"
"3549","1","0"
"3550","1","0"
"3551","1","174"
"3552","1","0"
"3553","1","0"
"3554","1","0"
"3555","1","181"
"3556","1","0"
"3557","1","0"
"3558","1","0"
"3559","1","0"
"3560","1","0"
"3561","1","0"
"3562","1","0"
"3563","1","0"
"3564","1","0"
"3565","1","0"
"3566","1","0"
"3567","1","0"
"3568","1","0"
"3569","1","0"
"3570","1","0"
"3571","1","0"
"3572","1","0"
"3573","1","0"
"3574","1","163"
"3575","1","0"
"3576","1","0"
"3577","1","56"
"3578","1","0"
"3579","1","172"
"3580","1","0"
"3581","1","0"
"3582","1","196"
"3583","1","0"
"3584","1","172"
"3585","1","97"
"3586","1","0"
"3587","1","85"
"3588","1","0"
"3589","1","0"
"3590","1","0"
"3591","1","184"
"3592","1","0"
"3593","1","0"
"3594","1","167"
"3595","1","0"
"3596","1","0"
"3597","1","201"
"3598","1","179"
"3599","1","0"
"3600","1","0"
"3601","1","0"
"3602","1","0"
"3603","1","167"
"3604","1","157"
"3605","1","0"
"3606","1","0"
"3607","1","42"
"3608","1","0"
"3609","1","0"
"3610","1","84"
"3611","1","0"
"3612","1","0"
"3613","1","78"
"3614","1","178"
"3615","1","0"
"3616","1","90"
"3617","1","83"
"3618","1","131"
"3619","1","0"
"3620","1","0"
"3621","1","0"
"3622","1","188"
"3623","1","137"
"3624","1","0"
"3625","1","0"
"3626","1","157"
"3627","1","0"
"3628","1","123"
"3629","1","27"
"3630","1","0"
"3631","1","98"
"3632","1","144"
"3633","1","0"
"3634","1","0"
"3635","1","0"
"3636","1","0"
"3637","1","0"
"3638","1","121"
"3639","1","0"
"3640","1","98"
"3641","1","87"
"3642","1","201"
"3643","1","0"
"3644","1","0"
"3645","1","139"
"3646","1","0"
"3647","1","0"
"3648","1","200"
"3649","1","201"
"3650","1","33"
"3651","1","126"
"3652","1","18"
"3653","1","0"
"3654","1","0"
"3655","1","0"
"3656","1","39"
"3657","1","112"
"3658","1","0"
"3659","1","0"
"3660","1","0"
"3661","1","0"
"3662","1","0"
"3663","1","154"
"3664","1","45"
"3665","1","0"
"3666","1","0"
"3667","1","85"
"3668","1","0"
"3669","1","57"
"3670","1","0"
"3671","1","56"
"3672","1","53"
"3673","1","0"
"3674","1","0"
"3675","1","0"
"3676","1","0"
"3677","1","0"
"3678","1","0"
"3679","1","136"
"3680","1","0"
"3681","1","0"
"3682","1","180"
"3683","1","0"
"3684","1","170"
"3685","1","0"
"3686","1","182"
"3687","1","0"
"3688","1","0"
"3689","1","138"
"3690","1","0"
"3691","1","0"
"3692","1","0"
"3693","1","153"
"3694","1","59"
"3695","1","0"
"3696","1","0"
"3697","1","201"
"3698","1","111"
"3699","1","0"
"3700","1","72"
"3701","1","0"
"3702","1","0"
"3703","1","0"
"3704","1","0"
"3705","1","0"
"3706","1","0"
"3707","1","86"
"3708","1","91"
"3709","1","123"
"3710","1","0"
"3711","1","0"
"3712","1","0"
"3713","1","170"
"3714","1","0"
"3715","1","0"
"3716","1","0"
"3717","1","0"
"3718","1","0"
"3719","1","180"
"3720","1","0"
"3721","1","0"
"3722","1","122"
"3723","1","0"
"3724","1","0"
"3725","1","184"
"3726","1","0"
"3727","1","0"
"3728","1","0"
"3729","1","0"
"3730","1","0"
"3731","1","0"
"3732","1","200"
"3733","1","4"
"3734","1","175"
"3735","1","66"
"3736","1","0"
"3737","1","0"
"3738","1","0"
"3739","1","131"
"3740","1","0"
"3741","1","0"
"3742","1","154"
"3743","1","200"
"3744","1","0"
"3745","1","0"
"3746","1","186"
"3747","1","0"
"3748","1","200"
"3749","1","0"
"3750","1","58"
"3751","1","186"
"3752","1","171"
"3753","1","0"
"3754","1","0"
"3755","1","0"
"3756","1","0"
"3757","1","0"
"3758","1","169"
"3759","1","0"
"3760","1","0"
"3761","1","0"
"3762","1","185"
"3763","1","0"
"3764","1","201"
"3765","1","0"
"3766","1","0"
"3767","1","191"
"3768","1","0"
"3769","1","146"
"3770","1","154"
"3771","1","140"
"3772","1","0"
"3773","1","36"
"3774","1","0"
"3775","1","0"
"3776","1","0"
"3777","1","0"
"3778","1","180"
"3779","1","0"
"3780","1","0"
"3781","1","0"
"3782","1","0"
"3783","1","0"
"3784","1","139"
"3785","1","199"
"3786","1","38"
"3787","1","112"
"3788","1","0"
"3789","1","0"
"3790","1","0"
"3791","1","0"
"3792","1","37"
"3793","1","93"
"3794","1","108"
"3795","1","0"
"3796","1","0"
"3797","1","0"
"3798","1","0"
"3799","1","0"
"3800","1","132"
"3801","1","0"
"3802","1","0"
"3803","1","0"
"3804","1","65"
"3805","1","0"
"3806","1","200"
"3807","1","0"
"3808","1","38"
"3809","1","152"
"3810","1","193"
"3811","1","109"
"3812","1","143"
"3813","1","167"
"3814","1","145"
"3815","1","0"
"3816","1","198"
"3817","1","196"
"3818","1","74"
"3819","1","0"
"3820","1","0"
"3821","1","0"
"3822","1","143"
"3823","1","0"
"3824","1","0"
"3825","1","0"
"3826","1","0"
"3827","1","0"
"3828","1","35"
"3829","1","0"
"3830","1","0"
"3831","1","138"
"3832","1","200"
"3833","1","125"
"3834","1","0"
"3835","1","0"
"3836","1","88"
"3837","1","0"
"3838","1","199"
"3839","1","0"
"3840","1","0"
"3841","1","59"
"3842","1","0"
"3843","1","32"
"3844","1","0"
"3845","1","0"
"3846","1","109"
"3847","1","199"
"3848","1","0"
"3849","1","0"
"3850","1","0"
"3851","1","201"
"3852","1","0"
"3853","1","184"
"3854","1","201"
"3855","1","109"
"3856","1","0"
"3857","1","0"
"3858","1","160"
"3859","1","200"
"3860","1","98"
"3861","1","36"
"3862","1","149"
"3863","1","177"
"3864","1","185"
"3865","1","201"
"3866","1","0"
"3867","1","0"
"3868","1","139"
"3869","1","139"
"3870","1","0"
"3871","1","0"
"3872","1","137"
"3873","1","0"
"3874","1","173"
"3875","1","164"
"3876","1","0"
"3877","1","0"
"3878","1","109"
"3879","1","0"
"3880","1","176"
"3881","1","183"
"3882","1","194"
"3883","1","171"
"3884","1","0"
"3885","1","162"
"3886","1","0"
"3887","1","127"
"3888","1","22"
"3889","1","0"
"3890","1","0"
"3891","1","147"
"3892","1","0"
"3893","1","170"
"3894","1","61"
"3895","1","0"
"3896","1","153"
"3897","1","0"
"3898","1","177"
"3899","1","0"
"3900","1","92"
"3901","1","0"
"3902","1","0"
"3903","1","115"
"3904","1","0"
"3905","1","147"
"3906","1","42"
"3907","1","6"
"3908","1","199"
"3909","1","199"
"3910","1","33"
"3911","1","162"
"3912","1","198"
"3913","1","0"
"3914","1","155"
"3915","1","0"
"3916","1","0"
"3917","1","194"
"3918","1","0"
"3919","1","100"
"3920","1","128"
"3921","1","146"
"3922","1","0"
"3923","1","0"
"3924","1","165"
"3925","1","0"
"3926","1","0"
"3927","1","201"
"3928","1","0"
"3929","1","4"
"3930","1","0"
"3931","1","86"
"3932","1","56"
"3933","1","154"
"3934","1","104"
"3935","1","0"
"3936","1","0"
"3937","1","193"
"3938","1","0"
"3939","1","0"
"3940","1","200"
"3941","1","0"
"3942","1","0"
"3943","1","0"
"3944","1","0"
"3945","1","0"
"3946","1","199"
"3947","1","0"
"3948","1","0"
"3949","1","19"
"3950","1","0"
"3951","1","0"
"3952","1","0"
"3953","1","192"
"3954","1","52"
"3955","1","0"
"3956","1","0"
"3957","1","0"
"3958","1","16"
"3959","1","199"
"3960","1","183"
"3961","1","0"
"3962","1","139"
"3963","1","136"
"3964","1","0"
"3965","1","0"
"3966","1","0"
"3967","1","0"
"3968","1","0"
"3969","1","90"
"3970","1","139"
"3971","1","192"
"3972","1","100"
"3973","1","0"
"3974","1","0"
"3975","1","200"
"3976","1","0"
"3977","1","34"
"3978","1","0"
"3979","1","0"
"3980","1","0"
"3981","1","149"
"3982","1","108"
"3983","1","168"
"3984","1","153"
"3985","1","0"
"3986","1","0"
"3987","1","117"
"3988","1","0"
"3989","1","122"
"3990","1","0"
"3991","1","0"
"3992","1","160"
"3993","1","160"
"3994","1","0"
"3995","1","0"
"3996","1","0"
"3997","1","0"
"3998","1","0"
"3999","1","0"
"4000","1","0"
"4001","1","0"
"4002","1","0"
"4003","1","177"
"4004","1","0"
"4005","1","0"
"4006","1","17"
"4007","1","50"
"4008","1","0"
"4009","1","0"
"4010","1","0"
"4011","1","0"
"4012","1","0"
"4013","1","160"
"4014","1","6"
"4015","1","56"
"4016","1","118"
"4017","1","6"
"4018","1","0"
"4019","1","197"
"4020","1","179"
"4021","1","0"
"4022","1","158"
"4023","1","0"
"4024","1","17"
"4025","1","179"
"4026","1","0"
"4027","1","200"
"4028","1","90"
"4029","1","55"
"4030","1","183"
"4031","1","178"
"4032","1","154"
"4033","1","0"
"4034","1","0"
"4035","1","43"
"4036","1","30"
"4037","1","0"
"4038","1","0"
"4039","1","0"
"4040","1","0"
"4041","1","109"
"4042","1","0"
"4043","1","0"
"4044","1","144"
"4045","1","0"
"4046","1","0"
"4047","1","0"
"4048","1","0"
"4049","1","0"
"4050","1","0"
"4051","1","0"
"4052","1","0"
"4053","1","0"
"4054","1","75"
"4055","1","0"
"4056","1","123"
"4057","1","137"
"4058","1","4"
"4059","1","77"
"4060","1","201"
"4061","1","154"
"4062","1","154"
"4063","1","0"
"4064","1","0"
"4065","1","122"
"4066","1","199"
"4067","1","36"
"4068","1","0"
"4069","1","0"
"4070","1","177"
"4071","1","52"
"4072","1","0"
"4073","1","0"
"4074","1","0"
"4075","1","153"
"4076","1","0"
"4077","1","154"
"4078","1","83"
"4079","1","0"
"4080","1","201"
"4081","1","183"
"4082","1","0"
"4083","1","0"
"4084","1","139"
"4085","1","0"
"4086","1","175"
"4087","1","0"
"4088","1","0"
"4089","1","0"
"4090","1","0"
"4091","1","0"
"4092","1","0"
"4093","1","0"
"4094","1","201"
"4095","1","79"
"4096","1","0"
"4097","1","0"
"4098","1","200"
"4099","1","196"
"4100","1","0"
"4101","1","0"
"4102","1","0"
"4103","1","178"
"4104","1","201"
"4105","1","0"
"4106","1","31"
"4107","1","0"
"4108","1","0"
"4109","1","93"
"4110","1","138"
"4111","1","0"
"4112","1","0"
"4113","1","0"
"4114","1","0"
"4115","1","161"
"4116","1","158"
"4117","1","154"
"4118","1","0"
"4119","1","200"
"4120","1","0"
"4121","1","0"
"4122","1","38"
"4123","1","0"
"4124","1","0"
"4125","1","0"
"4126","1","135"
"4127","1","0"
"4128","1","0"
"4129","1","0"
"4130","1","201"
"4131","1","0"
"4132","1","153"
"4133","1","194"
"4134","1","0"
"4135","1","0"
"4136","1","0"
"4137","1","0"
"4138","1","17"
"4139","1","147"
"4140","1","143"
"4141","1","0"
"4142","1","0"
"4143","1","135"
"4144","1","156"
"4145","1","0"
"4146","1","0"
"4147","1","0"
"4148","1","143"
"4149","1","0"
"4150","1","87"
"4151","1","0"
"4152","1","185"
"4153","1","132"
"4154","1","0"
"4155","1","0"
"4156","1","169"
"4157","1","0"
"4158","1","0"
"4159","1","198"
"4160","1","126"
"4161","1","0"
"4162","1","0"
"4163","1","0"
"4164","1","33"
"4165","1","0"
"4166","1","88"
"4167","1","0"
"4168","1","0"
"4169","1","170"
"4170","1","0"
"4171","1","102"
"4172","1","0"
"4173","1","200"
"4174","1","0"
"4175","1","0"
"4176","1","108"
"4177","1","198"
"4178","1","0"
"4179","1","0"
"4180","1","0"
"4181","1","0"
"4182","1","0"
"4183","1","0"
"4184","1","176"
"4185","1","145"
"4186","1","201"
"4187","1","199"
"4188","1","159"
"4189","1","80"
"4190","1","154"
"4191","1","0"
"4192","1","0"
"4193","1","0"
"4194","1","0"
"4195","1","0"
"4196","1","154"
"4197","1","1"
"4198","1","0"
"4199","1","0"
"4200","1","0"
"4201","1","163"
"4202","1","0"
"4203","1","0"
"4204","1","33"
"4205","1","0"
"4206","1","201"
"4207","1","201"
"4208","1","200"
"4209","1","199"
"4210","1","14"
"4211","1","125"
"4212","1","101"
"4213","1","0"
"4214","1","0"
"4215","1","0"
"4216","1","144"
"4217","1","0"
"4218","1","154"
"4219","1","0"
"4220","1","0"
"4221","1","0"
"4222","1","0"
"4223","1","89"
"4224","1","124"
"4225","1","35"
"4226","1","0"
"4227","1","0"
"4228","1","157"
"4229","1","59"
"4230","1","0"
"4231","1","61"
"4232","1","0"
"4233","1","0"
"4234","1","0"
"4235","1","152"
"4236","1","65"
"4237","1","18"
"4238","1","0"
"4239","1","0"
"4240","1","91"
"4241","1","0"
"4242","1","0"
"4243","1","136"
"4244","1","179"
"4245","1","0"
"4246","1","0"
"4247","1","104"
"4248","1","200"
"4249","1","196"
"4250","1","176"
"4251","1","153"
"4252","1","170"
"4253","1","0"
"4254","1","56"
"4255","1","184"
"4256","1","0"
"4257","1","0"
"4258","1","42"
"4259","1","114"
"4260","1","53"
"4261","1","0"
"4262","1","0"
"4263","1","0"
"4264","1","0"
"4265","1","61"
"4266","1","0"
"4267","1","64"
"4268","1","88"
"4269","1","0"
"4270","1","0"
"4271","1","0"
"4272","1","0"
"4273","1","67"
"4274","1","0"
"4275","1","0"
"4276","1","0"
"4277","1","15"
"4278","1","0"
"4279","1","0"
"4280","1","193"
"4281","1","30"
"4282","1","83"
"4283","1","116"
"4284","1","198"
"4285","1","0"
"4286","1","0"
"4287","1","149"
"4288","1","91"
"4289","1","0"
"4290","1","0"
"4291","1","0"
"4292","1","93"
"4293","1","42"
"4294","1","0"
"4295","1","185"
"4296","1","19"
"4297","1","28"
"4298","1","0"
"4299","1","0"
"4300","1","127"
"4301","1","0"
"4302","1","0"
"4303","1","0"
"4304","1","0"
"4305","1","200"
"4306","1","139"
"4307","1","0"
"4308","1","0"
"4309","1","0"
"4310","1","0"
"4311","1","0"
"4312","1","0"
"4313","1","87"
"4314","1","0"
"4315","1","60"
"4316","1","0"
"4317","1","194"
"4318","1","0"
"4319","1","0"
"4320","1","0"
"4321","1","0"
"4322","1","0"
"4323","1","0"
"4324","1","0"
"4325","1","0"
"4326","1","101"
"4327","1","0"
"4328","1","0"
"4329","1","115"
"4330","1","51"
"4331","1","201"
"4332","1","102"
"4333","1","0"
"4334","1","43"
"4335","1","0"
"4336","1","0"
"4337","1","179"
"4338","1","0"
"4339","1","0"
"4340","","83"
"4341","1","0"
"4342","1","12"
"4343","1","87"
"4344","1","0"
"4345","1","0"
"4346","1","194"
"4347","1","0"
"4348","1","0"
"4349","1","170"
"4350","1","0"
"4351","1","150"
"4352","1","0"
"4353","1","102"
"4354","1","69"
"4355","1","37"
"4356","1","200"
"4357","1","50"
"4358","1","144"
"4359","1","0"
"4360","1","200"
"4361","1","0"
"4362","1","179"
"4363","1","139"
"4364","1","0"
"4365","1","154"
"4366","1","0"
"4367","1","0"
"4368","1","0"
"4369","1","178"
"4370","1","105"
"4371","1","58"
"4372","1","0"
"4373","1","116"
"4374","1","167"
"4375","1","177"
"4376","1","0"
"4377","1","161"
"4378","1","0"
"4379","1","0"
"4380","1","194"
"4381","1","0"
"4382","1","0"
"4383","1","180"
"4384","1","111"
"4385","1","0"
"4386","1","0"
"4387","1","61"
"4388","1","0"
"4389","1","30"
"4390","1","0"
"4391","1","72"
"4392","1","0"
"4393","1","129"
"4394","1","135"
"4395","1","200"
"4396","1","101"
"4397","1","146"
"4398","1","8"
"4399","1","0"
"4400","1","0"
"4401","1","180"
"4402","1","0"
"4403","1","128"
"4404","1","0"
"4405","1","126"
"4406","1","123"
"4407","1","153"
"4408","1","0"
"4409","1","0"
"4410","1","201"
"4411","1","0"
"4412","1","0"
"4413","1","154"
"4414","1","42"
"4415","1","93"
"4416","1","0"
"4417","1","0"
"4418","1","122"
"4419","1","65"
"4420","1","0"
"4421","1","198"
"4422","1","0"
"4423","1","0"
"4424","1","173"
"4425","1","0"
"4426","1","145"
"4427","1","0"
"4428","1","200"
"4429","1","183"
"4430","1","170"
"4431","1","0"
"4432","1","201"
"4433","1","0"
"4434","1","201"
"4435","1","0"
"4436","1","119"
"4437","1","0"
"4438","1","90"
"4439","1","0"
"4440","1","140"
"4441","1","0"
"4442","1","188"
"4443","1","153"
"4444","1","184"
"4445","1","0"
"4446","1","52"
"4447","1","0"
"4448","","200"
"4449","1","0"
"4450","1","0"
"4451","1","153"
"4452","1","75"
"4453","1","0"
"4454","1","48"
"4455","1","163"
"4456","1","200"
"4457","1","0"
"4458","1","180"
"4459","1","200"
"4460","1","155"
"4461","1","0"
"4462","1","35"
"4463","1","52"
"4464","1","0"
"4465","1","0"
"4466","1","109"
"4467","1","0"
"4468","1","0"
"4469","1","41"
"4470","1","0"
"4471","1","0"
"4472","1","201"
"4473","1","179"
"4474","1","0"
"4475","1","0"
"4476","1","36"
"4477","1","181"
"4478","1","0"
"4479","1","58"
"4480","1","45"
"4481","1","157"
"4482","1","0"
"4483","1","92"
"4484","1","200"
"4485","1","0"
"4486","1","0"
"4487","1","0"
"4488","1","185"
"4489","1","58"
"4490","1","0"
"4491","1","16"
"4492","1","200"
"4493","1","132"
"4494","1","30"
"4495","1","173"
"4496","1","200"
"4497","1","98"
"4498","1","199"
"4499","1","0"
"4500","1","0"
"4501","1","192"
"4502","1","0"
"4503","1","29"
"4504","1","196"
"4505","1","93"
"4506","1","0"
"4507","1","0"
"4508","1","140"
"4509","1","106"
"4510","1","199"
"4511","1","30"
"4512","1","0"
"4513","1","105"
"4514","1","0"
"4515","1","0"
"4516","1","154"
"4517","1","0"
"4518","1","142"
"4519","1","0"
"4520","1","102"
"4521","1","123"
"4522","1","201"
"4523","1","0"
"4524","1","83"
"4525","1","14"
"4526","1","6"
"4527","1","0"
"4528","1","28"
"4529","1","179"
"4530","1","0"
"4531","1","0"
"4532","1","140"
"4533","1","0"
"4534","1","88"
"4535","1","0"
"4536","1","0"
"4537","1","200"
"4538","1","124"
"4539","1","61"
"4540","1","179"
"4541","1","118"
"4542","1","0"
"4543","1","0"
"4544","1","122"
"4545","1","200"
"4546","1","0"
"4547","1","4"
"4548","1","167"
"4549","1","0"
"4550","1","0"
"4551","1","0"
"4552","1","0"
"4553","1","0"
"4554","1","0"
"4555","1","0"
"4556","1","0"
"4557","1","71"
"4558","1","89"
"4559","1","199"
"4560","1","0"
"4561","1","0"
"4562","1","139"
"4563","1","0"
"4564","1","139"
"4565","1","0"
"4566","1","200"
"4567","1","0"
"4568","1","133"
"4569","1","180"
"4570","1","0"
"4571","1","0"
"4572","1","0"
"4573","1","81"
"4574","1","0"
"4575","1","0"
"4576","1","88"
"4577","1","166"
"4578","1","0"
"4579","1","0"
"4580","1","26"
"4581","1","0"
"4582","1","200"
"4583","1","96"
"4584","1","156"
"4585","1","132"
"4586","1","156"
"4587","1","0"
"4588","1","0"
"4589","1","30"
"4590","1","0"
"4591","1","153"
"4592","1","201"
"4593","1","0"
"4594","1","140"
"4595","1","47"
"4596","1","62"
"4597","1","72"
"4598","1","32"
"4599","1","101"
"4600","1","0"
"4601","1","83"
"4602","1","125"
"4603","1","3"
"4604","1","0"
"4605","1","19"
"4606","1","80"
"4607","1","0"
"4608","1","97"
"4609","1","0"
"4610","1","0"
"4611","1","31"
"4612","1","201"
"4613","1","0"
"4614","1","80"
"4615","1","0"
"4616","1","151"
"4617","1","22"
"4618","1","132"
"4619","1","185"
"4620","1","0"
"4621","1","176"
"4622","1","40"
"4623","1","163"
"4624","1","0"
"4625","1","80"
"4626","1","33"
"4627","1","0"
"4628","1","32"
"4629","1","64"
"4630","1","0"
"4631","1","200"
"4632","1","19"
"4633","1","156"
"4634","1","0"
"4635","1","0"
"4636","1","48"
"4637","1","200"
"4638","1","0"
"4639","1","200"
"4640","1","160"
"4641","1","200"
"4642","1","0"
"4643","1","173"
"4644","1","186"
"4645","1","93"
"4646","1","201"
"4647","1","0"
"4648","1","194"
"4649","1","200"
"4650","1","0"
"4651","1","163"
"4652","1","201"
"4653","1","0"
"4654","1","0"
"4655","1","0"
"4656","1","54"
"4657","1","0"
"4658","1","102"
"4659","1","94"
"4660","1","0"
"4661","1","64"
"4662","1","0"
"4663","1","194"
"4664","1","13"
"4665","1","11"
"4666","1","201"
"4667","1","0"
"4668","1","0"
"4669","1","201"
"4670","1","0"
"4671","1","187"
"4672","1","200"
"4673","1","0"
"4674","1","0"
"4675","1","0"
"4676","1","0"
"4677","1","0"
"4678","1","0"
"4679","1","121"
"4680","1","121"
"4681","1","70"
"4682","1","171"
"4683","1","176"
"4684","1","0"
"4685","1","201"
"4686","1","79"
"4687","1","11"
"4688","1","84"
"4689","1","198"
"4690","1","0"
"4691","1","0"
"4692","1","0"
"4693","1","151"
"4694","1","46"
"4695","1","123"
"4696","1","0"
"4697","1","69"
"4698","1","200"
"4699","1","0"
"4700","1","84"
"4701","1","0"
"4702","1","198"
"4703","1","0"
"4704","1","0"
"4705","1","0"
"4706","1","0"
"4707","1","201"
"4708","1","0"
"4709","1","199"
"4710","1","0"
"4711","1","138"
"4712","1","0"
"4713","1","58"
"4714","1","0"
"4715","1","0"
"4716","1","87"
"4717","1","138"
"4718","1","200"
"4719","1","132"
"4720","1","200"
"4721","1","84"
"4722","1","0"
"4723","1","0"
"4724","1","103"
"4725","1","61"
"4726","1","200"
"4727","1","122"
"4728","1","0"
"4729","1","135"
"4730","1","92"
"4731","1","156"
"4732","1","48"
"4733","1","163"
"4734","1","116"
"4735","1","153"
"4736","1","40"
"4737","1","0"
"4738","1","76"
"4739","1","0"
"4740","1","44"
"4741","1","0"
"4742","1","124"
"4743","1","201"
"4744","1","112"
"4745","1","67"
"4746","1","10"
"4747","","72"
"4748","1","129"
"4749","1","144"
"4750","1","0"
"4751","1","0"
"4752","1","135"
"4753","1","56"
"4754","1","200"
"4755","1","153"
"4756","1","0"
"4757","1","138"
"4758","1","192"
"4759","1","190"
"4760","1","33"
"4761","1","177"
"4762","1","0"
"4763","1","186"
"4764","1","0"
"4765","1","0"
"4766","1","0"
"4767","1","146"
"4768","1","154"
"4769","1","144"
"4770","1","123"
"4771","1","32"
"4772","1","195"
"4773","1","0"
"4774","1","154"
"4775","1","115"
"4776","1","99"
"4777","1","106"
"4778","1","0"
"4779","1","0"
"4780","1","0"
"4781","1","0"
"4782","1","0"
"4783","1","201"
"4784","1","0"
"4785","1","0"
"4786","1","62"
"4787","1","2"
"4788","1","30"
"4789","1","0"
"4790","1","56"
"4791","1","0"
"4792","1","0"
"4793","1","178"
"4794","1","201"
"4795","1","0"
"4796","1","35"
"4797","1","0"
"4798","1","0"
"4799","1","0"
"4800","1","0"
"4801","1","0"
"4802","1","37"
"4803","1","199"
"4804","1","121"
"4805","1","144"
"4806","1","0"
"4807","1","0"
"4808","1","183"
"4809","1","0"
"4810","1","201"
"4811","1","0"
"4812","1","0"
"4813","1","0"
"4814","1","0"
"4815","1","0"
"4816","1","193"
"4817","1","0"
"4818","1","61"
"4819","1","31"
"4820","1","0"
"4821","1","200"
"4822","1","147"
"4823","1","0"
"4824","1","0"
"4825","1","145"
"4826","1","177"
"4827","1","7"
"4828","1","122"
"4829","1","0"
"4830","1","0"
"4831","1","110"
"4832","1","0"
"4833","1","0"
"4834","1","0"
"4835","1","0"
"4836","1","170"
"4837","1","131"
"4838","1","0"
"4839","1","0"
"4840","1","110"
"4841","1","154"
"4842","1","146"
"4843","1","155"
"4844","1","154"
"4845","1","0"
"4846","1","0"
"4847","1","0"
"4848","1","162"
"4849","1","8"
"4850","1","0"
"4851","1","171"
"4852","1","181"
"4853","1","0"
"4854","1","129"
"4855","1","0"
"4856","1","168"
"4857","1","89"
"4858","1","90"
"4859","1","0"
"4860","1","0"
"4861","1","0"
"4862","1","0"
"4863","1","0"
"4864","1","0"
"4865","1","0"
"4866","1","123"
"4867","1","1"
"4868","1","0"
"4869","1","200"
"4870","1","0"
"4871","1","0"
"4872","1","0"
"4873","1","0"
"4874","1","0"
"4875","1","0"
"4876","1","155"
"4877","1","153"
"4878","1","0"
"4879","1","185"
"4880","1","0"
"4881","1","201"
"4882","1","0"
"4883","1","0"
"4884","1","0"
"4885","1","200"
"4886","1","0"
"4887","1","0"
"4888","1","199"
"4889","1","0"
"4890","1","153"
"4891","1","178"
"4892","1","0"
"4893","1","81"
"4894","1","0"
"4895","1","0"
"4896","1","0"
"4897","1","156"
"4898","1","130"
"4899","1","0"
"4900","1","0"
"4901","1","73"
"4902","1","0"
"4903","1","201"
"4904","1","128"
"4905","1","89"
"4906","1","0"
"4907","1","143"
"4908","1","1"
"4909","1","0"
"4910","1","0"
"4911","1","185"
"4912","1","138"
"4913","1","0"
"4914","1","185"
"4915","1","61"
"4916","1","110"
"4917","1","185"
"4918","1","0"
"4919","1","0"
"4920","1","200"
"4921","1","84"
"4922","1","0"
"4923","1","171"
"4924","1","0"
"4925","1","0"
"4926","1","154"
"4927","1","0"
"4928","1","80"
"4929","1","0"
"4930","1","0"
"4931","1","0"
"4932","1","0"
"4933","1","9"
"4934","1","90"
"4935","1","0"
"4936","1","13"
"4937","1","10"
"4938","1","186"
"4939","1","95"
"4940","1","0"
"4941","1","0"
"4942","1","0"
"4943","1","200"
"4944","1","101"
"4945","1","0"
"4946","1","0"
"4947","1","200"
"4948","1","0"
"4949","1","0"
"4950","1","3"
"4951","1","63"
"4952","1","192"
"4953","1","93"
"4954","1","195"
"4955","1","0"
"4956","1","0"
"4957","1","0"
"4958","1","108"
"4959","1","0"
"4960","1","67"
"4961","1","0"
"4962","1","0"
"4963","1","0"
"4964","1","0"
"4965","1","86"
"4966","1","179"
"4967","1","199"
"4968","1","32"
"4969","1","153"
"4970","1","0"
"4971","1","0"
"4972","1","0"
"4973","1","0"
"4974","1","0"
"4975","1","0"
"4976","1","200"
"4977","1","0"
"4978","1","13"
"4979","1","147"
"4980","1","92"
"4981","1","68"
"4982","1","192"
"4983","1","0"
"4984","1","68"
"4985","1","93"
"4986","1","95"
"4987","1","120"
"4988","1","144"
"4989","1","86"
"4990","1","0"
"4991","1","0"
"4992","1","0"
"4993","1","0"
"4994","1","124"
"4995","1","94"
"4996","1","90"
"4997","1","146"
"4998","1","0"
"4999","1","0"
"5000","1","123"
"5001","1","201"
"5002","1","0"
"5003","1","0"
"5004","1","0"
"5005","1","117"
"5006","1","73"
"5007","1","0"
"5008","1","0"
"5009","1","154"
"5010","1","0"
"5011","1","0"
"5012","1","171"
"5013","1","139"
"5014","1","61"
"5015","1","0"
"5016","1","199"
"5017","1","90"
"5018","1","143"
"5019","1","70"
"5020","1","0"
"5021","1","32"
"5022","1","48"
"5023","1","0"
"5024","1","0"
"5025","1","198"
"5026","1","200"
"5027","1","0"
"5028","1","20"
"5029","1","200"
"5030","1","200"
"5031","1","181"
"5032","1","89"
"5033","1","61"
"5034","1","200"
"5035","1","0"
"5036","1","0"
"5037","1","132"
"5038","1","104"
"5039","1","60"
"5040","1","0"
"5041","1","0"
"5042","1","145"
"5043","1","40"
"5044","1","151"
"5045","1","0"
"5046","1","0"
"5047","1","0"
"5048","1","0"
"5049","1","0"
"5050","1","0"
"5051","1","170"
"5052","1","146"
"5053","1","0"
"5054","1","0"
"5055","1","0"
"5056","1","0"
"5057","1","0"
"5058","1","78"
"5059","1","201"
"5060","1","201"
"5061","1","171"
"5062","1","0"
"5063","1","180"
"5064","1","76"
"5065","1","0"
"5066","1","120"
"5067","1","90"
"5068","1","124"
"5069","1","30"
"5070","1","93"
"5071","1","24"
"5072","1","0"
"5073","1","0"
"5074","1","0"
"5075","1","0"
"5076","1","0"
"5077","1","76"
"5078","1","168"
"5079","1","201"
"5080","1","0"
"5081","1","0"
"5082","1","0"
"5083","1","179"
"5084","1","0"
"5085","1","0"
"5086","1","14"
"5087","1","0"
"5088","1","154"
"5089","1","123"
"5090","1","0"
"5091","1","0"
"5092","1","0"
"5093","1","0"
"5094","1","0"
"5095","1","154"
"5096","1","0"
"5097","1","131"
"5098","1","55"
"5099","1","0"
"5100","1","173"
"5101","","145"
"5102","1","0"
"5103","1","192"
"5104","1","4"
"5105","1","162"
"5106","1","182"
"5107","1","114"
"5108","1","1"
"5109","1","0"
"5110","1","0"
"5111","1","16"
"5112","1","132"
"5113","1","157"
"5114","1","158"
"5115","1","191"
"5116","1","124"
"5117","1","6"
"5118","1","0"
"5119","1","192"
"5120","1","0"
"5121","1","199"
"5122","1","0"
"5123","1","0"
"5124","1","199"
"5125","1","199"
"5126","1","0"
"5127","1","139"
"5128","1","0"
"5129","1","0"
"5130","1","0"
"5131","1","0"
"5132","1","53"
"5133","1","0"
"5134","1","0"
"5135","1","93"
"5136","1","82"
"5137","1","194"
"5138","1","0"
"5139","1","148"
"5140","1","0"
"5141","1","194"
"5142","1","99"
"5143","1","89"
"5144","1","0"
"5145","1","200"
"5146","1","0"
"5147","1","0"
"5148","1","16"
"5149","1","167"
"5150","1","0"
"5151","1","0"
"5152","1","0"
"5153","1","0"
"5154","1","201"
"5155","1","90"
"5156","1","201"
"5157","1","201"
"5158","1","0"
"5159","1","16"
"5160","1","0"
"5161","1","0"
"5162","1","0"
"5163","1","185"
"5164","1","0"
"5165","1","0"
"5166","1","31"
"5167","1","0"
"5168","1","0"
"5169","1","0"
"5170","1","199"
"5171","1","127"
"5172","1","123"
"5173","1","6"
"5174","1","49"
"5175","1","170"
"5176","1","0"
"5177","1","0"
"5178","1","147"
"5179","1","73"
"5180","1","163"
"5181","1","122"
"5182","1","0"
"5183","1","199"
"5184","1","162"
"5185","1","88"
"5186","1","0"
"5187","1","179"
"5188","1","50"
"5189","1","105"
"5190","1","0"
"5191","1","0"
"5192","1","0"
"5193","1","200"
"5194","1","0"
"5195","1","92"
"5196","1","0"
"5197","1","6"
"5198","1","154"
"5199","1","138"
"5200","1","0"
"5201","1","0"
"5202","1","0"
"5203","1","0"
"5204","1","46"
"5205","1","121"
"5206","1","0"
"5207","1","0"
"5208","1","89"
"5209","1","62"
"5210","1","0"
"5211","1","39"
"5212","1","142"
"5213","1","0"
"5214","1","149"
"5215","1","0"
"5216","1","20"
"5217","1","0"
"5218","1","83"
"5219","1","166"
"5220","1","4"
"5221","1","0"
"5222","1","171"
"5223","1","31"
"5224","1","0"
"5225","1","0"
"5226","1","0"
"5227","1","0"
"5228","1","0"
"5229","1","199"
"5230","1","116"
"5231","1","200"
"5232","1","0"
"5233","1","0"
"5234","1","0"
"5235","1","0"
"5236","1","31"
"5237","1","0"
"5238","1","131"
"5239","1","120"
"5240","1","45"
"5241","1","0"
"5242","1","31"
"5243","1","0"
"5244","1","111"
"5245","1","0"
"5246","1","72"
"5247","1","0"
"5248","1","154"
"5249","1","0"
"5250","1","0"
"5251","1","200"
"5252","1","49"
"5253","1","0"
"5254","1","0"
"5255","1","0"
"5256","1","179"
"5257","1","0"
"5258","1","0"
"5259","1","147"
"5260","1","169"
"5261","1","63"
"5262","1","0"
"5263","1","82"
"5264","1","0"
"5265","1","0"
"5266","1","0"
"5267","1","132"
"5268","1","0"
"5269","1","33"
"5270","1","0"
"5271","1","200"
"5272","1","0"
"5273","1","109"
"5274","1","184"
"5275","1","0"
"5276","1","174"
"5277","1","0"
"5278","1","200"
"5279","1","0"
"5280","1","0"
"5281","1","92"
"5282","1","0"
"5283","1","0"
"5284","1","153"
"5285","1","37"
"5286","1","0"
"5287","1","0"
"5288","1","153"
"5289","1","132"
"5290","1","200"
"5291","1","153"
"5292","1","0"
"5293","1","186"
"5294","1","33"
"5295","1","0"
"5296","1","98"
"5297","1","200"
"5298","1","132"
"5299","1","0"
"5300","1","153"
"5301","1","73"
"5302","1","0"
"5303","1","196"
"5304","1","95"
"5305","1","17"
"5306","1","0"
"5307","1","38"
"5308","1","185"
"5309","1","176"
"5310","1","0"
"5311","1","126"
"5312","1","179"
"5313","1","171"
"5314","1","87"
"5315","1","0"
"5316","1","0"
"5317","1","0"
"5318","1","201"
"5319","1","87"
"5320","1","179"
"5321","1","0"
"5322","1","198"
"5323","1","0"
"5324","1","0"
"5325","1","149"
"5326","1","0"
"5327","1","0"
"5328","1","0"
"5329","1","48"
"5330","1","35"
"5331","1","0"
"5332","1","106"
"5333","1","153"
"5334","1","198"
"5335","1","0"
"5336","1","0"
"5337","1","54"
"5338","1","200"
"5339","1","0"
"5340","1","0"
"5341","1","106"
"5342","1","0"
"5343","1","0"
"5344","1","201"
"5345","1","0"
"5346","1","0"
"5347","1","0"
"5348","1","0"
"5349","1","0"
"5350","1","187"
"5351","1","10"
"5352","1","0"
"5353","1","133"
"5354","1","0"
"5355","1","123"
"5356","1","0"
"5357","1","0"
"5358","1","0"
"5359","1","0"
"5360","1","0"
"5361","1","0"
"5362","1","0"
"5363","1","200"
"5364","1","0"
"5365","1","0"
"5366","1","0"
"5367","1","154"
"5368","1","0"
"5369","1","0"
"5370","1","41"
"5371","1","47"
"5372","1","0"
"5373","1","0"
"5374","1","38"
"5375","1","0"
"5376","1","0"
"5377","1","42"
"5378","1","5"
"5379","1","0"
"5380","1","0"
"5381","1","149"
"5382","1","0"
"5383","1","0"
"5384","1","0"
"5385","1","2"
"5386","1","0"
"5387","1","0"
"5388","1","194"
"5389","1","41"
"5390","1","0"
"5391","1","0"
"5392","1","0"
"5393","1","0"
"5394","1","70"
"5395","1","201"
"5396","1","153"
"5397","1","0"
"5398","1","0"
"5399","1","0"
"5400","1","0"
"5401","1","0"
"5402","1","183"
"5403","1","0"
"5404","1","14"
"5405","1","0"
"5406","1","122"
"5407","1","192"
"5408","1","0"
"5409","1","46"
"5410","1","0"
"5411","1","0"
"5412","1","188"
"5413","1","81"
"5414","1","37"
"5415","1","0"
"5416","1","0"
"5417","1","0"
"5418","1","0"
"5419","1","0"
"5420","1","188"
"5421","1","123"
"5422","1","0"
"5423","1","0"
"5424","1","0"
"5425","","0"
"5426","1","121"
"5427","1","196"
"5428","1","36"
"5429","1","0"
"5430","1","103"
"5431","1","200"
"5432","1","150"
"5433","1","31"
"5434","1","184"
"5435","1","192"
"5436","1","0"
"5437","1","199"
"5438","1","0"
"5439","1","153"
"5440","1","0"
"5441","1","0"
"5442","1","0"
"5443","1","0"
"5444","1","101"
"5445","1","0"
"5446","1","0"
"5447","1","199"
"5448","1","0"
"5449","1","0"
"5450","1","0"
"5451","1","179"
"5452","1","122"
"5453","1","148"
"5454","1","0"
"5455","1","0"
"5456","1","0"
"5457","1","0"
"5458","1","139"
"5459","1","0"
"5460","1","201"
"5461","1","0"
"5462","1","122"
"5463","1","0"
"5464","1","193"
"5465","1","0"
"5466","1","0"
"5467","1","122"
"5468","1","0"
"5469","1","175"
"5470","1","164"
"5471","1","108"
"5472","1","66"
"5473","1","0"
"5474","1","0"
"5475","1","88"
"5476","1","0"
"5477","1","0"
"5478","1","172"
"5479","1","0"
"5480","1","199"
"5481","1","0"
"5482","1","51"
"5483","1","64"
"5484","1","199"
"5485","1","200"
"5486","1","160"
"5487","1","201"
"5488","1","0"
"5489","1","0"
"5490","1","31"
"5491","1","153"
"5492","1","201"
"5493","1","0"
"5494","1","158"
"5495","1","0"
"5496","1","53"
"5497","1","0"
"5498","1","0"
"5499","1","66"
"5500","1","126"
"5501","1","0"
"5502","1","0"
"5503","1","0"
"5504","1","0"
"5505","1","150"
"5506","1","0"
"5507","1","0"
"5508","1","0"
"5509","1","124"
"5510","1","157"
"5511","1","0"
"5512","1","153"
"5513","1","144"
"5514","1","0"
"5515","1","94"
"5516","1","0"
"5517","1","0"
"5518","1","0"
"5519","1","0"
"5520","1","178"
"5521","1","184"
"5522","1","171"
"5523","1","192"
"5524","1","201"
"5525","1","0"
"5526","1","0"
"5527","1","0"
"5528","1","0"
"5529","1","0"
"5530","1","0"
"5531","1","45"
"5532","1","0"
"5533","1","177"
"5534","1","88"
"5535","1","0"
"5536","1","62"
"5537","1","0"
"5538","1","0"
"5539","1","154"
"5540","1","0"
"5541","1","166"
"5542","1","183"
"5543","1","89"
"5544","1","0"
"5545","1","160"
"5546","1","0"
"5547","1","0"
"5548","1","151"
"5549","1","0"
"5550","1","118"
"5551","1","0"
"5552","1","0"
"5553","1","143"
"5554","1","200"
"5555","1","0"
"5556","1","0"
"5557","1","179"
"5558","1","140"
"5559","1","124"
"5560","1","132"
"5561","1","160"
"5562","1","0"
"5563","1","153"
"5564","1","127"
"5565","1","153"
"5566","1","89"
"5567","1","138"
"5568","1","0"
"5569","1","173"
"5570","1","0"
"5571","1","0"
"5572","1","0"
"5573","1","0"
"5574","1","184"
"5575","1","0"
"5576","1","0"
"5577","1","92"
"5578","1","0"
"5579","1","21"
"5580","1","0"
"5581","1","188"
"5582","1","168"
"5583","1","124"
"5584","1","0"
"5585","1","0"
"5586","1","0"
"5587","1","0"
"5588","1","153"
"5589","1","186"
"5590","1","0"
"5591","1","0"
"5592","1","185"
"5593","1","0"
"5594","1","183"
"5595","1","0"
"5596","1","0"
"5597","1","117"
"5598","1","0"
"5599","1","90"
"5600","1","175"
"5601","1","0"
"5602","1","151"
"5603","1","192"
"5604","1","0"
"5605","1","103"
"5606","1","0"
"5607","1","0"
"5608","1","133"
"5609","1","0"
"5610","1","0"
"5611","1","199"
"5612","1","0"
"5613","1","0"
"5614","1","0"
"5615","1","116"
"5616","1","140"
"5617","1","112"
"5618","1","201"
"5619","1","165"
"5620","1","157"
"5621","1","0"
"5622","1","0"
"5623","1","0"
"5624","1","200"
"5625","1","96"
"5626","1","2"
"5627","1","0"
"5628","1","0"
"5629","1","148"
"5630","1","0"
"5631","1","20"
"5632","1","133"
"5633","1","0"
"5634","1","0"
"5635","1","0"
"5636","1","170"
"5637","1","0"
"5638","1","0"
"5639","1","0"
"5640","1","0"
"5641","1","0"
"5642","1","0"
"5643","1","89"
"5644","1","200"
"5645","1","0"
"5646","1","200"
"5647","1","165"
"5648","1","0"
"5649","1","0"
"5650","1","13"
"5651","1","178"
"5652","1","201"
"5653","1","0"
"5654","1","0"
"5655","1","0"
"5656","1","138"
"5657","1","0"
"5658","1","0"
"5659","1","51"
"5660","1","0"
"5661","1","0"
"5662","1","0"
"5663","1","0"
"5664","1","0"
"5665","1","120"
"5666","1","0"
"5667","1","56"
"5668","1","89"
"5669","1","35"
"5670","1","200"
"5671","1","0"
"5672","1","0"
"5673","1","0"
"5674","1","0"
"5675","1","0"
"5676","1","199"
"5677","1","0"
"5678","1","164"
"5679","1","0"
"5680","1","0"
"5681","1","0"
"5682","1","0"
"5683","1","191"
"5684","1","15"
"5685","1","106"
"5686","1","96"
"5687","1","15"
"5688","1","156"
"5689","1","153"
"5690","1","21"
"5691","1","0"
"5692","1","0"
"5693","1","0"
"5694","1","178"
"5695","1","0"
"5696","1","0"
"5697","1","0"
"5698","1","90"
"5699","1","200"
"5700","1","0"
"5701","1","0"
"5702","1","0"
"5703","1","115"
"5704","1","144"
"5705","1","103"
"5706","1","92"
"5707","1","58"
"5708","1","0"
"5709","1","47"
"5710","1","0"
"5711","1","180"
"5712","1","1"
"5713","1","177"
"5714","1","42"
"5715","1","0"
"5716","1","200"
"5717","1","61"
"5718","1","111"
"5719","1","0"
"5720","1","51"
"5721","1","0"
"5722","1","146"
"5723","1","14"
"5724","1","201"
"5725","1","43"
"5726","1","139"
"5727","1","90"
"5728","1","199"
"5729","1","139"
"5730","1","35"
"5731","1","0"
"5732","1","0"
"5733","1","0"
"5734","1","126"
"5735","1","0"
"5736","1","0"
"5737","1","0"
"5738","1","0"
"5739","1","0"
"5740","1","132"
"5741","1","123"
"5742","1","25"
"5743","1","72"
"5744","1","0"
"5745","1","0"
"5746","1","127"
"5747","1","0"
"5748","1","103"
"5749","1","0"
"5750","1","0"
"5751","1","89"
"5752","1","12"
"5753","1","198"
"5754","1","200"
"5755","1","0"
"5756","1","0"
"5757","1","152"
"5758","1","96"
"5759","1","0"
"5760","1","46"
"5761","1","0"
"5762","1","29"
"5763","1","89"
"5764","1","153"
"5765","1","129"
"5766","1","0"
"5767","1","61"
"5768","1","0"
"5769","1","99"
"5770","1","0"
"5771","1","0"
"5772","1","0"
"5773","1","200"
"5774","1","0"
"5775","1","0"
"5776","1","0"
"5777","1","152"
"5778","1","0"
"5779","1","201"
"5780","1","199"
"5781","1","0"
"5782","1","0"
"5783","1","201"
"5784","1","0"
"5785","1","107"
"5786","1","124"
"5787","1","199"
"5788","1","0"
"5789","1","134"
"5790","1","0"
"5791","1","107"
"5792","1","82"
"5793","1","153"
"5794","1","201"
"5795","1","0"
"5796","1","199"
"5797","1","182"
"5798","1","128"
"5799","1","0"
"5800","1","33"
"5801","1","0"
"5802","1","0"
"5803","1","27"
"5804","1","0"
"5805","1","123"
"5806","1","0"
"5807","1","0"
"5808","1","200"
"5809","1","0"
"5810","1","11"
"5811","1","0"
"5812","1","63"
"5813","1","158"
"5814","1","0"
"5815","1","0"
"5816","1","0"
"5817","1","200"
"5818","1","122"
"5819","1","139"
"5820","1","172"
"5821","1","77"
"5822","1","0"
"5823","1","200"
"5824","1","200"
"5825","1","200"
"5826","1","153"
"5827","1","0"
"5828","1","86"
"5829","1","0"
"5830","1","0"
"5831","1","0"
"5832","1","0"
"5833","1","172"
"5834","1","0"
"5835","1","0"
"5836","1","194"
"5837","1","18"
"5838","1","106"
"5839","1","0"
"5840","1","134"
"5841","1","87"
"5842","1","0"
"5843","1","0"
"5844","1","0"
"5845","1","153"
"5846","1","153"
"5847","1","153"
"5848","1","153"
"5849","1","40"
"5850","1","82"
"5851","1","1"
"5852","1","0"
"5853","1","0"
"5854","1","200"
"5855","1","200"
"5856","1","112"
"5857","1","200"
"5858","1","90"
"5859","1","57"
"5860","1","122"
"5861","1","0"
"5862","1","0"
"5863","1","0"
"5864","1","46"
"5865","1","200"
"5866","1","0"
"5867","1","0"
"5868","1","201"
"5869","1","61"
"5870","1","0"
"5871","1","0"
"5872","1","0"
"5873","1","0"
"5874","1","0"
"5875","1","0"
"5876","1","0"
"5877","1","0"
"5878","1","0"
"5879","1","118"
"5880","1","155"
"5881","1","0"
"5882","1","166"
"5883","1","192"
"5884","1","0"
"5885","1","0"
"5886","1","0"
"5887","1","34"
"5888","1","99"
"5889","1","199"
"5890","1","0"
"5891","1","0"
"5892","1","178"
"5893","1","0"
"5894","1","153"
"5895","1","0"
"5896","1","124"
"5897","1","0"
"5898","1","0"
"5899","1","62"
"5900","1","0"
"5901","1","0"
"5902","1","0"
"5903","1","0"
"5904","1","94"
"5905","1","122"
"5906","1","201"
"5907","1","46"
"5908","1","152"
"5909","1","0"
"5910","1","0"
"5911","1","71"
"5912","1","0"
"5913","1","99"
"5914","1","0"
"5915","1","123"
"5916","1","43"
"5917","1","26"
"5918","1","186"
"5919","1","34"
"5920","1","200"
"5921","1","0"
"5922","1","101"
"5923","1","0"
"5924","1","0"
"5925","1","0"
"5926","1","0"
"5927","1","0"
"5928","1","178"
"5929","1","0"
"5930","1","0"
"5931","1","0"
"5932","1","0"
"5933","1","199"
"5934","1","0"
"5935","1","143"
"5936","1","40"
"5937","1","124"
"5938","1","199"
"5939","1","132"
"5940","1","6"
"5941","1","200"
"5942","1","0"
"5943","1","54"
"5944","1","0"
"5945","1","155"
"5946","1","90"
"5947","1","184"
"5948","1","0"
"5949","1","0"
"5950","1","179"
"5951","1","0"
"5952","1","104"
"5953","1","198"
"5954","1","30"
"5955","1","200"
"5956","1","153"
"5957","1","12"
"5958","1","47"
"5959","1","160"
"5960","1","0"
"5961","1","0"
"5962","1","0"
"5963","1","81"
"5964","1","159"
"5965","1","132"
"5966","1","0"
"5967","1","90"
"5968","1","0"
"5969","1","87"
"5970","1","165"
"5971","1","46"
"5972","1","0"
"5973","1","113"
"5974","1","0"
"5975","1","0"
"5976","1","0"
"5977","1","88"
"5978","1","0"
"5979","1","161"
"5980","1","73"
"5981","1","160"
"5982","1","0"
"5983","1","154"
"5984","1","0"
"5985","1","23"
"5986","1","200"
"5987","1","0"
"5988","1","0"
"5989","1","0"
"5990","1","0"
"5991","1","0"
"5992","1","0"
"5993","1","0"
"5994","1","0"
"5995","1","139"
"5996","1","93"
"5997","1","0"
"5998","1","0"
"5999","1","0"
"6000","1","95"
"6001","1","0"
"6002","1","0"
"6003","1","197"
"6004","1","87"
"6005","1","89"
"6006","1","12"
"6007","1","0"
"6008","1","0"
"6009","1","200"
"6010","1","0"
"6011","1","157"
"6012","1","0"
"6013","1","0"
"6014","1","191"
"6015","1","0"
"6016","1","0"
"6017","1","102"
"6018","1","153"
"6019","1","138"
"6020","1","109"
"6021","1","0"
"6022","1","0"
"6023","1","42"
"6024","1","0"
"6025","1","0"
"6026","1","181"
"6027","1","201"
"6028","1","191"
"6029","1","185"
"6030","1","0"
"6031","1","200"
"6032","1","0"
"6033","1","101"
"6034","1","161"
"6035","1","138"
"6036","1","200"
"6037","1","0"
"6038","1","0"
"6039","1","0"
"6040","1","0"
"6041","1","35"
"6042","1","159"
"6043","1","0"
"6044","1","184"
"6045","1","130"
"6046","1","0"
"6047","1","200"
"6048","1","0"
"6049","1","140"
"6050","1","132"
"6051","1","0"
"6052","1","76"
"6053","1","0"
"6054","1","153"
"6055","1","0"
"6056","1","0"
"6057","1","134"
"6058","1","0"
"6059","1","0"
"6060","1","153"
"6061","1","119"
"6062","1","0"
"6063","1","188"
"6064","1","197"
"6065","1","0"
"6066","1","153"
"6067","1","0"
"6068","1","173"
"6069","1","0"
"6070","1","0"
"6071","1","0"
"6072","1","153"
"6073","1","0"
"6074","1","0"
"6075","1","0"
"6076","1","201"
"6077","1","0"
"6078","1","177"
"6079","1","0"
"6080","1","200"
"6081","1","0"
"6082","1","199"
"6083","1","0"
"6084","1","0"
"6085","1","0"
"6086","1","144"
"6087","1","0"
"6088","1","0"
"6089","1","200"
"6090","1","99"
"6091","1","0"
"6092","1","0"
"6093","1","0"
"6094","1","0"
"6095","1","0"
"6096","1","0"
"6097","1","145"
"6098","1","0"
"6099","1","155"
"6100","1","201"
"6101","1","201"
"6102","1","0"
"6103","1","0"
"6104","1","0"
"6105","1","55"
"6106","1","0"
"6107","1","0"
"6108","1","0"
"6109","1","0"
"6110","1","0"
"6111","1","153"
"6112","1","0"
"6113","1","0"
"6114","1","151"
"6115","1","200"
"6116","1","0"
"6117","1","73"
"6118","1","0"
"6119","1","92"
"6120","1","0"
"6121","1","127"
"6122","1","148"
"6123","1","184"
"6124","1","0"
"6125","1","0"
"6126","1","0"
"6127","","0"
"6128","1","62"
"6129","1","0"
"6130","1","0"
"6131","1","0"
"6132","1","0"
"6133","1","0"
"6134","1","0"
"6135","1","183"
"6136","1","146"
"6137","1","0"
"6138","1","0"
"6139","1","0"
"6140","1","0"
"6141","1","0"
"6142","1","0"
"6143","1","0"
"6144","1","0"
"6145","1","141"
"6146","1","120"
"6147","1","31"
"6148","1","0"
"6149","1","0"
"6150","1","0"
"6151","1","0"
"6152","1","0"
"6153","1","0"
"6154","1","0"
"6155","1","0"
"6156","1","0"
"6157","1","0"
"6158","1","0"
"6159","1","50"
"6160","1","0"
"6161","1","62"
"6162","1","109"
"6163","1","109"
"6164","1","0"
"6165","1","0"
"6166","1","0"
"6167","1","133"
"6168","1","0"
"6169","1","125"
"6170","1","0"
"6171","1","0"
"6172","1","180"
"6173","1","83"
"6174","1","0"
"6175","1","0"
"6176","1","168"
"6177","1","201"
"6178","1","0"
"6179","1","144"
"6180","1","0"
"6181","1","164"
"6182","1","0"
"6183","1","0"
"6184","1","0"
"6185","1","0"
"6186","1","87"
"6187","1","73"
"6188","","199"
"6189","1","0"
"6190","1","0"
"6191","1","0"
"6192","1","200"
"6193","1","143"
"6194","1","0"
"6195","1","179"
"6196","1","122"
"6197","1","0"
"6198","1","132"
"6199","1","1"
"6200","1","153"
"6201","1","0"
"6202","1","197"
"6203","1","0"
"6204","1","0"
"6205","1","76"
"6206","1","200"
"6207","1","57"
"6208","1","0"
"6209","1","47"
"6210","1","163"
"6211","1","0"
"6212","1","83"
"6213","1","85"
"6214","1","0"
"6215","1","0"
"6216","1","54"
"6217","1","86"
"6218","1","0"
"6219","1","0"
"6220","1","201"
"6221","1","0"
"6222","1","0"
"6223","1","140"
"6224","1","201"
"6225","1","0"
"6226","1","64"
"6227","1","10"
"6228","1","201"
"6229","1","108"
"6230","1","0"
"6231","1","0"
"6232","1","0"
"6233","1","55"
"6234","1","97"
"6235","1","0"
"6236","1","0"
"6237","1","0"
"6238","1","1"
"6239","1","201"
"6240","1","194"
"6241","1","0"
"6242","1","0"
"6243","1","96"
"6244","1","0"
"6245","1","47"
"6246","1","50"
"6247","1","166"
"6248","1","201"
"6249","1","19"
"6250","1","0"
"6251","1","0"
"6252","1","0"
"6253","1","0"
"6254","1","0"
"6255","1","159"
"6256","1","0"
"6257","1","122"
"6258","1","0"
"6259","1","14"
"6260","1","0"
"6261","1","0"
"6262","1","0"
"6263","1","116"
"6264","1","200"
"6265","1","0"
"6266","1","179"
"6267","1","0"
"6268","1","0"
"6269","1","32"
"6270","1","0"
"6271","1","0"
"6272","1","121"
"6273","1","0"
"6274","1","0"
"6275","1","0"
"6276","1","0"
"6277","1","192"
"6278","1","89"
"6279","1","200"
"6280","1","0"
"6281","1","73"
"6282","1","153"
"6283","1","0"
"6284","1","189"
"6285","1","0"
"6286","1","101"
"6287","1","151"
"6288","1","0"
"6289","1","200"
"6290","1","152"
"6291","1","176"
"6292","1","0"
"6293","1","149"
"6294","1","0"
"6295","1","0"
"6296","1","26"
"6297","1","113"
"6298","1","153"
"6299","1","153"
"6300","1","0"
"6301","1","139"
"6302","1","177"
"6303","1","12"
"6304","1","0"
"6305","1","0"
"6306","1","0"
"6307","1","40"
"6308","1","89"
"6309","1","144"
"6310","1","31"
"6311","1","0"
"6312","1","199"
"6313","1","0"
"6314","1","0"
"6315","1","0"
"6316","1","87"
"6317","1","0"
"6318","1","155"
"6319","1","0"
"6320","1","61"
"6321","1","0"
"6322","1","174"
"6323","1","71"
"6324","1","0"
"6325","1","0"
"6326","1","179"
"6327","1","72"
"6328","1","0"
"6329","1","59"
"6330","1","104"
"6331","1","0"
"6332","1","184"
"6333","1","135"
"6334","1","0"
"6335","1","132"
"6336","1","157"
"6337","1","93"
"6338","1","201"
"6339","1","0"
"6340","1","201"
"6341","1","201"
"6342","1","61"
"6343","1","0"
"6344","1","0"
"6345","1","200"
"6346","1","0"
"6347","1","200"
"6348","1","161"
"6349","1","200"
"6350","1","70"
"6351","1","88"
"6352","1","36"
"6353","1","0"
"6354","1","200"
"6355","1","0"
"6356","1","201"
"6357","1","151"
"6358","1","31"
"6359","1","201"
"6360","1","181"
"6361","1","92"
"6362","1","131"
"6363","1","114"
"6364","1","192"
"6365","1","38"
"6366","1","0"
"6367","1","0"
"6368","1","0"
"6369","1","73"
"6370","1","0"
"6371","1","0"
"6372","1","173"
"6373","1","76"
"6374","1","199"
"6375","1","0"
"6376","1","0"
"6377","1","130"
"6378","1","0"
"6379","1","180"
"6380","1","0"
"6381","1","0"
"6382","1","123"
"6383","1","0"
"6384","1","0"
"6385","1","0"
"6386","1","93"
"6387","1","150"
"6388","1","0"
"6389","1","0"
"6390","1","0"
"6391","1","0"
"6392","1","60"
"6393","1","116"
"6394","1","0"
"6395","1","0"
"6396","1","70"
"6397","1","0"
"6398","1","0"
"6399","1","0"
"6400","1","38"
"6401","1","87"
"6402","1","31"
"6403","1","0"
"6404","1","122"
"6405","1","0"
"6406","1","0"
"6407","1","74"
"6408","1","184"
"6409","1","200"
"6410","1","0"
"6411","1","0"
"6412","1","152"
"6413","1","150"
"6414","1","0"
"6415","1","153"
"6416","1","0"
"6417","1","0"
"6418","1","0"
"6419","1","0"
"6420","1","0"
"6421","1","0"
"6422","1","116"
"6423","1","0"
"6424","1","0"
"6425","1","140"
"6426","1","138"
"6427","1","66"
"6428","1","201"
"6429","1","0"
"6430","1","0"
"6431","1","0"
"6432","1","35"
"6433","1","0"
"6434","1","0"
"6435","1","185"
"6436","1","0"
"6437","1","199"
"6438","1","0"
"6439","1","149"
"6440","1","86"
"6441","1","160"
"6442","1","194"
"6443","1","57"
"6444","1","94"
"6445","1","14"
"6446","1","70"
"6447","1","0"
"6448","1","0"
"6449","1","0"
"6450","1","187"
"6451","1","0"
"6452","1","26"
"6453","1","96"
"6454","1","121"
"6455","1","0"
"6456","1","37"
"6457","1","142"
"6458","1","86"
"6459","1","0"
"6460","1","0"
"6461","1","0"
"6462","1","0"
"6463","1","192"
"6464","1","0"
"6465","1","10"
"6466","1","180"
"6467","1","0"
"6468","1","0"
"6469","1","0"
"6470","1","61"
"6471","1","0"
"6472","1","135"
"6473","1","0"
"6474","1","0"
"6475","1","201"
"6476","1","153"
"6477","1","0"
"6478","1","0"
"6479","1","0"
"6480","1","200"
"6481","1","172"
"6482","1","0"
"6483","1","0"
"6484","1","0"
"6485","1","103"
"6486","1","200"
"6487","1","48"
"6488","1","38"
"6489","1","87"
"6490","1","0"
"6491","1","0"
"6492","1","0"
"6493","1","200"
"6494","1","0"
"6495","1","0"
"6496","1","0"
"6497","1","192"
"6498","1","194"
"6499","1","0"
"6500","1","122"
"6501","1","177"
"6502","1","0"
"6503","1","0"
"6504","1","54"
"6505","1","60"
"6506","1","0"
"6507","1","169"
"6508","1","0"
"6509","1","0"
"6510","1","0"
"6511","1","179"
"6512","1","188"
"6513","1","125"
"6514","1","83"
"6515","1","0"
"6516","1","0"
"6517","1","0"
"6518","1","89"
"6519","1","0"
"6520","1","0"
"6521","1","25"
"6522","1","200"
"6523","1","0"
"6524","1","178"
"6525","1","93"
"6526","1","156"
"6527","1","0"
"6528","1","168"
"6529","1","200"
"6530","1","201"
"6531","1","0"
"6532","1","0"
"6533","1","75"
"6534","1","84"
"6535","1","47"
"6536","1","31"
"6537","1","0"
"6538","1","0"
"6539","1","129"
"6540","1","0"
"6541","1","88"
"6542","1","133"
"6543","1","89"
"6544","1","0"
"6545","1","190"
"6546","1","126"
"6547","1","154"
"6548","1","148"
"6549","1","0"
"6550","1","28"
"6551","1","0"
"6552","1","122"
"6553","1","183"
"6554","1","192"
"6555","1","0"
"6556","1","200"
"6557","1","0"
"6558","1","0"
"6559","1","65"
"6560","1","132"
"6561","1","0"
"6562","1","0"
"6563","1","0"
"6564","1","200"
"6565","1","192"
"6566","1","166"
"6567","1","60"
"6568","1","0"
"6569","1","115"
"6570","1","152"
"6571","1","0"
"6572","1","173"
"6573","1","139"
"6574","1","92"
"6575","1","0"
"6576","1","163"
"6577","1","192"
"6578","1","0"
"6579","1","124"
"6580","1","184"
"6581","1","160"
"6582","1","0"
"6583","1","0"
"6584","1","0"
"6585","1","0"
"6586","1","0"
"6587","1","0"
"6588","1","137"
"6589","1","171"
"6590","1","0"
"6591","1","22"
"6592","1","0"
"6593","1","192"
"6594","1","201"
"6595","1","0"
"6596","1","0"
"6597","1","90"
"6598","1","0"
"6599","1","200"
"6600","1","200"
"6601","1","111"
"6602","1","0"
"6603","1","0"
"6604","1","0"
"6605","1","145"
"6606","1","44"
"6607","1","53"
"6608","1","109"
"6609","1","0"
"6610","1","178"
"6611","1","125"
"6612","1","0"
"6613","1","0"
"6614","1","182"
"6615","1","0"
"6616","1","0"
"6617","1","200"
"6618","1","0"
"6619","1","123"
"6620","1","198"
"6621","1","0"
"6622","1","0"
"6623","1","0"
"6624","1","154"
"6625","1","119"
"6626","1","142"
"6627","1","135"
"6628","1","58"
"6629","1","0"
"6630","1","0"
"6631","1","145"
"6632","1","108"
"6633","1","75"
"6634","1","129"
"6635","1","201"
"6636","1","0"
"6637","1","169"
"6638","1","0"
"6639","1","170"
"6640","1","179"
"6641","1","0"
"6642","1","200"
"6643","1","0"
"6644","1","182"
"6645","1","186"
"6646","1","46"
"6647","1","0"
"6648","1","62"
"6649","1","0"
"6650","1","77"
"6651","1","137"
"6652","1","102"
"6653","1","79"
"6654","1","0"
"6655","1","0"
"6656","1","124"
"6657","1","0"
"6658","1","190"
"6659","1","195"
"6660","1","0"
"6661","1","156"
"6662","1","146"
"6663","1","0"
"6664","1","194"
"6665","1","178"
"6666","1","0"
"6667","1","0"
"6668","1","0"
"6669","1","0"
"6670","1","132"
"6671","1","191"
"6672","1","153"
"6673","1","0"
"6674","1","0"
"6675","1","71"
"6676","1","122"
"6677","1","0"
"6678","1","38"
"6679","1","1"
"6680","1","0"
"6681","1","144"
"6682","1","1"
"6683","1","5"
"6684","1","177"
"6685","1","114"
"6686","1","200"
"6687","1","70"
"6688","1","102"
"6689","1","16"
"6690","1","78"
"6691","1","186"
"6692","1","153"
"6693","1","0"
"6694","1","200"
"6695","1","163"
"6696","1","0"
"6697","1","7"
"6698","1","0"
"6699","1","105"
"6700","1","178"
"6701","1","136"
"6702","1","0"
"6703","1","111"
"6704","1","151"
"6705","1","83"
"6706","1","0"
"6707","1","71"
"6708","1","0"
"6709","1","164"
"6710","1","0"
"6711","1","0"
"6712","1","32"
"6713","1","0"
"6714","1","27"
"6715","1","192"
"6716","1","0"
"6717","1","162"
"6718","1","0"
"6719","1","89"
"6720","1","0"
"6721","1","0"
"6722","1","12"
"6723","1","0"
"6724","1","121"
"6725","1","0"
"6726","1","155"
"6727","1","183"
"6728","1","170"
"6729","1","200"
"6730","1","21"
"6731","1","33"
"6732","1","0"
"6733","1","0"
"6734","1","0"
"6735","1","62"
"6736","1","34"
"6737","1","121"
"6738","1","61"
"6739","1","0"
"6740","1","32"
"6741","1","153"
"6742","1","0"
"6743","1","179"
"6744","1","0"
"6745","1","0"
"6746","1","191"
"6747","1","89"
"6748","1","0"
"6749","1","0"
"6750","1","163"
"6751","1","0"
"6752","1","0"
"6753","1","139"
"6754","1","33"
"6755","1","160"
"6756","1","0"
"6757","1","47"
"6758","1","0"
"6759","1","185"
"6760","1","0"
"6761","1","0"
"6762","1","0"
"6763","1","182"
"6764","1","199"
"6765","1","0"
"6766","1","82"
"6767","1","192"
"6768","1","0"
"6769","1","1"
"6770","1","141"
"6771","1","147"
"6772","1","0"
"6773","1","0"
"6774","1","128"
"6775","1","0"
"6776","1","8"
"6777","1","68"
"6778","1","200"
"6779","1","0"
"6780","1","201"
"6781","1","0"
"6782","1","0"
"6783","1","74"
"6784","1","0"
"6785","1","0"
"6786","1","159"
"6787","1","146"
"6788","1","0"
"6789","1","0"
"6790","1","199"
"6791","1","0"
"6792","1","99"
"6793","1","201"
"6794","1","116"
"6795","1","0"
"6796","1","43"
"6797","","200"
"6798","1","0"
"6799","1","133"
"6800","1","0"
"6801","1","200"
"6802","1","20"
"6803","1","0"
"6804","1","0"
"6805","1","0"
"6806","1","132"
"6807","1","0"
"6808","1","0"
"6809","1","0"
"6810","1","0"
"6811","1","170"
"6812","1","192"
"6813","1","0"
"6814","1","201"
"6815","1","200"
"6816","1","167"
"6817","1","92"
"6818","1","90"
"6819","1","0"
"6820","1","0"
"6821","1","201"
"6822","1","0"
"6823","1","201"
"6824","1","4"
"6825","1","0"
"6826","1","0"
"6827","1","0"
"6828","1","87"
"6829","1","184"
"6830","1","0"
"6831","1","17"
"6832","1","154"
"6833","1","0"
"6834","1","200"
"6835","1","107"
"6836","1","0"
"6837","1","0"
"6838","1","0"
"6839","1","164"
"6840","1","38"
"6841","1","0"
"6842","1","125"
"6843","1","0"
"6844","1","89"
"6845","1","107"
"6846","1","130"
"6847","1","144"
"6848","1","0"
"6849","1","0"
"6850","1","0"
"6851","1","153"
"6852","1","164"
"6853","1","173"
"6854","1","0"
"6855","1","0"
"6856","1","0"
"6857","1","0"
"6858","1","183"
"6859","1","0"
"6860","1","0"
"6861","1","193"
"6862","1","161"
"6863","1","200"
"6864","1","0"
"6865","1","168"
"6866","1","179"
"6867","1","0"
"6868","1","200"
"6869","1","92"
"6870","1","0"
"6871","1","59"
"6872","1","199"
"6873","1","0"
"6874","1","160"
"6875","1","37"
"6876","1","0"
"6877","1","0"
"6878","1","179"
"6879","1","127"
"6880","1","0"
"6881","1","0"
"6882","1","0"
"6883","1","0"
"6884","1","31"
"6885","1","122"
"6886","1","122"
"6887","1","122"
"6888","1","122"
"6889","1","122"
"6890","1","122"
"6891","1","0"
"6892","1","138"
"6893","1","23"
"6894","1","132"
"6895","1","123"
"6896","1","140"
"6897","1","134"
"6898","1","90"
"6899","1","0"
"6900","1","87"
"6901","1","83"
"6902","1","0"
"6903","1","0"
"6904","1","0"
"6905","1","31"
"6906","1","39"
"6907","1","0"
"6908","1","80"
"6909","1","200"
"6910","1","200"
"6911","1","200"
"6912","1","200"
"6913","1","198"
"6914","1","200"
"6915","1","200"
"6916","1","0"
"6917","1","0"
"6918","1","0"
"6919","1","179"
"6920","1","180"
"6921","1","200"
"6922","1","199"
"6923","1","200"
"6924","1","44"
"6925","1","0"
"6926","1","0"
"6927","1","3"
"6928","1","0"
"6929","1","119"
"6930","1","32"
"6931","1","0"
"6932","1","0"
"6933","1","135"
"6934","1","0"
"6935","1","0"
"6936","1","167"
"6937","1","42"
"6938","1","0"
"6939","1","0"
"6940","1","93"
"6941","1","0"
"6942","1","0"
"6943","1","145"
"6944","1","71"
"6945","1","92"
"6946","1","31"
"6947","1","0"
"6948","1","0"
"6949","1","0"
"6950","1","200"
"6951","1","200"
"6952","1","174"
"6953","1","0"
"6954","1","199"
"6955","1","1"
"6956","1","0"
"6957","1","88"
"6958","1","157"
"6959","1","157"
"6960","1","158"
"6961","1","154"
"6962","1","171"
"6963","1","180"
"6964","1","103"
"6965","1","154"
"6966","1","137"
"6967","1","0"
"6968","1","89"
"6969","1","114"
"6970","1","15"
"6971","1","71"
"6972","1","132"
"6973","1","193"
"6974","1","0"
"6975","1","183"
"6976","1","177"
"6977","1","0"
"6978","1","115"
"6979","1","146"
"6980","1","146"
"6981","1","158"
"6982","1","0"
"6983","1","120"
"6984","1","171"
"6985","1","171"
"6986","1","0"
"6987","1","0"
"6988","1","48"
"6989","1","0"
"6990","1","169"
"6991","1","0"
"6992","1","27"
"6993","1","0"
"6994","1","123"
"6995","1","0"
"6996","1","43"
"6997","1","0"
"6998","1","88"
"6999","1","0"
"7000","1","184"
"7001","1","92"
"7002","1","0"
"7003","1","0"
"7004","1","194"
"7005","1","0"
"7006","1","154"
"7007","1","0"
"7008","1","0"
"7009","1","0"
"7010","1","0"
"7011","1","12"
"7012","1","166"
"7013","1","200"
"7014","1","0"
"7015","1","2"
"7016","1","0"
"7017","1","41"
"7018","1","83"
"7019","1","152"
"7020","1","0"
"7021","1","0"
"7022","1","186"
"7023","1","0"
"7024","1","103"
"7025","1","144"
"7026","1","173"
"7027","1","0"
"7028","1","173"
"7029","1","0"
"7030","1","0"
"7031","1","0"
"7032","1","90"
"7033","1","116"
"7034","1","122"
"7035","1","149"
"7036","1","167"
"7037","1","200"
"7038","1","73"
"7039","1","0"
"7040","1","200"
"7041","1","180"
"7042","1","167"
"7043","1","200"
"7044","1","199"
"7045","1","0"
"7046","1","108"
"7047","1","0"
"7048","1","0"
"7049","1","101"
"7050","1","0"
"7051","1","200"
"7052","1","122"
"7053","1","89"
"7054","1","163"
"7055","1","0"
"7056","1","85"
"7057","1","129"
"7058","1","160"
"7059","1","0"
"7060","1","163"
"7061","1","0"
"7062","1","0"
"7063","1","83"
"7064","1","160"
"7065","1","122"
"7066","1","0"
"7067","1","56"
"7068","1","0"
"7069","1","201"
"7070","1","0"
"7071","1","105"
"7072","1","198"
"7073","1","0"
"7074","1","0"
"7075","1","92"
"7076","1","153"
"7077","1","0"
"7078","1","0"
"7079","1","0"
"7080","1","0"
"7081","1","177"
"7082","1","197"
"7083","1","200"
"7084","1","0"
"7085","1","138"
"7086","1","0"
"7087","1","117"
"7088","1","30"
"7089","1","0"
"7090","1","0"
"7091","1","0"
"7092","1","0"
"7093","1","184"
"7094","1","167"
"7095","1","180"
"7096","1","129"
"7097","1","0"
"7098","1","0"
"7099","1","201"
"7100","1","63"
"7101","1","199"
"7102","1","112"
"7103","1","0"
"7104","1","186"
"7105","1","0"
"7106","1","176"
"7107","1","152"
"7108","1","0"
"7109","1","0"
"7110","1","200"
"7111","1","168"
"7112","1","25"
"7113","1","198"
"7114","1","196"
"7115","1","68"
"7116","1","0"
"7117","1","116"
"7118","1","0"
"7119","1","0"
"7120","1","144"
"7121","1","107"
"7122","1","88"
"7123","1","198"
"7124","1","52"
"7125","1","0"
"7126","1","48"
"7127","1","0"
"7128","1","128"
"7129","1","137"
"7130","1","142"
"7131","1","0"
"7132","1","200"
"7133","1","62"
"7134","1","0"
"7135","1","144"
"7136","1","10"
"7137","1","0"
"7138","1","47"
"7139","1","0"
"7140","1","0"
"7141","1","90"
"7142","1","0"
"7143","1","0"
"7144","1","0"
"7145","1","83"
"7146","1","0"
"7147","1","179"
"7148","1","200"
"7149","1","0"
"7150","1","159"
"7151","1","185"
"7152","1","0"
"7153","1","47"
"7154","1","179"
"7155","1","200"
"7156","1","179"
"7157","1","0"
"7158","1","0"
"7159","1","0"
"7160","1","69"
"7161","1","0"
"7162","1","179"
"7163","1","87"
"7164","1","39"
"7165","1","0"
"7166","1","0"
"7167","1","100"
"7168","1","0"
"7169","1","53"
"7170","1","200"
"7171","1","200"
"7172","1","105"
"7173","1","35"
"7174","1","0"
"7175","1","160"
"7176","1","166"
"7177","1","64"
"7178","1","200"
"7179","1","185"
"7180","1","148"
"7181","1","85"
"7182","1","0"
"7183","1","74"
"7184","1","1"
"7185","1","180"
"7186","1","200"
"7187","1","0"
"7188","1","0"
"7189","1","29"
"7190","1","0"
"7191","1","0"
"7192","1","0"
"7193","1","148"
"7194","1","0"
"7195","1","122"
"7196","1","0"
"7197","1","0"
"7198","1","0"
"7199","1","0"
"7200","1","0"
"7201","1","0"
"7202","1","0"
"7203","1","178"
"7204","1","0"
"7205","1","56"
"7206","1","56"
"7207","1","37"
"7208","1","0"
"7209","1","122"
"7210","1","0"
"7211","1","145"
"7212","1","198"
"7213","1","136"
"7214","1","192"
"7215","1","0"
"7216","1","51"
"7217","1","130"
"7218","1","0"
"7219","1","22"
"7220","1","139"
"7221","1","200"
"7222","1","140"
"7223","1","0"
"7224","1","105"
"7225","1","114"
"7226","1","0"
"7227","1","0"
"7228","1","0"
"7229","1","0"
"7230","1","65"
"7231","1","0"
"7232","1","198"
"7233","1","0"
"7234","1","83"
"7235","1","0"
"7236","1","142"
"7237","1","197"
"7238","1","148"
"7239","1","178"
"7240","1","140"
"7241","1","55"
"7242","1","0"
"7243","1","63"
"7244","1","127"
"7245","1","0"
"7246","1","200"
"7247","1","179"
"7248","1","0"
"7249","1","2"
"7250","1","50"
"7251","1","190"
"7252","1","0"
"7253","1","42"
"7254","1","69"
"7255","1","0"
"7256","1","36"
"7257","1","69"
"7258","1","0"
"7259","1","32"
"7260","1","67"
"7261","1","191"
"7262","1","0"
"7263","1","31"
"7264","1","127"
"7265","1","0"
"7266","1","173"
"7267","1","199"
"7268","1","0"
"7269","1","0"
"7270","1","123"
"7271","1","0"
"7272","1","0"
"7273","1","0"
"7274","1","82"
"7275","1","0"
"7276","1","147"
"7277","1","0"
"7278","1","56"
"7279","1","73"
"7280","1","200"
"7281","1","0"
"7282","1","0"
"7283","1","0"
"7284","1","88"
"7285","1","179"
"7286","1","0"
"7287","1","200"
"7288","1","0"
"7289","1","55"
"7290","1","198"
"7291","1","201"
"7292","1","0"
"7293","1","0"
"7294","1","0"
"7295","1","0"
"7296","1","180"
"7297","1","201"
"7298","1","198"
"7299","1","149"
"7300","1","0"
"7301","1","173"
"7302","1","197"
"7303","1","0"
"7304","1","0"
"7305","1","63"
"7306","1","140"
"7307","1","69"
"7308","1","0"
"7309","1","88"
"7310","1","201"
"7311","1","201"
"7312","1","97"
"7313","1","83"
"7314","1","0"
"7315","1","173"
"7316","1","0"
"7317","1","0"
"7318","1","0"
"7319","1","0"
"7320","1","90"
"7321","1","0"
"7322","1","0"
"7323","1","0"
"7324","1","201"
"7325","1","181"
"7326","1","0"
"7327","1","124"
"7328","1","199"
"7329","1","0"
"7330","1","178"
"7331","1","173"
"7332","1","0"
"7333","1","0"
"7334","1","0"
"7335","1","0"
"7336","1","0"
"7337","1","142"
"7338","1","1"
"7339","1","0"
"7340","1","190"
"7341","1","199"
"7342","1","89"
"7343","1","31"
"7344","1","198"
"7345","1","102"
"7346","1","122"
"7347","1","0"
"7348","1","178"
"7349","1","0"
"7350","1","0"
"7351","1","53"
"7352","1","177"
"7353","1","136"
"7354","1","109"
"7355","1","188"
"7356","1","184"
"7357","1","17"
"7358","1","0"
"7359","1","0"
"7360","1","0"
"7361","1","0"
"7362","1","0"
"7363","1","4"
"7364","1","138"
"7365","1","0"
"7366","1","200"
"7367","1","103"
"7368","1","50"
"7369","1","175"
"7370","1","49"
"7371","1","0"
"7372","1","131"
"7373","1","74"
"7374","1","89"
"7375","1","188"
"7376","1","199"
"7377","1","0"
"7378","1","0"
"7379","1","0"
"7380","1","168"
"7381","1","116"
"7382","1","88"
"7383","1","175"
"7384","1","8"
"7385","1","198"
"7386","1","61"
"7387","1","180"
"7388","1","0"
"7389","1","44"
"7390","1","196"
"7391","1","4"
"7392","1","0"
"7393","1","52"
"7394","1","0"
"7395","1","97"
"7396","1","89"
"7397","1","61"
"7398","1","0"
"7399","1","199"
"7400","1","201"
"7401","1","67"
"7402","1","0"
"7403","1","201"
"7404","1","200"
"7405","1","200"
"7406","1","200"
"7407","1","0"
"7408","1","41"
"7409","1","62"
"7410","1","87"
"7411","1","0"
"7412","1","141"
"7413","1","0"
"7414","1","200"
"7415","1","177"
"7416","1","200"
"7417","1","0"
"7418","1","0"
"7419","1","122"
"7420","1","0"
"7421","1","0"
"7422","1","0"
"7423","1","201"
"7424","1","0"
"7425","1","73"
"7426","1","88"
"7427","1","135"
"7428","1","161"
"7429","1","0"
"7430","1","0"
"7431","1","199"
"7432","1","199"
"7433","1","199"
"7434","1","199"
"7435","1","199"
"7436","1","199"
"7437","1","199"
"7438","1","199"
"7439","1","199"
"7440","1","199"
"7441","1","175"
"7442","1","61"
"7443","1","159"
"7444","1","0"
"7445","1","161"
"7446","1","31"
"7447","1","0"
"7448","1","0"
"7449","1","191"
"7450","1","0"
"7451","1","185"
"7452","1","186"
"7453","1","0"
"7454","1","0"
"7455","1","0"
"7456","1","89"
"7457","1","0"
"7458","1","184"
"7459","1","19"
"7460","1","0"
"7461","1","200"
"7462","1","42"
"7463","1","152"
"7464","1","0"
"7465","1","89"
"7466","1","143"
"7467","1","1"
"7468","1","174"
"7469","1","137"
"7470","1","88"
"7471","1","0"
"7472","1","89"
"7473","1","92"
"7474","1","124"
"7475","1","0"
"7476","1","182"
"7477","1","73"
"7478","1","0"
"7479","1","90"
"7480","1","76"
"7481","1","0"
"7482","1","0"
"7483","1","0"
"7484","1","74"
"7485","1","34"
"7486","1","113"
"7487","1","89"
"7488","1","0"
"7489","1","72"
"7490","1","38"
"7491","1","92"
"7492","1","201"
"7493","1","122"
"7494","1","1"
"7495","1","0"
"7496","1","0"
"7497","1","0"
"7498","1","0"
"7499","1","153"
"7500","1","153"
"7501","1","157"
"7502","1","0"
"7503","1","0"
"7504","1","123"
"7505","1","2"
"7506","1","83"
"7507","1","0"
"7508","1","184"
"7509","1","184"
"7510","1","147"
"7511","1","0"
"7512","1","0"
"7513","1","0"
"7514","1","160"
"7515","1","200"
"7516","1","32"
"7517","1","0"
"7518","1","31"
"7519","1","0"
"7520","1","154"
"7521","1","0"
"7522","1","114"
"7523","1","143"
"7524","1","0"
"7525","1","0"
"7526","1","135"
"7527","1","25"
"7528","1","195"
"7529","1","195"
"7530","1","0"
"7531","1","184"
"7532","1","0"
"7533","1","0"
"7534","1","164"
"7535","1","48"
"7536","1","65"
"7537","1","200"
"7538","1","0"
"7539","1","0"
"7540","1","201"
"7541","1","0"
"7542","1","89"
"7543","1","0"
"7544","1","23"
"7545","1","0"
"7546","1","120"
"7547","1","200"
"7548","1","0"
"7549","1","184"
"7550","1","180"
"7551","1","70"
"7552","1","194"
"7553","1","0"
"7554","1","0"
"7555","1","0"
"7556","1","102"
"7557","1","149"
"7558","1","201"
"7559","1","132"
"7560","1","1"
"7561","1","145"
"7562","1","0"
"7563","1","0"
"7564","1","0"
"7565","1","0"
"7566","1","171"
"7567","1","134"
"7568","1","184"
"7569","1","0"
"7570","1","132"
"7571","1","151"
"7572","1","0"
"7573","1","112"
"7574","1","134"
"7575","1","146"
"7576","1","62"
"7577","1","146"
"7578","1","163"
"7579","1","174"
"7580","1","118"
"7581","1","138"
"7582","1","0"
"7583","1","178"
"7584","1","150"
"7585","1","32"
"7586","1","161"
"7587","1","138"
"7588","1","1"
"7589","1","0"
"7590","1","177"
"7591","1","0"
"7592","1","132"
"7593","1","159"
"7594","1","147"
"7595","1","174"
"7596","1","185"
"7597","1","0"
"7598","1","55"
"7599","1","0"
"7600","1","139"
"7601","1","162"
"7602","1","1"
"7603","1","0"
"7604","1","128"
"7605","1","48"
"7606","1","1"
"7607","1","3"
"7608","1","198"
"7609","1","0"
"7610","1","1"
"7611","1","168"
"7612","1","10"
"7613","1","132"
"7614","1","0"
"7615","1","167"
"7616","1","136"
"7617","1","200"
"7618","1","145"
"7619","1","71"
"7620","1","126"
"7621","1","184"
"7622","1","0"
"7623","1","154"
"7624","1","93"
"7625","1","109"
"7626","1","0"
"7627","1","157"
"7628","1","178"
"7629","1","121"
"7630","1","0"
"7631","1","0"
"7632","1","61"
"7633","1","0"
"7634","1","0"
"7635","1","5"
"7636","1","175"
"7637","1","201"
"7638","1","0"
"7639","1","106"
"7640","1","0"
"7641","1","190"
"7642","1","14"
"7643","1","104"
"7644","1","0"
"7645","1","160"
"7646","1","0"
"7647","1","0"
"7648","1","0"
"7649","1","0"
"7650","1","71"
"7651","1","201"
"7652","1","0"
"7653","1","23"
"7654","1","0"
"7655","1","0"
"7656","1","88"
"7657","1","200"
"7658","1","28"
"7659","1","98"
"7660","1","90"
"7661","1","0"
"7662","1","0"
"7663","1","163"
"7664","1","0"
"7665","1","193"
"7666","1","201"
"7667","1","39"
"7668","1","0"
"7669","1","80"
"7670","1","181"
"7671","1","0"
"7672","1","82"
"7673","1","0"
"7674","1","89"
"7675","1","0"
"7676","1","20"
"7677","1","124"
"7678","1","0"
"7679","1","0"
"7680","1","0"
"7681","1","101"
"7682","1","165"
"7683","1","26"
"7684","1","201"
"7685","1","0"
"7686","1","88"
"7687","1","0"
"7688","1","136"
"7689","1","0"
"7690","1","0"
"7691","1","0"
"7692","1","147"
"7693","1","0"
"7694","1","49"
"7695","1","0"
"7696","1","0"
"7697","1","178"
"7698","1","178"
"7699","1","181"
"7700","1","0"
"7701","1","0"
"7702","1","183"
"7703","1","0"
"7704","1","153"
"7705","1","139"
"7706","1","199"
"7707","1","0"
"7708","1","0"
"7709","1","182"
"7710","1","0"
"7711","1","173"
"7712","1","0"
"7713","1","0"
"7714","1","0"
"7715","1","0"
"7716","1","200"
"7717","1","38"
"7718","1","153"
"7719","1","111"
"7720","1","162"
"7721","1","0"
"7722","1","147"
"7723","1","199"
"7724","1","117"
"7725","1","0"
"7726","1","183"
"7727","1","158"
"7728","1","0"
"7729","1","103"
"7730","1","110"
"7731","1","92"
"7732","1","0"
"7733","1","71"
"7734","1","0"
"7735","1","122"
"7736","1","0"
"7737","1","64"
"7738","1","0"
"7739","1","0"
"7740","1","73"
"7741","1","0"
"7742","1","0"
"7743","1","0"
"7744","1","131"
"7745","1","0"
"7746","1","89"
"7747","1","0"
"7748","1","201"
"7749","1","0"
"7750","1","0"
"7751","1","0"
"7752","1","0"
"7753","1","0"
"7754","1","0"
"7755","1","46"
"7756","1","0"
"7757","1","200"
"7758","1","138"
"7759","1","28"
"7760","1","83"
"7761","1","168"
"7762","1","87"
"7763","1","0"
"7764","1","154"
"7765","1","139"
"7766","1","0"
"7767","1","201"
"7768","1","192"
"7769","1","0"
"7770","1","0"
"7771","1","201"
"7772","1","0"
"7773","1","0"
"7774","1","152"
"7775","1","0"
"7776","1","75"
"7777","1","38"
"7778","1","61"
"7779","1","146"
"7780","1","201"
"7781","1","0"
"7782","1","180"
"7783","1","200"
"7784","1","200"
"7785","1","0"
"7786","1","0"
"7787","1","125"
"7788","1","171"
"7789","1","0"
"7790","1","200"
"7791","1","0"
"7792","1","155"
"7793","1","0"
"7794","1","0"
"7795","1","89"
"7796","1","0"
"7797","1","0"
"7798","1","109"
"7799","1","201"
"7800","1","84"
"7801","1","88"
"7802","1","57"
"7803","1","132"
"7804","1","1"
"7805","1","0"
"7806","1","186"
"7807","","0"
"7808","1","0"
"7809","1","0"
"7810","1","201"
"7811","1","123"
"7812","1","0"
"7813","1","0"
"7814","","0"
"7815","1","0"
"7816","1","108"
"7817","1","65"
"7818","1","0"
"7819","1","200"
"7820","1","10"
"7821","1","0"
"7822","1","35"
"7823","1","122"
"7824","1","36"
"7825","1","92"
"7826","1","168"
"7827","1","201"
"7828","1","56"
"7829","1","199"
"7830","1","150"
"7831","1","74"
"7832","1","0"
"7833","1","0"
"7834","1","201"
"7835","1","0"
"7836","1","201"
"7837","1","184"
"7838","1","0"
"7839","1","0"
"7840","1","13"
"7841","1","170"
"7842","1","176"
"7843","1","0"
"7844","1","200"
"7845","1","185"
"7846","1","18"
"7847","1","45"
"7848","1","0"
"7849","1","70"
"7850","1","0"
"7851","1","0"
"7852","1","94"
"7853","1","169"
"7854","1","19"
"7855","1","201"
"7856","1","90"
"7857","1","61"
"7858","1","122"
"7859","1","139"
"7860","1","30"
"7861","1","94"
"7862","1","0"
"7863","1","137"
"7864","1","165"
"7865","1","128"
"7866","1","0"
"7867","1","0"
"7868","1","0"
"7869","1","52"
"7870","1","0"
"7871","1","40"
"7872","1","83"
"7873","1","0"
"7874","1","90"
"7875","1","84"
"7876","1","45"
"7877","1","0"
"7878","1","34"
"7879","1","0"
"7880","1","1"
"7881","1","0"
"7882","1","0"
"7883","1","0"
"7884","1","201"
"7885","1","30"
"7886","1","5"
"7887","1","174"
"7888","1","0"
"7889","1","123"
"7890","1","142"
"7891","1","0"
"7892","1","98"
"7893","1","201"
"7894","1","154"
"7895","1","112"
"7896","1","51"
"7897","1","146"
"7898","1","0"
"7899","1","0"
"7900","1","0"
"7901","1","61"
"7902","1","0"
"7903","1","175"
"7904","1","156"
"7905","1","0"
"7906","1","0"
"7907","1","54"
"7908","1","0"
"7909","1","122"
"7910","1","140"
"7911","1","0"
"7912","1","66"
"7913","1","128"
"7914","1","0"
"7915","1","66"
"7916","1","135"
"7917","1","199"
"7918","1","0"
"7919","1","0"
"7920","1","184"
"7921","1","0"
"7922","1","0"
"7923","1","0"
"7924","1","0"
"7925","1","80"
"7926","1","0"
"7927","1","105"
"7928","1","0"
"7929","1","3"
"7930","1","147"
"7931","1","146"
"7932","1","0"
"7933","1","170"
"7934","1","116"
"7935","1","0"
"7936","1","0"
"7937","1","200"
"7938","1","0"
"7939","1","0"
"7940","1","0"
"7941","1","83"
"7942","1","0"
"7943","1","0"
"7944","1","154"
"7945","1","121"
"7946","1","102"
"7947","1","90"
"7948","1","42"
"7949","1","183"
"7950","1","179"
"7951","1","0"
"7952","1","0"
"7953","1","87"
"7954","1","0"
"7955","1","0"
"7956","1","0"
"7957","1","176"
"7958","1","118"
"7959","1","0"
"7960","1","89"
"7961","1","61"
"7962","1","0"
"7963","1","90"
"7964","1","186"
"7965","1","191"
"7966","1","124"
"7967","1","107"
"7968","1","193"
"7969","1","162"
"7970","1","0"
"7971","1","146"
"7972","1","0"
"7973","1","121"
"7974","1","0"
"7975","1","89"
"7976","1","148"
"7977","1","185"
"7978","1","148"
"7979","1","173"
"7980","1","122"
"7981","1","185"
"7982","1","0"
"7983","1","0"
"7984","1","184"
"7985","1","70"
"7986","1","200"
"7987","1","39"
"7988","1","200"
"7989","1","154"
"7990","1","159"
"7991","1","0"
"7992","1","171"
"7993","1","199"
"7994","1","26"
"7995","1","171"
"7996","1","199"
"7997","1","199"
"7998","1","16"
"7999","1","167"
"8000","1","0"
"8001","1","0"
"8002","1","0"
"8003","1","102"
"8004","1","0"
"8005","1","0"
"8006","1","0"
"8007","1","0"
"8008","1","4"
"8009","1","85"
"8010","1","125"
"8011","1","173"
"8012","1","96"
"8013","1","172"
"8014","1","31"
"8015","1","73"
"8016","1","0"
"8017","1","0"
"8018","1","0"
"8019","1","53"
"8020","1","58"
"8021","1","184"
"8022","1","89"
"8023","1","24"
"8024","1","0"
"8025","1","0"
"8026","1","193"
"8027","1","0"
"8028","1","121"
"8029","1","123"
"8030","1","180"
"8031","1","8"
"8032","1","32"
"8033","1","0"
"8034","1","60"
"8035","1","101"
"8036","1","97"
"8037","1","72"
"8038","1","179"
"8039","1","73"
"8040","1","102"
"8041","1","168"
"8042","1","103"
"8043","1","0"
"8044","1","168"
"8045","1","83"
"8046","1","92"
"8047","1","0"
"8048","1","173"
"8049","1","18"
"8050","1","0"
"8051","1","0"
"8052","1","0"
"8053","1","0"
"8054","1","80"
"8055","1","196"
"8056","1","0"
"8057","1","189"
"8058","1","200"
"8059","1","0"
"8060","1","0"
"8061","1","0"
"8062","1","0"
"8063","1","152"
"8064","1","192"
"8065","1","0"
"8066","1","0"
"8067","1","124"
"8068","1","0"
"8069","1","101"
"8070","1","153"
"8071","1","0"
"8072","1","75"
"8073","1","0"
"8074","1","185"
"8075","1","187"
"8076","1","23"
"8077","1","185"
"8078","1","200"
"8079","1","193"
"8080","1","200"
"8081","1","0"
"8082","1","0"
"8083","1","0"
"8084","1","200"
"8085","1","184"
"8086","1","0"
"8087","1","201"
"8088","1","200"
"8089","1","66"
"8090","1","88"
"8091","1","171"
"8092","1","135"
"8093","1","200"
"8094","1","19"
"8095","1","0"
"8096","1","185"
"8097","1","201"
"8098","1","89"
"8099","1","92"
"8100","1","107"
"8101","1","0"
"8102","1","35"
"8103","1","184"
"8104","1","0"
"8105","1","0"
"8106","1","179"
"8107","1","19"
"8108","1","0"
"8109","1","94"
"8110","1","113"
"8111","1","26"
"8112","1","199"
"8113","1","99"
"8114","1","179"
"8115","1","43"
"8116","1","58"
"8117","1","167"
"8118","1","0"
"8119","1","72"
"8120","1","123"
"8121","1","0"
"8122","1","47"
"8123","1","0"
"8124","1","0"
"8125","1","179"
"8126","1","154"
"8127","1","195"
"8128","1","180"
"8129","1","179"
"8130","1","71"
"8131","1","0"
"8132","1","201"
"8133","1","200"
"8134","1","0"
"8135","1","0"
"8136","1","200"
"8137","1","0"
"8138","1","199"
"8139","1","81"
"8140","1","0"
"8141","1","0"
"8142","1","171"
"8143","1","200"
"8144","1","0"
"8145","1","0"
"8146","1","196"
"8147","1","200"
"8148","1","139"
"8149","1","88"
"8150","1","9"
"8151","1","0"
"8152","1","0"
"8153","1","0"
"8154","1","102"
"8155","1","197"
"8156","1","179"
"8157","1","148"
"8158","1","0"
"8159","1","0"
"8160","1","0"
"8161","1","0"
"8162","1","0"
"8163","1","93"
"8164","1","153"
"8165","1","0"
"8166","1","24"
"8167","1","0"
"8168","1","165"
"8169","1","0"
"8170","1","32"
"8171","1","192"
"8172","1","0"
"8173","1","154"
"8174","1","165"
"8175","1","0"
"8176","1","0"
"8177","1","0"
"8178","1","179"
"8179","1","156"
"8180","1","188"
"8181","1","188"
"8182","1","165"
"8183","1","0"
"8184","1","194"
"8185","1","184"
"8186","1","92"
"8187","1","154"
"8188","1","0"
"8189","1","0"
"8190","1","76"
"8191","1","121"
"8192","1","119"
"8193","1","178"
"8194","1","47"
"8195","1","180"
"8196","1","126"
"8197","1","179"
"8198","1","144"
"8199","1","199"
"8200","1","199"
"8201","1","194"
"8202","1","149"
"8203","1","0"
"8204","1","201"
"8205","1","156"
"8206","1","152"
"8207","1","78"
"8208","1","83"
"8209","1","0"
"8210","1","14"
"8211","1","0"
"8212","1","185"
"8213","1","136"
"8214","1","138"
"8215","1","70"
"8216","1","0"
"8217","1","0"
"8218","1","0"
"8219","1","0"
"8220","1","0"
"8221","1","172"
"8222","1","145"
"8223","","194"
"8224","1","136"
"8225","1","2"
"8226","1","0"
"8227","1","0"
"8228","1","0"
"8229","1","1"
"8230","1","0"
"8231","1","167"
"8232","1","6"
"8233","1","200"
"8234","1","0"
"8235","1","167"
"8236","1","0"
"8237","1","198"
"8238","1","132"
"8239","1","31"
"8240","1","0"
"8241","1","168"
"8242","1","0"
"8243","1","0"
"8244","1","0"
"8245","1","199"
"8246","1","121"
"8247","1","0"
"8248","1","0"
"8249","1","52"
"8250","1","200"
"8251","1","199"
"8252","1","200"
"8253","1","0"
"8254","1","200"
"8255","1","139"
"8256","1","160"
"8257","1","11"
"8258","1","127"
"8259","1","148"
"8260","1","124"
"8261","1","118"
"8262","1","89"
"8263","1","0"
"8264","1","181"
"8265","1","0"
"8266","","0"
"8267","","0"
"8268","","0"
"8269","","0"
"8270","","0"
"8271","","0"
"8272","","0"
"8273","","0"
"8274","","0"
"8275","1","0"
"8276","1","0"
"8277","1","0"
"8278","1","0"
"8279","1","0"
"8280","","0"
"8281","1","0"
"8282","1","5"
"8283","1","0"
"8284","1","200"
"8285","1","0"
"8286","1","61"
"8287","1","0"
"8288","1","0"
"8289","1","0"
"8290","1","0"
"8291","1","0"
"8292","1","201"
"8293","1","154"
"8294","1","90"
"8295","1","145"
"8296","1","126"
"8297","1","120"
"8298","1","200"
"8299","1","0"
"8300","1","153"
"8301","1","131"
"8302","1","201"
"8303","1","145"
"8304","1","200"
"8305","1","37"
"8306","1","120"
"8307","1","105"
"8308","1","133"
"8309","1","194"
"8310","1","102"
"8311","1","106"
"8312","1","92"
"8313","1","136"
"8314","1","131"
"8315","1","89"
"8316","1","77"
"8317","1","109"
"8318","1","34"
"8319","1","200"
"8320","1","0"
"8321","1","85"
"8322","1","0"
"8323","1","0"
"8324","1","159"
"8325","1","129"
"8326","1","69"
"8327","1","199"
"8328","1","0"
"8329","1","2"
"8330","1","180"
"8331","1","77"
"8332","1","0"
"8333","1","155"
"8334","1","0"
"8335","1","0"
"8336","1","146"
"8337","1","51"
"8338","1","116"
"8339","1","45"
"8340","1","194"
"8341","1","171"
"8342","1","183"
"8343","1","0"
"8344","1","0"
"8345","1","0"
"8346","1","154"
"8347","1","154"
"8348","1","0"
"8349","1","80"
"8350","1","0"
"8351","1","0"
"8352","1","0"
"8353","1","0"
"8354","1","200"
"8355","1","121"
"8356","1","0"
"8357","1","69"
"8358","1","183"
"8359","1","88"
"8360","1","196"
"8361","1","194"
"8362","1","197"
"8363","1","0"
"8364","1","192"
"8365","1","193"
"8366","1","187"
"8367","1","190"
"8368","1","192"
"8369","1","195"
"8370","1","191"
"8371","1","195"
"8372","1","151"
"8373","1","145"
"8374","1","200"
"8375","1","192"
"8376","1","198"
"8377","1","111"
"8378","","0"
"8379","1","0"
"8380","1","127"
"8381","1","49"
"8382","1","0"
"8383","1","196"
"8384","1","110"
"8385","1","21"
"8386","1","0"
"8387","1","200"
"8388","1","128"
"8389","1","200"
"8390","1","71"
"8391","1","200"
"8392","1","0"
"8393","1","12"
"8394","1","178"
"8395","1","143"
"8396","1","130"
"8397","1","0"
"8398","1","0"
"8399","1","0"
"8400","1","164"
"8401","1","110"
"8402","1","199"
"8403","1","90"
"8404","1","0"
"8405","1","32"
"8406","1","167"
"8407","1","0"
"8408","1","0"
"8409","1","153"
"8410","1","167"
"8411","1","0"
"8412","1","70"
"8413","1","0"
"8414","1","89"
"8415","1","147"
"8416","1","0"
"8417","1","96"
"8418","1","54"
"8419","1","0"
"8420","1","57"
"8421","1","0"
"8422","1","122"
"8423","1","0"
"8424","1","0"
"8425","1","199"
"8426","1","41"
"8427","1","0"
"8428","1","168"
"8429","1","59"
"8430","1","24"
"8431","1","114"
"8432","1","164"
"8433","1","0"
"8434","1","0"
"8435","1","0"
"8436","1","0"
"8437","1","0"
"8438","1","0"
"8439","1","89"
"8440","1","201"
"8441","1","55"
"8442","1","122"
"8443","1","65"
"8444","1","200"
"8445","1","199"
"8446","1","141"
"8447","1","138"
"8448","1","0"
"8449","1","0"
"8450","1","170"
"8451","1","0"
"8452","1","0"
"8453","1","163"
"8454","1","199"
"8455","1","153"
"8456","1","155"
"8457","1","0"
"8458","1","91"
"8459","1","65"
"8460","1","185"
"8461","1","0"
"8462","1","0"
"8463","1","0"
"8464","1","43"
"8465","1","152"
"8466","1","139"
"8467","1","0"
"8468","1","0"
"8469","1","0"
"8470","1","200"
"8471","1","154"
"8472","1","153"
"8473","1","139"
"8474","1","123"
"8475","1","0"
"8476","1","5"
"8477","1","123"
"8478","1","18"
"8479","1","174"
"8480","1","0"
"8481","1","185"
"8482","1","73"
"8483","1","182"
"8484","1","200"
"8485","1","0"
"8486","1","57"
"8487","1","111"
"8488","1","0"
"8489","1","0"
"8490","1","0"
"8491","1","195"
"8492","1","0"
"8493","1","0"
"8494","1","0"
"8495","1","9"
"8496","1","0"
"8497","1","120"
"8498","1","0"
"8499","1","111"
"8500","1","200"
"8501","1","200"
"8502","1","200"
"8503","1","195"
"8504","1","194"
"8505","1","193"
"8506","1","197"
"8507","1","193"
"8508","1","135"
"8509","1","172"
"8510","1","147"
"8511","1","191"
"8512","1","165"
"8513","1","0"
"8514","1","61"
"8515","1","122"
"8516","1","201"
"8517","1","53"
"8518","1","21"
"8519","1","184"
"8520","1","182"
"8521","1","183"
"8522","1","0"
"8523","1","0"
"8524","1","0"
"8525","1","199"
"8526","1","87"
"8527","1","139"
"8528","1","101"
"8529","1","90"
"8530","1","134"
"8531","1","200"
"8532","1","48"
"8533","1","31"
"8534","1","14"
"8535","1","0"
"8536","1","71"
"8537","1","144"
"8538","1","53"
"8539","1","201"
"8540","1","0"
"8541","1","0"
"8542","1","0"
"8543","1","200"
"8544","1","0"
"8545","1","0"
"8546","1","133"
"8547","1","0"
"8548","1","0"
"8549","1","0"
"8550","1","201"
"8551","1","73"
"8552","1","0"
"8553","1","0"
"8554","1","0"
"8555","1","0"
"8556","1","144"
"8557","1","0"
"8558","1","0"
"8559","1","0"
"8560","1","0"
"8561","1","0"
"8562","1","199"
"8563","1","199"
"8564","1","0"
"8565","1","167"
"8566","1","201"
"8567","1","147"
"8568","1","0"
"8569","1","0"
"8570","1","0"
"8571","1","0"
"8572","1","179"
"8573","1","1"
"8574","1","12"
"8575","1","0"
"8576","1","123"
"8577","1","122"
"8578","1","179"
"8579","1","161"
"8580","1","164"
"8581","1","164"
"8582","1","0"
"8583","1","0"
"8584","1","134"
"8585","1","27"
"8586","1","201"
"8587","1","201"
"8588","1","88"
"8589","1","9"
"8590","1","0"
"8591","1","9"
"8592","1","7"
"8593","1","0"
"8594","1","7"
"8595","1","0"
"8596","1","200"
"8597","1","192"
"8598","1","136"
"8599","1","183"
"8600","1","137"
"8601","1","158"
"8602","1","0"
"8603","1","161"
"8604","1","0"
"8605","1","0"
"8606","1","30"
"8607","1","87"
"8608","1","53"
"8609","1","0"
"8610","1","200"
"8611","1","180"
"8612","1","90"
"8613","1","180"
"8614","1","180"
"8615","1","201"
"8616","1","0"
"8617","1","171"
"8618","1","0"
"8619","1","179"
"8620","1","90"
"8621","1","0"
"8622","1","0"
"8623","1","107"
"8624","1","0"
"8625","1","0"
"8626","1","0"
"8627","1","201"
"8628","1","201"
"8629","1","0"
"8630","1","194"
"8631","1","158"
"8632","1","0"
"8633","1","0"
"8634","1","199"
"8635","1","197"
"8636","1","189"
"8637","1","190"
"8638","1","0"
"8639","1","149"
"8640","1","0"
"8641","1","0"
"8642","1","37"
"8643","1","0"
"8644","1","0"
"8645","1","0"
"8646","1","143"
"8647","1","90"
"8648","1","145"
"8649","1","199"
"8650","1","137"
"8651","1","170"
"8652","1","0"
"8653","1","150"
"8654","1","12"
"8655","1","0"
"8656","1","71"
"8657","1","37"
"8658","1","145"
"8659","1","0"
"8660","1","0"
"8661","1","0"
"8662","1","89"
"8663","1","0"
"8664","1","114"
"8665","1","33"
"8666","1","0"
"8667","1","158"
"8668","1","0"
"8669","1","0"
"8670","1","0"
"8671","1","44"
"8672","1","114"
"8673","1","92"
"8674","1","167"
"8675","1","0"
"8676","1","114"
"8677","1","53"
"8678","1","0"
"8679","1","0"
"8680","1","91"
"8681","1","173"
"8682","1","139"
"8683","1","186"
"8684","1","92"
"8685","1","192"
"8686","1","199"
"8687","1","124"
"8688","1","0"
"8689","1","0"
"8690","1","164"
"8691","1","0"
"8692","1","0"
"8693","1","198"
"8694","1","0"
"8695","1","200"
"8696","1","154"
"8697","1","179"
"8698","1","0"
"8699","1","0"
"8700","1","1"
"8701","1","0"
"8702","1","0"
"8703","1","0"
"8704","1","89"
"8705","1","199"
"8706","1","0"
"8707","1","90"
"8708","1","0"
"8709","1","109"
"8710","1","0"
"8711","1","0"
"8712","1","0"
"8713","1","194"
"8714","1","104"
"8715","1","0"
"8716","1","0"
"8717","1","0"
"8718","1","0"
"8719","1","0"
"8720","1","90"
"8721","1","154"
"8722","1","0"
"8723","1","0"
"8724","1","0"
"8725","1","0"
"8726","1","0"
"8727","1","0"
"8728","1","0"
"8729","1","0"
"8730","1","17"
"8731","1","0"
"8732","1","0"
"8733","1","201"
"8734","1","57"
"8735","1","194"
"8736","1","0"
"8737","1","175"
"8738","1","193"
"8739","1","124"
"8740","1","199"
"8741","1","13"
"8742","1","0"
"8743","1","0"
"8744","1","154"
"8745","1","0"
"8746","1","0"
"8747","1","159"
"8748","1","0"
"8749","1","153"
"8750","1","193"
"8751","1","165"
"8752","1","1"
"8753","1","0"
"8754","1","194"
"8755","1","184"
"8756","1","71"
"8757","1","153"
"8758","1","0"
"8759","1","0"
"8760","1","153"
"8761","1","162"
"8762","1","0"
"8763","1","0"
"8764","1","0"
"8765","1","0"
"8766","1","0"
"8767","1","0"
"8768","1","0"
"8769","1","0"
"8770","1","0"
"8771","1","90"
"8772","1","38"
"8773","1","121"
"8774","1","127"
"8775","1","0"
"8776","1","129"
"8777","1","116"
"8778","1","0"
"8779","1","0"
"8780","1","0"
"8781","1","0"
"8782","1","0"
"8783","1","1"
"8784","1","115"
"8785","1","67"
"8786","1","15"
"8787","1","44"
"8788","1","0"
"8789","1","102"
"8790","1","138"
"8791","1","130"
"8792","1","201"
"8793","1","0"
"8794","1","152"
"8795","1","0"
"8796","1","105"
"8797","1","151"
"8798","1","197"
"8799","1","185"
"8800","1","142"
"8801","1","181"
"8802","1","92"
"8803","1","169"
"8804","1","75"
"8805","1","189"
"8806","1","180"
"8807","1","118"
"8808","1","0"
"8809","1","75"
"8810","1","44"
"8811","1","0"
"8812","1","177"
"8813","1","185"
"8814","1","55"
"8815","1","0"
"8816","1","178"
"8817","1","200"
"8818","1","1"
"8819","1","92"
"8820","1","0"
"8821","1","123"
"8822","1","165"
"8823","1","201"
"8824","1","0"
"8825","1","173"
"8826","1","0"
"8827","1","200"
"8828","1","201"
"8829","1","184"
"8830","1","0"
"8831","1","0"
"8832","1","0"
"8833","1","0"
"8834","1","0"
"8835","1","0"
"8836","1","70"
"8837","1","138"
"8838","1","28"
"8839","1","0"
"8840","1","72"
"8841","1","132"
"8842","1","0"
"8843","1","152"
"8844","1","51"
"8845","1","183"
"8846","1","200"
"8847","1","152"
"8848","1","103"
"8849","1","200"
"8850","1","200"
"8851","1","0"
"8852","1","194"
"8853","1","0"
"8854","1","153"
"8855","1","24"
"8856","1","0"
"8857","1","0"
"8858","1","79"
"8859","1","130"
"8860","1","184"
"8861","1","201"
"8862","1","31"
"8863","1","123"
"8864","1","0"
"8865","1","137"
"8866","1","89"
"8867","1","130"
"8868","1","140"
"8869","1","22"
"8870","1","195"
"8871","1","153"
"8872","1","0"
"8873","1","153"
"8874","1","0"
"8875","1","170"
"8876","1","111"
"8877","1","148"
"8878","1","12"
"8879","1","200"
"8880","1","0"
"8881","1","179"
"8882","1","184"
"8883","1","31"
"8884","1","154"
"8885","1","0"
"8886","1","0"
"8887","1","182"
"8888","1","183"
"8889","1","197"
"8890","1","136"
"8891","1","90"
"8892","1","34"
"8893","1","31"
"8894","1","35"
"8895","1","31"
"8896","1","29"
"8897","1","26"
"8898","1","37"
"8899","1","35"
"8900","1","28"
"8901","1","0"
"8902","1","0"
"8903","1","24"
"8904","1","138"
"8905","1","0"
"8906","1","61"
"8907","1","133"
"8908","1","0"
"8909","1","0"
"8910","1","0"
"8911","1","133"
"8912","1","0"
"8913","1","12"
"8914","1","0"
"8915","1","0"
"8916","1","200"
"8917","1","116"
"8918","1","15"
"8919","1","39"
"8920","1","63"
"8921","1","0"
"8922","1","0"
"8923","1","121"
"8924","1","0"
"8925","1","0"
"8926","1","201"
"8927","1","154"
"8928","1","164"
"8929","1","165"
"8930","1","0"
"8931","1","141"
"8932","1","201"
"8933","1","109"
"8934","1","69"
"8935","1","157"
"8936","1","200"
"8937","1","0"
"8938","1","66"
"8939","1","0"
"8940","1","165"
"8941","1","199"
"8942","1","185"
"8943","1","120"
"8944","1","199"
"8945","1","0"
"8946","1","83"
"8947","1","126"
"8948","1","185"
"8949","1","199"
"8950","1","201"
"8951","1","154"
"8952","1","199"
"8953","1","98"
"8954","1","178"
"8955","1","153"
"8956","1","0"
"8957","1","144"
"8958","1","177"
"8959","1","0"
"8960","1","0"
"8961","1","0"
"8962","1","0"
"8963","1","0"
"8964","1","76"
"8965","1","93"
"8966","1","154"
"8967","1","0"
"8968","1","200"
"8969","1","114"
"8970","1","0"
"8971","","200"
"8972","1","1"
"8973","1","173"
"8974","1","201"
"8975","1","201"
"8976","1","0"
"8977","1","119"
"8978","1","0"
"8979","1","89"
"8980","1","0"
"8981","1","197"
"8982","1","0"
"8983","1","145"
"8984","1","198"
"8985","1","0"
"8986","1","184"
"8987","1","201"
"8988","1","51"
"8989","1","153"
"8990","1","118"
"8991","1","172"
"8992","1","136"
"8993","1","154"
"8994","1","189"
"8995","1","145"
"8996","1","0"
"8997","1","0"
"8998","1","180"
"8999","1","0"
"9000","1","154"
"9001","1","0"
"9002","1","185"
"9003","1","0"
"9004","1","0"
"9005","1","81"
"9006","1","192"
"9007","1","200"
"9008","1","199"
"9009","1","0"
"9010","1","0"
"9011","1","201"
"9012","1","0"
"9013","1","200"
"9014","1","149"
"9015","1","0"
"9016","1","0"
"9017","1","0"
"9018","1","32"
"9019","1","177"
"9020","1","0"
"9021","1","184"
"9022","1","148"
"9023","1","134"
"9024","1","88"
"9025","1","199"
"9026","1","0"
"9027","1","107"
"9028","1","162"
"9029","1","0"
"9030","1","179"
"9031","1","165"
"9032","1","184"
"9033","1","0"
"9034","1","6"
"9035","1","0"
"9036","1","199"
"9037","1","201"
"9038","1","144"
"9039","1","87"
"9040","1","200"
"9041","1","0"
"9042","1","180"
"9043","1","92"
"9044","1","0"
"9045","1","0"
"9046","1","121"
"9047","1","160"
"9048","1","200"
"9049","1","0"
"9050","1","114"
"9051","1","80"
"9052","1","200"
"9053","1","0"
"9054","1","108"
"9055","1","0"
"9056","1","152"
"9057","1","111"
"9058","1","0"
"9059","1","94"
"9060","1","89"
"9061","1","0"
"9062","1","201"
"9063","1","187"
"9064","1","133"
"9065","1","47"
"9066","1","83"
"9067","1","38"
"9068","1","0"
"9069","1","165"
"9070","1","0"
"9071","1","0"
"9072","1","0"
"9073","1","168"
"9074","1","201"
"9075","1","0"
"9076","1","0"
"9077","1","0"
"9078","1","154"
"9079","1","0"
"9080","1","0"
"9081","1","0"
"9082","1","0"
"9083","1","0"
"9084","1","117"
"9085","1","200"
"9086","1","122"
"9087","1","0"
"9088","1","153"
"9089","1","199"
"9090","1","0"
"9091","1","181"
"9092","1","88"
"9093","1","200"
"9094","1","201"
"9095","1","153"
"9096","1","43"
"9097","1","154"
"9098","1","89"
"9099","1","0"
"9100","1","133"
"9101","1","200"
"9102","1","0"
"9103","1","200"
"9104","1","200"
"9105","1","39"
"9106","1","43"
"9107","1","0"
"9108","1","109"
"9109","1","0"
"9110","1","156"
"9111","1","200"
"9112","1","189"
"9113","1","0"
"9114","1","78"
"9115","1","179"
"9116","1","0"
"9117","1","199"
"9118","1","114"
"9119","1","0"
"9120","1","89"
"9121","1","0"
"9122","1","200"
"9123","1","0"
"9124","1","90"
"9125","1","124"
"9126","1","18"
"9127","1","0"
"9128","1","0"
"9129","1","193"
"9130","1","89"
"9131","1","20"
"9132","1","0"
"9133","1","0"
"9134","1","0"
"9135","1","0"
"9136","1","28"
"9137","1","0"
"9138","1","0"
"9139","1","200"
"9140","1","163"
"9141","1","60"
"9142","1","0"
"9143","1","0"
"9144","1","58"
"9145","1","0"
"9146","1","37"
"9147","1","0"
"9148","1","78"
"9149","1","201"
"9150","1","47"
"9151","1","0"
"9152","1","200"
"9153","1","40"
"9154","1","199"
"9155","1","0"
"9156","1","0"
"9157","1","119"
"9158","1","153"
"9159","1","201"
"9160","1","194"
"9161","1","0"
"9162","1","201"
"9163","1","105"
"9164","1","83"
"9165","1","146"
"9166","1","74"
"9167","1","126"
"9168","1","201"
"9169","1","201"
"9170","1","122"
"9171","1","164"
"9172","1","200"
"9173","1","187"
"9174","1","88"
"9175","1","191"
"9176","1","200"
"9177","1","0"
"9178","1","201"
"9179","1","201"
"9180","1","164"
"9181","1","0"
"9182","1","201"
"9183","1","201"
"9184","1","153"
"9185","1","201"
"9186","1","9"
"9187","1","200"
"9188","1","200"
"9189","1","201"
"9190","1","0"
"9191","1","0"
"9192","1","92"
"9193","1","0"
"9194","1","48"
"9195","1","200"
"9196","1","0"
"9197","1","0"
"9198","1","177"
"9199","1","0"
"9200","1","0"
"9201","1","16"
"9202","1","0"
"9203","1","200"
"9204","1","184"
"9205","1","0"
"9206","1","197"
"9207","1","199"
"9208","1","122"
"9209","1","42"
"9210","1","135"
"9211","1","61"
"9212","1","0"
"9213","1","126"
"9214","1","137"
"9215","1","51"
"9216","1","27"
"9217","1","8"
"9218","1","180"
"9219","1","179"
"9220","1","199"
"9221","1","136"
"9222","1","194"
"9223","1","174"
"9224","1","200"
"9225","1","93"
"9226","1","0"
"9227","1","0"
"9228","1","0"
"9229","1","77"
"9230","1","75"
"9231","1","0"
"9232","1","168"
"9233","1","200"
"9234","1","144"
"9235","1","85"
"9236","1","126"
"9237","1","184"
"9238","1","189"
"9239","1","149"
"9240","1","127"
"9241","1","138"
"9242","1","146"
"9243","","0"
"9244","","0"
"9245","1","145"
"9246","1","27"
"9247","1","0"
"9248","1","98"
"9249","1","147"
"9250","1","0"
"9251","1","134"
"9252","1","198"
"9253","1","201"
"9254","1","186"
"9255","1","36"
"9256","1","163"
"9257","1","89"
"9258","1","71"
"9259","1","0"
"9260","1","91"
"9261","1","199"
"9262","1","100"
"9263","1","0"
"9264","1","0"
"9265","1","122"
"9266","1","0"
"9267","1","0"
"9268","1","160"
"9269","1","75"
"9270","1","99"
"9271","1","0"
"9272","1","86"
"9273","1","153"
"9274","1","198"
"9275","1","95"
"9276","1","100"
"9277","1","168"
"9278","1","0"
"9279","1","145"
"9280","1","0"
"9281","1","0"
"9282","1","198"
"9283","1","71"
"9284","1","0"
"9285","1","138"
"9286","1","0"
"9287","1","115"
"9288","1","177"
"9289","1","200"
"9290","1","102"
"9291","1","88"
"9292","1","87"
"9293","1","105"
"9294","1","0"
"9295","1","92"
"9296","1","0"
"9297","1","0"
"9298","1","0"
"9299","1","200"
"9300","1","0"
"9301","1","0"
"9302","1","0"
"9303","1","0"
"9304","1","0"
"9305","1","179"
"9306","1","200"
"9307","1","0"
"9308","1","0"
"9309","1","200"
"9310","1","185"
"9311","1","200"
"9312","1","184"
"9313","1","0"
"9314","1","109"
"9315","1","0"
"9316","1","30"
"9317","1","128"
"9318","1","0"
"9319","1","0"
"9320","1","0"
"9321","1","200"
"9322","1","0"
"9323","1","185"
"9324","1","199"
"9325","1","69"
"9326","1","147"
"9327","1","185"
"9328","1","200"
"9329","1","156"
"9330","1","177"
"9331","1","124"
"9332","1","0"
"9333","1","0"
"9334","1","200"
"9335","1","200"
"9336","1","200"
"9337","1","200"
"9338","1","200"
"9339","1","200"
"9340","1","0"
"9341","1","0"
"9342","1","0"
"9343","1","89"
"9344","1","0"
"9345","1","0"
"9346","1","136"
"9347","1","0"
"9348","1","0"
"9349","1","175"
"9350","1","184"
"9351","1","83"
"9352","1","170"
"9353","1","184"
"9354","1","11"
"9355","1","193"
"9356","1","0"
"9357","1","194"
"9358","1","199"
"9359","1","146"
"9360","1","0"
"9361","1","201"
"9362","1","0"
"9363","1","192"
"9364","1","88"
"9365","1","199"
"9366","1","0"
"9367","1","154"
"9368","1","192"
"9369","1","0"
"9370","1","186"
"9371","1","201"
"9372","1","0"
"9373","1","116"
"9374","1","92"
"9375","1","0"
"9376","1","0"
"9377","1","139"
"9378","1","200"
"9379","1","200"
"9380","1","200"
"9381","1","0"
"9382","1","0"
"9383","1","0"
"9384","1","0"
"9385","1","193"
"9386","1","0"
"9387","1","171"
"9388","1","31"
"9389","1","0"
"9390","1","200"
"9391","1","157"
"9392","1","151"
"9393","1","45"
"9394","1","0"
"9395","1","0"
"9396","1","0"
"9397","1","0"
"9398","1","164"
"9399","1","0"
"9400","1","201"
"9401","1","83"
"9402","1","34"
"9403","1","63"
"9404","1","10"
"9405","1","0"
"9406","1","45"
"9407","1","0"
"9408","1","123"
"9409","1","198"
"9410","1","0"
"9411","1","158"
"9412","1","124"
"9413","1","201"
"9414","1","185"
"9415","1","89"
"9416","1","0"
"9417","1","29"
"9418","1","180"
"9419","1","0"
"9420","1","0"
"9421","1","132"
"9422","1","165"
"9423","1","0"
"9424","1","77"
"9425","1","0"
"9426","1","0"
"9427","1","0"
"9428","1","201"
"9429","1","154"
"9430","1","201"
"9431","1","2"
"9432","1","1"
"9433","1","1"
"9434","1","2"
"9435","1","1"
"9436","1","2"
"9437","1","0"
"9438","1","0"
"9439","1","198"
"9440","1","199"
"9441","1","200"
"9442","1","188"
"9443","1","200"
"9444","1","187"
"9445","1","161"
"9446","1","173"
"9447","1","2"
"9448","1","2"
"9449","1","173"
"9450","1","0"
"9451","1","171"
"9452","1","178"
"9453","1","132"
"9454","1","0"
"9455","1","146"
"9456","1","92"
"9457","1","200"
"9458","1","200"
"9459","1","0"
"9460","1","179"
"9461","1","51"
"9462","1","47"
"9463","1","170"
"9464","1","0"
"9465","1","145"
"9466","1","201"
"9467","1","2"
"9468","1","3"
"9469","1","2"
"9470","1","2"
"9471","1","0"
"9472","1","5"
"9473","1","0"
"9474","1","192"
"9475","1","2"
"9476","1","16"
"9477","1","15"
"9478","1","1"
"9479","1","0"
"9480","1","4"
"9481","1","0"
"9482","1","0"
"9483","1","0"
"9484","1","132"
"9485","1","35"
"9486","1","134"
"9487","1","201"
"9488","1","0"
"9489","1","46"
"9490","1","122"
"9491","1","1"
"9492","1","101"
"9493","1","88"
"9494","1","0"
"9495","1","0"
"9496","1","89"
"9497","1","76"
"9498","1","200"
"9499","1","153"
"9500","1","154"
"9501","1","0"
"9502","1","0"
"9503","1","191"
"9504","1","0"
"9505","1","48"
"9506","1","83"
"9507","1","125"
"9508","1","173"
"9509","1","0"
"9510","1","0"
"9511","1","0"
"9512","1","48"
"9513","1","0"
"9514","1","200"
"9515","1","91"
"9516","1","0"
"9517","1","0"
"9518","1","0"
"9519","1","143"
"9520","1","0"
"9521","1","0"
"9522","1","0"
"9523","1","179"
"9524","1","146"
"9525","1","0"
"9526","1","139"
"9527","1","0"
"9528","1","55"
"9529","1","88"
"9530","1","70"
"9531","1","83"
"9532","1","200"
"9533","1","1"
"9534","1","0"
"9535","1","200"
"9536","1","149"
"9537","1","0"
"9538","1","200"
"9539","1","198"
"9540","1","0"
"9541","1","0"
"9542","1","151"
"9543","1","173"
"9544","1","0"
"9545","1","0"
"9546","1","0"
"9547","1","26"
"9548","1","200"
"9549","1","200"
"9550","1","168"
"9551","1","0"
"9552","1","0"
"9553","1","11"
"9554","1","0"
"9555","1","0"
"9556","1","179"
"9557","1","0"
"9558","1","88"
"9559","1","0"
"9560","1","81"
"9561","1","0"
"9562","1","0"
"9563","1","201"
"9564","1","196"
"9565","1","118"
"9566","1","89"
"9567","1","176"
"9568","1","173"
"9569","1","0"
"9570","1","199"
"9571","1","100"
"9572","1","0"
"9573","1","0"
"9574","1","142"
"9575","1","67"
"9576","1","23"
"9577","1","0"
"9578","1","105"
"9579","1","0"
"9580","1","0"
"9581","1","177"
"9582","1","0"
"9583","1","0"
"9584","1","0"
"9585","1","0"
"9586","1","0"
"9587","1","107"
"9588","1","0"
"9589","1","201"
"9590","1","0"
"9591","1","90"
"9592","1","138"
"9593","1","104"
"9594","1","0"
"9595","1","0"
"9596","1","102"
"9597","1","1"
"9598","1","200"
"9599","1","0"
"9600","1","0"
"9601","1","0"
"9602","1","0"
"9603","1","200"
"9604","1","160"
"9605","1","0"
"9606","1","0"
"9607","1","0"
"9608","1","35"
"9609","1","0"
"9610","1","0"
"9611","1","0"
"9612","1","0"
"9613","1","38"
"9614","1","0"
"9615","1","0"
"9616","1","48"
"9617","1","0"
"9618","1","0"
"9619","1","200"
"9620","1","0"
"9621","1","0"
"9622","1","200"
"9623","1","0"
"9624","1","0"
"9625","1","139"
"9626","1","178"
"9627","1","0"
"9628","1","0"
"9629","1","199"
"9630","1","200"
"9631","1","102"
"9632","1","0"
"9633","1","201"
"9634","1","201"
"9635","1","122"
"9636","1","0"
"9637","1","0"
"9638","1","3"
"9639","1","164"
"9640","1","201"
"9641","1","134"
"9642","1","0"
"9643","1","0"
"9644","1","0"
"9645","1","137"
"9646","1","0"
"9647","1","40"
"9648","1","199"
"9649","1","179"
"9650","1","0"
"9651","1","48"
"9652","1","0"
"9653","1","0"
"9654","1","162"
"9655","1","198"
"9656","1","0"
"9657","1","0"
"9658","1","53"
"9659","1","200"
"9660","1","0"
"9661","1","0"
"9662","1","200"
"9663","1","181"
"9664","1","0"
"9665","1","124"
"9666","1","186"
"9667","1","137"
"9668","1","199"
"9669","1","92"
"9670","1","0"
"9671","1","0"
"9672","1","122"
"9673","1","0"
"9674","1","0"
"9675","1","61"
"9676","1","166"
"9677","1","0"
"9678","1","0"
"9679","1","107"
"9680","1","0"
"9681","1","90"
"9682","1","0"
"9683","1","0"
"9684","1","180"
"9685","1","108"
"9686","1","0"
"9687","1","0"
"9688","1","0"
"9689","1","123"
"9690","1","0"
"9691","1","59"
"9692","1","0"
"9693","1","184"
"9694","1","0"
"9695","1","178"
"9696","1","0"
"9697","1","0"
"9698","1","0"
"9699","1","59"
"9700","1","43"
"9701","1","85"
"9702","1","7"
"9703","1","0"
"9704","1","198"
"9705","1","0"
"9706","1","153"
"9707","1","108"
"9708","1","0"
"9709","1","139"
"9710","1","0"
"9711","1","102"
"9712","1","140"
"9713","1","117"
"9714","1","0"
"9715","1","201"
"9716","1","0"
"9717","1","1"
"9718","1","0"
"9719","1","0"
"9720","1","0"
"9721","1","136"
"9722","1","192"
"9723","1","127"
"9724","1","0"
"9725","1","47"
"9726","1","36"
"9727","1","62"
"9728","1","36"
"9729","1","165"
"9730","1","83"
"9731","1","196"
"9732","1","45"
"9733","1","180"
"9734","1","89"
"9735","1","102"
"9736","1","0"
"9737","1","53"
"9738","1","173"
"9739","1","192"
"9740","1","115"
"9741","1","90"
"9742","1","112"
"9743","1","0"
"9744","1","180"
"9745","1","194"
"9746","1","0"
"9747","1","0"
"9748","1","157"
"9749","1","0"
"9750","1","123"
"9751","1","89"
"9752","1","170"
"9753","1","96"
"9754","1","153"
"9755","1","83"
"9756","1","200"
"9757","1","44"
"9758","1","50"
"9759","1","0"
"9760","1","150"
"9761","1","18"
"9762","1","63"
"9763","1","150"
"9764","1","0"
"9765","1","111"
"9766","1","0"
"9767","1","92"
"9768","1","138"
"9769","1","92"
"9770","1","197"
"9771","1","26"
"9772","1","199"
"9773","1","195"
"9774","1","0"
"9775","1","164"
"9776","1","72"
"9777","1","140"
"9778","1","69"
"9779","1","0"
"9780","1","0"
"9781","1","142"
"9782","1","159"
"9783","1","0"
"9784","1","0"
"9785","1","0"
"9786","1","199"
"9787","1","80"
"9788","1","0"
"9789","1","198"
"9790","1","139"
"9791","1","180"
"9792","1","0"
"9793","1","201"
"9794","1","165"
"9795","1","152"
"9796","1","110"
"9797","1","180"
"9798","1","0"
"9799","1","200"
"9800","1","0"
"9801","1","0"
"9802","1","63"
"9803","1","193"
"9804","1","93"
"9805","1","163"
"9806","1","71"
"9807","1","45"
"9808","1","196"
"9809","1","0"
"9810","1","97"
"9811","1","153"
"9812","1","0"
"9813","1","2"
"9814","1","154"
"9815","1","200"
"9816","1","0"
"9817","1","149"
"9818","1","0"
"9819","1","139"
"9820","1","0"
"9821","1","147"
"9822","1","138"
"9823","1","139"
"9824","1","24"
"9825","1","200"
"9826","1","55"
"9827","1","0"
"9828","1","184"
"9829","1","180"
"9830","1","42"
"9831","1","201"
"9832","1","9"
"9833","1","158"
"9834","1","61"
"9835","1","169"
"9836","1","134"
"9837","1","0"
"9838","1","0"
"9839","1","179"
"9840","1","115"
"9841","1","0"
"9842","1","138"
"9843","1","61"
"9844","1","0"
"9845","1","179"
"9846","1","180"
"9847","1","32"
"9848","1","57"
"9849","1","139"
"9850","1","99"
"9851","1","200"
"9852","1","42"
"9853","1","156"
"9854","1","0"
"9855","1","201"
"9856","1","0"
"9857","1","64"
"9858","1","0"
"9859","1","92"
"9860","1","93"
"9861","1","0"
"9862","1","0"
"9863","1","154"
"9864","1","0"
"9865","1","173"
"9866","1","201"
"9867","1","92"
"9868","1","159"
"9869","1","0"
"9870","1","164"
"9871","1","90"
"9872","1","0"
"9873","1","104"
"9874","1","201"
"9875","1","105"
"9876","1","117"
"9877","1","89"
"9878","1","0"
"9879","1","84"
"9880","1","0"
"9881","1","174"
"9882","1","170"
"9883","1","0"
"9884","1","0"
"9885","1","0"
"9886","1","138"
"9887","1","200"
"9888","1","0"
"9889","1","179"
"9890","1","134"
"9891","1","119"
"9892","1","0"
"9893","1","0"
"9894","1","200"
"9895","1","0"
"9896","1","0"
"9897","1","34"
"9898","1","129"
"9899","1","170"
"9900","1","200"
"9901","1","159"
"9902","1","200"
"9903","1","131"
"9904","1","77"
"9905","1","12"
"9906","1","152"
"9907","1","0"
"9908","1","0"
"9909","1","185"
"9910","1","0"
"9911","1","200"
"9912","1","200"
"9913","1","139"
"9914","1","0"
"9915","1","200"
"9916","1","70"
"9917","1","201"
"9918","1","179"
"9919","1","179"
"9920","1","0"
"9921","1","132"
"9922","1","137"
"9923","1","160"
"9924","1","179"
"9925","1","134"
"9926","1","88"
"9927","1","200"
"9928","1","108"
"9929","1","0"
"9930","1","177"
"9931","1","0"
"9932","1","0"
"9933","1","154"
"9934","1","153"
"9935","1","138"
"9936","1","0"
"9937","1","0"
"9938","1","0"
"9939","1","178"
"9940","1","0"
"9941","1","151"
"9942","1","136"
"9943","1","200"
"9944","1","179"
"9945","1","72"
"9946","1","163"
"9947","1","201"
"9948","1","122"
"9949","1","157"
"9950","1","0"
"9951","1","82"
"9952","1","144"
"9953","1","158"
"9954","1","181"
"9955","1","149"
"9956","1","108"
"9957","1","133"
"9958","1","0"
"9959","1","0"
"9960","1","179"
"9961","1","200"
"9962","1","0"
"9963","1","179"
"9964","1","133"
"9965","1","200"
"9966","1","0"
"9967","1","194"
"9968","1","90"
"9969","1","153"
"9970","1","102"
"9971","1","201"
"9972","1","0"
"9973","1","70"
"9974","1","180"
"9975","1","199"
"9976","1","31"
"9977","1","0"
"9978","1","31"
"9979","1","0"
"9980","1","28"
"9981","1","132"
"9982","1","0"
"9983","1","145"
"9984","1","0"
"9985","1","61"
"9986","1","0"
"9987","1","195"
"9988","1","0"
"9989","1","127"
"9990","1","154"
"9991","1","0"
"9992","1","63"
"9993","1","142"
"9994","1","30"
"9995","1","154"
"9996","1","200"
"9997","1","201"
"9998","1","200"
"9999","1","125"
"10000","1","31"
"10001","1","69"
"10002","1","31"
"10003","1","31"
"10004","1","31"
"10005","1","199"
"10006","1","185"
"10007","1","152"
"10008","1","0"
"10009","1","0"
"10010","1","201"
"10011","1","191"
"10012","1","97"
"10013","1","0"
"10014","1","31"
"10015","1","0"
"10016","1","131"
"10017","1","201"
"10018","1","34"
"10019","1","94"
"10020","1","136"
"10021","1","77"
"10022","1","121"
"10023","1","194"
"10024","1","0"
"10025","1","199"
"10026","1","201"
"10027","1","0"
"10028","1","0"
"10029","1","0"
"10030","1","131"
"10031","1","201"
"10032","1","154"
"10033","1","63"
"10034","1","201"
"10035","1","139"
"10036","1","118"
"10037","1","0"
"10038","1","167"
"10039","1","38"
"10040","1","0"
"10041","1","0"
"10042","1","0"
"10043","1","7"
"10044","1","41"
"10045","1","0"
"10046","1","0"
"10047","1","31"
"10048","1","0"
"10049","1","0"
"10050","1","0"
"10051","1","145"
"10052","1","134"
"10053","1","0"
"10054","1","0"
"10055","1","62"
"10056","1","180"
"10057","1","0"
"10058","1","186"
"10059","1","96"
"10060","1","12"
"10061","1","59"
"10062","1","79"
"10063","1","81"
"10064","1","201"
"10065","1","0"
"10066","1","125"
"10067","1","170"
"10068","1","179"
"10069","1","154"
"10070","1","0"
"10071","1","0"
"10072","1","0"
"10073","1","140"
"10074","1","0"
"10075","1","0"
"10076","1","0"
"10077","1","0"
"10078","1","197"
"10079","1","197"
"10080","1","0"
"10081","1","0"
"10082","1","0"
"10083","1","181"
"10084","1","0"
"10085","1","200"
"10086","1","145"
"10087","1","31"
"10088","1","0"
"10089","1","8"
"10090","1","8"
"10091","1","163"
"10092","1","0"
"10093","1","0"
"10094","1","0"
"10095","1","31"
"10096","1","0"
"10097","1","0"
"10098","1","0"
"10099","1","0"
"10100","1","0"
"10101","1","0"
"10102","1","0"
"10103","1","199"
"10104","1","201"
"10105","1","156"
"10106","1","198"
"10107","1","92"
"10108","1","0"
"10109","1","186"
"10110","1","199"
"10111","1","0"
"10112","1","0"
"10113","1","89"
"10114","1","167"
"10115","1","18"
"10116","1","180"
"10117","1","5"
"10118","1","0"
"10119","1","48"
"10120","1","8"
"10121","1","6"
"10122","1","44"
"10123","1","48"
"10124","1","201"
"10125","1","47"
"10126","1","70"
"10127","1","0"
"10128","1","0"
"10129","1","0"
"10130","1","0"
"10131","1","0"
"10132","1","122"
"10133","1","165"
"10134","1","39"
"10135","1","0"
"10136","1","184"
"10137","1","0"
"10138","1","169"
"10139","1","123"
"10140","1","151"
"10141","1","112"
"10142","1","122"
"10143","1","166"
"10144","1","152"
"10145","1","0"
"10146","1","0"
"10147","1","189"
"10148","1","146"
"10149","1","152"
"10150","1","183"
"10151","1","178"
"10152","1","201"
"10153","1","67"
"10154","1","123"
"10155","1","0"
"10156","1","201"
"10157","1","185"
"10158","1","184"
"10159","1","0"
"10160","1","152"
"10161","1","144"
"10162","1","201"
"10163","1","145"
"10164","1","199"
"10165","1","116"
"10166","1","83"
"10167","1","0"
"10168","1","56"
"10169","1","184"
"10170","1","0"
"10171","1","154"
"10172","1","125"
"10173","1","169"
"10174","1","92"
"10175","1","161"
"10176","1","104"
"10177","1","153"
"10178","1","92"
"10179","1","179"
"10180","1","62"
"10181","1","160"
"10182","1","181"
"10183","1","62"
"10184","1","129"
"10185","1","144"
"10186","1","144"
"10187","1","124"
"10188","1","146"
"10189","1","0"
"10190","1","1"
"10191","1","79"
"10192","1","72"
"10193","1","80"
"10194","1","181"
"10195","1","89"
"10196","1","150"
"10197","1","0"
"10198","1","0"
"10199","1","0"
"10200","1","68"
"10201","1","84"
"10202","1","0"
"10203","1","180"
"10204","1","0"
"10205","1","125"
"10206","1","0"
"10207","1","0"
"10208","1","0"
"10209","1","164"
"10210","1","77"
"10211","1","68"
"10212","1","81"
"10213","1","86"
"10214","1","89"
"10215","1","74"
"10216","1","86"
"10217","1","76"
"10218","1","74"
"10219","1","81"
"10220","1","65"
"10221","1","80"
"10222","1","82"
"10223","1","74"
"10224","1","77"
"10225","1","81"
"10226","1","84"
"10227","1","74"
"10228","1","0"
"10229","1","0"
"10230","1","0"
"10231","1","156"
"10232","1","0"
"10233","1","58"
"10234","1","138"
"10235","1","117"
"10236","1","56"
"10237","1","48"
"10238","1","31"
"10239","1","0"
"10240","1","63"
"10241","1","0"
"10242","1","0"
"10243","1","32"
"10244","1","0"
"10245","1","0"
"10246","1","197"
"10247","1","89"
"10248","1","173"
"10249","1","87"
"10250","1","170"
"10251","1","0"
"10252","1","201"
"10253","1","0"
"10254","1","181"
"10255","1","0"
"10256","1","0"
"10257","1","0"
"10258","1","32"
"10259","1","79"
"10260","1","32"
"10261","1","0"
"10262","1","3"
"10263","1","85"
"10264","1","87"
"10265","1","0"
"10266","1","0"
"10267","1","124"
"10268","1","56"
"10269","1","71"
"10270","1","0"
"10271","1","0"
"10272","1","0"
"10273","1","74"
"10274","1","200"
"10275","1","0"
"10276","1","0"
"10277","1","124"
"10278","1","0"
"10279","1","0"
"10280","1","128"
"10281","1","0"
"10282","1","183"
"10283","1","0"
"10284","1","186"
"10285","1","46"
"10286","1","0"
"10287","1","200"
"10288","1","91"
"10289","1","94"
"10290","1","201"
"10291","1","194"
"10292","1","200"
"10293","1","199"
"10294","1","200"
"10295","1","170"
"10296","1","0"
"10297","1","0"
"10298","1","72"
"10299","1","155"
"10300","1","102"
"10301","1","31"
"10302","1","0"
"10303","1","78"
"10304","1","176"
"10305","1","0"
"10306","1","0"
"10307","1","0"
"10308","1","201"
"10309","1","199"
"10310","1","173"
"10311","1","153"
"10312","1","200"
"10313","1","0"
"10314","1","154"
"10315","1","0"
"10316","1","0"
"10317","1","177"
"10318","1","0"
"10319","1","104"
"10320","1","5"
"10321","1","138"
"10322","1","158"
"10323","1","168"
"10324","1","2"
"10325","1","91"
"10326","1","0"
"10327","1","2"
"10328","1","180"
"10329","1","0"
"10330","1","164"
"10331","1","198"
"10332","1","164"
"10333","1","198"
"10334","1","178"
"10335","1","0"
"10336","1","0"
"10337","1","0"
"10338","1","76"
"10339","1","165"
"10340","1","0"
"10341","1","72"
"10342","1","148"
"10343","1","0"
"10344","1","175"
"10345","1","0"
"10346","1","201"
"10347","1","154"
"10348","1","83"
"10349","1","90"
"10350","1","0"
"10351","1","0"
"10352","1","0"
"10353","1","200"
"10354","1","78"
"10355","1","135"
"10356","1","49"
"10357","1","48"
"10358","1","191"
"10359","1","31"
"10360","1","0"
"10361","1","0"
"10362","1","3"
"10363","1","0"
"10364","1","125"
"10365","1","139"
"10366","1","200"
"10367","1","0"
"10368","1","0"
"10369","1","0"
"10370","1","131"
"10371","1","47"
"10372","1","0"
"10373","1","0"
"10374","1","0"
"10375","1","3"
"10376","1","59"
"10377","1","185"
"10378","1","74"
"10379","1","143"
"10380","1","44"
"10381","1","11"
"10382","1","136"
"10383","1","0"
"10384","1","0"
"10385","1","152"
"10386","1","0"
"10387","1","93"
"10388","1","31"
"10389","1","123"
"10390","1","0"
"10391","1","0"
"10392","1","0"
"10393","1","0"
"10394","1","0"
"10395","1","0"
"10396","1","55"
"10397","1","180"
"10398","1","1"
"10399","1","35"
"10400","1","0"
"10401","1","142"
"10402","1","74"
"10403","1","115"
"10404","1","201"
"10405","1","134"
"10406","1","0"
"10407","1","47"
"10408","1","0"
"10409","1","0"
"10410","1","0"
"10411","1","140"
"10412","1","185"
"10413","1","1"
"10414","1","136"
"10415","1","201"
"10416","1","0"
"10417","1","184"
"10418","1","2"
"10419","1","179"
"10420","1","180"
"10421","1","0"
"10422","1","0"
"10423","1","184"
"10424","1","162"
"10425","1","194"
"10426","1","172"
"10427","1","147"
"10428","1","123"
"10429","1","124"
"10430","1","66"
"10431","1","97"
"10432","1","162"
"10433","1","72"
"10434","1","153"
"10435","1","17"
"10436","1","0"
"10437","1","0"
"10438","1","201"
"10439","1","201"
"10440","1","60"
"10441","1","123"
"10442","1","159"
"10443","1","200"
"10444","1","48"
"10445","1","152"
"10446","1","184"
"10447","1","0"
"10448","1","150"
"10449","1","0"
"10450","1","30"
"10451","1","96"
"10452","1","185"
"10453","1","0"
"10454","1","0"
"10455","1","121"
"10456","1","0"
"10457","1","175"
"10458","1","0"
"10459","1","192"
"10460","1","192"
"10461","1","0"
"10462","1","0"
"10463","1","125"
"10464","1","154"
"10465","1","0"
"10466","1","65"
"10467","1","201"
"10468","1","0"
"10469","1","122"
"10470","1","0"
"10471","1","114"
"10472","1","0"
"10473","1","0"
"10474","1","31"
"10475","1","73"
"10476","1","0"
"10477","1","0"
"10478","1","0"
"10479","1","0"
"10480","1","82"
"10481","1","7"
"10482","1","52"
"10483","1","201"
"10484","1","0"
"10485","1","0"
"10486","1","164"
"10487","1","0"
"10488","1","200"
"10489","1","0"
"10490","1","165"
"10491","1","0"
"10492","1","0"
"10493","1","102"
"10494","1","0"
"10495","1","181"
"10496","1","0"
"10497","1","37"
"10498","1","132"
"10499","1","0"
"10500","1","88"
"10501","1","152"
"10502","1","187"
"10503","1","0"
"10504","1","193"
"10505","1","184"
"10506","1","89"
"10507","1","167"
"10508","1","199"
"10509","1","0"
"10510","1","137"
"10511","1","154"
"10512","1","0"
"10513","1","0"
"10514","1","1"
"10515","1","178"
"10516","1","153"
"10517","1","145"
"10518","1","0"
"10519","1","80"
"10520","1","178"
"10521","1","87"
"10522","1","200"
"10523","1","0"
"10524","1","0"
"10525","1","153"
"10526","1","200"
"10527","1","200"
"10528","1","83"
"10529","1","52"
"10530","1","115"
"10531","1","37"
"10532","1","184"
"10533","1","165"
"10534","1","180"
"10535","1","0"
"10536","1","0"
"10537","1","0"
"10538","1","101"
"10539","1","0"
"10540","1","61"
"10541","1","182"
"10542","1","59"
"10543","1","0"
"10544","1","31"
"10545","1","32"
"10546","1","0"
"10547","1","0"
"10548","1","154"
"10549","1","0"
"10550","1","200"
"10551","1","5"
"10552","1","31"
"10553","1","201"
"10554","1","34"
"10555","1","177"
"10556","1","127"
"10557","1","199"
"10558","1","132"
"10559","1","0"
"10560","1","184"
"10561","1","184"
"10562","1","0"
"10563","1","178"
"10564","1","125"
"10565","1","20"
"10566","1","146"
"10567","1","0"
"10568","1","89"
"10569","1","184"
"10570","1","104"
"10571","1","199"
"10572","1","123"
"10573","1","0"
"10574","1","196"
"10575","1","182"
"10576","1","124"
"10577","1","31"
"10578","1","0"
"10579","1","58"
"10580","1","0"
"10581","1","33"
"10582","1","0"
"10583","1","32"
"10584","1","89"
"10585","1","0"
"10586","1","0"
"10587","1","0"
"10588","1","0"
"10589","1","0"
"10590","1","74"
"10591","1","0"
"10592","1","175"
"10593","1","5"
"10594","1","201"
"10595","1","200"
"10596","1","164"
"10597","1","3"
"10598","1","0"
"10599","1","5"
"10600","1","37"
"10601","1","200"
"10602","1","106"
"10603","1","199"
"10604","1","69"
"10605","1","146"
"10606","1","0"
"10607","1","0"
"10608","1","0"
"10609","1","77"
"10610","1","73"
"10611","1","138"
"10612","1","154"
"10613","1","153"
"10614","1","145"
"10615","1","1"
"10616","1","122"
"10617","1","0"
"10618","1","200"
"10619","1","0"
"10620","1","200"
"10621","1","65"
"10622","1","0"
"10623","1","0"
"10624","1","116"
"10625","1","0"
"10626","1","0"
"10627","1","46"
"10628","1","0"
"10629","1","0"
"10630","1","122"
"10631","1","199"
"10632","1","163"
"10633","1","0"
"10634","1","173"
"10635","1","0"
"10636","1","199"
"10637","1","170"
"10638","1","0"
"10639","1","61"
"10640","1","144"
"10641","1","190"
"10642","1","149"
"10643","1","190"
"10644","1","0"
"10645","1","160"
"10646","1","200"
"10647","1","183"
"10648","1","0"
"10649","1","0"
"10650","1","0"
"10651","1","49"
"10652","1","146"
"10653","1","122"
"10654","1","180"
"10655","1","30"
"10656","1","186"
"10657","1","95"
"10658","1","143"
"10659","1","135"
"10660","1","146"
"10661","1","146"
"10662","1","90"
"10663","1","16"
"10664","1","171"
"10665","1","0"
"10666","1","100"
"10667","1","0"
"10668","1","122"
"10669","1","0"
"10670","1","75"
"10671","1","188"
"10672","1","165"
"10673","1","72"
"10674","1","142"
"10675","1","149"
"10676","1","121"
"10677","1","176"
"10678","1","37"
"10679","1","151"
"10680","1","150"
"10681","1","90"
"10682","1","179"
"10683","1","79"
"10684","1","154"
"10685","1","0"
"10686","1","132"
"10687","1","57"
"10688","1","23"
"10689","1","121"
"10690","1","132"
"10691","1","121"
"10692","1","153"
"10693","1","37"
"10694","1","128"
"10695","1","113"
"10696","1","140"
"10697","1","189"
"10698","1","172"
"10699","1","149"
"10700","1","0"
"10701","1","0"
"10702","1","89"
"10703","1","0"
"10704","1","148"
"10705","1","78"
"10706","1","8"
"10707","1","82"
"10708","1","48"
"10709","1","201"
"10710","1","21"
"10711","1","0"
"10712","1","81"
"10713","1","0"
"10714","1","37"
"10715","1","184"
"10716","1","0"
"10717","1","0"
"10718","1","184"
"10719","1","99"
"10720","1","132"
"10721","1","0"
"10722","1","32"
"10723","1","0"
"10724","1","174"
"10725","1","0"
"10726","1","0"
"10727","1","164"
"10728","1","31"
"10729","1","115"
"10730","1","64"
"10731","1","0"
"10732","1","167"
"10733","1","0"
"10734","1","58"
"10735","1","149"
"10736","1","149"
"10737","1","135"
"10738","1","100"
"10739","1","100"
"10740","1","81"
"10741","1","29"
"10742","1","64"
"10743","1","87"
"10744","1","74"
"10745","1","200"
"10746","1","194"
"10747","1","0"
"10748","1","166"
"10749","1","0"
"10750","1","183"
"10751","1","86"
"10752","1","0"
"10753","1","184"
"10754","1","61"
"10755","1","151"
"10756","1","82"
"10757","1","55"
"10758","1","88"
"10759","1","165"
"10760","1","82"
"10761","1","0"
"10762","1","1"
"10763","1","0"
"10764","1","154"
"10765","1","66"
"10766","1","200"
"10767","1","81"
"10768","1","0"
"10769","1","0"
"10770","1","0"
"10771","1","123"
"10772","1","135"
"10773","1","78"
"10774","1","37"
"10775","1","142"
"10776","1","170"
"10777","1","51"
"10778","1","164"
"10779","1","0"
"10780","1","120"
"10781","1","68"
"10782","1","179"
"10783","1","162"
"10784","1","87"
"10785","1","0"
"10786","1","0"
"10787","1","179"
"10788","1","66"
"10789","1","193"
"10790","1","0"
"10791","1","0"
"10792","1","146"
"10793","1","139"
"10794","1","12"
"10795","1","100"
"10796","1","0"
"10797","1","91"
"10798","1","19"
"10799","1","58"
"10800","1","169"
"10801","1","0"
"10802","1","198"
"10803","1","185"
"10804","1","0"
"10805","1","88"
"10806","1","150"
"10807","1","185"
"10808","1","185"
"10809","1","105"
"10810","1","0"
"10811","1","49"
"10812","1","89"
"10813","1","0"
"10814","1","0"
"10815","1","0"
"10816","1","48"
"10817","1","137"
"10818","1","15"
"10819","1","51"
"10820","1","0"
"10821","1","175"
"10822","1","168"
"10823","1","200"
"10824","1","170"
"10825","1","185"
"10826","1","201"
"10827","1","0"
"10828","1","182"
"10829","1","83"
"10830","1","0"
"10831","1","52"
"10832","1","201"
"10833","1","0"
"10834","1","140"
"10835","1","122"
"10836","1","148"
"10837","1","0"
"10838","1","32"
"10839","1","198"
"10840","1","170"
"10841","1","83"
"10842","1","0"
"10843","1","121"
"10844","1","0"
"10845","1","0"
"10846","1","43"
"10847","1","0"
"10848","1","34"
"10849","1","0"
"10850","1","3"
"10851","1","0"
"10852","1","17"
"10853","1","146"
"10854","1","171"
"10855","1","0"
"10856","1","124"
"10857","1","200"
"10858","1","1"
"10859","1","88"
"10860","1","93"
"10861","1","198"
"10862","1","198"
"10863","1","0"
"10864","1","0"
"10865","1","30"
"10866","1","0"
"10867","1","90"
"10868","1","0"
"10869","1","0"
"10870","1","200"
"10871","1","69"
"10872","1","181"
"10873","1","0"
"10874","1","121"
"10875","1","6"
"10876","1","184"
"10877","1","0"
"10878","1","0"
"10879","1","153"
"10880","1","153"
"10881","1","153"
"10882","1","153"
"10883","1","153"
"10884","1","153"
"10885","1","153"
"10886","1","153"
"10887","1","122"
"10888","1","0"
"10889","1","153"
"10890","1","153"
"10891","1","153"
"10892","1","153"
"10893","1","153"
"10894","1","106"
"10895","1","32"
"10896","1","0"
"10897","1","161"
"10898","1","179"
"10899","1","3"
"10900","1","33"
"10901","1","156"
"10902","1","148"
"10903","1","149"
"10904","1","0"
"10905","1","161"
"10906","1","0"
"10907","1","201"
"10908","1","0"
"10909","1","3"
"10910","1","0"
"10911","1","0"
"10912","1","145"
"10913","1","0"
"10914","1","120"
"10915","1","0"
"10916","1","0"
"10917","1","121"
"10918","1","175"
"10919","1","0"
"10920","1","140"
"10921","1","0"
"10922","1","0"
"10923","1","0"
"10924","1","201"
"10925","1","200"
"10926","1","144"
"10927","1","201"
"10928","1","134"
"10929","1","0"
"10930","1","199"
"10931","1","166"
"10932","1","1"
"10933","1","82"
"10934","1","14"
"10935","1","149"
"10936","1","0"
"10937","1","0"
"10938","1","132"
"10939","1","0"
"10940","1","0"
"10941","1","0"
"10942","1","0"
"10943","1","0"
"10944","1","0"
"10945","1","0"
"10946","1","0"
"10947","1","0"
"10948","1","116"
"10949","1","185"
"10950","1","0"
"10951","1","8"
"10952","1","144"
"10953","1","0"
"10954","1","0"
"10955","1","123"
"10956","1","88"
"10957","1","199"
"10958","1","180"
"10959","1","159"
"10960","1","103"
"10961","1","0"
"10962","1","0"
"10963","1","0"
"10964","1","0"
"10965","1","0"
"10966","1","0"
"10967","1","200"
"10968","1","155"
"10969","1","0"
"10970","1","99"
"10971","1","153"
"10972","1","200"
"10973","1","0"
"10974","1","96"
"10975","1","108"
"10976","1","43"
"10977","1","61"
"10978","1","0"
"10979","1","123"
"10980","1","119"
"10981","1","44"
"10982","1","30"
"10983","1","0"
"10984","1","93"
"10985","1","137"
"10986","1","0"
"10987","1","149"
"10988","1","104"
"10989","1","153"
"10990","1","0"
"10991","1","89"
"10992","1","0"
"10993","1","0"
"10994","1","0"
"10995","1","165"
"10996","1","0"
"10997","1","0"
"10998","1","0"
"10999","1","0"
"11000","1","0"
"11001","1","5"
"11002","1","0"
"11003","1","123"
"11004","1","168"
"11005","1","0"
"11006","1","8"
"11007","1","0"
"11008","1","0"
"11009","1","0"
"11010","1","154"
"11011","1","0"
"11012","1","0"
"11013","1","0"
"11014","1","109"
"11015","1","5"
"11016","1","0"
"11017","1","153"
"11018","1","186"
"11019","1","0"
"11020","1","0"
"11021","1","0"
"11022","1","0"
"11023","1","0"
"11024","1","0"
"11025","1","99"
"11026","1","174"
"11027","1","0"
"11028","1","0"
"11029","1","110"
"11030","1","0"
"11031","1","117"
"11032","1","40"
"11033","1","145"
"11034","1","0"
"11035","1","0"
"11036","1","0"
"11037","1","130"
"11038","1","130"
"11039","1","0"
"11040","1","136"
"11041","1","140"
"11042","1","5"
"11043","1","101"
"11044","1","0"
"11045","1","5"
"11046","1","197"
"11047","1","108"
"11048","1","137"
"11049","1","23"
"11050","1","35"
"11051","1","200"
"11052","1","0"
"11053","1","0"
"11054","1","46"
"11055","1","0"
"11056","1","146"
"11057","1","184"
"11058","1","89"
"11059","1","5"
"11060","1","0"
"11061","1","200"
"11062","1","201"
"11063","1","145"
"11064","1","145"
"11065","1","154"
"11066","1","167"
"11067","1","174"
"11068","1","137"
"11069","1","185"
"11070","1","165"
"11071","1","145"
"11072","1","0"
"11073","1","0"
"11074","1","66"
"11075","1","0"
"11076","1","180"
"11077","1","62"
"11078","1","125"
"11079","1","0"
"11080","1","0"
"11081","1","31"
"11082","1","153"
"11083","1","41"
"11084","1","153"
"11085","1","0"
"11086","1","153"
"11087","1","153"
"11088","1","153"
"11089","1","153"
"11090","1","153"
"11091","1","153"
"11092","1","0"
"11093","1","164"
"11094","1","0"
"11095","1","0"
"11096","1","0"
"11097","1","183"
"11098","1","169"
"11099","1","0"
"11100","1","0"
"11101","1","0"
"11102","1","0"
"11103","1","0"
"11104","1","153"
"11105","1","185"
"11106","1","93"
"11107","1","200"
"11108","1","200"
"11109","1","32"
"11110","1","76"
"11111","1","117"
"11112","1","159"
"11113","1","154"
"11114","1","37"
"11115","1","1"
"11116","1","154"
"11117","1","130"
"11118","1","103"
"11119","1","118"
"11120","1","138"
"11121","1","180"
"11122","1","122"
"11123","1","45"
"11124","1","0"
"11125","1","148"
"11126","1","178"
"11127","1","199"
"11128","1","0"
"11129","1","109"
"11130","1","0"
"11131","1","0"
"11132","1","0"
"11133","1","0"
"11134","1","0"
"11135","1","185"
"11136","1","0"
"11137","1","0"
"11138","1","0"
"11139","1","0"
"11140","1","0"
"11141","1","0"
"11142","1","0"
"11143","1","201"
"11144","1","199"
"11145","1","178"
"11146","1","170"
"11147","1","75"
"11148","1","50"
"11149","1","0"
"11150","1","21"
"11151","1","176"
"11152","1","68"
"11153","1","41"
"11154","1","168"
"11155","1","0"
"11156","1","0"
"11157","1","0"
"11158","1","179"
"11159","1","58"
"11160","1","73"
"11161","1","85"
"11162","1","187"
"11163","1","166"
"11164","1","145"
"11165","1","152"
"11166","1","142"
"11167","1","37"
"11168","1","141"
"11169","1","146"
"11170","1","0"
"11171","1","17"
"11172","1","154"
"11173","1","0"
"11174","1","123"
"11175","1","11"
"11176","1","192"
"11177","1","101"
"11178","1","200"
"11179","1","178"
"11180","1","0"
"11181","1","184"
"11182","1","156"
"11183","1","18"
"11184","1","1"
"11185","1","121"
"11186","1","139"
"11187","1","141"
"11188","1","157"
"11189","1","171"
"11190","1","170"
"11191","1","185"
"11192","1","177"
"11193","1","15"
"11194","1","112"
"11195","1","0"
"11196","1","0"
"11197","1","0"
"11198","1","0"
"11199","1","0"
"11200","1","0"
"11201","1","0"
"11202","1","92"
"11203","1","111"
"11204","1","145"
"11205","1","0"
"11206","1","174"
"11207","1","117"
"11208","1","89"
"11209","1","0"
"11210","1","0"
"11211","1","126"
"11212","1","110"
"11213","1","199"
"11214","1","200"
"11215","1","184"
"11216","1","111"
"11217","1","89"
"11218","1","0"
"11219","1","200"
"11220","1","97"
"11221","1","201"
"11222","1","152"
"11223","1","33"
"11224","1","147"
"11225","1","85"
"11226","1","113"
"11227","1","134"
"11228","1","90"
"11229","1","0"
"11230","1","0"
"11231","1","0"
"11232","1","123"
"11233","1","191"
"11234","1","185"
"11235","1","139"
"11236","1","0"
"11237","1","117"
"11238","1","159"
"11239","1","89"
"11240","1","0"
"11241","1","198"
"11242","1","123"
"11243","1","200"
"11244","1","128"
"11245","1","0"
"11246","1","197"
"11247","1","197"
"11248","1","0"
"11249","1","174"
"11250","1","0"
"11251","1","0"
"11252","1","0"
"11253","1","59"
"11254","1","201"
"11255","1","31"
"11256","1","0"
"11257","1","0"
"11258","1","101"
"11259","1","91"
"11260","1","93"
"11261","1","185"
"11262","1","118"
"11263","1","150"
"11264","1","62"
"11265","1","0"
"11266","1","200"
"11267","1","20"
"11268","1","5"
"11269","1","0"
"11270","1","0"
"11271","1","150"
"11272","1","166"
"11273","1","135"
"11274","1","0"
"11275","1","109"
"11276","1","82"
"11277","1","0"
"11278","1","200"
"11279","1","154"
"11280","1","0"
"11281","1","89"
"11282","1","0"
"11283","1","122"
"11284","1","0"
"11285","1","84"
"11286","1","0"
"11287","1","200"
"11288","1","0"
"11289","1","192"
"11290","1","0"
"11291","1","0"
"11292","1","0"
"11293","1","4"
"11294","1","169"
"11295","1","91"
"11296","1","0"
"11297","1","49"
"11298","1","201"
"11299","1","200"
"11300","1","182"
"11301","1","0"
"11302","1","0"
"11303","1","0"
"11304","1","0"
"11305","1","0"
"11306","1","0"
"11307","1","0"
"11308","1","0"
"11309","1","0"
"11310","1","0"
"11311","1","153"
"11312","1","0"
"11313","1","0"
"11314","1","164"
"11315","1","189"
"11316","1","47"
"11317","1","0"
"11318","1","159"
"11319","1","199"
"11320","1","0"
"11321","1","0"
"11322","1","124"
"11323","1","162"
"11324","1","0"
"11325","1","61"
"11326","1","0"
"11327","1","83"
"11328","1","200"
"11329","1","0"
"11330","1","0"
"11331","1","0"
"11332","1","46"
"11333","1","96"
"11334","1","0"
"11335","1","159"
"11336","1","153"
"11337","1","169"
"11338","1","0"
"11339","1","195"
"11340","1","200"
"11341","1","201"
"11342","1","0"
"11343","1","96"
"11344","1","166"
"11345","1","23"
"11346","1","0"
"11347","1","0"
"11348","1","0"
"11349","1","0"
"11350","1","0"
"11351","1","0"
"11352","1","149"
"11353","1","154"
"11354","1","137"
"11355","1","63"
"11356","1","0"
"11357","1","84"
"11358","1","0"
"11359","","90"
"11360","1","0"
"11361","1","0"
"11362","1","85"
"11363","1","81"
"11364","1","0"
"11365","1","200"
"11366","1","39"
"11367","1","31"
"11368","1","0"
"11369","1","184"
"11370","1","115"
"11371","1","200"
"11372","1","163"
"11373","1","129"
"11374","1","84"
"11375","1","132"
"11376","1","200"
"11377","1","31"
"11378","1","0"
"11379","1","99"
"11380","1","62"
"11381","1","141"
"11382","1","162"
"11383","1","0"
"11384","1","0"
"11385","1","0"
"11386","1","16"
"11387","1","165"
"11388","1","0"
"11389","1","164"
"11390","1","201"
"11391","1","14"
"11392","1","151"
"11393","1","114"
"11394","1","101"
"11395","1","147"
"11396","1","201"
"11397","1","0"
"11398","1","144"
"11399","1","0"
"11400","1","0"
"11401","1","142"
"11402","1","200"
"11403","1","0"
"11404","1","0"
"11405","1","0"
"11406","1","89"
"11407","1","0"
"11408","1","200"
"11409","1","81"
"11410","1","0"
"11411","1","48"
"11412","1","159"
"11413","1","146"
"11414","1","0"
"11415","1","115"
"11416","1","0"
"11417","1","153"
"11418","1","90"
"11419","1","1"
"11420","1","0"
"11421","1","0"
"11422","1","153"
"11423","1","0"
"11424","1","0"
"11425","1","166"
"11426","1","68"
"11427","1","131"
"11428","1","200"
"11429","1","200"
"11430","1","174"
"11431","1","124"
"11432","1","124"
"11433","1","151"
"11434","1","0"
"11435","1","0"
"11436","1","0"
"11437","1","0"
"11438","1","0"
"11439","1","198"
"11440","1","55"
"11441","1","196"
"11442","1","190"
"11443","1","57"
"11444","1","150"
"11445","1","0"
"11446","1","88"
"11447","1","184"
"11448","1","92"
"11449","1","18"
"11450","1","62"
"11451","1","37"
"11452","1","0"
"11453","1","0"
"11454","1","0"
"11455","1","0"
"11456","1","0"
"11457","1","0"
"11458","1","0"
"11459","1","80"
"11460","1","160"
"11461","1","201"
"11462","1","0"
"11463","1","0"
"11464","1","0"
"11465","1","0"
"11466","1","0"
"11467","1","0"
"11468","1","0"
"11469","1","0"
"11470","1","0"
"11471","1","0"
"11472","1","184"
"11473","1","201"
"11474","1","163"
"11475","1","122"
"11476","1","108"
"11477","1","0"
"11478","1","0"
"11479","1","1"
"11480","1","201"
"11481","1","0"
"11482","1","158"
"11483","1","0"
"11484","1","0"
"11485","1","3"
"11486","1","4"
"11487","1","0"
"11488","1","197"
"11489","1","38"
"11490","1","174"
"11491","1","0"
"11492","1","123"
"11493","1","32"
"11494","1","45"
"11495","1","45"
"11496","1","45"
"11497","1","45"
"11498","1","40"
"11499","1","0"
"11500","1","31"
"11501","1","152"
"11502","1","95"
"11503","1","0"
"11504","1","179"
"11505","1","55"
"11506","1","0"
"11507","1","0"
"11508","1","0"
"11509","1","0"
"11510","1","0"
"11511","1","0"
"11512","1","0"
"11513","1","142"
"11514","1","0"
"11515","1","0"
"11516","1","0"
"11517","1","0"
"11518","1","107"
"11519","1","0"
"11520","1","0"
"11521","1","0"
"11522","1","0"
"11523","1","0"
"11524","1","0"
"11525","1","0"
"11526","1","1"
"11527","1","0"
"11528","1","94"
"11529","1","180"
"11530","1","155"
"11531","1","0"
"11532","1","0"
"11533","1","201"
"11534","1","0"
"11535","1","13"
"11536","1","89"
"11537","1","92"
"11538","1","48"
"11539","1","0"
"11540","1","0"
"11541","1","0"
"11542","1","0"
"11543","1","99"
"11544","1","174"
"11545","1","182"
"11546","1","179"
"11547","1","133"
"11548","1","200"
"11549","1","201"
"11550","1","0"
"11551","1","46"
"11552","1","185"
"11553","1","0"
"11554","1","88"
"11555","1","145"
"11556","1","0"
"11557","1","89"
"11558","1","149"
"11559","1","43"
"11560","1","153"
"11561","1","93"
"11562","1","0"
"11563","1","5"
"11564","1","4"
"11565","1","5"
"11566","1","201"
"11567","1","0"
"11568","1","170"
"11569","1","201"
"11570","1","201"
"11571","1","201"
"11572","1","201"
"11573","1","201"
"11574","1","201"
"11575","1","201"
"11576","1","201"
"11577","1","201"
"11578","1","190"
"11579","1","150"
"11580","1","0"
"11581","1","0"
"11582","1","0"
"11583","1","0"
"11584","1","0"
"11585","1","0"
"11586","1","0"
"11587","1","0"
"11588","1","0"
"11589","1","0"
"11590","1","0"
"11591","1","0"
"11592","1","0"
"11593","1","54"
"11594","1","200"
"11595","1","120"
"11596","1","52"
"11597","1","18"
"11598","1","200"
"11599","1","200"
"11600","1","145"
"11601","1","0"
"11602","1","154"
"11603","1","201"
"11604","1","8"
"11605","1","123"
"11606","1","0"
"11607","1","0"
"11608","1","89"
"11609","1","0"
"11610","1","176"
"11611","1","173"
"11612","1","87"
"11613","1","0"
"11614","1","123"
"11615","1","22"
"11616","1","149"
"11617","1","61"
"11618","1","185"
"11619","1","173"
"11620","1","0"
"11621","1","0"
"11622","1","123"
"11623","1","157"
"11624","1","129"
"11625","1","199"
"11626","1","201"
"11627","1","189"
"11628","1","36"
"11629","1","0"
"11630","1","166"
"11631","1","0"
"11632","1","0"
"11633","1","0"
"11634","1","193"
"11635","1","200"
"11636","1","0"
"11637","1","65"
"11638","1","5"
"11639","1","200"
"11640","1","200"
"11641","1","147"
"11642","1","201"
"11643","1","48"
"11644","1","0"
"11645","1","0"
"11646","1","0"
"11647","1","184"
"11648","1","200"
"11649","1","122"
"11650","1","5"
"11651","1","165"
"11652","1","12"
"11653","1","11"
"11654","1","16"
"11655","1","0"
"11656","1","154"
"11657","1","0"
"11658","1","89"
"11659","1","36"
"11660","1","0"
"11661","1","0"
"11662","1","0"
"11663","1","0"
"11664","1","194"
"11665","1","199"
"11666","1","0"
"11667","1","140"
"11668","1","184"
"11669","1","118"
"11670","1","110"
"11671","1","182"
"11672","1","201"
"11673","1","201"
"11674","1","0"
"11675","1","190"
"11676","1","175"
"11677","1","0"
"11678","1","148"
"11679","1","163"
"11680","1","201"
"11681","1","116"
"11682","1","131"
"11683","1","149"
"11684","1","4"
"11685","1","170"
"11686","1","22"
"11687","1","152"
"11688","1","185"
"11689","1","71"
"11690","1","89"
"11691","1","135"
"11692","1","141"
"11693","1","118"
"11694","1","199"
"11695","1","195"
"11696","1","45"
"11697","1","201"
"11698","1","89"
"11699","1","0"
"11700","1","126"
"11701","1","12"
"11702","1","153"
"11703","1","0"
"11704","1","5"
"11705","1","154"
"11706","1","122"
"11707","1","5"
"11708","1","5"
"11709","1","0"
"11710","1","0"
"11711","1","0"
"11712","1","0"
"11713","1","180"
"11714","1","201"
"11715","1","201"
"11716","1","181"
"11717","1","200"
"11718","1","5"
"11719","1","201"
"11720","1","164"
"11721","1","184"
"11722","1","152"
"11723","1","136"
"11724","1","176"
"11725","1","144"
"11726","1","146"
"11727","1","130"
"11728","1","133"
"11729","1","158"
"11730","1","113"
"11731","1","149"
"11732","1","124"
"11733","1","151"
"11734","1","139"
"11735","1","158"
"11736","1","162"
"11737","1","185"
"11738","1","145"
"11739","1","161"
"11740","1","173"
"11741","1","134"
"11742","1","109"
"11743","1","116"
"11744","1","134"
"11745","1","142"
"11746","1","131"
"11747","1","0"
"11748","1","73"
"11749","1","45"
"11750","1","154"
"11751","1","0"
"11752","1","158"
"11753","1","0"
"11754","1","0"
"11755","1","4"
"11756","1","5"
"11757","1","5"
"11758","1","0"
"11759","1","153"
"11760","1","154"
"11761","1","0"
"11762","1","0"
"11763","1","170"
"11764","1","0"
"11765","1","154"
"11766","1","186"
"11767","1","89"
"11768","1","195"
"11769","1","122"
"11770","1","0"
"11771","1","200"
"11772","1","133"
"11773","1","184"
"11774","1","129"
"11775","1","97"
"11776","1","179"
"11777","1","0"
"11778","1","201"
"11779","1","177"
"11780","1","189"
"11781","1","0"
"11782","1","35"
"11783","1","184"
"11784","1","145"
"11785","1","72"
"11786","1","88"
"11787","1","153"
"11788","1","153"
"11789","1","0"
"11790","1","36"
"11791","1","53"
"11792","1","1"
"11793","1","5"
"11794","1","0"
"11795","1","163"
"11796","1","44"
"11797","1","45"
"11798","1","201"
"11799","1","86"
"11800","1","172"
"11801","1","42"
"11802","1","0"
"11803","1","198"
"11804","1","0"
"11805","1","163"
"11806","1","144"
"11807","1","0"
"11808","1","5"
"11809","1","0"
"11810","1","92"
"11811","1","162"
"11812","1","3"
"11813","1","14"
"11814","1","195"
"11815","1","179"
"11816","1","0"
"11817","1","201"
"11818","1","28"
"11819","1","1"
"11820","1","18"
"11821","1","117"
"11822","1","96"
"11823","1","198"
"11824","1","0"
"11825","1","165"
"11826","1","28"
"11827","1","161"
"11828","1","200"
"11829","1","137"
"11830","1","181"
"11831","1","190"
"11832","1","89"
"11833","1","101"
"11834","1","79"
"11835","1","0"
"11836","1","123"
"11837","1","0"
"11838","1","139"
"11839","1","144"
"11840","1","195"
"11841","1","43"
"11842","1","91"
"11843","1","201"
"11844","1","0"
"11845","1","32"
"11846","1","180"
"11847","1","0"
"11848","1","165"
"11849","1","80"
"11850","1","194"
"11851","1","0"
"11852","1","105"
"11853","1","32"
"11854","1","0"
"11855","1","144"
"11856","1","200"
"11857","1","139"
"11858","1","64"
"11859","1","164"
"11860","1","38"
"11861","1","179"
"11862","1","179"
"11863","1","179"
"11864","1","151"
"11865","1","145"
"11866","1","0"
"11867","1","55"
"11868","1","0"
"11869","1","72"
"11870","1","0"
"11871","1","0"
"11872","1","201"
"11873","1","155"
"11874","1","160"
"11875","1","200"
"11876","1","0"
"11877","1","31"
"11878","1","0"
"11879","1","106"
"11880","1","0"
"11881","1","34"
"11882","1","0"
"11883","1","71"
"11884","1","0"
"11885","1","61"
"11886","1","1"
"11887","1","61"
"11888","1","192"
"11889","1","74"
"11890","1","110"
"11891","1","0"
"11892","1","160"
"11893","1","195"
"11894","1","0"
"11895","1","0"
"11896","1","31"
"11897","1","200"
"11898","1","180"
"11899","1","0"
"11900","1","25"
"11901","1","164"
"11902","1","93"
"11903","1","177"
"11904","1","0"
"11905","1","200"
"11906","1","27"
"11907","1","63"
"11908","1","201"
"11909","1","109"
"11910","1","0"
"11911","1","0"
"11912","1","0"
"11913","1","122"
"11914","1","112"
"11915","1","143"
"11916","1","31"
"11917","1","0"
"11918","1","108"
"11919","1","200"
"11920","1","0"
"11921","1","157"
"11922","1","0"
"11923","1","118"
"11924","1","94"
"11925","1","200"
"11926","1","171"
"11927","1","83"
"11928","1","93"
"11929","1","0"
"11930","1","158"
"11931","1","185"
"11932","1","0"
"11933","1","84"
"11934","1","0"
"11935","1","13"
"11936","1","72"
"11937","1","66"
"11938","1","0"
"11939","1","171"
"11940","1","0"
"11941","1","136"
"11942","1","178"
"11943","1","193"
"11944","1","176"
"11945","1","0"
"11946","1","0"
"11947","1","198"
"11948","1","99"
"11949","1","184"
"11950","1","199"
"11951","1","150"
"11952","1","201"
"11953","1","186"
"11954","1","74"
"11955","1","131"
"11956","1","0"
"11957","1","0"
"11958","1","0"
"11959","1","175"
"11960","1","88"
"11961","1","194"
"11962","1","0"
"11963","1","5"
"11964","1","0"
"11965","1","51"
"11966","1","93"
"11967","1","153"
"11968","1","144"
"11969","1","192"
"11970","1","200"
"11971","1","143"
"11972","1","200"
"11973","1","0"
"11974","1","68"
"11975","1","150"
"11976","1","164"
"11977","1","30"
"11978","1","180"
"11979","1","48"
"11980","1","183"
"11981","1","131"
"11982","1","183"
"11983","1","61"
"11984","1","199"
"11985","1","148"
"11986","1","122"
"11987","1","78"
"11988","1","0"
"11989","1","102"
"11990","1","170"
"11991","1","184"
"11992","1","200"
"11993","1","200"
"11994","1","71"
"11995","1","56"
"11996","1","141"
"11997","1","30"
"11998","1","200"
"11999","1","52"
"12000","1","128"
"12001","1","200"
"12002","1","66"
"12003","1","190"
"12004","1","0"
"12005","1","102"
"12006","1","39"
"12007","1","123"
"12008","1","89"
"12009","1","133"
"12010","1","193"
"12011","1","199"
"12012","1","80"
"12013","1","169"
"12014","1","138"
"12015","1","0"
"12016","1","64"
"12017","1","66"
"12018","1","146"
"12019","1","153"
"12020","1","160"
"12021","1","88"
"12022","1","0"
"12023","1","0"
"12024","1","0"
"12025","1","0"
"12026","1","108"
"12027","1","136"
"12028","1","111"
"12029","1","97"
"12030","1","201"
"12031","1","200"
"12032","1","133"
"12033","1","180"
"12034","1","74"
"12035","1","0"
"12036","1","0"
"12037","1","199"
"12038","1","0"
"12039","1","171"
"12040","1","93"
"12041","1","0"
"12042","1","140"
"12043","1","158"
"12044","1","44"
"12045","1","0"
"12046","1","0"
"12047","1","61"
"12048","1","7"
"12049","1","74"
"12050","1","151"
"12051","1","29"
"12052","1","105"
"12053","1","185"
"12054","1","0"
"12055","1","45"
"12056","1","200"
"12057","1","31"
"12058","1","8"
"12059","1","45"
"12060","1","191"
"12061","1","83"
"12062","1","0"
"12063","1","201"
"12064","1","87"
"12065","1","21"
"12066","1","31"
"12067","1","32"
"12068","1","133"
"12069","1","123"
"12070","1","154"
"12071","1","0"
"12072","1","0"
"12073","1","62"
"12074","1","0"
"12075","1","0"
"12076","1","125"
"12077","1","100"
"12078","1","177"
"12079","1","0"
"12080","1","63"
"12081","1","0"
"12082","1","176"
"12083","1","0"
"12084","1","163"
"12085","1","0"
"12086","1","45"
"12087","1","48"
"12088","1","0"
"12089","1","184"
"12090","1","42"
"12091","1","62"
"12092","1","133"
"12093","1","24"
"12094","1","42"
"12095","1","0"
"12096","1","154"
"12097","1","0"
"12098","1","0"
"12099","1","55"
"12100","1","0"
"12101","1","0"
"12102","1","179"
"12103","1","53"
"12104","1","14"
"12105","1","177"
"12106","1","149"
"12107","1","69"
"12108","1","1"
"12109","1","60"
"12110","1","1"
"12111","1","31"
"12112","1","61"
"12113","1","0"
"12114","1","123"
"12115","1","153"
"12116","1","200"
"12117","1","132"
"12118","1","194"
"12119","1","2"
"12120","1","155"
"12121","1","157"
"12122","1","170"
"12123","1","192"
"12124","1","181"
"12125","1","192"
"12126","1","107"
"12127","1","89"
"12128","1","180"
"12129","1","0"
"12130","1","0"
"12131","1","200"
"12132","1","200"
"12133","1","200"
"12134","1","190"
"12135","1","201"
"12136","1","154"
"12137","1","0"
"12138","1","97"
"12139","1","200"
"12140","1","55"
"12141","1","0"
"12142","1","62"
"12143","1","90"
"12144","1","69"
"12145","1","200"
"12146","1","201"
"12147","1","201"
"12148","1","2"
"12149","1","48"
"12150","1","89"
"12151","1","155"
"12152","1","0"
"12153","1","0"
"12154","1","168"
"12155","1","37"
"12156","1","153"
"12157","1","200"
"12158","1","89"
"12159","1","201"
"12160","1","0"
"12161","1","0"
"12162","1","0"
"12163","1","147"
"12164","1","55"
"12165","1","194"
"12166","1","44"
"12167","1","0"
"12168","1","56"
"12169","1","0"
"12170","1","0"
"12171","1","125"
"12172","1","133"
"12173","1","0"
"12174","1","62"
"12175","1","104"
"12176","1","144"
"12177","1","87"
"12178","1","0"
"12179","1","145"
"12180","1","62"
"12181","1","139"
"12182","1","201"
"12183","1","0"
"12184","1","92"
"12185","1","140"
"12186","1","200"
"12187","1","8"
"12188","1","0"
"12189","1","122"
"12190","1","108"
"12191","1","1"
"12192","1","184"
"12193","1","61"
"12194","1","186"
"12195","1","199"
"12196","1","199"
"12197","1","198"
"12198","1","71"
"12199","1","45"
"12200","1","200"
"12201","1","85"
"12202","1","121"
"12203","1","0"
"12204","1","0"
"12205","1","0"
"12206","1","153"
"12207","1","157"
"12208","1","131"
"12209","1","131"
"12210","1","0"
"12211","1","153"
"12212","1","0"
"12213","1","200"
"12214","1","83"
"12215","1","55"
"12216","1","139"
"12217","1","139"
"12218","1","139"
"12219","1","8"
"12220","1","79"
"12221","1","183"
"12222","1","0"
"12223","1","194"
"12224","1","165"
"12225","1","102"
"12226","1","37"
"12227","","0"
"12228","1","134"
"12229","1","139"
"12230","1","175"
"12231","1","0"
"12232","1","159"
"12233","1","32"
"12234","1","0"
"12235","1","153"
"12236","1","8"
"12237","1","178"
"12238","1","200"
"12239","1","0"
"12240","1","186"
"12241","1","92"
"12242","1","12"
"12243","1","85"
"12244","1","19"
"12245","1","11"
"12246","1","118"
"12247","1","0"
"12248","1","177"
"12249","1","0"
"12250","1","103"
"12251","1","109"
"12252","1","139"
"12253","1","135"
"12254","1","142"
"12255","1","179"
"12256","1","100"
"12257","1","155"
"12258","1","182"
"12259","1","1"
"12260","1","0"
"12261","1","0"
"12262","1","140"
"12263","1","200"
"12264","1","29"
"12265","1","58"
"12266","1","200"
"12267","1","0"
"12268","1","150"
"12269","1","4"
"12270","1","201"
"12271","1","162"
"12272","1","132"
"12273","1","0"
"12274","1","86"
"12275","1","201"
"12276","1","0"
"12277","1","29"
"12278","1","192"
"12279","1","0"
"12280","1","136"
"12281","1","181"
"12282","1","51"
"12283","1","16"
"12284","1","78"
"12285","1","153"
"12286","1","0"
"12287","1","0"
"12288","1","129"
"12289","1","72"
"12290","1","124"
"12291","1","0"
"12292","1","114"
"12293","1","165"
"12294","1","0"
"12295","1","144"
"12296","1","141"
"12297","1","160"
"12298","1","159"
"12299","1","0"
"12300","1","0"
"12301","1","120"
"12302","1","52"
"12303","1","40"
"12304","1","137"
"12305","1","114"
"12306","1","0"
"12307","1","200"
"12308","1","170"
"12309","1","132"
"12310","1","159"
"12311","1","155"
"12312","1","107"
"12313","1","0"
"12314","1","55"
"12315","1","0"
"12316","1","201"
"12317","1","54"
"12318","1","2"
"12319","1","90"
"12320","1","83"
"12321","1","192"
"12322","1","2"
"12323","1","10"
"12324","1","65"
"12325","1","0"
"12326","1","112"
"12327","1","1"
"12328","1","0"
"12329","1","78"
"12330","1","0"
"12331","1","127"
"12332","1","174"
"12333","1","181"
"12334","1","114"
"12335","1","179"
"12336","1","0"
"12337","1","142"
"12338","1","196"
"12339","1","201"
"12340","1","0"
"12341","1","130"
"12342","1","19"
"12343","1","0"
"12344","1","135"
"12345","1","0"
"12346","1","201"
"12347","1","143"
"12348","1","0"
"12349","1","0"
"12350","1","0"
"12351","1","199"
"12352","1","184"
"12353","1","0"
"12354","1","0"
"12355","1","0"
"12356","1","0"
"12357","1","50"
"12358","1","0"
"12359","1","113"
"12360","1","153"
"12361","1","200"
"12362","1","80"
"12363","1","155"
"12364","1","0"
"12365","1","86"
"12366","1","192"
"12367","1","0"
"12368","1","0"
"12369","1","201"
"12370","1","88"
"12371","1","154"
"12372","1","164"
"12373","1","0"
"12374","1","201"
"12375","1","101"
"12376","1","189"
"12377","1","54"
"12378","1","31"
"12379","1","193"
"12380","1","193"
"12381","1","188"
"12382","1","140"
"12383","1","38"
"12384","1","0"
"12385","1","193"
"12386","1","117"
"12387","1","171"
"12388","1","0"
"12389","1","123"
"12390","1","102"
"12391","1","201"
"12392","1","88"
"12393","1","201"
"12394","1","192"
"12395","1","200"
"12396","1","4"
"12397","1","186"
"12398","1","112"
"12399","1","194"
"12400","1","0"
"12401","1","69"
"12402","1","200"
"12403","1","75"
"12404","1","153"
"12405","1","0"
"12406","1","45"
"12407","1","89"
"12408","1","141"
"12409","1","88"
"12410","1","201"
"12411","1","40"
"12412","1","0"
"12413","1","0"
"12414","1","196"
"12415","1","0"
"12416","1","152"
"12417","1","0"
"12418","1","0"
"12419","1","153"
"12420","1","100"
"12421","1","0"
"12422","1","0"
"12423","1","146"
"12424","1","192"
"12425","1","86"
"12426","1","98"
"12427","1","142"
"12428","1","69"
"12429","","198"
"12430","1","180"
"12431","1","200"
"12432","1","122"
"12433","1","0"
"12434","1","122"
"12435","1","71"
"12436","1","82"
"12437","1","199"
"12438","1","185"
"12439","1","200"
"12440","1","92"
"12441","1","153"
"12442","1","178"
"12443","1","0"
"12444","1","199"
"12445","1","193"
"12446","1","178"
"12447","1","195"
"12448","1","198"
"12449","1","201"
"12450","1","180"
"12451","1","199"
"12452","1","145"
"12453","1","0"
"12454","1","152"
"12455","1","131"
"12456","1","113"
"12457","1","12"
"12458","1","201"
"12459","1","132"
"12460","1","30"
"12461","1","88"
"12462","1","135"
"12463","1","153"
"12464","1","159"
"12465","1","190"
"12466","1","56"
"12467","1","200"
"12468","1","125"
"12469","1","0"
"12470","1","201"
"12471","1","158"
"12472","1","153"
"12473","1","0"
"12474","1","186"
"12475","1","13"
"12476","1","0"
"12477","1","0"
"12478","1","0"
"12479","1","200"
"12480","1","0"
"12481","1","0"
"12482","1","3"
"12483","1","0"
"12484","1","114"
"12485","1","154"
"12486","1","64"
"12487","1","170"
"12488","1","201"
"12489","1","201"
"12490","1","150"
"12491","1","144"
"12492","1","159"
"12493","1","0"
"12494","1","0"
"12495","1","0"
"12496","1","142"
"12497","1","158"
"12498","1","93"
"12499","1","89"
"12500","1","198"
"12501","1","194"
"12502","1","0"
"12503","1","69"
"12504","1","77"
"12505","1","0"
"12506","1","190"
"12507","1","200"
"12508","1","201"
"12509","1","199"
"12510","1","179"
"12511","1","179"
"12512","1","179"
"12513","1","179"
"12514","1","159"
"12515","1","0"
"12516","1","86"
"12517","1","141"
"12518","1","0"
"12519","1","200"
"12520","1","134"
"12521","1","184"
"12522","1","0"
"12523","1","0"
"12524","1","196"
"12525","1","36"
"12526","1","169"
"12527","1","92"
"12528","1","100"
"12529","1","60"
"12530","1","201"
"12531","1","43"
"12532","1","98"
"12533","1","201"
"12534","1","192"
"12535","1","89"
"12536","1","0"
"12537","1","200"
"12538","1","190"
"12539","1","0"
"12540","1","0"
"12541","1","112"
"12542","1","40"
"12543","1","0"
"12544","1","125"
"12545","1","122"
"12546","1","10"
"12547","1","0"
"12548","1","153"
"12549","1","42"
"12550","1","144"
"12551","1","93"
"12552","1","0"
"12553","1","89"
"12554","1","0"
"12555","","0"
"12556","1","101"
"12557","1","47"
"12558","1","174"
"12559","1","100"
"12560","1","192"
"12561","1","0"
"12562","1","132"
"12563","1","0"
"12564","1","184"
"12565","1","173"
"12566","1","162"
"12567","1","200"
"12568","1","155"
"12569","1","153"
"12570","1","200"
"12571","1","0"
"12572","1","200"
"12573","1","144"
"12574","1","131"
"12575","1","188"
"12576","1","201"
"12577","1","188"
"12578","1","33"
"12579","1","200"
"12580","1","84"
"12581","1","174"
"12582","1","200"
"12583","1","189"
"12584","1","133"
"12585","1","200"
"12586","1","0"
"12587","1","0"
"12588","1","0"
"12589","1","32"
"12590","1","32"
"12591","1","0"
"12592","1","201"
"12593","1","0"
"12594","1","185"
"12595","1","0"
"12596","1","0"
"12597","1","0"
"12598","1","31"
"12599","1","0"
"12600","1","0"
"12601","1","0"
"12602","1","31"
"12603","1","31"
"12604","1","0"
"12605","1","0"
"12606","1","0"
"12607","1","0"
"12608","1","42"
"12609","1","0"
"12610","1","31"
"12611","1","0"
"12612","1","0"
"12613","1","193"
"12614","1","196"
"12615","1","199"
"12616","1","196"
"12617","1","196"
"12618","1","5"
"12619","1","200"
"12620","1","58"
"12621","1","115"
"12622","1","0"
"12623","1","153"
"12624","1","153"
"12625","1","13"
"12626","1","201"
"12627","1","161"
"12628","1","5"
"12629","1","137"
"12630","1","201"
"12631","1","184"
"12632","1","200"
"12633","1","123"
"12634","1","196"
"12635","1","148"
"12636","1","177"
"12637","1","1"
"12638","1","134"
"12639","1","115"
"12640","1","0"
"12641","1","93"
"12642","1","173"
"12643","1","176"
"12644","1","89"
"12645","1","0"
"12646","1","0"
"12647","1","108"
"12648","1","13"
"12649","1","0"
"12650","1","0"
"12651","1","176"
"12652","1","163"
"12653","1","201"
"12654","1","62"
"12655","1","153"
"12656","1","67"
"12657","1","154"
"12658","1","201"
"12659","1","201"
"12660","1","71"
"12661","1","117"
"12662","1","85"
"12663","1","0"
"12664","1","117"
"12665","1","94"
"12666","1","69"
"12667","1","196"
"12668","1","35"
"12669","1","201"
"12670","1","0"
"12671","1","55"
"12672","1","0"
"12673","1","165"
"12674","1","147"
"12675","1","178"
"12676","1","10"
"12677","1","200"
"12678","1","114"
"12679","1","181"
"12680","1","162"
"12681","1","160"
"12682","1","97"
"12683","1","110"
"12684","1","141"
"12685","1","0"
"12686","1","200"
"12687","1","107"
"12688","1","38"
"12689","1","120"
"12690","1","41"
"12691","1","114"
"12692","1","123"
"12693","1","14"
"12694","1","199"
"12695","1","15"
"12696","1","201"
"12697","1","0"
"12698","1","154"
"12699","1","112"
"12700","1","200"
"12701","1","144"
"12702","1","53"
"12703","1","193"
"12704","1","145"
"12705","1","184"
"12706","1","123"
"12707","1","114"
"12708","1","200"
"12709","1","89"
"12710","1","185"
"12711","1","154"
"12712","1","0"
"12713","1","153"
"12714","1","182"
"12715","1","187"
"12716","1","187"
"12717","1","201"
"12718","1","0"
"12719","1","0"
"12720","1","93"
"12721","1","0"
"12722","1","154"
"12723","1","157"
"12724","1","200"
"12725","1","179"
"12726","1","0"
"12727","1","0"
"12728","1","192"
"12729","1","157"
"12730","1","199"
"12731","1","199"
"12732","1","201"
"12733","1","200"
"12734","1","154"
"12735","1","201"
"12736","1","146"
"12737","1","76"
"12738","1","193"
"12739","1","80"
"12740","1","83"
"12741","1","163"
"12742","1","139"
"12743","1","0"
"12744","1","139"
"12745","1","62"
"12746","1","153"
"12747","1","105"
"12748","1","149"
"12749","1","31"
"12750","1","62"
"12751","1","34"
"12752","1","198"
"12753","1","148"
"12754","1","193"
"12755","1","164"
"12756","1","0"
"12757","1","179"
"12758","1","175"
"12759","1","193"
"12760","1","201"
"12761","1","120"
"12762","1","118"
"12763","1","0"
"12764","1","0"
"12765","1","17"
"12766","1","0"
"12767","1","0"
"12768","1","162"
"12769","1","93"
"12770","1","0"
"12771","1","0"
"12772","1","154"
"12773","1","198"
"12774","1","52"
"12775","1","198"
"12776","1","180"
"12777","1","194"
"12778","1","0"
"12779","1","5"
"12780","1","0"
"12781","1","0"
"12782","1","200"
"12783","1","185"
"12784","1","89"
"12785","1","8"
"12786","1","179"
"12787","1","139"
"12788","1","161"
"12789","1","201"
"12790","1","201"
"12791","1","167"
"12792","1","190"
"12793","1","78"
"12794","1","61"
"12795","1","157"
"12796","1","0"
"12797","1","91"
"12798","1","162"
"12799","1","133"
"12800","1","146"
"12801","1","160"
"12802","1","201"
"12803","1","142"
"12804","1","87"
"12805","1","200"
"12806","1","200"
"12807","1","200"
"12808","1","0"
"12809","1","133"
"12810","1","183"
"12811","1","45"
"12812","1","185"
"12813","1","132"
"12814","1","86"
"12815","1","57"
"12816","1","154"
"12817","1","0"
"12818","1","201"
"12819","1","0"
"12820","1","0"
"12821","1","198"
"12822","1","90"
"12823","1","149"
"12824","1","187"
"12825","1","42"
"12826","1","95"
"12827","1","139"
"12828","1","131"
"12829","1","109"
"12830","1","116"
"12831","1","26"
"12832","1","60"
"12833","1","175"
"12834","1","0"
"12835","1","178"
"12836","1","153"
"12837","","200"
"12838","1","179"
"12839","1","89"
"12840","1","199"
"12841","1","200"
"12842","1","14"
"12843","1","0"
"12844","1","100"
"12845","1","83"
"12846","1","0"
"12847","1","0"
"12848","1","0"
"12849","1","40"
"12850","1","110"
"12851","1","193"
"12852","1","10"
"12853","1","201"
"12854","1","135"
"12855","1","173"
"12856","1","144"
"12857","1","0"
"12858","1","122"
"12859","1","201"
"12860","1","0"
"12861","1","35"
"12862","1","5"
"12863","1","189"
"12864","1","191"
"12865","1","131"
"12866","1","0"
"12867","1","0"
"12868","1","0"
"12869","1","0"
"12870","1","89"
"12871","1","92"
"12872","1","177"
"12873","1","192"
"12874","1","52"
"12875","1","189"
"12876","1","201"
"12877","1","0"
"12878","1","201"
"12879","1","61"
"12880","1","184"
"12881","1","184"
"12882","1","0"
"12883","1","39"
"12884","1","149"
"12885","1","61"
"12886","1","0"
"12887","1","170"
"12888","1","177"
"12889","1","122"
"12890","1","154"
"12891","1","36"
"12892","1","201"
"12893","1","5"
"12894","1","156"
"12895","1","160"
"12896","1","145"
"12897","1","76"
"12898","1","200"
"12899","1","33"
"12900","1","201"
"12901","1","201"
"12902","1","200"
"12903","1","187"
"12904","1","0"
"12905","1","58"
"12906","1","46"
"12907","1","115"
"12908","1","169"
"12909","1","169"
"12910","1","169"
"12911","1","200"
"12912","1","64"
"12913","1","177"
"12914","1","151"
"12915","1","101"
"12916","1","1"
"12917","1","41"
"12918","1","184"
"12919","1","118"
"12920","1","42"
"12921","1","123"
"12922","1","2"
"12923","1","0"
"12924","1","198"
"12925","1","189"
"12926","1","186"
"12927","1","200"
"12928","1","0"
"12929","1","145"
"12930","1","154"
"12931","1","153"
"12932","1","111"
"12933","1","0"
"12934","1","194"
"12935","1","152"
"12936","1","23"
"12937","1","197"
"12938","1","144"
"12939","1","155"
"12940","1","176"
"12941","1","186"
"12942","1","0"
"12943","1","0"
"12944","1","0"
"12945","1","58"
"12946","1","197"
"12947","1","165"
"12948","1","0"
"12949","1","193"
"12950","1","139"
"12951","1","186"
"12952","1","185"
"12953","1","0"
"12954","1","0"
"12955","1","137"
"12956","1","122"
"12957","1","0"
"12958","1","68"
"12959","1","21"
"12960","1","190"
"12961","1","200"
"12962","1","88"
"12963","1","0"
"12964","1","201"
"12965","1","0"
"12966","1","200"
"12967","1","139"
"12968","1","201"
"12969","1","83"
"12970","1","0"
"12971","1","0"
"12972","1","201"
"12973","1","190"
"12974","1","180"
"12975","1","200"
"12976","1","153"
"12977","1","200"
"12978","1","87"
"12979","1","0"
"12980","1","170"
"12981","1","200"
"12982","1","47"
"12983","1","0"
"12984","1","0"
"12985","1","0"
"12986","1","40"
"12987","1","0"
"12988","1","102"
"12989","1","106"
"12990","1","0"
"12991","1","108"
"12992","1","0"
"12993","1","161"
"12994","1","25"
"12995","1","201"
"12996","1","75"
"12997","1","157"
"12998","1","0"
"12999","1","201"
"13000","1","0"
"13001","1","28"
"13002","1","123"
"13003","1","200"
"13004","1","154"
"13005","1","182"
"13006","1","1"
"13007","1","111"
"13008","1","0"
"13009","1","200"
"13010","1","63"
"13011","1","194"
"13012","1","92"
"13013","1","45"
"13014","1","200"
"13015","1","0"
"13016","1","70"
"13017","1","78"
"13018","1","194"
"13019","1","83"
"13020","1","117"
"13021","1","44"
"13022","1","50"
"13023","1","98"
"13024","1","161"
"13025","1","184"
"13026","1","199"
"13027","1","9"
"13028","1","200"
"13029","1","176"
"13030","1","193"
"13031","1","154"
"13032","1","201"
"13033","1","0"
"13034","1","1"
"13035","1","153"
"13036","1","151"
"13037","1","142"
"13038","1","165"
"13039","1","89"
"13040","1","0"
"13041","1","200"
"13042","1","90"
"13043","1","0"
"13044","1","200"
"13045","1","90"
"13046","1","20"
"13047","1","74"
"13048","1","26"
"13049","1","122"
"13050","1","87"
"13051","1","163"
"13052","1","94"
"13053","1","0"
"13054","1","0"
"13055","1","0"
"13056","1","70"
"13057","1","120"
"13058","1","196"
"13059","1","0"
"13060","1","0"
"13061","1","140"
"13062","1","0"
"13063","1","0"
"13064","1","200"
"13065","1","7"
"13066","1","200"
"13067","1","123"
"13068","1","90"
"13069","1","200"
"13070","1","200"
"13071","1","186"
"13072","1","192"
"13073","1","154"
"13074","1","84"
"13075","1","49"
"13076","1","0"
"13077","1","0"
"13078","1","0"
"13079","1","200"
"13080","1","61"
"13081","1","0"
"13082","1","201"
"13083","1","193"
"13084","1","35"
"13085","1","201"
"13086","1","182"
"13087","1","201"
"13088","1","71"
"13089","1","98"
"13090","1","0"
"13091","1","132"
"13092","1","90"
"13093","1","12"
"13094","1","201"
"13095","1","122"
"13096","1","0"
"13097","1","200"
"13098","1","169"
"13099","1","179"
"13100","1","200"
"13101","1","199"
"13102","1","150"
"13103","1","201"
"13104","1","42"
"13105","1","115"
"13106","1","12"
"13107","1","159"
"13108","1","201"
"13109","1","93"
"13110","1","0"
"13111","1","49"
"13112","1","33"
"13113","1","154"
"13114","1","100"
"13115","1","0"
"13116","1","0"
"13117","1","75"
"13118","1","0"
"13119","1","0"
"13120","1","0"
"13121","1","196"
"13122","1","54"
"13123","1","184"
"13124","1","153"
"13125","1","173"
"13126","1","38"
"13127","1","0"
"13128","1","0"
"13129","1","0"
"13130","1","1"
"13131","1","201"
"13132","1","170"
"13133","1","159"
"13134","1","193"
"13135","1","200"
"13136","1","0"
"13137","1","1"
"13138","1","161"
"13139","1","47"
"13140","1","171"
"13141","1","0"
"13142","1","0"
"13143","1","0"
"13144","1","0"
"13145","1","0"
"13146","1","0"
"13147","1","146"
"13148","1","0"
"13149","1","0"
"13150","1","0"
"13151","1","0"
"13152","1","0"
"13153","1","201"
"13154","1","0"
"13155","1","0"
"13156","1","179"
"13157","1","134"
"13158","1","92"
"13159","1","124"
"13160","1","200"
"13161","1","101"
"13162","1","53"
"13163","1","199"
"13164","1","122"
"13165","1","22"
"13166","1","0"
"13167","1","189"
"13168","1","36"
"13169","1","0"
"13170","1","200"
"13171","1","101"
"13172","1","153"
"13173","1","199"
"13174","1","0"
"13175","1","42"
"13176","1","174"
"13177","1","193"
"13178","1","200"
"13179","1","0"
"13180","1","0"
"13181","1","150"
"13182","1","0"
"13183","1","0"
"13184","1","0"
"13185","1","180"
"13186","1","31"
"13187","1","155"
"13188","1","106"
"13189","1","200"
"13190","1","25"
"13191","1","0"
"13192","1","194"
"13193","1","194"
"13194","1","168"
"13195","1","0"
"13196","1","89"
"13197","1","201"
"13198","1","200"
"13199","1","0"
"13200","1","169"
"13201","1","0"
"13202","1","179"
"13203","1","0"
"13204","1","170"
"13205","1","201"
"13206","1","56"
"13207","1","200"
"13208","1","0"
"13209","1","65"
"13210","1","0"
"13211","1","201"
"13212","1","0"
"13213","1","0"
"13214","1","0"
"13215","1","0"
"13216","1","43"
"13217","1","158"
"13218","1","161"
"13219","1","0"
"13220","1","200"
"13221","1","0"
"13222","1","0"
"13223","1","37"
"13224","1","0"
"13225","1","200"
"13226","1","147"
"13227","1","94"
"13228","1","132"
"13229","1","144"
"13230","1","142"
"13231","1","153"
"13232","1","190"
"13233","1","0"
"13234","1","185"
"13235","1","0"
"13236","1","0"
"13237","1","0"
"13238","1","123"
"13239","1","201"
"13240","1","98"
"13241","1","122"
"13242","1","122"
"13243","1","184"
"13244","1","0"
"13245","1","181"
"13246","1","125"
"13247","1","130"
"13248","1","165"
"13249","1","146"
"13250","1","194"
"13251","1","164"
"13252","1","50"
"13253","1","116"
"13254","1","79"
"13255","1","136"
"13256","1","162"
"13257","1","180"
"13258","1","0"
"13259","1","161"
"13260","1","135"
"13261","1","153"
"13262","1","139"
"13263","1","135"
"13264","1","201"
"13265","1","0"
"13266","1","85"
"13267","1","0"
"13268","1","188"
"13269","1","200"
"13270","1","79"
"13271","1","6"
"13272","1","31"
"13273","1","0"
"13274","1","0"
"13275","1","0"
"13276","1","0"
"13277","1","0"
"13278","1","0"
"13279","1","100"
"13280","1","0"
"13281","1","0"
"13282","1","0"
"13283","1","0"
"13284","1","103"
"13285","1","170"
"13286","1","0"
"13287","1","141"
"13288","1","167"
"13289","1","165"
"13290","1","149"
"13291","1","178"
"13292","1","154"
"13293","1","0"
"13294","1","185"
"13295","1","124"
"13296","1","154"
"13297","1","0"
"13298","1","0"
"13299","1","0"
"13300","1","153"
"13301","1","0"
"13302","1","0"
"13303","1","0"
"13304","1","146"
"13305","1","0"
"13306","1","201"
"13307","1","0"
"13308","1","154"
"13309","1","60"
"13310","1","0"
"13311","1","102"
"13312","1","159"
"13313","1","120"
"13314","1","73"
"13315","1","0"
"13316","1","0"
"13317","1","92"
"13318","1","153"
"13319","1","0"
"13320","1","153"
"13321","1","37"
"13322","1","0"
"13323","1","79"
"13324","1","0"
"13325","1","0"
"13326","1","0"
"13327","1","137"
"13328","1","200"
"13329","1","19"
"13330","1","150"
"13331","1","121"
"13332","1","185"
"13333","1","184"
"13334","1","200"
"13335","1","0"
"13336","1","120"
"13337","1","97"
"13338","1","40"
"13339","1","94"
"13340","1","0"
"13341","1","200"
"13342","1","179"
"13343","1","123"
"13344","1","0"
"13345","1","9"
"13346","1","179"
"13347","1","0"
"13348","1","144"
"13349","1","0"
"13350","1","196"
"13351","1","186"
"13352","1","61"
"13353","1","15"
"13354","1","0"
"13355","1","0"
"13356","1","0"
"13357","1","1"
"13358","1","87"
"13359","1","140"
"13360","1","83"
"13361","1","200"
"13362","1","200"
"13363","1","201"
"13364","1","60"
"13365","1","0"
"13366","1","0"
"13367","1","0"
"13368","1","50"
"13369","1","200"
"13370","1","200"
"13371","1","45"
"13372","1","200"
"13373","1","171"
"13374","1","190"
"13375","1","199"
"13376","1","172"
"13377","1","171"
"13378","1","0"
"13379","1","30"
"13380","1","80"
"13381","1","157"
"13382","1","17"
"13383","1","0"
"13384","1","180"
"13385","1","183"
"13386","1","155"
"13387","1","200"
"13388","1","200"
"13389","1","147"
"13390","1","0"
"13391","1","200"
"13392","1","9"
"13393","1","18"
"13394","1","0"
"13395","1","0"
"13396","1","0"
"13397","1","201"
"13398","1","182"
"13399","1","146"
"13400","1","38"
"13401","1","117"
"13402","1","41"
"13403","1","157"
"13404","1","183"
"13405","1","201"
"13406","1","0"
"13407","1","21"
"13408","1","123"
"13409","1","24"
"13410","1","200"
"13411","1","0"
"13412","1","90"
"13413","1","150"
"13414","1","200"
"13415","1","199"
"13416","1","199"
"13417","1","199"
"13418","1","199"
"13419","1","114"
"13420","1","0"
"13421","1","171"
"13422","1","201"
"13423","1","200"
"13424","1","201"
"13425","1","0"
"13426","1","3"
"13427","1","0"
"13428","1","137"
"13429","1","92"
"13430","1","136"
"13431","1","199"
"13432","1","146"
"13433","1","123"
"13434","1","181"
"13435","1","157"
"13436","1","66"
"13437","1","31"
"13438","1","0"
"13439","1","0"
"13440","1","200"
"13441","1","163"
"13442","1","153"
"13443","1","164"
"13444","1","0"
"13445","1","200"
"13446","1","11"
"13447","1","1"
"13448","1","72"
"13449","1","180"
"13450","1","0"
"13451","1","0"
"13452","1","164"
"13453","1","0"
"13454","1","133"
"13455","1","152"
"13456","1","200"
"13457","1","138"
"13458","1","62"
"13459","1","144"
"13460","1","141"
"13461","1","167"
"13462","1","200"
"13463","1","19"
"13464","1","1"
"13465","1","0"
"13466","1","200"
"13467","1","201"
"13468","1","157"
"13469","1","172"
"13470","1","142"
"13471","1","201"
"13472","1","192"
"13473","1","195"
"13474","1","132"
"13475","1","168"
"13476","1","10"
"13477","1","123"
"13478","1","0"
"13479","1","200"
"13480","1","153"
"13481","1","0"
"13482","1","68"
"13483","1","12"
"13484","1","0"
"13485","1","0"
"13486","1","115"
"13487","1","31"
"13488","1","109"
"13489","1","0"
"13490","1","102"
"13491","1","49"
"13492","1","199"
"13493","1","200"
"13494","1","200"
"13495","1","199"
"13496","1","199"
"13497","1","199"
"13498","1","199"
"13499","1","199"
"13500","1","10"
"13501","1","0"
"13502","1","201"
"13503","1","17"
"13504","1","123"
"13505","1","145"
"13506","1","195"
"13507","1","200"
"13508","1","87"
"13509","1","14"
"13510","1","0"
"13511","1","9"
"13512","1","33"
"13513","1","33"
"13514","1","0"
"13515","1","0"
"13516","1","154"
"13517","1","101"
"13518","1","0"
"13519","1","0"
"13520","1","143"
"13521","1","73"
"13522","1","111"
"13523","1","1"
"13524","1","200"
"13525","1","176"
"13526","1","164"
"13527","1","53"
"13528","1","32"
"13529","1","0"
"13530","1","179"
"13531","1","176"
"13532","1","74"
"13533","1","0"
"13534","1","201"
"13535","1","139"
"13536","1","127"
"13537","1","159"
"13538","1","32"
"13539","1","0"
"13540","1","47"
"13541","1","201"
"13542","1","139"
"13543","1","145"
"13544","1","200"
"13545","1","32"
"13546","1","123"
"13547","1","164"
"13548","1","201"
"13549","1","33"
"13550","1","0"
"13551","1","200"
"13552","1","199"
"13553","1","199"
"13554","1","199"
"13555","1","199"
"13556","1","199"
"13557","1","199"
"13558","1","201"
"13559","1","0"
"13560","1","21"
"13561","1","61"
"13562","1","30"
"13563","1","170"
"13564","1","200"
"13565","1","77"
"13566","1","0"
"13567","1","82"
"13568","1","199"
"13569","1","101"
"13570","1","0"
"13571","1","0"
"13572","1","0"
"13573","1","0"
"13574","1","152"
"13575","1","95"
"13576","1","128"
"13577","1","0"
"13578","","200"
"13579","1","170"
"13580","1","144"
"13581","1","96"
"13582","1","0"
"13583","1","0"
"13584","1","123"
"13585","1","200"
"13586","1","193"
"13587","1","198"
"13588","1","168"
"13589","1","180"
"13590","1","0"
"13591","1","50"
"13592","1","107"
"13593","1","60"
"13594","1","151"
"13595","1","201"
"13596","1","90"
"13597","1","153"
"13598","1","5"
"13599","1","35"
"13600","1","0"
"13601","1","191"
"13602","1","174"
"13603","1","200"
"13604","1","155"
"13605","1","0"
"13606","1","165"
"13607","1","168"
"13608","1","201"
"13609","1","168"
"13610","1","0"
"13611","1","184"
"13612","1","177"
"13613","1","5"
"13614","1","0"
"13615","1","145"
"13616","1","0"
"13617","1","52"
"13618","1","108"
"13619","1","10"
"13620","1","191"
"13621","1","184"
"13622","1","191"
"13623","1","124"
"13624","1","141"
"13625","1","201"
"13626","1","169"
"13627","1","83"
"13628","1","168"
"13629","1","104"
"13630","1","86"
"13631","1","0"
"13632","1","0"
"13633","1","148"
"13634","1","200"
"13635","1","0"
"13636","1","183"
"13637","1","160"
"13638","1","201"
"13639","1","122"
"13640","1","183"
"13641","1","89"
"13642","1","0"
"13643","1","0"
"13644","1","0"
"13645","1","94"
"13646","1","0"
"13647","1","0"
"13648","1","0"
"13649","1","201"
"13650","1","118"
"13651","1","190"
"13652","1","157"
"13653","1","150"
"13654","1","37"
"13655","1","130"
"13656","1","159"
"13657","1","147"
"13658","1","53"
"13659","1","147"
"13660","1","166"
"13661","1","144"
"13662","1","170"
"13663","1","146"
"13664","1","151"
"13665","1","87"
"13666","1","201"
"13667","1","83"
"13668","1","200"
"13669","1","200"
"13670","1","131"
"13671","1","121"
"13672","1","103"
"13673","1","159"
"13674","1","138"
"13675","1","141"
"13676","1","164"
"13677","1","119"
"13678","1","93"
"13679","1","67"
"13680","1","178"
"13681","1","166"
"13682","1","94"
"13683","1","192"
"13684","","0"
"13685","1","24"
"13686","1","171"
"13687","1","0"
"13688","1","200"
"13689","1","0"
"13690","1","201"
"13691","1","120"
"13692","1","201"
"13693","1","0"
"13694","1","147"
"13695","1","152"
"13696","1","70"
"13697","1","89"
"13698","1","116"
"13699","1","16"
"13700","1","0"
"13701","1","80"
"13702","1","0"
"13703","1","0"
"13704","1","200"
"13705","1","10"
"13706","1","0"
"13707","1","83"
"13708","1","190"
"13709","1","200"
"13710","1","86"
"13711","1","0"
"13712","1","182"
"13713","1","154"
"13714","1","109"
"13715","1","200"
"13716","1","122"
"13717","1","184"
"13718","1","155"
"13719","1","153"
"13720","1","0"
"13721","1","0"
"13722","1","49"
"13723","1","0"
"13724","1","185"
"13725","1","0"
"13726","1","200"
"13727","1","201"
"13728","1","61"
"13729","1","200"
"13730","1","200"
"13731","1","0"
"13732","1","112"
"13733","1","38"
"13734","1","163"
"13735","1","153"
"13736","1","112"
"13737","1","122"
"13738","1","87"
"13739","1","154"
"13740","1","2"
"13741","1","138"
"13742","1","0"
"13743","1","30"
"13744","1","86"
"13745","1","12"
"13746","1","200"
"13747","1","201"
"13748","1","179"
"13749","1","200"
"13750","1","0"
"13751","1","194"
"13752","1","180"
"13753","1","40"
"13754","1","4"
"13755","1","154"
"13756","1","56"
"13757","1","157"
"13758","1","200"
"13759","1","181"
"13760","1","145"
"13761","1","120"
"13762","1","189"
"13763","1","96"
"13764","1","104"
"13765","1","191"
"13766","1","155"
"13767","1","0"
"13768","1","187"
"13769","1","188"
"13770","1","154"
"13771","1","194"
"13772","1","0"
"13773","1","73"
"13774","1","156"
"13775","1","158"
"13776","1","125"
"13777","1","0"
"13778","1","185"
"13779","1","0"
"13780","1","184"
"13781","1","155"
"13782","1","139"
"13783","1","0"
"13784","1","73"
"13785","1","200"
"13786","1","201"
"13787","1","95"
"13788","1","179"
"13789","1","180"
"13790","1","0"
"13791","1","132"
"13792","1","146"
"13793","1","178"
"13794","1","200"
"13795","1","0"
"13796","1","136"
"13797","1","92"
"13798","1","17"
"13799","1","51"
"13800","1","190"
"13801","1","200"
"13802","1","175"
"13803","1","111"
"13804","1","95"
"13805","1","201"
"13806","1","201"
"13807","1","87"
"13808","1","200"
"13809","1","153"
"13810","1","140"
"13811","1","154"
"13812","1","155"
"13813","1","154"
"13814","1","136"
"13815","1","145"
"13816","1","184"
"13817","1","200"
"13818","1","154"
"13819","1","0"
"13820","1","76"
"13821","1","81"
"13822","1","98"
"13823","1","0"
"13824","1","63"
"13825","1","101"
"13826","1","200"
"13827","1","15"
"13828","1","193"
"13829","1","0"
"13830","1","200"
"13831","1","0"
"13832","1","22"
"13833","1","63"
"13834","1","200"
"13835","1","161"
"13836","1","198"
"13837","1","198"
"13838","1","198"
"13839","1","198"
"13840","1","198"
"13841","1","160"
"13842","1","153"
"13843","1","198"
"13844","1","40"
"13845","1","179"
"13846","1","200"
"13847","1","142"
"13848","1","12"
"13849","1","184"
"13850","1","200"
"13851","1","171"
"13852","1","0"
"13853","1","0"
"13854","1","147"
"13855","1","35"
"13856","1","153"
"13857","1","134"
"13858","1","31"
"13859","1","201"
"13860","1","0"
"13861","1","181"
"13862","1","0"
"13863","1","146"
"13864","1","89"
"13865","1","200"
"13866","1","113"
"13867","1","166"
"13868","1","0"
"13869","1","0"
"13870","1","200"
"13871","1","153"
"13872","1","115"
"13873","1","201"
"13874","1","178"
"13875","1","200"
"13876","1","149"
"13877","1","154"
"13878","1","128"
"13879","1","56"
"13880","1","132"
"13881","1","167"
"13882","1","0"
"13883","1","153"
"13884","1","106"
"13885","1","185"
"13886","1","89"
"13887","1","88"
"13888","1","155"
"13889","1","198"
"13890","1","104"
"13891","1","36"
"13892","1","111"
"13893","1","122"
"13894","1","200"
"13895","1","175"
"13896","1","0"
"13897","1","132"
"13898","1","5"
"13899","1","199"
"13900","1","200"
"13901","1","201"
"13902","1","193"
"13903","1","0"
"13904","1","58"
"13905","1","159"
"13906","1","201"
"13907","1","126"
"13908","1","73"
"13909","1","0"
"13910","1","0"
"13911","1","0"
"13912","1","201"
"13913","1","55"
"13914","1","77"
"13915","1","200"
"13916","1","0"
"13917","1","189"
"13918","1","63"
"13919","1","0"
"13920","1","167"
"13921","1","0"
"13922","1","200"
"13923","1","138"
"13924","1","0"
"13925","1","0"
"13926","1","0"
"13927","1","0"
"13928","1","172"
"13929","1","16"
"13930","1","0"
"13931","1","174"
"13932","1","153"
"13933","1","0"
"13934","1","178"
"13935","1","129"
"13936","1","136"
"13937","1","192"
"13938","1","135"
"13939","1","160"
"13940","1","146"
"13941","1","169"
"13942","1","0"
"13943","1","13"
"13944","1","159"
"13945","1","0"
"13946","1","0"
"13947","1","165"
"13948","1","146"
"13949","1","0"
"13950","1","184"
"13951","1","146"
"13952","1","55"
"13953","1","129"
"13954","1","153"
"13955","1","62"
"13956","1","174"
"13957","1","72"
"13958","1","176"
"13959","1","200"
"13960","1","116"
"13961","1","144"
"13962","1","154"
"13963","1","31"
"13964","1","59"
"13965","1","31"
"13966","1","0"
"13967","1","93"
"13968","1","200"
"13969","1","159"
"13970","1","200"
"13971","1","39"
"13972","1","169"
"13973","1","0"
"13974","1","59"
"13975","1","31"
"13976","1","0"
"13977","1","161"
"13978","1","201"
"13979","1","138"
"13980","1","3"
"13981","1","184"
"13982","1","93"
"13983","1","169"
"13984","1","131"
"13985","1","131"
"13986","1","126"
"13987","1","127"
"13988","1","130"
"13989","1","192"
"13990","1","193"
"13991","1","0"
"13992","1","197"
"13993","1","123"
"13994","1","32"
"13995","1","4"
"13996","1","187"
"13997","1","201"
"13998","1","138"
"13999","1","124"
"14000","1","200"
"14001","1","200"
"14002","1","143"
"14003","1","34"
"14004","1","0"
"14005","1","20"
"14006","1","148"
"14007","1","154"
"14008","1","200"
"14009","1","147"
"14010","1","185"
"14011","1","201"
"14012","1","59"
"14013","1","31"
"14014","1","0"
"14015","1","32"
"14016","1","144"
"14017","1","171"
"14018","1","184"
"14019","1","161"
"14020","1","81"
"14021","1","117"
"14022","1","201"
"14023","1","40"
"14024","1","0"
"14025","1","38"
"14026","1","92"
"14027","1","197"
"14028","1","0"
"14029","1","0"
"14030","1","26"
"14031","1","152"
"14032","1","0"
"14033","1","173"
"14034","1","139"
"14035","1","142"
"14036","1","158"
"14037","1","185"
"14038","1","0"
"14039","1","26"
"14040","1","201"
"14041","1","122"
"14042","1","86"
"14043","1","164"
"14044","1","199"
"14045","1","74"
"14046","1","200"
"14047","1","0"
"14048","1","199"
"14049","1","199"
"14050","1","57"
"14051","1","194"
"14052","1","80"
"14053","1","199"
"14054","1","0"
"14055","1","0"
"14056","1","34"
"14057","1","32"
"14058","1","114"
"14059","","0"
"14060","1","13"
"14061","1","0"
"14062","1","0"
"14063","1","201"
"14064","1","201"
"14065","1","130"
"14066","1","178"
"14067","1","19"
"14068","1","5"
"14069","1","196"
"14070","1","36"
"14071","1","0"
"14072","1","201"
"14073","1","125"
"14074","1","132"
"14075","1","0"
"14076","1","0"
"14077","1","147"
"14078","1","200"
"14079","1","0"
"14080","1","190"
"14081","1","180"
"14082","1","200"
"14083","1","0"
"14084","1","174"
"14085","1","35"
"14086","1","200"
"14087","1","139"
"14088","1","0"
"14089","1","123"
"14090","1","201"
"14091","1","141"
"14092","1","83"
"14093","","201"
"14094","1","73"
"14095","1","166"
"14096","1","0"
"14097","1","154"
"14098","1","138"
"14099","1","56"
"14100","1","196"
"14101","1","123"
"14102","1","200"
"14103","1","60"
"14104","1","131"
"14105","1","166"
"14106","1","123"
"14107","1","198"
"14108","1","198"
"14109","1","198"
"14110","1","198"
"14111","1","198"
"14112","1","198"
"14113","1","182"
"14114","1","199"
"14115","1","198"
"14116","1","198"
"14117","1","0"
"14118","1","155"
"14119","1","0"
"14120","1","123"
"14121","1","48"
"14122","1","200"
"14123","1","144"
"14124","1","48"
"14125","1","0"
"14126","1","28"
"14127","1","0"
"14128","1","0"
"14129","1","170"
"14130","1","85"
"14131","1","200"
"14132","1","0"
"14133","1","0"
"14134","1","0"
"14135","1","0"
"14136","1","200"
"14137","1","59"
"14138","1","172"
"14139","1","184"
"14140","1","194"
"14141","1","191"
"14142","1","0"
"14143","1","0"
"14144","1","134"
"14145","1","182"
"14146","1","193"
"14147","1","186"
"14148","1","107"
"14149","1","89"
"14150","1","84"
"14151","1","200"
"14152","1","0"
"14153","1","159"
"14154","1","124"
"14155","1","47"
"14156","1","0"
"14157","1","200"
"14158","1","154"
"14159","1","82"
"14160","1","139"
"14161","1","144"
"14162","1","70"
"14163","1","191"
"14164","1","146"
"14165","1","0"
"14166","1","8"
"14167","1","166"
"14168","1","137"
"14169","1","2"
"14170","1","182"
"14171","1","98"
"14172","1","124"
"14173","1","97"
"14174","1","0"
"14175","1","18"
"14176","1","107"
"14177","1","154"
"14178","1","192"
"14179","1","133"
"14180","1","93"
"14181","1","146"
"14182","1","201"
"14183","1","122"
"14184","1","201"
"14185","1","172"
"14186","1","0"
"14187","1","0"
"14188","1","165"
"14189","1","194"
"14190","1","123"
"14191","1","0"
"14192","1","201"
"14193","1","149"
"14194","1","177"
"14195","1","200"
"14196","1","110"
"14197","1","126"
"14198","1","173"
"14199","1","98"
"14200","1","84"
"14201","1","125"
"14202","1","199"
"14203","1","0"
"14204","1","92"
"14205","1","108"
"14206","1","198"
"14207","1","36"
"14208","1","0"
"14209","1","177"
"14210","1","0"
"14211","1","200"
"14212","1","0"
"14213","1","0"
"14214","1","90"
"14215","1","200"
"14216","1","32"
"14217","1","200"
"14218","1","83"
"14219","1","130"
"14220","1","0"
"14221","1","1"
"14222","1","0"
"14223","1","198"
"14224","1","62"
"14225","1","172"
"14226","1","152"
"14227","1","141"
"14228","1","56"
"14229","1","0"
"14230","1","200"
"14231","1","201"
"14232","1","71"
"14233","1","198"
"14234","1","201"
"14235","1","153"
"14236","1","89"
"14237","1","144"
"14238","1","9"
"14239","1","123"
"14240","1","96"
"14241","1","169"
"14242","1","199"
"14243","1","0"
"14244","1","83"
"14245","1","169"
"14246","1","0"
"14247","1","131"
"14248","1","104"
"14249","1","138"
"14250","1","0"
"14251","1","53"
"14252","1","201"
"14253","1","201"
"14254","1","198"
"14255","1","181"
"14256","1","201"
"14257","1","0"
"14258","1","33"
"14259","1","11"
"14260","1","74"
"14261","1","56"
"14262","1","85"
"14263","1","93"
"14264","1","81"
"14265","1","86"
"14266","1","102"
"14267","1","84"
"14268","1","75"
"14269","1","32"
"14270","1","158"
"14271","1","108"
"14272","1","44"
"14273","1","31"
"14274","1","194"
"14275","1","120"
"14276","1","0"
"14277","1","144"
"14278","1","103"
"14279","1","54"
"14280","1","147"
"14281","1","89"
"14282","1","199"
"14283","1","154"
"14284","1","163"
"14285","1","139"
"14286","1","151"
"14287","1","0"
"14288","1","96"
"14289","1","171"
"14290","1","31"
"14291","1","174"
"14292","1","0"
"14293","1","153"
"14294","1","201"
"14295","1","154"
"14296","1","167"
"14297","1","178"
"14298","1","200"
"14299","1","53"
"14300","1","37"
"14301","1","201"
"14302","1","104"
"14303","1","163"
"14304","1","58"
"14305","1","104"
"14306","1","0"
"14307","1","200"
"14308","1","200"
"14309","1","171"
"14310","1","83"
"14311","1","155"
"14312","1","155"
"14313","1","155"
"14314","1","155"
"14315","1","185"
"14316","1","27"
"14317","1","40"
"14318","1","147"
"14319","1","97"
"14320","1","189"
"14321","1","138"
"14322","1","201"
"14323","1","0"
"14324","1","201"
"14325","1","190"
"14326","1","167"
"14327","1","200"
"14328","1","147"
"14329","1","0"
"14330","1","191"
"14331","1","170"
"14332","1","138"
"14333","1","171"
"14334","1","29"
"14335","1","16"
"14336","1","0"
"14337","1","178"
"14338","1","0"
"14339","1","82"
"14340","1","0"
"14341","1","200"
"14342","1","0"
"14343","1","122"
"14344","1","183"
"14345","1","26"
"14346","1","194"
"14347","1","60"
"14348","1","200"
"14349","1","0"
"14350","1","0"
"14351","1","201"
"14352","1","148"
"14353","1","201"
"14354","1","123"
"14355","1","0"
"14356","1","194"
"14357","1","182"
"14358","1","104"
"14359","1","200"
"14360","1","0"
"14361","1","201"
"14362","1","124"
"14363","1","172"
"14364","1","200"
"14365","1","90"
"14366","1","154"
"14367","1","200"
"14368","1","201"
"14369","1","31"
"14370","1","31"
"14371","1","31"
"14372","1","38"
"14373","1","0"
"14374","1","135"
"14375","1","167"
"14376","1","182"
"14377","1","0"
"14378","1","0"
"14379","1","73"
"14380","1","8"
"14381","1","31"
"14382","1","31"
"14383","1","31"
"14384","1","31"
"14385","1","31"
"14386","1","31"
"14387","1","130"
"14388","1","0"
"14389","1","0"
"14390","1","0"
"14391","1","0"
"14392","1","0"
"14393","1","0"
"14394","1","0"
"14395","1","0"
"14396","1","0"
"14397","1","28"
"14398","1","153"
"14399","1","200"
"14400","1","177"
"14401","1","88"
"14402","","200"
"14403","1","192"
"14404","1","123"
"14405","1","109"
"14406","1","153"
"14407","1","20"
"14408","1","11"
"14409","1","31"
"14410","1","168"
"14411","1","168"
"14412","1","176"
"14413","1","0"
"14414","1","47"
"14415","1","0"
"14416","1","169"
"14417","1","103"
"14418","1","57"
"14419","1","26"
"14420","1","147"
"14421","1","200"
"14422","1","43"
"14423","1","196"
"14424","1","24"
"14425","1","87"
"14426","1","133"
"14427","1","200"
"14428","1","187"
"14429","1","42"
"14430","1","201"
"14431","1","0"
"14432","1","87"
"14433","1","0"
"14434","1","0"
"14435","1","0"
"14436","1","14"
"14437","1","92"
"14438","1","200"
"14439","1","169"
"14440","1","0"
"14441","1","102"
"14442","1","4"
"14443","1","200"
"14444","1","35"
"14445","1","0"
"14446","1","110"
"14447","1","200"
"14448","1","20"
"14449","","199"
"14450","1","167"
"14451","1","132"
"14452","1","93"
"14453","1","116"
"14454","1","0"
"14455","1","0"
"14456","1","199"
"14457","1","48"
"14458","1","0"
"14459","1","141"
"14460","1","199"
"14461","1","170"
"14462","1","0"
"14463","1","68"
"14464","1","141"
"14465","1","154"
"14466","1","200"
"14467","1","144"
"14468","1","103"
"14469","1","159"
"14470","1","93"
"14471","1","201"
"14472","1","176"
"14473","1","183"
"14474","1","153"
"14475","1","141"
"14476","1","200"
"14477","1","77"
"14478","1","0"
"14479","1","159"
"14480","1","0"
"14481","1","165"
"14482","1","160"
"14483","1","170"
"14484","1","9"
"14485","1","135"
"14486","1","200"
"14487","1","0"
"14488","1","176"
"14489","1","201"
"14490","1","32"
"14491","1","199"
"14492","1","200"
"14493","1","200"
"14494","1","201"
"14495","1","18"
"14496","1","160"
"14497","1","200"
"14498","1","200"
"14499","1","200"
"14500","1","78"
"14501","1","2"
"14502","1","60"
"14503","1","90"
"14504","1","145"
"14505","1","155"
"14506","1","201"
"14507","1","177"
"14508","1","9"
"14509","1","200"
"14510","1","10"
"14511","1","0"
"14512","1","155"
"14513","1","0"
"14514","1","0"
"14515","1","0"
"14516","1","62"
"14517","1","199"
"14518","1","0"
"14519","1","60"
"14520","1","196"
"14521","1","3"
"14522","1","151"
"14523","1","136"
"14524","1","149"
"14525","1","83"
"14526","1","35"
"14527","1","198"
"14528","1","200"
"14529","1","0"
"14530","1","0"
"14531","1","168"
"14532","1","154"
"14533","1","0"
"14534","1","0"
"14535","1","136"
"14536","1","102"
"14537","1","36"
"14538","1","171"
"14539","1","0"
"14540","1","128"
"14541","1","166"
"14542","1","153"
"14543","1","0"
"14544","1","151"
"14545","1","32"
"14546","1","157"
"14547","1","69"
"14548","1","0"
"14549","1","201"
"14550","1","158"
"14551","1","134"
"14552","1","96"
"14553","1","130"
"14554","1","201"
"14555","1","0"
"14556","1","0"
"14557","1","177"
"14558","1","64"
"14559","1","0"
"14560","1","0"
"14561","1","70"
"14562","1","149"
"14563","1","93"
"14564","1","0"
"14565","1","157"
"14566","1","152"
"14567","1","95"
"14568","1","130"
"14569","1","177"
"14570","1","110"
"14571","1","0"
"14572","1","0"
"14573","1","201"
"14574","1","146"
"14575","1","199"
"14576","1","0"
"14577","1","192"
"14578","1","85"
"14579","1","200"
"14580","1","197"
"14581","1","161"
"14582","1","165"
"14583","1","138"
"14584","1","200"
"14585","1","43"
"14586","1","201"
"14587","1","132"
"14588","1","200"
"14589","1","0"
"14590","1","0"
"14591","1","156"
"14592","1","132"
"14593","1","0"
"14594","1","200"
"14595","1","10"
"14596","1","200"
"14597","1","173"
"14598","1","200"
"14599","1","47"
"14600","1","201"
"14601","1","201"
"14602","1","5"
"14603","1","0"
"14604","1","0"
"14605","1","200"
"14606","1","184"
"14607","1","0"
"14608","1","200"
"14609","1","34"
"14610","1","157"
"14611","1","179"
"14612","1","95"
"14613","1","0"
"14614","1","0"
"14615","1","57"
"14616","1","199"
"14617","1","0"
"14618","1","0"
"14619","1","200"
"14620","1","0"
"14621","1","0"
"14622","1","0"
"14623","1","56"
"14624","1","0"
"14625","1","0"
"14626","1","0"
"14627","1","0"
"14628","1","0"
"14629","1","0"
"14630","1","0"
"14631","1","0"
"14632","1","0"
"14633","1","0"
"14634","1","0"
"14635","1","0"
"14636","1","0"
"14637","1","0"
"14638","1","0"
"14639","1","0"
"14640","1","200"
"14641","1","0"
"14642","1","0"
"14643","1","0"
"14644","1","0"
"14645","1","0"
"14646","1","0"
"14647","1","0"
"14648","1","0"
"14649","1","0"
"14650","1","0"
"14651","1","0"
"14652","1","0"
"14653","1","0"
"14654","1","0"
"14655","1","0"
"14656","1","0"
"14657","1","0"
"14658","1","89"
"14659","1","0"
"14660","1","0"
"14661","1","0"
"14662","1","0"
"14663","1","1"
"14664","1","51"
"14665","1","200"
"14666","1","172"
"14667","1","14"
"14668","1","0"
"14669","1","183"
"14670","1","132"
"14671","1","159"
"14672","1","16"
"14673","1","200"
"14674","1","181"
"14675","1","60"
"14676","1","68"
"14677","1","116"
"14678","1","93"
"14679","1","31"
"14680","1","33"
"14681","1","199"
"14682","1","0"
"14683","1","136"
"14684","1","147"
"14685","1","68"
"14686","1","201"
"14687","1","0"
"14688","1","23"
"14689","1","149"
"14690","1","185"
"14691","1","0"
"14692","1","0"
"14693","1","185"
"14694","1","192"
"14695","1","113"
"14696","1","201"
"14697","1","5"
"14698","1","70"
"14699","1","122"
"14700","1","93"
"14701","1","142"
"14702","1","0"
"14703","1","57"
"14704","1","194"
"14705","1","1"
"14706","1","0"
"14707","1","107"
"14708","1","0"
"14709","1","0"
"14710","1","0"
"14711","1","109"
"14712","1","184"
"14713","1","201"
"14714","1","0"
"14715","1","183"
"14716","1","139"
"14717","1","198"
"14718","1","180"
"14719","1","80"
"14720","1","0"
"14721","1","132"
"14722","1","179"
"14723","1","134"
"14724","1","194"
"14725","1","183"
"14726","1","69"
"14727","1","0"
"14728","1","0"
"14729","1","200"
"14730","1","200"
"14731","1","181"
"14732","1","146"
"14733","1","201"
"14734","1","199"
"14735","1","174"
"14736","1","92"
"14737","1","124"
"14738","1","0"
"14739","1","149"
"14740","1","153"
"14741","1","145"
"14742","1","159"
"14743","1","26"
"14744","1","199"
"14745","1","0"
"14746","1","184"
"14747","1","200"
"14748","1","154"
"14749","1","136"
"14750","1","90"
"14751","1","89"
"14752","1","89"
"14753","1","89"
"14754","1","0"
"14755","1","0"
"14756","1","0"
"14757","1","0"
"14758","1","0"
"14759","1","0"
"14760","1","0"
"14761","1","200"
"14762","1","201"
"14763","1","0"
"14764","1","200"
"14765","1","0"
"14766","1","162"
"14767","1","145"
"14768","1","0"
"14769","1","200"
"14770","1","160"
"14771","1","201"
"14772","1","200"
"14773","1","141"
"14774","1","47"
"14775","1","118"
"14776","1","46"
"14777","1","0"
"14778","1","176"
"14779","1","158"
"14780","1","201"
"14781","1","139"
"14782","1","82"
"14783","1","201"
"14784","1","0"
"14785","1","201"
"14786","1","200"
"14787","1","178"
"14788","1","111"
"14789","1","75"
"14790","1","179"
"14791","1","90"
"14792","1","0"
"14793","1","171"
"14794","1","184"
"14795","1","0"
"14796","1","40"
"14797","1","153"
"14798","1","0"
"14799","1","124"
"14800","1","65"
"14801","1","88"
"14802","1","0"
"14803","1","156"
"14804","1","93"
"14805","1","130"
"14806","1","0"
"14807","1","0"
"14808","1","0"
"14809","1","0"
"14810","1","151"
"14811","1","146"
"14812","1","7"
"14813","1","37"
"14814","1","83"
"14815","1","0"
"14816","1","33"
"14817","1","130"
"14818","1","186"
"14819","1","93"
"14820","1","55"
"14821","1","28"
"14822","1","88"
"14823","1","0"
"14824","1","200"
"14825","1","180"
"14826","1","41"
"14827","1","51"
"14828","1","201"
"14829","1","175"
"14830","1","172"
"14831","1","169"
"14832","1","0"
"14833","1","0"
"14834","1","58"
"14835","1","0"
"14836","1","0"
"14837","1","135"
"14838","1","200"
"14839","1","123"
"14840","1","88"
"14841","1","0"
"14842","1","200"
"14843","1","0"
"14844","1","27"
"14845","1","0"
"14846","1","122"
"14847","1","145"
"14848","1","141"
"14849","1","0"
"14850","1","199"
"14851","1","116"
"14852","1","201"
"14853","1","0"
"14854","1","170"
"14855","1","89"
"14856","1","49"
"14857","1","152"
"14858","1","0"
"14859","1","189"
"14860","1","199"
"14861","1","145"
"14862","1","0"
"14863","1","0"
"14864","1","139"
"14865","1","126"
"14866","1","199"
"14867","1","7"
"14868","1","41"
"14869","1","0"
"14870","1","200"
"14871","1","174"
"14872","1","19"
"14873","1","97"
"14874","1","128"
"14875","1","169"
"14876","1","0"
"14877","1","2"
"14878","1","2"
"14879","1","87"
"14880","1","31"
"14881","1","92"
"14882","1","36"
"14883","1","114"
"14884","1","159"
"14885","1","0"
"14886","1","0"
"14887","1","137"
"14888","1","101"
"14889","1","200"
"14890","1","0"
"14891","1","199"
"14892","1","0"
"14893","1","19"
"14894","1","137"
"14895","1","82"
"14896","1","141"
"14897","1","184"
"14898","1","200"
"14899","1","0"
"14900","1","180"
"14901","1","123"
"14902","1","156"
"14903","1","154"
"14904","1","0"
"14905","1","0"
"14906","1","170"
"14907","1","181"
"14908","1","0"
"14909","1","201"
"14910","1","54"
"14911","1","2"
"14912","1","147"
"14913","1","90"
"14914","1","0"
"14915","1","0"
"14916","1","0"
"14917","1","101"
"14918","1","123"
"14919","1","201"
"14920","1","201"
"14921","1","0"
"14922","1","200"
"14923","1","125"
"14924","1","106"
"14925","1","123"
"14926","1","73"
"14927","1","200"
"14928","1","200"
"14929","1","122"
"14930","1","187"
"14931","1","132"
"14932","1","109"
"14933","1","139"
"14934","1","201"
"14935","1","193"
"14936","1","171"
"14937","1","143"
"14938","1","180"
"14939","1","132"
"14940","1","199"
"14941","1","59"
"14942","1","200"
"14943","1","112"
"14944","1","131"
"14945","1","111"
"14946","1","200"
"14947","1","0"
"14948","1","81"
"14949","1","65"
"14950","1","92"
"14951","1","104"
"14952","1","83"
"14953","1","17"
"14954","1","109"
"14955","1","147"
"14956","1","201"
"14957","1","139"
"14958","1","127"
"14959","1","0"
"14960","1","178"
"14961","1","15"
"14962","1","0"
"14963","1","185"
"14964","1","198"
"14965","1","187"
"14966","1","90"
"14967","1","201"
"14968","1","31"
"14969","1","44"
"14970","1","122"
"14971","1","201"
"14972","1","122"
"14973","1","155"
"14974","1","168"
"14975","1","139"
"14976","1","63"
"14977","1","200"
"14978","1","149"
"14979","1","162"
"14980","1","105"
"14981","1","109"
"14982","1","123"
"14983","1","4"
"14984","1","0"
"14985","1","178"
"14986","1","0"
"14987","1","0"
"14988","1","197"
"14989","1","163"
"14990","1","159"
"14991","1","85"
"14992","1","0"
"14993","1","130"
"14994","1","36"
"14995","1","200"
"14996","1","184"
"14997","1","6"
"14998","1","201"
"14999","1","0"
"15000","1","86"
"15001","1","88"
"15002","1","158"
"15003","1","146"
"15004","1","132"
"15005","1","130"
"15006","1","138"
"15007","1","0"
"15008","1","193"
"15009","1","163"
"15010","1","0"
"15011","1","0"
"15012","1","163"
"15013","1","144"
"15014","1","200"
"15015","1","198"
"15016","1","180"
"15017","1","31"
"15018","1","200"
"15019","1","76"
"15020","1","77"
"15021","1","201"
"15022","1","109"
"15023","1","0"
"15024","1","169"
"15025","1","0"
"15026","1","88"
"15027","1","162"
"15028","1","200"
"15029","1","92"
"15030","1","0"
"15031","1","0"
"15032","1","0"
"15033","1","141"
"15034","1","104"
"15035","1","110"
"15036","1","201"
"15037","1","200"
"15038","1","0"
"15039","1","153"
"15040","1","0"
"15041","1","200"
"15042","1","173"
"15043","1","0"
"15044","1","0"
"15045","1","0"
"15046","1","0"
"15047","1","113"
"15048","1","65"
"15049","1","159"
"15050","1","180"
"15051","1","185"
"15052","1","0"
"15053","1","117"
"15054","1","0"
"15055","1","32"
"15056","1","190"
"15057","1","51"
"15058","1","201"
"15059","1","124"
"15060","1","149"
"15061","1","153"
"15062","1","168"
"15063","1","61"
"15064","1","186"
"15065","1","62"
"15066","1","0"
"15067","1","0"
"15068","1","136"
"15069","1","148"
"15070","1","1"
"15071","1","180"
"15072","1","200"
"15073","1","201"
"15074","1","0"
"15075","1","201"
"15076","1","192"
"15077","1","179"
"15078","1","163"
"15079","1","149"
"15080","1","30"
"15081","1","193"
"15082","1","136"
"15083","1","0"
"15084","1","149"
"15085","1","115"
"15086","1","0"
"15087","1","0"
"15088","1","0"
"15089","1","0"
"15090","1","0"
"15091","1","22"
"15092","1","0"
"15093","1","170"
"15094","1","170"
"15095","1","187"
"15096","1","0"
"15097","1","103"
"15098","1","155"
"15099","1","132"
"15100","1","201"
"15101","1","96"
"15102","1","201"
"15103","1","147"
"15104","1","181"
"15105","1","31"
"15106","1","8"
"15107","1","8"
"15108","1","47"
"15109","1","2"
"15110","1","0"
"15111","1","0"
"15112","1","180"
"15113","1","173"
"15114","1","192"
"15115","1","201"
"15116","1","86"
"15117","1","57"
"15118","1","95"
"15119","1","198"
"15120","1","36"
"15121","1","200"
"15122","1","0"
"15123","1","0"
"15124","1","200"
"15125","1","31"
"15126","1","121"
"15127","1","141"
"15128","1","142"
"15129","1","167"
"15130","1","200"
"15131","1","194"
"15132","1","0"
"15133","1","143"
"15134","1","154"
"15135","1","153"
"15136","1","73"
"15137","1","117"
"15138","1","47"
"15139","1","59"
"15140","1","147"
"15141","1","0"
"15142","1","160"
"15143","1","148"
"15144","1","0"
"15145","1","199"
"15146","1","201"
"15147","1","201"
"15148","1","53"
"15149","1","144"
"15150","1","125"
"15151","1","113"
"15152","1","1"
"15153","1","0"
"15154","1","138"
"15155","1","0"
"15156","1","167"
"15157","1","200"
"15158","1","0"
"15159","1","51"
"15160","1","123"
"15161","1","0"
"15162","1","183"
"15163","1","0"
"15164","1","199"
"15165","1","201"
"15166","1","171"
"15167","1","0"
"15168","1","0"
"15169","1","146"
"15170","1","128"
"15171","1","138"
"15172","1","185"
"15173","1","87"
"15174","1","201"
"15175","1","0"
"15176","1","194"
"15177","1","7"
"15178","1","86"
"15179","1","185"
"15180","1","201"
"15181","1","172"
"15182","1","154"
"15183","1","201"
"15184","1","131"
"15185","1","200"
"15186","1","120"
"15187","1","201"
"15188","1","188"
"15189","1","86"
"15190","1","0"
"15191","1","0"
"15192","1","200"
"15193","1","0"
"15194","1","0"
"15195","1","0"
"15196","1","31"
"15197","1","57"
"15198","1","48"
"15199","1","132"
"15200","1","200"
"15201","1","139"
"15202","1","201"
"15203","1","0"
"15204","1","89"
"15205","1","40"
"15206","1","201"
"15207","1","199"
"15208","1","3"
"15209","1","0"
"15210","1","0"
"15211","1","0"
"15212","1","171"
"15213","1","146"
"15214","1","103"
"15215","1","103"
"15216","1","153"
"15217","1","99"
"15218","1","192"
"15219","1","200"
"15220","1","189"
"15221","1","180"
"15222","1","0"
"15223","1","122"
"15224","1","81"
"15225","1","122"
"15226","1","153"
"15227","1","32"
"15228","1","201"
"15229","1","200"
"15230","1","136"
"15231","1","200"
"15232","1","177"
"15233","1","154"
"15234","1","194"
"15235","1","92"
"15236","1","0"
"15237","1","201"
"15238","1","197"
"15239","1","192"
"15240","1","198"
"15241","1","0"
"15242","1","0"
"15243","1","201"
"15244","1","2"
"15245","1","0"
"15246","1","0"
"15247","1","200"
"15248","1","143"
"15249","1","119"
"15250","1","0"
"15251","1","179"
"15252","1","0"
"15253","1","59"
"15254","1","0"
"15255","1","197"
"15256","1","0"
"15257","1","0"
"15258","1","124"
"15259","1","138"
"15260","1","25"
"15261","1","180"
"15262","1","170"
"15263","1","200"
"15264","1","189"
"15265","1","0"
"15266","1","200"
"15267","1","32"
"15268","1","0"
"15269","1","193"
"15270","1","140"
"15271","1","164"
"15272","1","32"
"15273","1","0"
"15274","1","42"
"15275","1","200"
"15276","1","0"
"15277","1","199"
"15278","1","0"
"15279","1","192"
"15280","1","10"
"15281","1","152"
"15282","1","43"
"15283","1","52"
"15284","1","185"
"15285","1","175"
"15286","1","30"
"15287","1","201"
"15288","1","194"
"15289","1","200"
"15290","1","90"
"15291","1","200"
"15292","1","118"
"15293","1","152"
"15294","1","47"
"15295","1","100"
"15296","1","200"
"15297","1","140"
"15298","1","200"
"15299","1","191"
"15300","1","162"
"15301","1","200"
"15302","1","0"
"15303","1","141"
"15304","1","7"
"15305","1","200"
"15306","1","65"
"15307","1","124"
"15308","1","0"
"15309","1","181"
"15310","1","153"
"15311","1","182"
"15312","1","185"
"15313","1","200"
"15314","1","200"
"15315","1","83"
"15316","1","139"
"15317","1","88"
"15318","1","0"
"15319","1","0"
"15320","1","90"
"15321","1","0"
"15322","1","113"
"15323","1","98"
"15324","1","183"
"15325","1","167"
"15326","1","145"
"15327","1","192"
"15328","1","200"
"15329","1","0"
"15330","1","180"
"15331","1","192"
"15332","1","180"
"15333","1","177"
"15334","1","200"
"15335","1","178"
"15336","1","161"
"15337","1","1"
"15338","1","183"
"15339","1","183"
"15340","1","0"
"15341","1","123"
"15342","1","1"
"15343","1","158"
"15344","1","40"
"15345","1","201"
"15346","1","154"
"15347","1","156"
"15348","1","156"
"15349","1","158"
"15350","1","94"
"15351","1","179"
"15352","1","89"
"15353","1","79"
"15354","1","49"
"15355","1","133"
"15356","1","120"
"15357","1","170"
"15358","1","0"
"15359","1","156"
"15360","1","1"
"15361","1","200"
"15362","1","197"
"15363","1","99"
"15364","1","147"
"15365","1","178"
"15366","1","0"
"15367","1","73"
"15368","1","193"
"15369","1","57"
"15370","1","200"
"15371","1","0"
"15372","1","2"
"15373","1","93"
"15374","1","200"
"15375","1","147"
"15376","1","200"
"15377","1","189"
"15378","1","154"
"15379","1","199"
"15380","1","178"
"15381","1","160"
"15382","1","0"
"15383","1","201"
"15384","1","105"
"15385","1","62"
"15386","1","137"
"15387","1","47"
"15388","1","126"
"15389","1","122"
"15390","1","121"
"15391","1","95"
"15392","1","0"
"15393","1","138"
"15394","1","200"
"15395","1","43"
"15396","1","0"
"15397","1","36"
"15398","1","192"
"15399","1","105"
"15400","1","153"
"15401","1","183"
"15402","1","141"
"15403","1","164"
"15404","1","97"
"15405","1","172"
"15406","1","89"
"15407","1","0"
"15408","1","0"
"15409","1","200"
"15410","1","0"
"15411","1","33"
"15412","1","93"
"15413","1","40"
"15414","1","66"
"15415","1","8"
"15416","","198"
"15417","1","157"
"15418","1","178"
"15419","1","182"
"15420","1","199"
"15421","1","139"
"15422","1","200"
"15423","1","201"
"15424","1","127"
"15425","1","200"
"15426","1","0"
"15427","1","171"
"15428","1","192"
"15429","1","200"
"15430","1","201"
"15431","1","200"
"15432","1","32"
"15433","1","20"
"15434","1","32"
"15435","1","170"
"15436","1","73"
"15437","1","77"
"15438","1","93"
"15439","1","89"
"15440","1","200"
"15441","1","44"
"15442","1","11"
"15443","1","0"
"15444","1","92"
"15445","1","40"
"15446","1","169"
"15447","1","184"
"15448","1","187"
"15449","1","121"
"15450","1","200"
"15451","1","0"
"15452","1","0"
"15453","1","0"
"15454","1","200"
"15455","1","198"
"15456","1","0"
"15457","1","66"
"15458","1","90"
"15459","1","0"
"15460","1","154"
"15461","1","0"
"15462","1","9"
"15463","1","76"
"15464","1","90"
"15465","1","0"
"15466","1","153"
"15467","1","51"
"15468","1","171"
"15469","1","198"
"15470","1","153"
"15471","1","201"
"15472","1","0"
"15473","1","123"
"15474","1","83"
"15475","1","200"
"15476","1","179"
"15477","1","187"
"15478","1","84"
"15479","1","167"
"15480","1","186"
"15481","1","199"
"15482","1","153"
"15483","1","24"
"15484","1","121"
"15485","1","91"
"15486","1","200"
"15487","1","189"
"15488","1","156"
"15489","1","149"
"15490","1","192"
"15491","1","162"
"15492","1","177"
"15493","1","0"
"15494","1","169"
"15495","1","145"
"15496","1","0"
"15497","1","157"
"15498","1","49"
"15499","1","0"
"15500","1","6"
"15501","1","0"
"15502","1","201"
"15503","1","0"
"15504","1","201"
"15505","1","201"
"15506","1","200"
"15507","1","201"
"15508","1","24"
"15509","1","0"
"15510","1","184"
"15511","1","0"
"15512","1","2"
"15513","1","200"
"15514","1","198"
"15515","1","189"
"15516","1","149"
"15517","1","147"
"15518","1","158"
"15519","1","127"
"15520","1","200"
"15521","1","82"
"15522","1","200"
"15523","1","200"
"15524","1","61"
"15525","1","199"
"15526","1","201"
"15527","1","122"
"15528","1","0"
"15529","1","185"
"15530","1","160"
"15531","1","201"
"15532","1","96"
"15533","1","0"
"15534","1","199"
"15535","1","0"
"15536","1","200"
"15537","1","0"
"15538","1","0"
"15539","1","200"
"15540","1","116"
"15541","1","92"
"15542","1","117"
"15543","1","0"
"15544","1","74"
"15545","1","0"
"15546","1","41"
"15547","1","0"
"15548","1","89"
"15549","1","114"
"15550","1","154"
"15551","1","180"
"15552","1","133"
"15553","1","90"
"15554","1","0"
"15555","1","0"
"15556","1","99"
"15557","1","118"
"15558","1","0"
"15559","1","187"
"15560","1","0"
"15561","1","159"
"15562","1","154"
"15563","1","88"
"15564","1","201"
"15565","1","134"
"15566","1","120"
"15567","1","59"
"15568","1","50"
"15569","1","201"
"15570","1","181"
"15571","1","122"
"15572","1","0"
"15573","1","170"
"15574","1","1"
"15575","1","0"
"15576","1","180"
"15577","1","201"
"15578","1","23"
"15579","1","0"
"15580","1","0"
"15581","1","0"
"15582","1","81"
"15583","1","200"
"15584","1","0"
"15585","1","200"
"15586","1","192"
"15587","1","113"
"15588","1","0"
"15589","1","186"
"15590","1","0"
"15591","1","177"
"15592","1","191"
"15593","1","6"
"15594","1","185"
"15595","1","5"
"15596","1","122"
"15597","1","31"
"15598","1","31"
"15599","1","48"
"15600","1","31"
"15601","1","21"
"15602","1","200"
"15603","1","0"
"15604","1","161"
"15605","1","143"
"15606","1","191"
"15607","1","67"
"15608","1","47"
"15609","1","42"
"15610","1","42"
"15611","1","42"
"15612","1","183"
"15613","1","70"
"15614","1","78"
"15615","1","40"
"15616","1","47"
"15617","1","40"
"15618","1","32"
"15619","1","32"
"15620","1","32"
"15621","1","128"
"15622","1","171"
"15623","1","153"
"15624","1","200"
"15625","1","109"
"15626","1","167"
"15627","1","153"
"15628","1","140"
"15629","1","152"
"15630","1","173"
"15631","1","159"
"15632","1","141"
"15633","1","97"
"15634","1","200"
"15635","1","142"
"15636","1","0"
"15637","1","0"
"15638","1","115"
"15639","1","0"
"15640","1","0"
"15641","1","154"
"15642","1","171"
"15643","1","201"
"15644","1","80"
"15645","1","0"
"15646","1","167"
"15647","1","109"
"15648","1","0"
"15649","1","0"
"15650","1","201"
"15651","1","13"
"15652","1","106"
"15653","1","0"
"15654","1","164"
"15655","1","201"
"15656","1","78"
"15657","1","131"
"15658","1","67"
"15659","1","0"
"15660","1","200"
"15661","1","90"
"15662","1","201"
"15663","1","31"
"15664","1","0"
"15665","1","0"
"15666","1","154"
"15667","1","187"
"15668","1","187"
"15669","1","186"
"15670","1","154"
"15671","1","200"
"15672","1","154"
"15673","1","154"
"15674","1","0"
"15675","1","200"
"15676","1","161"
"15677","1","181"
"15678","1","158"
"15679","1","159"
"15680","1","149"
"15681","1","0"
"15682","1","200"
"15683","1","55"
"15684","1","101"
"15685","1","200"
"15686","1","0"
"15687","1","61"
"15688","1","20"
"15689","1","0"
"15690","1","0"
"15691","1","18"
"15692","1","181"
"15693","1","183"
"15694","1","170"
"15695","1","180"
"15696","1","165"
"15697","1","172"
"15698","1","2"
"15699","1","201"
"15700","1","0"
"15701","1","119"
"15702","1","114"
"15703","1","185"
"15704","1","132"
"15705","1","136"
"15706","1","200"
"15707","1","0"
"15708","1","0"
"15709","1","0"
"15710","1","194"
"15711","1","24"
"15712","1","0"
"15713","1","89"
"15714","1","200"
"15715","1","0"
"15716","1","0"
"15717","1","0"
"15718","1","32"
"15719","1","200"
"15720","1","201"
"15721","1","0"
"15722","1","140"
"15723","1","84"
"15724","1","201"
"15725","1","146"
"15726","1","89"
"15727","1","90"
"15728","1","200"
"15729","1","201"
"15730","1","178"
"15731","1","88"
"15732","1","198"
"15733","1","0"
"15734","1","132"
"15735","1","118"
"15736","1","0"
"15737","1","44"
"15738","1","58"
"15739","1","200"
"15740","1","157"
"15741","1","64"
"15742","1","27"
"15743","1","200"
"15744","1","201"
"15745","1","62"
"15746","1","0"
"15747","1","0"
"15748","1","103"
"15749","1","106"
"15750","1","201"
"15751","1","201"
"15752","1","201"
"15753","1","201"
"15754","1","0"
"15755","1","42"
"15756","1","44"
"15757","1","153"
"15758","1","200"
"15759","1","172"
"15760","1","138"
"15761","1","201"
"15762","1","201"
"15763","1","105"
"15764","1","182"
"15765","1","5"
"15766","1","126"
"15767","1","44"
"15768","1","123"
"15769","1","183"
"15770","1","155"
"15771","1","131"
"15772","1","90"
"15773","1","155"
"15774","1","166"
"15775","1","123"
"15776","1","180"
"15777","1","0"
"15778","1","195"
"15779","1","200"
"15780","1","130"
"15781","1","107"
"15782","1","200"
"15783","1","0"
"15784","1","125"
"15785","1","201"
"15786","1","0"
"15787","1","0"
"15788","1","179"
"15789","1","199"
"15790","1","140"
"15791","1","0"
"15792","1","172"
"15793","1","124"
"15794","1","0"
"15795","1","200"
"15796","1","182"
"15797","1","0"
"15798","1","0"
"15799","1","185"
"15800","1","145"
"15801","1","164"
"15802","1","0"
"15803","1","83"
"15804","1","0"
"15805","1","174"
"15806","1","171"
"15807","1","178"
"15808","1","146"
"15809","1","0"
"15810","1","176"
"15811","1","201"
"15812","1","102"
"15813","1","37"
"15814","1","124"
"15815","1","0"
"15816","1","172"
"15817","1","83"
"15818","1","175"
"15819","1","40"
"15820","1","172"
"15821","1","77"
"15822","1","106"
"15823","1","1"
"15824","1","8"
"15825","1","139"
"15826","1","93"
"15827","1","0"
"15828","1","126"
"15829","1","146"
"15830","1","49"
"15831","1","153"
"15832","1","0"
"15833","1","0"
"15834","1","133"
"15835","1","127"
"15836","1","179"
"15837","1","138"
"15838","1","194"
"15839","1","176"
"15840","1","176"
"15841","1","200"
"15842","1","0"
"15843","1","191"
"15844","1","157"
"15845","1","138"
"15846","1","0"
"15847","1","127"
"15848","1","200"
"15849","1","93"
"15850","1","68"
"15851","1","0"
"15852","1","0"
"15853","1","43"
"15854","1","32"
"15855","1","0"
"15856","1","4"
"15857","1","200"
"15858","1","0"
"15859","1","39"
"15860","1","0"
"15861","1","180"
"15862","1","33"
"15863","1","31"
"15864","1","180"
"15865","1","123"
"15866","1","1"
"15867","1","0"
"15868","1","0"
"15869","1","200"
"15870","1","39"
"15871","1","0"
"15872","1","0"
"15873","1","0"
"15874","1","167"
"15875","1","200"
"15876","1","200"
"15877","1","140"
"15878","1","155"
"15879","1","25"
"15880","1","104"
"15881","1","131"
"15882","1","160"
"15883","1","120"
"15884","1","83"
"15885","1","168"
"15886","1","68"
"15887","1","200"
"15888","1","200"
"15889","1","6"
"15890","1","179"
"15891","1","26"
"15892","1","200"
"15893","1","0"
"15894","1","165"
"15895","1","198"
"15896","1","74"
"15897","1","178"
"15898","1","200"
"15899","1","200"
"15900","1","166"
"15901","1","105"
"15902","1","199"
"15903","1","201"
"15904","1","180"
"15905","1","0"
"15906","1","68"
"15907","1","201"
"15908","1","90"
"15909","1","200"
"15910","1","103"
"15911","1","0"
"15912","1","0"
"15913","1","180"
"15914","1","132"
"15915","1","0"
"15916","1","200"
"15917","1","122"
"15918","1","199"
"15919","1","185"
"15920","1","184"
"15921","1","2"
"15922","1","188"
"15923","1","199"
"15924","1","165"
"15925","1","149"
"15926","1","39"
"15927","1","93"
"15928","1","87"
"15929","1","54"
"15930","1","39"
"15931","1","47"
"15932","1","57"
"15933","1","71"
"15934","1","50"
"15935","1","93"
"15936","1","101"
"15937","1","168"
"15938","1","200"
"15939","1","179"
"15940","1","201"
"15941","1","200"
"15942","1","200"
"15943","1","200"
"15944","1","32"
"15945","1","199"
"15946","1","0"
"15947","1","200"
"15948","1","0"
"15949","1","72"
"15950","1","72"
"15951","1","114"
"15952","1","48"
"15953","1","60"
"15954","1","144"
"15955","1","156"
"15956","1","201"
"15957","1","200"
"15958","1","32"
"15959","1","92"
"15960","1","0"
"15961","1","31"
"15962","1","191"
"15963","1","139"
"15964","1","176"
"15965","1","194"
"15966","1","200"
"15967","1","171"
"15968","1","200"
"15969","1","199"
"15970","1","1"
"15971","1","172"
"15972","1","201"
"15973","1","20"
"15974","1","154"
"15975","1","105"
"15976","1","196"
"15977","1","42"
"15978","1","200"
"15979","1","81"
"15980","1","128"
"15981","1","0"
"15982","1","200"
"15983","1","2"
"15984","1","133"
"15985","1","201"
"15986","1","157"
"15987","1","200"
"15988","1","62"
"15989","1","201"
"15990","1","199"
"15991","1","152"
"15992","1","182"
"15993","1","192"
"15994","1","153"
"15995","1","95"
"15996","1","200"
"15997","1","200"
"15998","1","198"
"15999","1","92"
"16000","1","200"
"16001","1","200"
"16002","1","200"
"16003","1","177"
"16004","1","0"
"16005","1","65"
"16006","1","93"
"16007","1","14"
"16008","1","2"
"16009","1","143"
"16010","1","159"
"16011","1","201"
"16012","1","199"
"16013","1","147"
"16014","1","201"
"16015","1","191"
"16016","1","160"
"16017","1","0"
"16018","1","194"
"16019","1","0"
"16020","1","125"
"16021","1","185"
"16022","1","193"
"16023","1","65"
"16024","1","0"
"16025","1","70"
"16026","1","193"
"16027","1","131"
"16028","1","200"
"16029","1","200"
"16030","1","158"
"16031","1","189"
"16032","1","124"
"16033","1","163"
"16034","1","62"
"16035","1","0"
"16036","1","184"
"16037","1","199"
"16038","1","139"
"16039","1","201"
"16040","1","186"
"16041","1","180"
"16042","1","184"
"16043","1","179"
"16044","1","200"
"16045","1","179"
"16046","1","199"
"16047","1","117"
"16048","1","114"
"16049","1","163"
"16050","1","201"
"16051","1","107"
"16052","1","20"
"16053","1","179"
"16054","1","198"
"16055","1","98"
"16056","1","63"
"16057","1","182"
"16058","1","135"
"16059","1","171"
"16060","1","0"
"16061","1","190"
"16062","1","0"
"16063","1","186"
"16064","1","118"
"16065","1","153"
"16066","1","200"
"16067","1","0"
"16068","1","0"
"16069","1","0"
"16070","1","51"
"16071","1","151"
"16072","1","200"
"16073","1","200"
"16074","1","200"
"16075","","199"
"16076","1","200"
"16077","1","201"
"16078","1","128"
"16079","1","191"
"16080","1","195"
"16081","1","47"
"16082","1","0"
"16083","1","174"
"16084","1","9"
"16085","1","200"
"16086","1","200"
"16087","1","200"
"16088","1","149"
"16089","1","185"
"16090","1","0"
"16091","1","175"
"16092","1","0"
"16093","1","201"
"16094","1","0"
"16095","1","201"
"16096","1","188"
"16097","1","135"
"16098","1","94"
"16099","1","153"
"16100","1","156"
"16101","1","200"
"16102","1","200"
"16103","1","89"
"16104","1","175"
"16105","1","175"
"16106","1","106"
"16107","1","106"
"16108","1","165"
"16109","1","129"
"16110","1","129"
"16111","1","179"
"16112","1","131"
"16113","1","131"
"16114","1","0"
"16115","1","185"
"16116","1","0"
"16117","1","0"
"16118","1","150"
"16119","1","0"
"16120","1","0"
"16121","1","0"
"16122","1","200"
"16123","1","201"
"16124","1","32"
"16125","1","124"
"16126","1","182"
"16127","1","0"
"16128","1","184"
"16129","1","151"
"16130","1","200"
"16131","1","31"
"16132","1","37"
"16133","1","101"
"16134","1","0"
"16135","1","89"
"16136","1","93"
"16137","1","47"
"16138","1","47"
"16139","1","0"
"16140","1","45"
"16141","1","0"
"16142","1","0"
"16143","1","32"
"16144","1","173"
"16145","1","1"
"16146","1","122"
"16147","1","151"
"16148","1","200"
"16149","1","123"
"16150","1","132"
"16151","1","124"
"16152","1","0"
"16153","1","168"
"16154","1","168"
"16155","1","168"
"16156","1","50"
"16157","1","87"
"16158","1","153"
"16159","1","0"
"16160","1","201"
"16161","1","92"
"16162","1","200"
"16163","1","107"
"16164","1","64"
"16165","1","94"
"16166","1","80"
"16167","1","192"
"16168","1","0"
"16169","1","0"
"16170","1","136"
"16171","1","114"
"16172","1","66"
"16173","1","0"
"16174","1","175"
"16175","1","162"
"16176","1","61"
"16177","1","0"
"16178","1","81"
"16179","1","61"
"16180","1","200"
"16181","1","1"
"16182","1","194"
"16183","1","153"
"16184","1","122"
"16185","1","199"
"16186","1","197"
"16187","1","19"
"16188","1","74"
"16189","1","0"
"16190","1","97"
"16191","1","199"
"16192","1","31"
"16193","1","201"
"16194","1","152"
"16195","1","0"
"16196","1","200"
"16197","1","187"
"16198","1","156"
"16199","1","153"
"16200","1","192"
"16201","1","201"
"16202","1","201"
"16203","1","187"
"16204","1","153"
"16205","1","155"
"16206","1","139"
"16207","1","200"
"16208","1","101"
"16209","1","132"
"16210","1","0"
"16211","1","201"
"16212","1","201"
"16213","1","18"
"16214","1","201"
"16215","1","180"
"16216","1","0"
"16217","1","200"
"16218","1","199"
"16219","1","200"
"16220","1","185"
"16221","1","185"
"16222","1","182"
"16223","1","74"
"16224","1","0"
"16225","1","201"
"16226","1","89"
"16227","1","90"
"16228","1","28"
"16229","1","62"
"16230","1","0"
"16231","1","169"
"16232","1","193"
"16233","1","59"
"16234","1","200"
"16235","1","200"
"16236","1","0"
"16237","1","201"
"16238","1","38"
"16239","1","200"
"16240","1","182"
"16241","1","153"
"16242","1","200"
"16243","1","72"
"16244","1","164"
"16245","1","0"
"16246","1","0"
"16247","1","116"
"16248","1","136"
"16249","1","78"
"16250","1","88"
"16251","1","179"
"16252","1","161"
"16253","","41"
"16254","1","69"
"16255","1","155"
"16256","1","0"
"16257","1","151"
"16258","1","201"
"16259","1","201"
"16260","1","201"
"16261","1","33"
"16262","1","80"
"16263","1","185"
"16264","1","185"
"16265","1","185"
"16266","1","185"
"16267","1","185"
"16268","1","199"
"16269","1","201"
"16270","1","181"
"16271","1","126"
"16272","1","128"
"16273","1","0"
"16274","1","134"
"16275","1","108"
"16276","1","201"
"16277","1","83"
"16278","1","52"
"16279","1","199"
"16280","1","0"
"16281","1","90"
"16282","1","144"
"16283","1","1"
"16284","1","179"
"16285","1","0"
"16286","1","200"
"16287","1","200"
"16288","1","46"
"16289","1","83"
"16290","1","160"
"16291","1","139"
"16292","1","109"
"16293","1","200"
"16294","1","0"
"16295","1","165"
"16296","1","0"
"16297","1","200"
"16298","1","0"
"16299","1","200"
"16300","1","0"
"16301","1","0"
"16302","1","200"
"16303","1","168"
"16304","1","185"
"16305","1","165"
"16306","1","201"
"16307","1","188"
"16308","1","201"
"16309","1","6"
"16310","1","190"
"16311","1","16"
"16312","1","191"
"16313","1","8"
"16314","1","65"
"16315","1","55"
"16316","1","0"
"16317","1","154"
"16318","1","143"
"16319","1","145"
"16320","1","200"
"16321","1","32"
"16322","1","1"
"16323","1","0"
"16324","1","29"
"16325","1","0"
"16326","1","44"
"16327","1","122"
"16328","1","201"
"16329","1","200"
"16330","1","152"
"16331","1","191"
"16332","1","179"
"16333","1","0"
"16334","1","201"
"16335","1","201"
"16336","1","0"
"16337","1","10"
"16338","1","195"
"16339","1","0"
"16340","1","89"
"16341","1","187"
"16342","1","194"
"16343","1","167"
"16344","1","200"
"16345","1","163"
"16346","1","201"
"16347","1","0"
"16348","1","200"
"16349","1","0"
"16350","1","0"
"16351","1","179"
"16352","1","193"
"16353","1","188"
"16354","1","183"
"16355","1","154"
"16356","1","183"
"16357","1","0"
"16358","1","198"
"16359","1","144"
"16360","1","153"
"16361","1","191"
"16362","1","90"
"16363","1","0"
"16364","1","37"
"16365","1","153"
"16366","1","146"
"16367","1","201"
"16368","1","0"
"16369","1","0"
"16370","1","0"
"16371","1","138"
"16372","1","2"
"16373","1","40"
"16374","1","145"
"16375","1","87"
"16376","1","122"
"16377","1","177"
"16378","1","117"
"16379","1","162"
"16380","1","162"
"16381","1","149"
"16382","1","45"
"16383","1","184"
"16384","1","32"
"16385","1","201"
"16386","1","201"
"16387","1","193"
"16388","1","0"
"16389","1","146"
"16390","1","185"
"16391","1","0"
"16392","1","34"
"16393","1","167"
"16394","1","0"
"16395","1","162"
"16396","1","12"
"16397","1","176"
"16398","1","0"
"16399","1","0"
"16400","1","0"
"16401","1","94"
"16402","1","75"
"16403","1","28"
"16404","1","200"
"16405","1","136"
"16406","1","115"
"16407","1","200"
"16408","1","81"
"16409","1","0"
"16410","1","0"
"16411","1","164"
"16412","1","127"
"16413","1","0"
"16414","1","201"
"16415","1","171"
"16416","1","0"
"16417","1","146"
"16418","1","40"
"16419","1","201"
"16420","1","185"
"16421","1","73"
"16422","1","179"
"16423","1","95"
"16424","1","198"
"16425","1","0"
"16426","1","158"
"16427","1","0"
"16428","1","0"
"16429","1","20"
"16430","1","0"
"16431","1","201"
"16432","1","187"
"16433","1","195"
"16434","1","0"
"16435","1","137"
"16436","1","170"
"16437","1","167"
"16438","1","0"
"16439","1","201"
"16440","1","139"
"16441","1","0"
"16442","1","201"
"16443","1","200"
"16444","1","125"
"16445","1","152"
"16446","1","146"
"16447","1","122"
"16448","1","132"
"16449","1","32"
"16450","1","201"
"16451","1","0"
"16452","1","174"
"16453","1","176"
"16454","1","197"
"16455","1","120"
"16456","1","93"
"16457","1","0"
"16458","1","0"
"16459","1","5"
"16460","1","6"
"16461","1","5"
"16462","1","60"
"16463","1","92"
"16464","","200"
"16465","1","201"
"16466","1","5"
"16467","1","152"
"16468","1","0"
"16469","1","154"
"16470","1","175"
"16471","1","0"
"16472","1","131"
"16473","1","89"
"16474","1","76"
"16475","1","0"
"16476","1","41"
"16477","1","200"
"16478","1","146"
"16479","1","0"
"16480","1","201"
"16481","1","79"
"16482","1","0"
"16483","1","0"
"16484","1","92"
"16485","1","0"
"16486","1","0"
"16487","1","181"
"16488","1","200"
"16489","1","183"
"16490","1","3"
"16491","1","78"
"16492","1","149"
"16493","1","0"
"16494","1","201"
"16495","1","90"
"16496","1","120"
"16497","1","107"
"16498","1","123"
"16499","1","0"
"16500","1","0"
"16501","1","200"
"16502","1","201"
"16503","1","110"
"16504","1","200"
"16505","1","96"
"16506","1","116"
"16507","1","102"
"16508","1","173"
"16509","1","165"
"16510","1","192"
"16511","1","74"
"16512","1","1"
"16513","1","0"
"16514","1","201"
"16515","1","200"
"16516","1","198"
"16517","1","0"
"16518","1","201"
"16519","1","201"
"16520","1","127"
"16521","1","108"
"16522","1","21"
"16523","1","201"
"16524","1","201"
"16525","1","200"
"16526","1","181"
"16527","1","200"
"16528","1","191"
"16529","1","0"
"16530","1","200"
"16531","1","0"
"16532","1","201"
"16533","1","200"
"16534","1","48"
"16535","1","2"
"16536","1","167"
"16537","1","200"
"16538","1","0"
"16539","1","172"
"16540","1","98"
"16541","1","68"
"16542","1","160"
"16543","1","145"
"16544","1","90"
"16545","1","110"
"16546","1","11"
"16547","1","50"
"16548","1","0"
"16549","1","152"
"16550","1","201"
"16551","1","201"
"16552","1","139"
"16553","","198"
"16554","1","58"
"16555","1","200"
"16556","1","94"
"16557","1","149"
"16558","1","200"
"16559","1","180"
"16560","1","0"
"16561","1","112"
"16562","1","164"
"16563","1","149"
"16564","1","201"
"16565","1","176"
"16566","1","0"
"16567","1","201"
"16568","1","200"
"16569","1","200"
"16570","1","0"
"16571","1","201"
"16572","1","158"
"16573","1","179"
"16574","1","201"
"16575","1","201"
"16576","1","200"
"16577","1","135"
"16578","1","1"
"16579","1","194"
"16580","1","201"
"16581","1","0"
"16582","1","93"
"16583","1","200"
"16584","1","200"
"16585","1","197"
"16586","1","134"
"16587","1","134"
"16588","1","0"
"16589","1","200"
"16590","1","0"
"16591","1","200"
"16592","1","108"
"16593","1","61"
"16594","1","60"
"16595","1","176"
"16596","1","0"
"16597","1","0"
"16598","1","107"
"16599","1","200"
"16600","1","132"
"16601","1","81"
"16602","1","196"
"16603","1","0"
"16604","1","184"
"16605","1","201"
"16606","1","93"
"16607","1","168"
"16608","1","201"
"16609","1","81"
"16610","1","128"
"16611","1","74"
"16612","1","113"
"16613","1","170"
"16614","1","0"
"16615","1","0"
"16616","1","0"
"16617","1","40"
"16618","1","0"
"16619","1","177"
"16620","1","132"
"16621","1","201"
"16622","1","153"
"16623","1","194"
"16624","1","0"
"16625","1","0"
"16626","1","157"
"16627","1","0"
"16628","1","47"
"16629","1","201"
"16630","1","4"
"16631","1","50"
"16632","1","197"
"16633","1","199"
"16634","1","122"
"16635","1","122"
"16636","1","200"
"16637","1","200"
"16638","1","153"
"16639","1","199"
"16640","1","200"
"16641","1","0"
"16642","1","75"
"16643","1","126"
"16644","1","0"
"16645","1","0"
"16646","1","192"
"16647","1","0"
"16648","1","192"
"16649","1","192"
"16650","1","123"
"16651","1","201"
"16652","1","199"
"16653","1","153"
"16654","1","0"
"16655","1","123"
"16656","1","41"
"16657","1","153"
"16658","1","186"
"16659","1","43"
"16660","1","200"
"16661","1","199"
"16662","1","145"
"16663","1","106"
"16664","1","111"
"16665","1","199"
"16666","1","73"
"16667","1","87"
"16668","1","0"
"16669","1","97"
"16670","1","0"
"16671","1","0"
"16672","1","198"
"16673","1","46"
"16674","1","0"
"16675","1","173"
"16676","1","201"
"16677","1","179"
"16678","1","143"
"16679","1","122"
"16680","1","134"
"16681","1","157"
"16682","1","88"
"16683","1","123"
"16684","1","185"
"16685","1","0"
"16686","1","153"
"16687","1","0"
"16688","1","90"
"16689","1","166"
"16690","1","0"
"16691","1","0"
"16692","1","181"
"16693","1","180"
"16694","1","194"
"16695","1","0"
"16696","1","199"
"16697","1","0"
"16698","1","0"
"16699","1","0"
"16700","1","34"
"16701","1","201"
"16702","1","1"
"16703","1","198"
"16704","1","114"
"16705","1","1"
"16706","1","161"
"16707","1","169"
"16708","1","182"
"16709","1","201"
"16710","1","0"
"16711","1","187"
"16712","1","0"
"16713","1","155"
"16714","1","31"
"16715","1","70"
"16716","1","200"
"16717","1","145"
"16718","1","138"
"16719","1","200"
"16720","1","103"
"16721","1","151"
"16722","1","200"
"16723","1","179"
"16724","1","181"
"16725","1","0"
"16726","1","200"
"16727","1","133"
"16728","1","13"
"16729","1","153"
"16730","1","200"
"16731","1","89"
"16732","1","90"
"16733","1","180"
"16734","","0"
"16735","1","165"
"16736","1","178"
"16737","1","200"
"16738","1","133"
"16739","1","198"
"16740","1","170"
"16741","1","85"
"16742","1","153"
"16743","1","81"
"16744","1","12"
"16745","1","200"
"16746","1","200"
"16747","1","160"
"16748","1","0"
"16749","1","200"
"16750","1","200"
"16751","1","0"
"16752","1","153"
"16753","1","200"
"16754","1","116"
"16755","1","0"
"16756","1","154"
"16757","1","172"
"16758","1","134"
"16759","1","168"
"16760","1","0"
"16761","1","200"
"16762","1","0"
"16763","1","178"
"16764","1","0"
"16765","1","185"
"16766","1","185"
"16767","1","185"
"16768","1","94"
"16769","1","94"
"16770","1","141"
"16771","1","182"
"16772","1","182"
"16773","1","161"
"16774","1","0"
"16775","1","88"
"16776","1","117"
"16777","1","117"
"16778","1","144"
"16779","1","132"
"16780","1","131"
"16781","1","150"
"16782","1","148"
"16783","1","158"
"16784","1","163"
"16785","1","163"
"16786","1","132"
"16787","1","132"
"16788","1","99"
"16789","1","99"
"16790","1","192"
"16791","1","192"
"16792","1","146"
"16793","1","92"
"16794","1","0"
"16795","1","18"
"16796","1","201"
"16797","1","173"
"16798","1","136"
"16799","1","153"
"16800","1","143"
"16801","1","195"
"16802","1","165"
"16803","1","145"
"16804","1","148"
"16805","1","148"
"16806","1","182"
"16807","1","122"
"16808","1","145"
"16809","1","145"
"16810","1","145"
"16811","1","89"
"16812","1","133"
"16813","1","160"
"16814","1","159"
"16815","1","147"
"16816","1","145"
"16817","1","175"
"16818","1","59"
"16819","1","59"
"16820","","59"
"16821","1","161"
"16822","1","161"
"16823","1","0"
"16824","1","0"
"16825","1","147"
"16826","1","134"
"16827","1","200"
"16828","1","200"
"16829","1","97"
"16830","1","200"
"16831","1","0"
"16832","1","32"
"16833","1","200"
"16834","1","200"
"16835","1","201"
"16836","1","24"
"16837","1","185"
"16838","1","0"
"16839","1","89"
"16840","1","0"
"16841","1","131"
"16842","1","184"
"16843","1","75"
"16844","1","117"
"16845","1","139"
"16846","1","132"
"16847","1","199"
"16848","1","180"
"16849","1","0"
"16850","1","198"
"16851","1","0"
"16852","1","201"
"16853","1","101"
"16854","1","194"
"16855","1","159"
"16856","1","201"
"16857","1","116"
"16858","1","50"
"16859","1","178"
"16860","1","0"
"16861","1","173"
"16862","1","179"
"16863","1","194"
"16864","1","124"
"16865","1","182"
"16866","1","0"
"16867","1","149"
"16868","1","0"
"16869","1","124"
"16870","1","138"
"16871","1","0"
"16872","1","180"
"16873","1","184"
"16874","1","85"
"16875","1","96"
"16876","1","0"
"16877","1","89"
"16878","1","143"
"16879","1","141"
"16880","1","22"
"16881","1","0"
"16882","1","180"
"16883","1","94"
"16884","1","0"
"16885","1","190"
"16886","1","0"
"16887","1","123"
"16888","1","184"
"16889","1","105"
"16890","1","1"
"16891","1","160"
"16892","1","161"
"16893","1","184"
"16894","1","184"
"16895","1","106"
"16896","1","201"
"16897","1","156"
"16898","1","172"
"16899","1","172"
"16900","1","172"
"16901","1","162"
"16902","1","197"
"16903","1","162"
"16904","1","162"
"16905","1","197"
"16906","1","200"
"16907","1","200"
"16908","1","0"
"16909","1","93"
"16910","1","201"
"16911","1","1"
"16912","1","0"
"16913","1","0"
"16914","1","198"
"16915","1","89"
"16916","1","91"
"16917","1","159"
"16918","1","184"
"16919","1","0"
"16920","1","195"
"16921","1","195"
"16922","1","0"
"16923","1","41"
"16924","1","201"
"16925","1","201"
"16926","1","56"
"16927","1","31"
"16928","1","192"
"16929","1","61"
"16930","1","11"
"16931","1","168"
"16932","1","0"
"16933","1","128"
"16934","1","179"
"16935","1","200"
"16936","1","200"
"16937","1","132"
"16938","1","124"
"16939","1","0"
"16940","1","179"
"16941","1","120"
"16942","1","87"
"16943","1","89"
"16944","1","200"
"16945","1","90"
"16946","1","89"
"16947","1","175"
"16948","1","200"
"16949","1","156"
"16950","1","201"
"16951","1","106"
"16952","1","201"
"16953","1","154"
"16954","1","0"
"16955","1","165"
"16956","1","193"
"16957","1","180"
"16958","1","200"
"16959","","63"
"16960","1","31"
"16961","1","198"
"16962","1","197"
"16963","1","199"
"16964","","90"
"16965","1","0"
"16966","1","47"
"16967","1","181"
"16968","1","42"
"16969","1","42"
"16970","1","139"
"16971","1","0"
"16972","1","0"
"16973","1","48"
"16974","1","67"
"16975","1","62"
"16976","1","42"
"16977","1","99"
"16978","","200"
"16979","","200"
"16980","1","121"
"16981","1","201"
"16982","1","153"
"16983","1","192"
"16984","","198"
"16985","1","184"
"16986","1","0"
"16987","1","159"
"16988","1","125"
"16989","1","0"
"16990","1","108"
"16991","1","158"
"16992","1","0"
"16993","1","0"
"16994","1","123"
"16995","1","104"
"16996","1","92"
"16997","1","78"
"16998","1","76"
"16999","","199"
"17000","1","176"
"17001","1","98"
"17002","1","0"
"17003","1","0"
"17004","1","93"
"17005","1","0"
"17006","1","0"
"17007","","180"
"17008","1","199"
"17009","1","201"
"17010","1","201"
"17011","1","200"
"17012","1","146"
"17013","1","106"
"17014","1","151"
"17015","1","145"
"17016","1","61"
"17017","1","0"
"17018","1","182"
"17019","1","199"
"17020","1","199"
"17021","1","0"
"17022","1","0"
"17023","1","0"
"17024","1","0"
"17025","1","48"
"17026","1","200"
"17027","1","178"
"17028","1","78"
"17029","1","201"
"17030","1","173"
"17031","1","61"
"17032","1","200"
"17033","1","200"
"17034","1","200"
"17035","1","200"
"17036","1","0"
"17037","1","185"
"17038","1","0"
"17039","1","87"
"17040","1","160"
"17041","1","0"
"17042","1","200"
"17043","1","0"
"17044","1","180"
"17045","1","0"
"17046","1","199"
"17047","1","198"
"17048","1","201"
"17049","1","191"
"17050","1","200"
"17051","1","200"
"17052","1","138"
"17053","1","0"
"17054","1","10"
"17055","1","0"
"17056","1","0"
"17057","1","130"
"17058","1","78"
"17059","1","201"
"17060","1","31"
"17061","1","31"
"17062","1","45"
"17063","1","0"
"17064","1","201"
"17065","1","62"
"17066","1","0"
"17067","1","200"
"17068","1","85"
"17069","1","138"
"17070","1","38"
"17071","1","154"
"17072","1","93"
"17073","1","192"
"17074","1","156"
"17075","1","0"
"17076","1","200"
"17077","1","201"
"17078","1","200"
"17079","1","149"
"17080","1","108"
"17081","1","171"
"17082","1","0"
"17083","1","32"
"17084","1","200"
"17085","1","6"
"17086","1","145"
"17087","1","136"
"17088","1","156"
"17089","1","200"
"17090","1","116"
"17091","1","0"
"17092","1","35"
"17093","1","79"
"17094","1","153"
"17095","1","200"
"17096","1","0"
"17097","1","0"
"17098","1","153"
"17099","1","200"
"17100","1","0"
"17101","1","171"
"17102","1","157"
"17103","1","145"
"17104","1","33"
"17105","1","199"
"17106","1","0"
"17107","1","189"
"17108","1","152"
"17109","1","199"
"17110","","0"
"17111","1","60"
"17112","1","0"
"17113","1","0"
"17114","1","39"
"17115","1","200"
"17116","1","0"
"17117","1","89"
"17118","1","99"
"17119","1","199"
"17120","1","86"
"17121","1","89"
"17122","1","185"
"17123","1","153"
"17124","1","156"
"17125","1","200"
"17126","1","53"
"17127","1","200"
"17128","1","200"
"17129","1","51"
"17130","1","0"
"17131","","200"
"17132","1","111"
"17133","1","58"
"17134","","198"
"17135","1","200"
"17136","1","34"
"17137","1","0"
"17138","1","200"
"17139","1","199"
"17140","1","200"
"17141","1","7"
"17142","1","0"
"17143","1","191"
"17144","1","0"
"17145","1","15"
"17146","1","166"
"17147","1","201"
"17148","1","173"
"17149","1","1"
"17150","1","33"
"17151","1","13"
"17152","1","0"
"17153","1","200"
"17154","1","200"
"17155","1","0"
"17156","1","134"
"17157","1","96"
"17158","1","12"
"17159","1","190"
"17160","1","9"
"17161","1","169"
"17162","1","188"
"17163","1","0"
"17164","1","4"
"17165","1","200"
"17166","1","83"
"17167","1","185"
"17168","1","200"
"17169","1","135"
"17170","1","0"
"17171","1","99"
"17172","1","191"
"17173","1","143"
"17174","1","0"
"17175","1","195"
"17176","1","1"
"17177","1","47"
"17178","1","178"
"17179","1","45"
"17180","1","0"
"17181","1","0"
"17182","1","199"
"17183","1","175"
"17184","1","1"
"17185","1","198"
"17186","1","118"
"17187","1","0"
"17188","1","0"
"17189","1","152"
"17190","1","106"
"17191","1","121"
"17192","1","179"
"17193","1","96"
"17194","1","0"
"17195","1","0"
"17196","1","1"
"17197","1","89"
"17198","1","179"
"17199","","199"
"17200","1","140"
"17201","1","61"
"17202","1","34"
"17203","1","200"
"17204","1","119"
"17205","1","0"
"17206","1","122"
"17207","1","14"
"17208","1","132"
"17209","1","85"
"17210","1","85"
"17211","1","145"
"17212","1","0"
"17213","1","200"
"17214","1","132"
"17215","1","179"
"17216","1","0"
"17217","1","99"
"17218","1","0"
"17219","1","201"
"17220","1","200"
"17221","1","86"
"17222","1","143"
"17223","1","89"
"17224","1","201"
"17225","1","146"
"17226","1","155"
"17227","1","89"
"17228","1","200"
"17229","1","69"
"17230","1","200"
"17231","1","98"
"17232","1","0"
"17233","1","21"
"17234","1","184"
"17235","1","158"
"17236","1","123"
"17237","1","150"
"17238","1","0"
"17239","1","75"
"17240","1","201"
"17241","1","201"
"17242","1","75"
"17243","1","1"
"17244","1","20"
"17245","1","54"
"17246","1","85"
"17247","1","138"
"17248","1","200"
"17249","1","87"
"17250","1","82"
"17251","1","153"
"17252","1","199"
"17253","1","0"
"17254","1","164"
"17255","1","8"
"17256","1","201"
"17257","1","164"
"17258","1","81"
"17259","1","0"
"17260","1","42"
"17261","1","200"
"17262","1","53"
"17263","1","0"
"17264","1","198"
"17265","1","0"
"17266","1","30"
"17267","1","0"
"17268","1","83"
"17269","1","109"
"17291","1","97"
"17270","1","181"
"17271","1","0"
"17272","1","8"
"17273","1","126"
"17274","1","0"
"17275","1","51"
"17276","1","158"
"17277","1","13"
"17278","1","201"
"17279","1","201"
"17280","1","200"
"17281","1","169"
"17282","1","183"
"17283","1","87"
"17284","1","153"
"17285","1","102"
"17286","1","199"
"17287","1","160"
"17288","1","200"
"17289","1","154"
"17290","1","184"
"17292","1","200"
"17293","1","128"
"17294","1","153"
"17295","1","190"
"17296","1","193"
"17297","1","0"
"17298","1","100"
"17299","1","0"
"17300","1","71"
"17301","1","200"
"17302","1","185"
"17303","1","175"
"17304","1","152"
"17305","1","200"
"17306","1","201"
"17307","1","200"
"17308","1","200"
"17309","1","166"
"17310","1","146"
"17311","1","0"
"17312","1","200"
"17313","1","87"
"17314","1","200"
"17315","1","201"
"17316","1","117"
"17317","1","200"
"17318","1","0"
"17319","1","194"
"17320","1","150"
"17321","1","149"
"17322","1","126"
"17323","1","153"
"17324","1","158"
"17325","1","69"
"17326","1","0"
"17327","1","0"
"17328","1","163"
"17329","1","52"
"17330","1","119"
"17331","1","200"
"17332","1","50"
"17333","1","200"
"17334","1","60"
"17335","1","0"
"17336","1","0"
"17337","1","200"
"17338","1","79"
"17339","1","42"
"17340","1","200"
"17341","1","200"
"17342","1","0"
"17343","1","106"
"17344","1","83"
"17345","1","1"
"17346","1","201"
"17347","1","200"
"17348","1","201"
"17349","1","183"
"17350","1","200"
"17351","1","162"
"17352","1","200"
"17353","1","156"
"17354","1","192"
"17355","1","89"
"17356","1","1"
"17357","1","89"
"17358","1","0"
"17359","1","75"
"17360","1","163"
"17361","1","0"
"17362","1","98"
"17363","1","201"
"17364","1","199"
"17365","1","201"
"17366","1","30"
"17367","1","200"
"17368","1","78"
"17369","1","190"
"17370","1","135"
"17371","1","177"
"17372","1","168"
"17373","1","201"
"17374","1","78"
"17375","1","200"
"17376","1","125"
"17377","1","200"
"17378","1","200"
"17379","1","200"
"17380","1","200"
"17381","1","201"
"17382","1","160"
"17383","1","199"
"17384","1","173"
"17385","1","73"
"17386","1","180"
"17387","1","0"
"17388","1","196"
"17389","1","0"
"17390","1","49"
"17391","1","123"
"17392","1","69"
"17393","1","89"
"17394","1","146"
"17395","1","198"
"17396","1","62"
"17397","1","68"
"17398","1","78"
"17399","1","200"
"17400","1","175"
"17401","1","39"
"17402","1","1"
"17403","1","139"
"17404","1","154"
"17405","1","75"
"17406","1","92"
"17407","1","79"
"17408","1","184"
"17409","1","201"
"17410","1","0"
"17411","1","0"
"17412","1","102"
"17413","1","201"
"17414","1","188"
"17415","1","200"
"17416","1","200"
"17417","","201"
"17418","1","0"
"17419","1","158"
"17420","1","0"
"17421","1","0"
"17422","1","65"
"17423","1","194"
"17424","","192"
"17425","1","80"
"17426","1","199"
"17427","1","200"
"17428","1","173"
"17429","1","62"
"17430","1","170"
"17431","1","0"
"17432","1","133"
"17433","1","123"
"17434","1","139"
"17435","1","146"
"17436","1","41"
"17437","1","0"
"17438","1","144"
"17439","1","124"
"17440","1","0"
"17441","1","180"
"17442","1","176"
"17443","1","94"
"17444","1","0"
"17445","1","119"
"17446","1","201"
"17447","1","132"
"17448","1","0"
"17449","1","0"
"17450","1","0"
"17451","1","0"
"17452","1","0"
"17453","1","0"
"17454","1","0"
"17455","1","0"
"17456","1","0"
"17457","1","0"
"17458","1","102"
"17459","1","102"
"17460","1","102"
"17461","1","102"
"17462","1","102"
"17463","1","102"
"17464","1","79"
"17465","1","102"
"17466","1","102"
"17467","1","102"
"17468","1","107"
"17469","1","131"
"17470","1","107"
"17471","1","131"
"17472","1","110"
"17473","1","107"
"17474","1","107"
"17475","1","110"
"17476","1","131"
"17477","1","99"
"17478","1","139"
"17479","1","19"
"17480","1","139"
"17481","1","139"
"17482","1","139"
"17483","1","139"
"17484","1","139"
"17485","1","139"
"17486","1","139"
"17487","1","139"
"17488","1","70"
"17489","1","98"
"17490","1","0"
"17491","1","153"
"17492","1","200"
"17493","1","98"
"17494","1","200"
"17495","1","64"
"17496","1","92"
"17497","1","200"
"17498","1","159"
"17499","1","0"
"17500","1","0"
"17501","1","200"
"17502","1","89"
"17503","1","0"
"17504","1","16"
"17505","1","189"
"17506","1","2"
"17507","1","164"
"17508","1","187"
"17509","1","198"
"17510","1","13"
"17511","1","133"
"17512","1","146"
"17513","1","89"
"17514","1","73"
"17515","1","0"
"17516","1","200"
"17517","1","124"
"17518","1","0"
"17519","1","200"
"17520","1","3"
"17521","1","65"
"17522","1","92"
"17523","1","140"
"17524","1","17"
"17525","1","200"
"17526","1","138"
"17527","1","145"
"17528","1","122"
"17529","1","122"
"17530","1","176"
"17531","1","3"
"17532","1","0"
"17533","1","0"
"17534","1","183"
"17535","1","200"
"17536","1","101"
"17537","1","200"
"17538","1","179"
"17539","1","79"
"17540","1","13"
"17541","1","200"
"17542","1","200"
"17543","1","200"
"17544","1","200"
"17545","1","200"
"17546","1","175"
"17547","1","100"
"17548","1","19"
"17549","1","122"
"17550","1","45"
"17551","1","45"
"17552","1","0"
"17553","1","188"
"17554","1","171"
"17555","1","147"
"17556","1","189"
"17557","1","181"
"17558","1","102"
"17559","1","102"
"17560","1","102"
"17561","1","102"
"17562","1","102"
"17563","1","110"
"17564","1","131"
"17565","1","110"
"17566","1","131"
"17567","1","131"
"17568","1","139"
"17569","1","139"
"17570","1","19"
"17571","1","19"
"17572","1","139"
"17573","1","0"
"17574","1","0"
"17575","1","0"
"17576","1","0"
"17577","1","0"
"17578","1","163"
"17579","1","200"
"17580","1","64"
"17581","1","181"
"17582","1","170"
"17583","1","170"
"17584","1","99"
"17585","1","89"
"17586","1","135"
"17587","1","119"
"17588","1","153"
"17589","1","0"
"17590","1","0"
"17591","1","100"
"17592","1","201"
"17593","1","0"
"17594","1","28"
"17595","1","153"
"17596","1","88"
"17597","1","92"
"17598","1","0"
"17599","1","0"
"17600","1","124"
"17601","1","201"
"17602","1","124"
"17603","1","161"
"17604","1","45"
"17605","1","0"
"17606","1","0"
"17607","","0"
"17608","1","0"
"17609","1","174"
"17610","1","178"
"17611","1","177"
"17612","1","201"
"17613","1","193"
"17614","1","145"
"17615","1","7"
"17616","1","138"
"17617","1","200"
"17618","1","94"
"17619","1","185"
"17620","1","0"
"17621","1","106"
"17622","1","89"
"17623","1","193"
"17624","1","78"
"17625","1","89"
"17626","1","178"
"17627","1","132"
"17628","1","149"
"17629","1","78"
"17630","1","12"
"17631","1","74"
"17632","1","5"
"17633","1","200"
"17634","1","64"
"17635","1","155"
"17636","1","0"
"17637","1","200"
"17638","1","118"
"17639","1","167"
"17640","1","0"
"17641","1","103"
"17642","1","136"
"17643","1","200"
"17644","1","40"
"17645","1","0"
"17646","1","152"
"17647","1","144"
"17648","1","110"
"17649","1","93"
"17650","1","134"
"17651","1","154"
"17652","1","154"
"17653","1","165"
"17654","1","170"
"17655","1","132"
"17656","1","200"
"17657","1","173"
"17658","1","81"
"17659","1","139"
"17660","1","182"
"17661","1","143"
"17662","1","0"
"17663","1","167"
"17664","1","200"
"17665","1","201"
"17666","1","163"
"17667","1","34"
"17668","1","200"
"17669","1","194"
"17670","1","97"
"17671","1","201"
"17672","","200"
"17673","","194"
"17674","1","200"
"17675","1","135"
"17676","1","126"
"17677","1","0"
"17678","1","0"
"17679","1","181"
"17680","1","77"
"17681","1","89"
"17682","1","153"
"17683","1","132"
"17684","1","179"
"17685","1","181"
"17686","1","182"
"17687","1","154"
"17688","1","185"
"17689","1","93"
"17690","1","185"
"17691","1","146"
"17692","1","127"
"17693","1","195"
"17694","1","166"
"17695","1","194"
"17696","1","148"
"17697","1","159"
"17698","1","159"
"17699","1","122"
"17700","1","0"
"17701","1","186"
"17702","1","201"
"17703","1","158"
"17704","1","92"
"17705","1","200"
"17706","1","199"
"17707","1","200"
"17708","1","150"
"17709","1","132"
"17710","1","163"
"17711","1","0"
"17712","1","122"
"17713","1","72"
"17714","1","7"
"17715","1","147"
"17716","1","201"
"17717","1","0"
"17718","1","0"
"17719","1","185"
"17720","1","165"
"17721","1","179"
"17722","1","154"
"17723","1","154"
"17724","1","139"
"17725","1","158"
"17726","1","61"
"17727","1","0"
"17728","1","0"
"17729","1","198"
"17730","1","28"
"17731","1","0"
"17732","1","0"
"17733","1","83"
"17734","1","179"
"17735","1","184"
"17736","1","31"
"17737","1","139"
"17738","1","167"
"17739","1","92"
"17740","1","122"
"17741","1","188"
"17742","1","146"
"17743","1","201"
"17744","1","90"
"17745","1","138"
"17746","1","190"
"17747","1","139"
"17748","1","173"
"17749","1","0"
"17750","1","201"
"17751","1","201"
"17752","1","162"
"17753","1","200"
"17754","1","0"
"17755","1","194"
"17756","1","138"
"17757","1","147"
"17758","1","163"
"17759","1","17"
"17760","1","174"
"17761","","200"
"17762","1","0"
"17763","1","0"
"17764","1","61"
"17765","1","159"
"17766","1","0"
"17767","1","139"
"17768","1","123"
"17769","1","92"
"17770","1","184"
"17771","1","64"
"17772","1","184"
"17773","1","136"
"17774","1","0"
"17775","1","124"
"17776","1","129"
"17777","1","165"
"17778","1","170"
"17779","1","153"
"17780","1","0"
"17781","1","149"
"17782","1","184"
"17783","1","0"
"17784","1","8"
"17785","1","178"
"17786","1","91"
"17787","1","191"
"17788","1","146"
"17789","1","155"
"17790","1","153"
"17791","1","179"
"17792","1","20"
"17793","1","141"
"17794","1","71"
"17795","1","123"
"17796","1","122"
"17797","1","91"
"17798","1","141"
"17799","1","2"
"17800","1","41"
"17801","1","182"
"17802","1","154"
"17803","1","122"
"17804","1","116"
"17805","1","0"
"17806","1","0"
"17807","1","144"
"17808","1","1"
"17809","1","153"
"17810","1","138"
"17811","1","139"
"17812","1","90"
"17813","1","68"
"17814","1","64"
"17815","1","65"
"17816","1","173"
"17817","1","0"
"17818","1","198"
"17819","1","201"
"17820","1","0"
"17821","1","147"
"17822","1","201"
"17823","1","0"
"17824","1","154"
"17825","1","93"
"17826","1","201"
"17827","1","194"
"17828","1","119"
"17829","1","151"
"17830","1","145"
"17831","1","133"
"17832","","199"
"17833","1","200"
"17834","1","184"
"17835","1","77"
"17836","1","182"
"17837","1","199"
"17838","1","0"
"17839","1","4"
"17840","1","0"
"17841","1","8"
"17842","1","141"
"17843","1","153"
"17844","1","136"
"17845","1","136"
"17846","1","150"
"17847","1","152"
"17848","1","129"
"17849","1","167"
"17850","1","34"
"17851","1","179"
"17852","1","120"
"17853","1","81"
"17854","1","165"
"17855","1","200"
"17856","1","153"
"17857","1","200"
"17858","1","0"
"17859","1","179"
"17860","1","0"
"17861","1","198"
"17862","1","200"
"17863","1","199"
"17864","1","135"
"17865","1","190"
"17866","1","0"
"17867","1","200"
"17868","1","201"
"17869","","192"
"17870","1","16"
"17871","1","11"
"17872","1","102"
"17873","1","200"
"17874","1","52"
"17875","1","198"
"17876","1","184"
"17877","1","145"
"17878","1","170"
"17879","1","0"
"17880","1","152"
"17881","1","201"
"17882","1","0"
"17883","1","201"
"17884","1","201"
"17885","1","0"
"17886","1","132"
"17887","1","174"
"17888","1","42"
"17889","1","53"
"17890","1","1"
"17891","1","32"
"17892","1","138"
"17893","1","0"
"17894","1","200"
"17895","1","200"
"17896","1","173"
"17897","1","0"
"17898","1","2"
"17899","1","154"
"17900","1","139"
"17901","1","177"
"17902","1","200"
"17903","1","194"
"17904","1","167"
"17905","1","200"
"17906","1","185"
"17907","1","201"
"17908","1","163"
"17909","1","142"
"17910","1","0"
"17911","1","0"
"17912","1","188"
"17913","1","179"
"17914","1","201"
"17915","1","0"
"17916","1","61"
"17917","1","150"
"17918","1","62"
"17919","","200"
"17920","","194"
"17921","","194"
"17922","1","0"
"17923","1","182"
"17924","1","65"
"17925","1","128"
"17926","1","113"
"17927","1","200"
"17928","1","169"
"17929","1","0"
"17930","1","156"
"17931","1","0"
"17932","1","201"
"17933","1","0"
"17934","1","145"
"17935","1","101"
"17936","1","92"
"17937","1","63"
"17938","1","81"
"17939","1","200"
"17940","1","133"
"17941","1","0"
"17942","1","167"
"17943","1","166"
"17944","1","201"
"17945","1","200"
"17946","1","197"
"17947","1","201"
"17948","1","138"
"17949","1","184"
"17950","1","104"
"17951","1","85"
"17952","1","162"
"17953","1","162"
"17954","1","161"
"17955","1","169"
"17956","1","169"
"17957","1","162"
"17958","1","177"
"17959","1","177"
"17960","1","159"
"17961","1","49"
"17962","1","0"
"17963","1","199"
"17964","1","90"
"17965","1","140"
"17966","1","184"
"17967","1","128"
"17968","1","0"
"17969","1","95"
"17970","1","156"
"17971","1","200"
"17972","1","0"
"17973","1","94"
"17974","1","2"
"17975","1","0"
"17976","1","127"
"17977","1","58"
"17978","1","175"
"17979","1","200"
"17980","1","96"
"17981","1","143"
"17982","1","0"
"17983","1","57"
"17984","1","0"
"17985","1","194"
"17986","1","194"
"17987","1","194"
"17988","1","0"
"17989","1","155"
"17990","1","148"
"17991","1","189"
"17992","1","151"
"17993","1","139"
"17994","1","62"
"17995","1","146"
"17996","1","201"
"17997","1","75"
"17998","1","122"
"17999","1","103"
"18000","1","200"
"18001","1","200"
"18002","1","200"
"18003","1","168"
"18004","1","106"
"18005","1","192"
"18006","","200"
"18007","","200"
"18008","1","39"
"18009","","192"
"18010","","192"
"18011","","192"
"18012","1","86"
"18013","1","200"
"18014","1","187"
"18015","1","93"
"18016","1","153"
"18017","1","153"
"18018","1","167"
"18019","1","167"
"18020","1","177"
"18021","1","177"
"18022","1","196"
"18023","1","195"
"18024","1","192"
"18025","1","198"
"18026","1","198"
"18027","1","193"
"18028","1","197"
"18029","1","197"
"18030","1","198"
"18031","1","198"
"18032","1","0"
"18033","1","109"
"18034","1","181"
"18035","1","15"
"18036","1","180"
"18037","1","200"
"18038","1","200"
"18039","1","169"
"18040","1","80"
"18041","1","200"
"18042","1","175"
"18043","1","172"
"18044","1","200"
"18045","1","178"
"18046","1","0"
"18047","1","0"
"18048","1","89"
"18049","1","200"
"18050","1","0"
"18051","1","161"
"18052","1","0"
"18053","1","200"
"18054","1","33"
"18055","1","200"
"18056","1","0"
"18057","1","0"
"18058","1","200"
"18059","1","0"
"18060","1","92"
"18061","1","30"
"18062","1","91"
"18063","1","0"
"18064","1","200"
"18065","1","0"
"18066","1","72"
"18067","1","0"
"18068","1","167"
"18069","1","199"
"18070","1","0"
"18071","1","199"
"18072","1","118"
"18073","1","0"
"18074","1","139"
"18075","1","45"
"18076","1","170"
"18077","1","61"
"18078","1","99"
"18079","1","147"
"18080","1","195"
"18081","1","0"
"18082","1","0"
"18083","1","99"
"18084","1","178"
"18085","1","0"
"18086","1","201"
"18087","1","127"
"18088","1","200"
"18089","1","179"
"18090","1","82"
"18091","1","179"
"18092","1","92"
"18093","1","184"
"18094","1","174"
"18095","1","0"
"18096","1","81"
"18097","1","199"
"18098","1","153"
"18099","1","201"
"18100","1","112"
"18101","1","200"
"18102","1","176"
"18103","1","157"
"18104","1","16"
"18105","1","153"
"18106","1","200"
"18107","1","65"
"18108","1","27"
"18109","1","60"
"18110","1","142"
"18111","1","169"
"18112","1","177"
"18113","1","179"
"18114","1","200"
"18115","1","4"
"18116","1","0"
"18117","1","27"
"18118","1","83"
"18119","1","56"
"18120","1","9"
"18121","1","185"
"18122","1","140"
"18123","1","198"
"18124","","70"
"18125","","0"
"18126","1","111"
"18127","1","200"
"18128","1","73"
"18129","1","200"
"18130","1","0"
"18131","1","178"
"18132","1","0"
"18133","1","179"
"18134","1","200"
"18135","1","71"
"18136","1","119"
"18137","1","193"
"18138","1","158"
"18139","1","45"
"18140","1","0"
"18141","1","145"
"18142","1","2"
"18143","1","93"
"18144","1","103"
"18145","1","131"
"18146","1","200"
"18147","1","140"
"18148","1","161"
"18149","1","184"
"18150","1","143"
"18151","1","172"
"18152","1","32"
"18153","1","48"
"18154","1","32"
"18155","1","87"
"18156","1","111"
"18157","1","146"
"18158","1","94"
"18159","1","200"
"18160","1","200"
"18161","1","170"
"18162","1","151"
"18163","1","0"
"18164","1","0"
"18165","1","0"
"18166","1","201"
"18167","1","33"
"18168","1","33"
"18169","1","77"
"18170","1","48"
"18171","1","48"
"18172","1","8"
"18173","1","14"
"18174","1","200"
"18175","1","45"
"18176","1","48"
"18177","1","190"
"18178","1","194"
"18179","1","200"
"18180","1","193"
"18181","1","193"
"18182","1","200"
"18183","1","190"
"18184","1","161"
"18185","1","166"
"18186","1","168"
"18187","1","187"
"18188","1","45"
"18189","1","45"
"18190","1","0"
"18191","1","0"
"18192","1","0"
"18193","1","32"
"18194","1","0"
"18195","1","158"
"18196","1","0"
"18197","1","0"
"18198","1","0"
"18199","","190"
"18200","1","3"
"18201","1","3"
"18202","1","0"
"18203","1","0"
"18204","1","10"
"18205","1","58"
"18206","1","47"
"18207","1","59"
"18208","1","31"
"18209","1","47"
"18210","1","31"
"18211","1","31"
"18212","1","31"
"18213","1","200"
"18214","1","152"
"18215","1","0"
"18216","1","0"
"18217","1","0"
"18218","1","60"
"18219","1","0"
"18220","1","0"
"18221","1","31"
"18222","1","47"
"18223","1","38"
"18224","1","178"
"18225","1","200"
"18226","1","158"
"18227","1","2"
"18228","","200"
"18229","1","63"
"18230","1","59"
"18231","1","198"
"18232","1","153"
"18233","1","132"
"18234","1","201"
"18235","1","90"
"18236","1","154"
"18237","1","31"
"18238","1","8"
"18239","1","86"
"18240","1","175"
"18241","1","145"
"18242","1","170"
"18243","1","153"
"18244","1","157"
"18245","1","0"
"18246","1","123"
"18247","1","200"
"18248","1","201"
"18249","1","180"
"18250","1","195"
"18251","1","123"
"18252","1","45"
"18253","1","36"
"18254","1","179"
"18255","1","92"
"18256","1","54"
"18257","1","0"
"18258","1","61"
"18259","1","146"
"18260","1","200"
"18261","1","0"
"18262","1","123"
"18263","1","0"
"18264","1","126"
"18265","1","200"
"18266","1","198"
"18267","1","61"
"18268","1","170"
"18269","1","93"
"18270","1","0"
"18271","1","154"
"18272","1","200"
"18273","1","103"
"18274","1","200"
"18275","1","200"
"18276","1","83"
"18277","1","106"
"18278","1","141"
"18279","1","201"
"18280","1","89"
"18281","1","123"
"18282","1","2"
"18283","1","167"
"18284","1","153"
"18285","1","0"
"18286","1","61"
"18287","1","152"
"18288","1","137"
"18289","1","34"
"18290","1","0"
"18291","1","184"
"18292","1","200"
"18293","1","0"
"18294","1","42"
"18295","1","126"
"18296","1","172"
"18297","1","131"
"18298","1","29"
"18299","1","0"
"18300","1","201"
"18301","1","139"
"18302","1","161"
"18303","1","170"
"18304","1","73"
"18305","1","61"
"18306","1","146"
"18307","1","200"
"18308","1","200"
"18309","1","201"
"18310","1","45"
"18311","1","0"
"18312","1","201"
"18313","1","0"
"18314","1","0"
"18315","","92"
"18316","1","172"
"18317","1","180"
"18318","1","200"
"18319","1","28"
"18320","1","154"
"18321","1","144"
"18322","1","198"
"18323","1","76"
"18324","1","200"
"18325","1","199"
"18326","1","0"
"18327","1","124"
"18328","1","153"
"18329","1","92"
"18330","1","158"
"18331","1","0"
"18332","1","144"
"18333","1","200"
"18334","1","197"
"18335","1","161"
"18336","1","0"
"18337","","0"
"18338","1","157"
"18339","1","0"
"18340","1","100"
"18341","1","182"
"18342","1","199"
"18343","1","193"
"18344","1","200"
"18345","1","45"
"18346","1","198"
"18347","1","192"
"18348","1","31"
"18349","1","8"
"18350","1","32"
"18351","1","31"
"18352","1","31"
"18353","1","0"
"18354","1","0"
"18355","1","32"
"18356","1","32"
"18357","1","31"
"18358","1","0"
"18359","1","0"
"18360","1","194"
"18361","1","0"
"18362","1","156"
"18363","1","201"
"18364","1","32"
"18365","1","163"
"18366","","108"
"18367","1","0"
"18368","1","62"
"18369","1","200"
"18370","1","201"
"18371","1","200"
"18372","1","146"
"18373","1","7"
"18374","1","48"
"18375","1","138"
"18376","1","146"
"18377","1","117"
"18378","1","39"
"18379","1","121"
"18380","1","7"
"18381","1","128"
"18382","1","186"
"18383","1","151"
"18384","1","159"
"18385","1","142"
"18386","1","0"
"18387","1","0"
"18388","1","154"
"18389","1","170"
"18390","1","31"
"18391","1","90"
"18392","1","200"
"18393","1","61"
"18394","1","0"
"18395","1","200"
"18396","1","0"
"18397","1","90"
"18398","1","0"
"18399","1","1"
"18400","1","184"
"18401","1","0"
"18402","1","0"
"18403","1","0"
"18404","1","195"
"18405","1","143"
"18406","1","201"
"18407","1","180"
"18408","1","62"
"18409","1","185"
"18410","1","146"
"18411","1","129"
"18412","1","85"
"18413","1","192"
"18414","1","201"
"18415","1","198"
"18416","1","198"
"18417","1","198"
"18418","1","193"
"18419","1","167"
"18420","1","200"
"18421","1","199"
"18422","1","20"
"18423","1","46"
"18424","1","0"
"18425","1","0"
"18426","1","97"
"18427","1","180"
"18428","1","137"
"18429","1","154"
"18430","1","71"
"18431","1","0"
"18432","1","201"
"18433","1","0"
"18434","1","176"
"18435","1","122"
"18436","1","98"
"18437","1","138"
"18438","1","56"
"18439","1","45"
"18440","1","0"
"18441","1","142"
"18442","1","153"
"18443","1","165"
"18444","1","200"
"18445","1","200"
"18446","1","200"
"18447","1","6"
"18448","1","55"
"18449","1","200"
"18450","1","200"
"18451","1","160"
"18452","","201"
"18453","1","0"
"18454","1","200"
"18455","1","50"
"18456","","192"
"18457","1","90"
"18458","1","37"
"18459","1","138"
"18460","1","200"
"18461","1","200"
"18462","1","200"
"18463","1","200"
"18464","1","200"
"18465","1","61"
"18466","","180"
"18467","1","81"
"18468","1","138"
"18469","1","148"
"18470","1","0"
"18471","1","200"
"18472","1","178"
"18473","1","134"
"18474","1","71"
"18475","1","198"
"18476","1","0"
"18477","1","71"
"18478","1","0"
"18479","1","106"
"18480","1","175"
"18481","1","123"
"18482","1","170"
"18483","1","108"
"18484","1","162"
"18485","1","200"
"18486","1","123"
"18487","1","122"
"18488","1","0"
"18489","1","0"
"18490","1","89"
"18491","1","77"
"18492","1","133"
"18493","1","198"
"18494","1","9"
"18495","1","42"
"18496","1","166"
"18497","1","0"
"18498","1","139"
"18499","1","200"
"18500","1","192"
"18501","1","111"
"18502","1","198"
"18503","1","164"
"18504","1","160"
"18505","1","200"
"18506","","200"
"18507","","179"
"18508","1","179"
"18509","1","1"
"18510","1","153"
"18511","1","159"
"18512","1","124"
"18513","1","61"
"18514","1","75"
"18515","1","189"
"18516","1","96"
"18517","1","200"
"18518","1","200"
"18519","1","201"
"18520","1","200"
"18521","1","0"
"18522","1","67"
"18523","1","192"
"18524","1","123"
"18525","1","92"
"18526","1","0"
"18527","1","170"
"18528","1","154"
"18529","1","109"
"18530","1","118"
"18531","1","0"
"18532","1","170"
"18533","1","178"
"18534","1","178"
"18535","1","0"
"18536","1","0"
"18537","1","200"
"18538","1","34"
"18539","1","66"
"18540","1","201"
"18541","1","123"
"18542","1","185"
"18543","1","185"
"18544","1","185"
"18545","1","83"
"18546","1","199"
"18547","1","198"
"18548","1","200"
"18549","1","77"
"18550","","199"
"18551","1","201"
"18552","1","0"
"18553","1","196"
"18554","1","94"
"18555","1","192"
"18556","1","31"
"18557","1","14"
"18558","1","192"
"18559","1","164"
"18560","1","173"
"18561","1","201"
"18562","1","71"
"18563","1","108"
"18564","1","165"
"18565","1","133"
"18566","1","200"
"18567","1","89"
"18568","1","201"
"18569","1","168"
"18570","1","17"
"18571","1","200"
"18572","1","196"
"18573","1","26"
"18574","1","201"
"18575","1","64"
"18576","1","0"
"18577","1","0"
"18578","1","195"
"18579","1","0"
"18580","1","89"
"18581","1","200"
"18582","1","200"
"18583","1","200"
"18584","1","164"
"18585","1","200"
"18586","1","73"
"18587","1","107"
"18588","1","153"
"18589","1","19"
"18590","1","200"
"18591","1","0"
"18592","1","199"
"18593","1","200"
"18594","1","110"
"18595","1","200"
"18596","1","0"
"18597","1","140"
"18598","1","153"
"18599","1","31"
"18600","1","179"
"18601","","194"
"18602","1","178"
"18603","1","0"
"18604","1","123"
"18605","1","132"
"18606","1","153"
"18607","1","195"
"18608","1","131"
"18609","1","200"
"18610","1","133"
"18611","1","184"
"18612","1","153"
"18613","1","200"
"18614","1","153"
"18615","1","200"
"18616","1","51"
"18617","1","196"
"18618","1","153"
"18619","1","200"
"18620","1","88"
"18621","1","197"
"18622","1","16"
"18623","1","117"
"18624","1","139"
"18625","1","140"
"18626","1","196"
"18627","1","201"
"18628","1","201"
"18629","1","201"
"18630","1","200"
"18631","1","132"
"18632","1","200"
"18633","1","183"
"18634","1","46"
"18635","1","200"
"18636","1","176"
"18637","1","0"
"18638","1","201"
"18639","1","80"
"18640","1","175"
"18641","1","1"
"18642","1","70"
"18643","1","77"
"18644","1","201"
"18645","1","201"
"18646","1","178"
"18647","1","0"
"18648","1","200"
"18649","1","199"
"18650","1","199"
"18651","1","162"
"18652","1","200"
"18653","1","199"
"18654","1","200"
"18655","1","200"
"18656","1","199"
"18657","1","194"
"18658","1","194"
"18659","1","194"
"18660","1","146"
"18661","1","136"
"18662","1","157"
"18663","1","184"
"18664","1","167"
"18665","1","0"
"18666","1","0"
"18667","1","123"
"18668","1","0"
"18669","1","122"
"18670","1","55"
"18671","1","169"
"18672","1","164"
"18673","1","199"
"18674","1","200"
"18675","1","175"
"18676","1","200"
"18677","1","75"
"18678","1","167"
"18679","1","0"
"18680","1","201"
"18681","1","89"
"18682","1","135"
"18683","1","72"
"18684","1","153"
"18685","1","38"
"18686","1","200"
"18687","1","200"
"18688","1","200"
"18689","1","200"
"18690","1","200"
"18691","1","106"
"18692","1","122"
"18693","1","145"
"18694","1","193"
"18695","1","151"
"18696","1","39"
"18697","1","0"
"18698","1","0"
"18699","1","178"
"18700","1","165"
"18701","1","90"
"18702","1","179"
"18703","1","200"
"18704","1","64"
"18705","1","200"
"18706","1","0"
"18707","1","90"
"18708","1","153"
"18709","1","116"
"18710","1","8"
"18711","1","143"
"18712","1","124"
"18713","1","0"
"18714","","0"
"18715","1","200"
"18716","1","0"
"18717","1","101"
"18718","1","201"
"18719","1","192"
"18720","1","201"
"18721","1","180"
"18722","1","109"
"18723","1","57"
"18724","1","0"
"18725","1","0"
"18726","1","106"
"18727","1","0"
"18728","1","22"
"18729","1","114"
"18730","1","173"
"18731","1","173"
"18732","1","1"
"18733","1","200"
"18734","1","199"
"18735","1","63"
"18736","1","200"
"18737","1","13"
"18738","1","200"
"18739","","185"
"18740","1","93"
"18741","1","123"
"18742","1","104"
"18743","1","118"
"18744","1","117"
"18745","1","200"
"18746","1","154"
"18747","1","201"
"18748","1","173"
"18749","1","180"
"18750","1","197"
"18751","1","200"
"18752","1","142"
"18753","1","200"
"18754","1","90"
"18755","1","4"
"18756","1","135"
"18757","","200"
"18758","","201"
"18759","1","14"
"18760","1","153"
"18761","1","187"
"18762","1","200"
"18763","1","188"
"18764","1","188"
"18765","1","200"
"18766","1","148"
"18767","1","0"
"18768","1","40"
"18769","1","34"
"18770","1","200"
"18771","1","192"
"18772","1","33"
"18773","1","0"
"18774","1","123"
"18775","1","163"
"18776","1","158"
"18777","1","77"
"18778","1","83"
"18779","1","145"
"18780","1","161"
"18781","1","12"
"18782","1","160"
"18783","1","200"
"18784","1","201"
"18785","1","175"
"18786","1","14"
"18787","1","199"
"18788","1","0"
"18789","","0"
"18790","1","138"
"18791","1","112"
"18792","1","36"
"18793","1","188"
"18794","1","196"
"18795","1","201"
"18796","1","195"
"18797","1","0"
"18798","1","168"
"18799","1","76"
"18800","1","157"
"18801","1","154"
"18802","1","1"
"18803","1","6"
"18804","1","199"
"18805","1","121"
"18806","1","198"
"18807","1","120"
"18808","1","143"
"18809","1","155"
"18810","1","164"
"18811","1","144"
"18812","1","20"
"18813","1","192"
"18814","1","201"
"18815","1","156"
"18816","1","169"
"18817","1","43"
"18818","1","63"
"18819","1","89"
"18820","1","55"
"18821","1","0"
"18822","1","0"
"18823","1","48"
"18824","1","17"
"18825","1","48"
"18826","1","0"
"18827","1","0"
"18828","1","0"
"18829","1","0"
"18830","1","48"
"18831","1","55"
"18832","1","42"
"18833","1","42"
"18834","1","19"
"18835","1","71"
"18836","1","0"
"18837","1","76"
"18838","1","117"
"18839","1","123"
"18840","1","84"
"18841","1","90"
"18842","1","159"
"18843","1","169"
"18844","1","0"
"18845","1","103"
"18846","1","170"
"18847","1","178"
"18848","1","201"
"18849","1","0"
"18850","","190"
"18851","1","0"
"18852","1","0"
"18853","1","47"
"18854","1","0"
"18855","1","169"
"18856","1","201"
"18857","1","194"
"18858","1","199"
"18859","1","83"
"18860","1","200"
"18861","1","0"
"18862","1","179"
"18863","1","144"
"18864","1","200"
"18865","1","200"
"18866","1","200"
"18867","1","0"
"18868","1","73"
"18869","1","125"
"18870","1","70"
"18871","1","123"
"18872","1","155"
"18873","1","201"
"18874","1","200"
"18875","1","142"
"18876","1","126"
"18877","1","201"
"18878","1","0"
"18879","1","73"
"18880","1","170"
"18881","1","185"
"18882","1","0"
"18883","1","0"
"18884","1","0"
"18885","1","191"
"18886","1","171"
"18887","1","100"
"18888","1","40"
"18889","1","40"
"18890","1","177"
"18891","1","28"
"18892","1","13"
"18893","1","110"
"18894","1","200"
"18895","1","170"
"18896","1","155"
"18897","1","32"
"18898","1","0"
"18899","1","83"
"18900","1","160"
"18901","1","186"
"18902","1","62"
"18903","1","128"
"18904","1","201"
"18905","1","70"
"18906","1","200"
"18907","1","201"
"18908","1","200"
"18909","1","94"
"18910","1","0"
"18911","1","200"
"18912","1","132"
"18913","1","179"
"18914","1","200"
"18915","1","0"
"18916","1","201"
"18917","1","114"
"18918","1","0"
"18919","1","163"
"18920","1","200"
"18921","1","1"
"18922","1","200"
"18923","1","0"
"18924","1","148"
"18925","1","77"
"18926","1","192"
"18927","1","31"
"18928","1","56"
"18929","1","0"
"18930","1","104"
"18931","1","200"
"18932","1","71"
"18933","1","177"
"18934","1","198"
"18935","","89"
"18936","1","45"
"18937","1","199"
"18938","1","158"
"18939","1","83"
"18940","1","100"
"18941","1","192"
"18942","1","51"
"18943","1","180"
"18944","1","200"
"18945","1","200"
"18946","1","0"
"18947","1","180"
"18948","1","200"
"18949","1","200"
"18950","1","199"
"18951","1","200"
"18952","1","0"
"18953","1","201"
"18954","1","140"
"18955","1","184"
"18956","1","135"
"18957","1","154"
"18958","1","201"
"18959","1","99"
"18960","1","31"
"18961","1","167"
"18962","1","161"
"18963","1","31"
"18964","1","31"
"18965","1","31"
"18966","1","146"
"18967","1","36"
"18968","1","5"
"18969","1","5"
"18970","1","32"
"18971","1","32"
"18972","1","48"
"18973","1","48"
"18974","1","0"
"18975","1","31"
"18976","1","0"
"18977","1","0"
"18978","1","172"
"18979","1","198"
"18980","1","201"
"18981","1","200"
"18982","1","67"
"18983","1","72"
"18984","1","200"
"18985","1","0"
"18986","1","0"
"18987","1","0"
"18988","1","200"
"18989","1","201"
"18990","1","39"
"18991","1","0"
"18992","1","32"
"18993","1","200"
"18994","1","90"
"18995","1","201"
"18996","1","89"
"18997","","88"
"18998","1","158"
"18999","1","176"
"19000","1","200"
"19001","1","128"
"19002","1","55"
"19003","1","0"
"19004","1","154"
"19005","","192"
"19006","1","170"
"19007","1","152"
"19008","1","106"
"19009","1","51"
"19010","1","0"
"19011","1","90"
"19012","1","200"
"19013","1","64"
"19014","1","0"
"19015","1","180"
"19016","1","83"
"19017","1","29"
"19018","1","0"
"19019","1","60"
"19020","1","201"
"19021","1","31"
"19022","1","13"
"19023","1","0"
"19024","1","103"
"19025","1","200"
"19026","1","32"
"19027","1","12"
"19028","1","189"
"19029","1","108"
"19030","1","185"
"19031","1","0"
"19032","1","180"
"19033","1","145"
"19034","1","61"
"19035","1","163"
"19036","1","201"
"19037","1","78"
"19038","1","154"
"19039","1","200"
"19040","1","122"
"19041","1","0"
"19042","","0"
"19043","1","200"
"19044","1","118"
"19045","1","154"
"19046","1","83"
"19047","1","199"
"19048","1","41"
"19049","1","183"
"19050","1","201"
"19051","1","184"
"19052","1","160"
"19053","","199"
"19054","1","162"
"19055","1","201"
"19056","1","124"
"19057","1","143"
"19058","1","154"
"19059","1","201"
"19060","1","174"
"19061","1","73"
"19062","1","0"
"19063","1","6"
"19064","1","40"
"19065","1","119"
"19066","1","119"
"19067","1","119"
"19068","1","119"
"19069","1","119"
"19070","1","119"
"19071","1","119"
"19072","1","119"
"19073","1","119"
"19074","1","200"
"19075","1","63"
"19076","1","51"
"19077","1","1"
"19078","1","200"
"19079","1","200"
"19080","1","119"
"19081","1","178"
"19082","1","158"
"19083","1","158"
"19084","1","200"
"19085","1","149"
"19086","1","172"
"19087","1","200"
"19088","1","154"
"19089","1","0"
"19090","1","197"
"19091","1","0"
"19092","1","200"
"19093","1","201"
"19094","1","50"
"19095","1","32"
"19096","1","42"
"19097","1","154"
"19098","1","177"
"19099","1","75"
"19100","1","43"
"19101","1","107"
"19102","1","200"
"19103","1","157"
"19104","1","184"
"19105","1","180"
"19106","1","192"
"19107","1","182"
"19108","1","160"
"19109","1","60"
"19110","1","128"
"19111","1","179"
"19112","1","154"
"19113","1","95"
"19114","1","89"
"19115","1","122"
"19116","1","3"
"19117","1","148"
"19118","1","0"
"19119","1","0"
"19120","1","79"
"19121","1","201"
"19122","1","200"
"19123","1","1"
"19124","1","0"
"19125","1","120"
"19126","1","200"
"19127","1","21"
"19128","1","0"
"19129","1","60"
"19130","1","181"
"19131","1","40"
"19132","1","196"
"19133","1","135"
"19134","1","199"
"19135","1","200"
"19136","1","99"
"19137","1","154"
"19138","1","118"
"19139","1","179"
"19140","1","171"
"19141","1","184"
"19142","1","156"
"19143","1","0"
"19144","1","147"
"19145","1","25"
"19146","1","0"
"19147","1","200"
"19148","1","1"
"19149","1","102"
"19150","1","194"
"19151","1","159"
"19152","1","109"
"19153","1","129"
"19154","1","179"
"19155","1","159"
"19156","1","185"
"19157","1","103"
"19158","1","0"
"19159","1","183"
"19160","1","194"
"19161","1","199"
"19162","1","103"
"19163","1","87"
"19164","1","110"
"19165","1","132"
"19166","1","0"
"19167","1","16"
"19168","1","0"
"19169","1","67"
"19170","1","122"
"19171","1","123"
"19172","1","173"
"19173","1","1"
"19174","1","135"
"19175","1","123"
"19176","1","139"
"19177","1","0"
"19178","1","147"
"19179","1","0"
"19180","1","0"
"19181","1","60"
"19182","1","147"
"19183","1","89"
"19184","1","0"
"19185","1","134"
"19186","1","0"
"19187","1","201"
"19188","1","201"
"19189","1","35"
"19190","1","139"
"19191","1","0"
"19192","1","201"
"19193","1","201"
"19194","","200"
"19195","1","153"
"19196","1","137"
"19197","1","0"
"19198","1","177"
"19199","1","40"
"19200","1","0"
"19201","1","199"
"19202","1","189"
"19203","1","163"
"19204","1","179"
"19205","1","0"
"19206","1","185"
"19207","1","119"
"19208","1","119"
"19209","1","119"
"19210","1","119"
"19211","1","119"
"19212","1","119"
"19213","1","119"
"19214","1","119"
"19215","","194"
"19216","1","0"
"19217","1","92"
"19218","1","110"
"19219","1","40"
"19220","1","139"
"19221","1","0"
"19222","1","35"
"19223","1","133"
"19224","1","201"
"19225","1","200"
"19226","1","41"
"19227","1","192"
"19228","1","199"
"19229","1","142"
"19230","1","132"
"19231","1","165"
"19232","1","0"
"19233","1","0"
"19234","1","0"
"19235","1","154"
"19236","1","153"
"19237","1","108"
"19238","1","0"
"19239","1","200"
"19240","1","62"
"19241","1","148"
"19242","1","0"
"19243","","200"
"19244","1","1"
"19245","1","148"
"19246","1","200"
"19247","1","48"
"19248","","165"
"19249","1","200"
"19250","1","66"
"19251","","201"
"19252","1","191"
"19253","1","24"
"19254","1","48"
"19255","1","0"
"19256","1","100"
"19257","1","119"
"19258","1","145"
"19259","1","0"
"19260","1","189"
"19261","1","163"
"19262","1","198"
"19263","1","168"
"19264","1","86"
"19265","1","140"
"19266","1","106"
"19267","1","37"
"19268","1","56"
"19269","1","1"
"19270","1","110"
"19271","1","0"
"19272","1","170"
"19273","1","65"
"19274","1","0"
"19275","1","87"
"19276","1","78"
"19277","1","200"
"19278","","200"
"19279","1","35"
"19280","","0"
"19281","1","0"
"19282","1","11"
"19283","1","0"
"19284","1","0"
"19285","1","0"
"19286","1","201"
"19287","1","154"
"19288","1","118"
"19289","1","0"
"19290","1","13"
"19291","1","0"
"19292","1","3"
"19293","1","35"
"19294","1","88"
"19295","1","18"
"19296","1","170"
"19297","1","196"
"19298","1","164"
"19299","1","199"
"19300","1","16"
"19301","1","200"
"19302","1","200"
"19303","1","201"
"19304","1","70"
"19305","1","169"
"19306","1","146"
"19307","1","140"
"19308","1","102"
"19309","1","17"
"19310","1","164"
"19311","1","135"
"19312","1","99"
"19313","1","146"
"19314","1","200"
"19315","1","0"
"19316","1","0"
"19317","1","125"
"19318","1","199"
"19319","1","179"
"19320","1","198"
"19321","1","184"
"19322","1","185"
"19323","1","197"
"19324","1","7"
"19325","1","153"
"19326","","0"
"19327","1","0"
"19328","1","118"
"19329","1","154"
"19330","1","153"
"19331","1","154"
"19332","1","18"
"19333","1","199"
"19334","","200"
"19335","1","200"
"19336","1","200"
"19337","1","190"
"19338","1","0"
"19339","1","0"
"19340","1","129"
"19341","1","2"
"19342","1","109"
"19343","","201"
"19344","1","175"
"19345","1","0"
"19346","1","200"
"19347","1","187"
"19348","1","118"
"19349","1","45"
"19350","1","166"
"19351","1","178"
"19352","1","0"
"19353","1","201"
"19354","1","199"
"19355","1","201"
"19356","1","196"
"19357","1","145"
"19358","1","51"
"19359","1","121"
"19360","1","123"
"19361","1","132"
"19362","1","146"
"19363","1","79"
"19364","1","200"
"19365","1","193"
"19366","1","136"
"19367","1","128"
"19368","1","152"
"19369","1","89"
"19370","1","175"
"19371","1","121"
"19372","1","103"
"19373","1","200"
"19374","1","200"
"19375","1","44"
"19376","1","45"
"19377","1","31"
"19378","1","31"
"19379","1","20"
"19380","1","48"
"19381","1","0"
"19382","1","0"
"19383","1","43"
"19384","1","0"
"19385","1","0"
"19386","1","0"
"19387","1","179"
"19388","1","163"
"19389","1","154"
"19390","1","86"
"19391","1","91"
"19392","1","185"
"19393","1","0"
"19394","1","199"
"19395","1","44"
"19396","1","0"
"19397","1","135"
"19398","1","199"
"19399","1","180"
"19400","1","196"
"19401","1","95"
"19402","1","96"
"19403","1","59"
"19404","1","112"
"19405","1","149"
"19406","","200"
"19407","1","40"
"19408","1","146"
"19409","","200"
"19410","1","169"
"19411","1","129"
"19412","1","88"
"19413","1","146"
"19414","1","164"
"19415","1","171"
"19416","1","47"
"19417","1","71"
"19418","1","201"
"19419","1","13"
"19420","1","37"
"19421","1","194"
"19422","1","179"
"19423","1","196"
"19424","1","165"
"19425","1","201"
"19426","1","200"
"19427","1","199"
"19428","1","8"
"19429","1","0"
"19430","1","83"
"19431","1","0"
"19432","1","0"
"19433","1","0"
"19434","1","36"
"19435","1","185"
"19436","","201"
"19437","1","5"
"19438","1","193"
"19439","1","122"
"19440","1","137"
"19441","1","194"
"19442","1","201"
"19443","1","200"
"19444","1","201"
"19445","1","200"
"19446","1","183"
"19447","1","182"
"19448","1","146"
"19449","1","170"
"19450","1","0"
"19451","1","0"
"19452","1","81"
"19453","1","151"
"19454","1","201"
"19455","1","199"
"19456","1","132"
"19457","1","0"
"19458","1","156"
"19459","1","0"
"19460","1","175"
"19461","1","0"
"19462","1","0"
"19463","1","153"
"19464","1","139"
"19465","1","0"
"19466","1","31"
"19467","1","200"
"19468","1","200"
"19469","1","149"
"19470","1","200"
"19471","1","200"
"19472","1","67"
"19473","1","191"
"19474","1","104"
"19475","1","83"
"19476","1","86"
"19477","1","201"
"19478","1","74"
"19479","1","124"
"19480","1","85"
"19481","1","111"
"19482","1","192"
"19483","1","0"
"19484","1","35"
"19485","1","128"
"19486","1","0"
"19487","1","154"
"19488","1","53"
"19489","1","201"
"19490","1","0"
"19491","1","38"
"19492","1","106"
"19493","1","183"
"19494","1","152"
"19495","1","7"
"19496","1","200"
"19497","1","20"
"19498","1","0"
"19499","1","0"
"19500","1","116"
"19501","1","87"
"19502","1","67"
"19503","1","116"
"19504","1","0"
"19505","1","199"
"19506","1","113"
"19507","1","157"
"19508","1","169"
"19509","1","152"
"19510","1","133"
"19511","1","82"
"19512","1","72"
"19513","1","170"
"19514","1","32"
"19515","1","94"
"19516","1","88"
"19517","1","200"
"19518","1","201"
"19519","","79"
"19520","1","8"
"19521","1","31"
"19522","1","129"
"19523","1","92"
"19524","1","196"
"19525","1","179"
"19526","1","200"
"19527","1","197"
"19528","1","168"
"19529","1","61"
"19530","1","168"
"19531","1","194"
"19532","1","0"
"19533","1","124"
"19534","1","189"
"19535","1","153"
"19536","1","123"
"19537","1","185"
"19538","1","200"
"19539","1","175"
"19540","1","149"
"19541","1","192"
"19542","1","122"
"19543","1","137"
"19544","1","200"
"19545","1","98"
"19546","1","175"
"19547","1","116"
"19548","1","185"
"19549","1","200"
"19550","1","201"
"19551","1","0"
"19552","1","152"
"19553","1","199"
"19554","1","31"
"19555","1","75"
"19556","1","134"
"19557","1","200"
"19558","1","0"
"19559","","59"
"19560","1","110"
"19561","1","0"
"19562","1","1"
"19563","1","185"
"19564","1","180"
"19565","1","36"
"19566","","0"
"19567","1","110"
"19568","1","201"
"19569","1","146"
"19570","1","153"
"19571","1","153"
"19572","1","200"
"19573","1","192"
"19574","1","89"
"19575","1","140"
"19576","1","200"
"19577","1","153"
"19578","1","201"
"19579","1","138"
"19580","","179"
"19581","1","28"
"19582","1","152"
"19583","1","89"
"19584","1","140"
"19585","1","128"
"19586","1","151"
"19587","1","165"
"19588","1","141"
"19589","1","122"
"19590","1","152"
"19591","1","86"
"19592","1","17"
"19593","1","139"
"19594","1","134"
"19595","1","154"
"19596","1","139"
"19597","1","162"
"19598","1","172"
"19599","1","147"
"19600","1","200"
"19601","1","179"
"19602","1","162"
"19603","1","167"
"19604","1","74"
"19605","1","201"
"19606","1","0"
"19607","1","166"
"19608","1","200"
"19609","1","200"
"19610","1","200"
"19611","1","153"
"19612","1","158"
"19613","1","114"
"19614","1","170"
"19615","1","201"
"19616","1","0"
"19617","1","90"
"19618","1","171"
"19619","1","105"
"19620","1","151"
"19621","1","0"
"19622","1","200"
"19623","1","195"
"19624","1","193"
"19625","1","197"
"19626","1","187"
"19627","1","131"
"19628","1","194"
"19629","1","24"
"19630","1","169"
"19631","1","33"
"19632","1","134"
"19633","1","117"
"19634","1","148"
"19635","1","103"
"19636","1","134"
"19637","1","102"
"19638","1","61"
"19639","1","71"
"19640","1","198"
"19641","1","153"
"19642","1","122"
"19643","1","200"
"19644","1","182"
"19645","1","163"
"19646","1","0"
"19647","1","150"
"19648","1","189"
"19649","1","199"
"19650","1","132"
"19651","1","2"
"19652","1","13"
"19653","1","132"
"19654","1","179"
"19655","1","0"
"19656","1","0"
"19657","1","37"
"19658","1","145"
"19659","1","0"
"19660","1","184"
"19661","1","0"
"19662","1","151"
"19663","1","0"
"19664","1","183"
"19665","1","161"
"19666","1","127"
"19667","1","0"
"19668","1","161"
"19669","1","0"
"19670","1","123"
"19671","1","153"
"19672","1","201"
"19673","1","133"
"19674","1","0"
"19675","1","38"
"19676","1","159"
"19677","1","183"
"19678","1","77"
"19679","1","136"
"19680","1","166"
"19681","1","160"
"19682","1","0"
"19683","1","53"
"19684","1","50"
"19685","1","154"
"19686","1","165"
"19687","1","118"
"19688","1","22"
"19689","1","56"
"19690","1","49"
"19691","1","194"
"19692","1","174"
"19693","1","194"
"19694","1","200"
"19695","1","195"
"19696","1","183"
"19697","1","163"
"19698","1","0"
"19699","1","55"
"19700","1","16"
"19701","1","139"
"19702","1","184"
"19703","1","0"
"19704","1","34"
"19705","1","200"
"19706","1","176"
"19707","1","74"
"19708","1","179"
"19709","1","179"
"19710","1","95"
"19711","1","122"
"19712","1","184"
"19713","1","36"
"19714","1","198"
"19715","1","134"
"19716","1","200"
"19717","1","0"
"19718","1","164"
"19719","1","180"
"19720","1","30"
"19721","1","144"
"19722","1","199"
"19723","1","173"
"19724","1","0"
"19725","1","48"
"19726","1","119"
"19727","1","119"
"19728","1","119"
"19729","1","119"
"19730","1","119"
"19731","1","119"
"19732","1","119"
"19733","1","119"
"19734","1","119"
"19735","1","119"
"19736","1","119"
"19737","1","119"
"19738","1","119"
"19739","1","119"
"19740","1","119"
"19741","1","119"
"19742","1","119"
"19743","1","77"
"19744","1","201"
"19745","1","200"
"19746","1","200"
"19747","1","201"
"19748","1","200"
"19749","1","163"
"19750","1","59"
"19751","1","68"
"19752","1","199"
"19753","1","0"
"19754","1","151"
"19755","1","146"
"19756","1","0"
"19757","1","0"
"19758","1","162"
"19759","1","0"
"19760","1","0"
"19761","1","199"
"19762","1","189"
"19763","1","200"
"19764","1","200"
"19765","1","200"
"19766","1","200"
"19767","1","200"
"19768","1","103"
"19769","1","200"
"19770","1","182"
"19771","1","103"
"19772","1","87"
"19773","1","200"
"19774","1","179"
"19775","1","163"
"19776","1","149"
"19777","1","115"
"19778","1","89"
"19779","1","171"
"19780","1","1"
"19781","1","131"
"19782","1","190"
"19783","1","200"
"19784","1","143"
"19785","","200"
"19786","1","200"
"19787","1","200"
"19788","1","200"
"19789","1","103"
"19790","1","198"
"19791","1","191"
"19792","1","197"
"19793","1","154"
"19794","1","194"
"19795","1","96"
"19796","1","199"
"19797","1","47"
"19798","1","201"
"19799","1","200"
"19800","1","199"
"19801","1","0"
"19802","1","0"
"19803","1","200"
"19804","1","179"
"19805","1","68"
"19806","1","97"
"19807","1","92"
"19808","1","198"
"19809","1","199"
"19810","1","153"
"19811","1","193"
"19812","1","200"
"19813","1","195"
"19814","1","0"
"19815","1","1"
"19816","1","154"
"19817","1","12"
"19818","1","139"
"19819","1","184"
"19820","1","201"
"19821","1","200"
"19822","1","200"
"19823","1","129"
"19824","1","0"
"19825","1","132"
"19826","1","2"
"19827","1","2"
"19828","1","198"
"19829","1","1"
"19830","1","70"
"19831","1","200"
"19832","1","43"
"19833","1","200"
"19834","1","53"
"19835","1","200"
"19836","1","38"
"19837","1","163"
"19838","1","75"
"19839","1","199"
"19840","1","157"
"19841","1","198"
"19842","1","194"
"19843","1","154"
"19844","1","200"
"19845","1","138"
"19846","1","159"
"19847","1","4"
"19848","1","30"
"19849","1","63"
"19850","1","101"
"19851","1","138"
"19852","1","200"
"19853","1","1"
"19854","1","81"
"19855","1","115"
"19856","1","1"
"19857","1","198"
"19858","1","191"
"19859","1","200"
"19860","1","159"
"19861","1","129"
"19862","1","105"
"19863","1","126"
"19864","","197"
"19865","1","130"
"19866","1","178"
"19867","1","104"
"19868","1","102"
"19869","1","38"
"19870","1","201"
"19871","1","150"
"19872","1","63"
"19873","1","32"
"19874","1","196"
"19875","1","201"
"19876","1","165"
"19877","1","0"
"19878","1","129"
"19879","1","200"
"19880","1","46"
"19881","1","200"
"19882","1","200"
"19883","1","200"
"19884","1","200"
"19885","1","199"
"19886","1","195"
"19887","1","81"
"19888","1","71"
"19889","1","104"
"19890","1","192"
"19891","1","95"
"19892","1","54"
"19893","1","143"
"19894","1","161"
"19895","1","153"
"19896","1","176"
"19897","1","200"
"19898","1","200"
"19899","1","199"
"19900","1","199"
"19901","1","174"
"19902","1","21"
"19903","1","165"
"19904","1","25"
"19905","1","191"
"19906","1","166"
"19907","1","15"
"19908","1","139"
"19909","1","150"
"19910","1","189"
"19911","1","191"
"19912","","199"
"19913","1","200"
"19914","1","200"
"19915","1","156"
"19916","1","201"
"19917","1","200"
"19918","1","0"
"19919","1","128"
"19920","1","94"
"19921","1","200"
"19922","1","73"
"19923","1","197"
"19924","1","105"
"19925","1","23"
"19926","1","153"
"19927","1","36"
"19928","1","115"
"19929","1","50"
"19930","1","200"
"19931","1","44"
"19932","1","186"
"19933","1","135"
"19934","1","123"
"19935","1","87"
"19936","1","200"
"19937","1","200"
"19938","1","92"
"19939","1","146"
"19940","1","37"
"19941","1","193"
"19942","1","199"
"19943","1","133"
"19944","1","200"
"19945","1","123"
"19946","1","108"
"19947","1","200"
"19948","1","200"
"19949","1","133"
"19950","1","90"
"19951","1","136"
"19952","1","199"
"19953","1","174"
"19954","1","149"
"19955","1","161"
"19956","1","170"
"19957","1","112"
"19958","1","89"
"19959","1","173"
"19960","1","191"
"19961","","200"
"19962","1","192"
"19963","1","119"
"19964","1","193"
"19965","1","165"
"19966","1","200"
"19967","1","171"
"19968","1","97"
"19969","1","125"
"19970","1","0"
"19971","1","184"
"19972","1","70"
"19973","1","200"
"19974","1","200"
"19975","1","0"
"19976","1","201"
"19977","1","161"
"19978","1","170"
"19979","1","198"
"19980","1","0"
"19981","1","125"
"19982","1","77"
"19983","1","77"
"19984","1","109"
"19985","1","173"
"19986","1","123"
"19987","1","159"
"19988","1","0"
"19989","1","57"
"19990","1","193"
"19991","1","77"
"19992","1","77"
"19993","1","77"
"19994","1","77"
"19995","1","194"
"19996","1","28"
"19997","1","142"
"19998","1","135"
"19999","1","199"
"20000","1","38"
"20001","1","179"
"20002","1","132"
"20003","1","194"
"20004","1","185"
"20005","1","199"
"20006","1","92"
"20007","1","199"
"20008","1","201"
"20009","1","73"
"20010","1","21"
"20011","1","147"
"20012","1","194"
"20013","1","188"
"20014","1","89"
"20015","1","199"
"20016","1","199"
"20017","1","140"
"20018","1","161"
"20019","1","153"
"20020","1","199"
"20021","1","185"
"20022","1","88"
"20023","1","70"
"20024","1","88"
"20025","1","70"
"20026","1","70"
"20027","1","3"
"20028","1","70"
"20029","1","70"
"20030","1","70"
"20031","1","173"
"20032","1","136"
"20033","1","123"
"20034","1","24"
"20035","1","0"
"20036","1","201"
"20037","1","22"
"20038","1","131"
"20039","1","201"
"20040","1","0"
"20041","1","0"
"20042","1","54"
"20043","1","37"
"20044","1","0"
"20045","1","31"
"20046","1","123"
"20047","1","130"
"20048","1","154"
"20049","1","0"
"20050","1","184"
"20051","1","200"
"20052","1","1"
"20053","1","45"
"20054","1","0"
"20055","1","15"
"20056","1","48"
"20057","1","178"
"20058","1","163"
"20059","1","155"
"20060","1","35"
"20061","1","194"
"20062","1","195"
"20063","1","139"
"20064","1","0"
"20065","1","195"
"20066","1","98"
"20067","1","0"
"20068","1","0"
"20069","1","194"
"20070","1","201"
"20071","1","0"
"20072","1","154"
"20073","1","192"
"20074","1","119"
"20075","1","122"
"20076","1","166"
"20077","1","199"
"20078","1","92"
"20079","1","199"
"20080","1","147"
"20081","1","30"
"20082","1","90"
"20083","1","72"
"20084","1","124"
"20085","1","182"
"20086","1","50"
"20087","1","164"
"20088","1","194"
"20089","1","149"
"20090","1","146"
"20091","","199"
"20092","1","113"
"20093","1","95"
"20094","1","154"
"20095","1","185"
"20096","1","143"
"20097","1","200"
"20098","1","70"
"20099","1","200"
"20100","1","200"
"20101","1","201"
"20102","1","199"
"20103","1","50"
"20104","1","0"
"20105","1","8"
"20106","1","172"
"20107","1","19"
"20108","1","196"
"20109","1","200"
"20110","1","62"
"20111","1","200"
"20112","1","200"
"20113","1","200"
"20114","1","200"
"20115","1","200"
"20116","1","185"
"20117","1","200"
"20118","1","90"
"20119","1","114"
"20120","1","174"
"20121","1","34"
"20122","1","132"
"20123","1","200"
"20124","1","61"
"20125","1","88"
"20126","1","87"
"20127","1","82"
"20128","1","131"
"20129","1","187"
"20130","1","107"
"20131","1","99"
"20132","1","0"
"20133","1","138"
"20134","1","76"
"20135","1","0"
"20136","1","0"
"20137","1","39"
"20138","1","200"
"20139","1","56"
"20140","1","29"
"20141","1","0"
"20142","1","19"
"20143","1","126"
"20144","1","164"
"20145","1","56"
"20146","1","200"
"20147","1","8"
"20148","1","8"
"20149","1","0"
"20150","1","200"
"20151","1","91"
"20152","1","0"
"20153","1","201"
"20154","1","123"
"20155","1","145"
"20156","1","57"
"20157","1","151"
"20158","1","158"
"20159","1","90"
"20160","1","32"
"20161","1","0"
"20162","1","48"
"20163","1","31"
"20164","1","0"
"20165","1","89"
"20166","1","109"
"20167","1","132"
"20168","","200"
"20169","1","154"
"20170","1","92"
"20171","1","151"
"20172","1","200"
"20173","1","96"
"20174","1","110"
"20175","1","79"
"20176","1","59"
"20177","","83"
"20178","1","44"
"20179","1","44"
"20180","1","194"
"20181","1","90"
"20182","1","0"
"20183","1","98"
"20184","1","129"
"20185","1","90"
"20186","1","191"
"20187","1","187"
"20188","1","38"
"20189","1","82"
"20190","1","29"
"20191","1","73"
"20192","1","63"
"20193","1","66"
"20194","1","26"
"20195","1","130"
"20196","1","150"
"20197","1","196"
"20198","1","30"
"20199","1","154"
"20200","1","17"
"20201","1","8"
"20202","1","70"
"20203","1","176"
"20204","1","79"
"20205","1","62"
"20206","1","80"
"20207","1","147"
"20208","1","91"
"20209","1","116"
"20210","1","95"
"20211","1","0"
"20212","1","197"
"20213","1","169"
"20214","1","188"
"20215","1","58"
"20216","1","134"
"20217","1","189"
"20218","1","168"
"20219","1","187"
"20220","1","159"
"20221","1","52"
"20222","1","62"
"20223","1","200"
"20224","1","145"
"20225","1","123"
"20226","","194"
"20227","1","186"
"20228","1","186"
"20229","1","183"
"20230","1","145"
"20231","1","24"
"20232","1","184"
"20233","1","0"
"20234","","164"
"20235","1","123"
"20236","1","0"
"20237","1","146"
"20238","1","175"
"20239","1","200"
"20240","1","82"
"20241","1","53"
"20242","1","6"
"20243","1","138"
"20244","1","174"
"20245","1","153"
"20246","1","187"
"20247","1","0"
"20248","1","177"
"20249","1","196"
"20250","1","187"
"20251","1","200"
"20252","1","0"
"20253","1","101"
"20254","1","5"
"20255","1","7"
"20256","1","0"
"20257","1","116"
"20258","1","131"
"20259","","178"
"20260","1","144"
"20261","1","154"
"20262","1","199"
"20263","1","199"
"20264","1","166"
"20265","1","192"
"20266","1","145"
"20267","1","76"
"20268","1","155"
"20269","1","165"
"20270","1","127"
"20271","1","155"
"20272","1","153"
"20273","1","157"
"20274","1","147"
"20275","1","104"
"20276","1","71"
"20277","1","48"
"20278","1","48"
"20279","1","199"
"20280","1","200"
"20281","1","153"
"20282","1","0"
"20283","1","129"
"20284","1","136"
"20285","1","200"
"20286","1","87"
"20287","","0"
"20288","","0"
"20289","","0"
"20290","1","84"
"20291","1","200"
"20292","1","0"
"20293","1","142"
"20294","1","154"
"20295","1","160"
"20296","1","101"
"20297","1","123"
"20298","1","189"
"20299","1","0"
"20300","1","123"
"20301","1","99"
"20302","1","200"
"20303","1","200"
"20304","1","182"
"20305","1","200"
"20306","1","185"
"20307","1","78"
"20308","1","199"
"20309","1","155"
"20310","1","139"
"20311","1","7"
"20312","1","136"
"20313","1","130"
"20314","1","200"
"20315","1","184"
"20316","1","130"
"20317","1","89"
"20318","1","146"
"20319","1","147"
"20320","1","157"
"20321","","0"
"20322","1","144"
"20323","1","17"
"20324","1","0"
"20325","1","0"
"20326","1","153"
"20327","1","68"
"20328","1","139"
"20329","1","153"
"20330","1","143"
"20331","1","148"
"20332","1","146"
"20333","1","68"
"20334","1","73"
"20335","1","154"
"20336","1","201"
"20337","1","80"
"20338","1","4"
"20339","1","108"
"20340","1","146"
"20341","1","167"
"20342","1","162"
"20343","1","1"
"20344","1","189"
"20345","1","123"
"20346","1","194"
"20347","1","27"
"20348","1","0"
"20349","1","84"
"20350","1","192"
"20351","1","162"
"20352","1","200"
"20353","1","200"
"20354","1","200"
"20355","1","170"
"20356","1","200"
"20357","1","200"
"20358","1","111"
"20359","1","32"
"20360","1","42"
"20361","1","181"
"20362","1","121"
"20363","1","0"
"20364","1","201"
"20365","1","88"
"20366","1","139"
"20367","1","0"
"20368","1","88"
"20369","1","193"
"20370","1","1"
"20371","1","21"
"20372","1","147"
"20373","1","54"
"20374","1","101"
"20375","1","88"
"20376","1","91"
"20377","1","12"
"20378","1","167"
"20379","1","103"
"20380","1","155"
"20381","1","137"
"20382","1","142"
"20383","1","138"
"20384","1","153"
"20385","1","122"
"20386","1","1"
"20387","1","0"
"20388","1","152"
"20389","1","96"
"20390","1","201"
"20391","1","138"
"20392","1","154"
"20393","1","165"
"20394","1","0"
"20395","1","201"
"20396","1","169"
"20397","1","200"
"20398","1","0"
"20399","1","180"
"20400","1","0"
"20401","1","102"
"20402","1","101"
"20403","1","0"
"20404","1","0"
"20405","1","0"
"20406","1","119"
"20407","1","196"
"20408","1","200"
"20409","1","195"
"20410","1","195"
"20411","1","195"
"20412","1","195"
"20413","1","0"
"20414","1","86"
"20415","1","172"
"20416","1","18"
"20417","1","23"
"20418","1","200"
"20419","1","123"
"20420","1","154"
"20421","1","1"
"20422","1","200"
"20423","1","122"
"20424","1","200"
"20425","1","0"
"20426","1","154"
"20427","1","200"
"20428","1","200"
"20429","1","200"
"20430","1","200"
"20431","1","181"
"20432","1","0"
"20433","1","1"
"20434","1","168"
"20435","1","154"
"20436","1","100"
"20437","1","157"
"20438","1","151"
"20439","1","184"
"20440","1","160"
"20441","1","0"
"20442","1","83"
"20443","1","147"
"20444","1","92"
"20445","1","166"
"20446","1","200"
"20447","1","122"
"20448","1","155"
"20449","1","200"
"20450","1","200"
"20451","1","108"
"20452","1","20"
"20453","1","199"
"20454","1","126"
"20455","1","57"
"20456","1","43"
"20457","1","165"
"20458","1","0"
"20459","1","161"
"20460","1","31"
"20461","1","201"
"20462","1","153"
"20463","1","200"
"20464","1","200"
"20465","1","200"
"20466","1","200"
"20467","1","162"
"20468","1","20"
"20469","1","66"
"20470","1","5"
"20471","1","133"
"20472","1","154"
"20473","1","135"
"20474","1","122"
"20475","1","122"
"20476","1","64"
"20477","1","0"
"20478","1","104"
"20479","1","201"
"20480","1","186"
"20481","1","150"
"20482","1","186"
"20483","1","186"
"20484","1","200"
"20485","1","200"
"20486","1","187"
"20487","","0"
"20488","1","174"
"20489","1","154"
"20490","1","171"
"20491","1","152"
"20492","1","151"
"20493","1","10"
"20494","1","104"
"20495","1","0"
"20496","1","66"
"20497","1","187"
"20498","1","200"
"20499","1","200"
"20500","1","88"
"20501","1","167"
"20502","1","153"
"20503","1","0"
"20504","1","175"
"20505","1","1"
"20506","1","132"
"20507","1","68"
"20508","1","83"
"20509","1","146"
"20510","1","134"
"20511","1","123"
"20512","1","194"
"20513","1","172"
"20514","1","129"
"20515","1","150"
"20516","1","0"
"20517","1","178"
"20518","1","112"
"20519","1","75"
"20520","1","0"
"20521","1","159"
"20522","1","98"
"20523","1","144"
"20524","1","171"
"20525","1","173"
"20526","1","145"
"20527","1","138"
"20528","1","105"
"20529","1","159"
"20530","1","153"
"20531","1","158"
"20532","1","163"
"20533","1","154"
"20534","1","97"
"20535","1","23"
"20536","1","72"
"20537","1","198"
"20538","1","185"
"20539","1","182"
"20540","1","145"
"20541","1","176"
"20542","1","123"
"20543","1","169"
"20544","1","152"
"20545","1","151"
"20546","1","50"
"20547","1","154"
"20548","1","136"
"20549","1","143"
"20550","1","43"
"20551","1","31"
"20552","1","194"
"20553","1","98"
"20554","1","133"
"20555","1","68"
"20556","1","74"
"20557","1","183"
"20558","1","197"
"20559","1","15"
"20560","1","153"
"20561","1","200"
"20562","1","194"
"20563","1","54"
"20564","1","0"
"20565","1","93"
"20566","1","166"
"20567","1","31"
"20568","1","175"
"20569","1","0"
"20570","1","194"
"20571","1","154"
"20572","1","200"
"20573","1","152"
"20574","1","74"
"20575","1","110"
"20576","1","192"
"20577","1","179"
"20578","1","30"
"20579","1","166"
"20580","1","138"
"20581","1","146"
"20582","1","15"
"20583","1","0"
"20584","1","83"
"20585","1","197"
"20586","1","128"
"20587","1","103"
"20588","1","200"
"20589","1","135"
"20590","1","0"
"20591","1","154"
"20592","1","145"
"20593","1","201"
"20594","1","145"
"20595","1","200"
"20596","1","150"
"20597","1","201"
"20598","1","133"
"20599","1","144"
"20600","1","141"
"20601","1","136"
"20602","1","179"
"20603","1","199"
"20604","1","21"
"20605","1","201"
"20606","1","201"
"20607","1","94"
"20608","1","11"
"20609","","0"
"20610","1","161"
"20611","","0"
"20612","1","93"
"20613","1","154"
"20614","1","194"
"20615","1","154"
"20616","1","185"
"20617","","0"
"20618","1","0"
"20619","1","163"
"20620","1","160"
"20621","1","158"
"20622","1","0"
"20623","1","109"
"20624","1","186"
"20625","1","186"
"20626","1","190"
"20627","1","193"
"20628","1","190"
"20629","1","190"
"20630","1","193"
"20631","1","90"
"20632","1","41"
"20633","1","43"
"20634","1","199"
"20635","1","158"
"20636","1","106"
"20637","1","158"
"20638","","89"
"20639","1","167"
"20640","1","200"
"20641","1","97"
"20642","1","200"
"20643","1","199"
"20644","1","195"
"20645","1","143"
"20646","1","107"
"20647","1","194"
"20648","1","0"
"20649","1","25"
"20650","1","201"
"20651","1","9"
"20652","1","187"
"20653","1","139"
"20654","1","93"
"20655","1","159"
"20656","1","193"
"20657","1","95"
"20658","","33"
"20659","1","95"
"20660","1","199"
"20661","1","20"
"20662","1","194"
"20663","1","193"
"20664","1","104"
"20665","1","39"
"20666","1","109"
"20667","1","194"
"20668","1","200"
"20669","1","3"
"20670","1","184"
"20671","1","38"
"20672","1","199"
"20673","1","147"
"20674","1","99"
"20675","1","0"
"20676","1","144"
"20677","1","154"
"20678","1","57"
"20679","1","0"
"20680","0","182"
"20681","0","147"
"20682","0","190"
"20683","0","170"
"20684","0","171"
"20685","0","183"
"20686","0","162"
"20687","0","189"
"20688","0","0"
"20689","0","190"
"20690","1","199"
"20691","1","0"
"20692","1","175"
"20693","","59"
"20694","1","19"
"20695","1","200"
"20696","1","89"
"20697","1","4"
"20698","1","97"
"20699","","178"
"20700","1","60"
"20701","1","172"
"20702","1","73"
"20703","","0"
"20704","1","158"
"20705","1","166"
"20706","1","122"
"20707","1","140"
"20708","1","7"
"20709","1","145"
"20710","1","174"
"20711","1","180"
"20712","1","0"
"20713","","197"
"20714","1","8"
"20715","1","58"
"20716","1","175"
"20717","1","114"
"20718","1","190"
"20719","1","0"
"20720","1","0"
"20721","1","149"
"20722","1","197"
"20723","1","0"
"20724","1","200"
"20725","1","141"
"20726","1","81"
"20727","1","198"
"20728","1","162"
"20729","1","39"
"20730","1","174"
"20731","1","90"
"20732","1","186"
"20733","1","51"
"20734","1","46"
"20735","1","135"
"20736","1","72"
"20737","1","112"
"20738","1","201"
"20739","1","86"
"20740","","193"
"20741","1","154"
"20742","1","122"
"20743","1","0"
"20744","1","123"
"20745","1","201"
"20746","1","66"
"20747","1","184"
"20748","1","159"
"20749","1","2"
"20750","1","142"
"20751","1","0"
"20752","1","181"
"20753","1","186"
"20754","1","123"
"20755","1","100"
"20756","1","160"
"20757","1","92"
"20758","1","9"
"20759","1","153"
"20760","1","58"
"20761","1","0"
"20762","1","170"
"20763","1","193"
"20764","1","108"
"20765","1","0"
"20766","1","201"
"20767","0","179"
"20768","1","0"
"20769","1","159"
"20770","1","152"
"20771","1","183"
"20772","1","183"
"20773","1","185"
"20774","1","163"
"20775","1","126"
"20776","1","115"
"20777","1","97"
"20778","1","189"
"20779","1","189"
"20780","1","136"
"20781","1","178"
"20782","1","155"
"20783","1","182"
"20784","1","59"
"20785","1","152"
"20786","1","0"
"20787","1","184"
"20788","1","71"
"20789","1","149"
"20790","1","169"
"20791","1","146"
"20792","1","167"
"20793","1","138"
"20794","1","144"
"20795","1","71"
"20796","1","71"
"20797","1","170"
"20798","1","201"
"20799","1","63"
"20800","1","183"
"20801","1","5"
"20802","1","201"
"20803","1","188"
"20804","1","93"
"20805","1","30"
"20806","1","92"
"20807","1","155"
"20808","1","162"
"20809","1","158"
"20810","1","50"
"20811","1","63"
"20812","1","170"
"20813","1","91"
"20814","1","66"
"20815","1","56"
"20816","1","200"
"20817","1","138"
"20818","1","200"
"20819","1","200"
"20820","1","52"
"20821","1","2"
"20822","1","1"
"20823","1","201"
"20824","1","145"
"20825","1","2"
"20826","1","128"
"20827","1","6"
"20828","1","200"
"20829","1","190"
"20830","1","25"
"20831","1","46"
"20832","1","200"
"20833","1","151"
"20834","1","147"
"20835","1","200"
"20836","1","0"
"20837","1","200"
"20838","1","200"
"20839","1","200"
"20840","1","0"
"20841","1","145"
"20842","1","0"
"20843","1","0"
"20844","1","0"
"20845","1","0"
"20846","1","196"
"20847","1","62"
"20848","","199"
"20849","1","145"
"20850","1","98"
"20851","1","180"
"20852","1","199"
"20853","1","0"
"20854","1","131"
"20855","1","25"
"20856","1","139"
"20857","1","185"
"20858","1","124"
"20859","1","175"
"20860","1","152"
"20861","1","134"
"20862","1","200"
"20863","1","125"
"20864","1","156"
"20865","1","130"
"20866","1","96"
"20867","1","139"
"20868","1","137"
"20869","1","72"
"20870","1","66"
"20871","","89"
"20872","1","0"
"20873","1","72"
"20874","1","131"
"20875","1","131"
"20876","1","161"
"20877","1","0"
"20878","1","198"
"20879","1","200"
"20880","1","185"
"20881","1","185"
"20882","1","185"
"20883","1","133"
"20884","1","173"
"20885","1","151"
"20886","1","127"
"20887","1","137"
"20888","1","126"
"20889","1","192"
"20890","1","54"
"20891","1","135"
"20892","","199"
"20893","1","0"
"20894","1","106"
"20895","1","79"
"20896","1","187"
"20897","1","143"
"20898","1","72"
"20899","1","0"
"20900","1","81"
"20901","1","139"
"20902","1","187"
"20903","1","85"
"20904","1","37"
"20905","1","82"
"20906","1","176"
"20907","1","195"
"20908","1","130"
"20909","1","0"
"20910","0","163"
"20911","1","108"
"20912","1","158"
"20913","1","78"
"20914","1","163"
"20915","1","108"
"20916","1","200"
"20917","1","198"
"20918","1","0"
"20919","1","0"
"20920","1","151"
"20921","1","56"
"20922","0","149"
"20923","0","127"
"20924","0","7"
"20925","0","5"
"20926","","199"
"20927","1","178"
"20928","","0"
"20929","","0"
"20930","","0"
"20931","","0"
"20932","","0"
"20933","","0"
"20934","","0"
"20935","1","134"
"20936","1","144"
"20937","1","95"
"20938","1","123"
"20939","1","146"
"20940","1","184"
"20941","1","12"
"20942","1","152"
"20943","1","146"
"20944","0","137"
"20945","0","186"
"20946","0","187"
"20947","0","140"
"20948","","0"
"20949","1","64"
"20950","1","0"
"20951","1","48"
"20952","1","3"
"20953","1","136"
"20954","1","137"
"20955","1","100"
"20956","1","201"
"20957","1","157"
"20958","1","142"
"20959","1","14"
"20960","1","172"
"20961","1","199"
"20962","1","168"
"20963","1","61"
"20964","1","178"
"20965","1","154"
"20966","1","93"
"20967","1","99"
"20968","1","0"
"20969","1","144"
"20970","1","199"
"20971","1","201"
"20972","1","87"
"20973","1","106"
"20974","1","131"
"20975","1","111"
"20976","0","147"
"20977","0","116"
"20978","0","186"
"20979","0","141"
"20980","0","119"
"20981","0","106"
"20982","0","153"
"20983","0","176"
"20984","0","153"
"20985","1","123"
"20986","1","93"
"20987","1","132"
"20988","1","132"
"20989","1","182"
"20990","1","92"
"20991","1","160"
"20992","1","0"
"20993","1","34"
"20994","1","0"
"20995","1","0"
"20996","0","182"
"20997","0","148"
"20998","1","150"
"20999","1","188"
"21000","1","92"
"21001","1","164"
"21002","1","200"
"21003","1","200"
"21004","1","185"
"21005","1","0"
"21006","1","200"
"21007","1","61"
"21008","1","153"
"21009","1","28"
"21010","1","201"
"21011","1","192"
"21012","1","200"
"21013","1","201"
"21014","","0"
"21015","1","0"
"21016","1","97"
"21017","1","147"
"21018","1","153"
"21019","1","11"
"21020","1","0"
"21021","1","95"
"21022","1","111"
"21023","1","122"
"21024","1","184"
"21025","1","198"
"21026","1","200"
"21027","1","200"
"21028","1","200"
"21029","1","185"
"21030","1","199"
"21031","1","200"
"21032","1","199"
"21033","1","199"
"21034","1","199"
"21035","1","199"
"21036","1","153"
"21037","1","16"
"21038","1","115"
"21039","1","151"
"21040","1","0"
"21041","1","185"
"21042","1","185"
"21043","1","185"
"21044","1","117"
"21045","1","199"
"21046","1","201"
"21047","1","131"
"21048","1","0"
"21049","1","113"
"21050","1","18"
"21051","1","27"
"21052","1","121"
"21053","1","115"
"21054","1","200"
"21055","1","33"
"21056","0","0"
"21057","0","0"
"21058","0","0"
"21059","0","0"
"21060","0","0"
"21061","0","0"
"21062","1","138"
"21063","1","124"
"21064","1","92"
"21065","1","201"
"21066","1","149"
"21067","1","0"
"21068","1","0"
"21069","1","139"
"21070","1","174"
"21071","1","139"
"21072","1","200"
"21073","1","0"
"21074","1","87"
"21075","1","94"
"21076","1","201"
"21077","1","198"
"21078","1","85"
"21079","","0"
"21080","1","163"
"21081","1","160"
"21082","1","145"
"21083","1","162"
"21084","1","146"
"21085","1","1"
"21086","1","96"
"21087","1","122"
"21088","1","160"
"21089","1","195"
"21090","1","61"
"21091","1","152"
"21092","1","199"
"21093","1","1"
"21094","1","0"
"21095","1","56"
"21096","1","46"
"21097","1","147"
"21098","1","72"
"21099","1","184"
"21100","1","100"
"21101","1","1"
"21102","1","0"
"21103","1","183"
"21104","1","127"
"21105","1","74"
"21106","1","15"
"21107","1","117"
"21108","1","95"
"21109","1","58"
"21110","1","88"
"21111","1","121"
"21112","1","200"
"21113","1","142"
"21114","1","146"
"21115","1","158"
"21116","1","172"
"21117","1","173"
"21118","1","60"
"21119","1","114"
"21120","1","154"
"21121","1","200"
"21122","1","201"
"21123","1","152"
"21124","1","0"
"21125","1","192"
"21126","1","0"
"21127","1","176"
"21128","1","73"
"21129","1","176"
"21130","1","199"
"21131","1","149"
"21132","1","0"
"21133","1","200"
"21134","1","162"
"21135","1","68"
"21136","1","131"
"21137","1","108"
"21138","1","115"
"21139","1","200"
"21140","1","0"
"21141","1","79"
"21142","1","199"
"21143","1","92"
"21144","1","62"
"21145","1","199"
"21146","1","14"
"21147","1","36"
"21148","1","191"
"21149","1","0"
"21150","1","31"
"21151","1","173"
"21152","1","120"
"21153","1","199"
"21154","1","170"
"21155","1","34"
"21156","1","151"
"21157","1","18"
"21158","1","12"
"21159","1","21"
"21160","1","126"
"21161","1","69"
"21162","1","89"
"21163","1","161"
"21164","1","0"
"21165","1","102"
"21166","1","92"
"21167","1","179"
"21168","0","140"
"21169","0","179"
"21170","0","161"
"21171","1","200"
"21172","1","201"
"21173","1","141"
"21174","1","0"
"21175","1","95"
"21176","1","26"
"21177","1","200"
"21178","1","6"
"21179","1","145"
"21180","1","146"
"21181","1","46"
"21182","1","122"
"21183","1","137"
"21184","1","90"
"21185","1","200"
"21186","1","149"
"21187","1","0"
"21188","1","69"
"21189","1","182"
"21190","1","200"
"21191","1","31"
"21192","1","174"
"21193","1","201"
"21194","1","1"
"21195","1","144"
"21196","0","117"
"21197","0","130"
"21198","0","115"
"21199","0","92"
"21200","1","89"
"21201","1","32"
"21202","1","199"
"21203","1","154"
"21204","1","78"
"21205","1","138"
"21206","0","190"
"21207","1","153"
"21208","1","200"
"21209","1","153"
"21210","1","200"
"21211","1","195"
"21212","1","195"
"21213","1","195"
"21214","1","195"
"21215","1","196"
"21216","1","179"
"21217","1","201"
"21218","1","140"
"21219","1","179"
"21220","1","83"
"21221","1","0"
"21222","1","170"
"21223","1","112"
"21224","1","195"
"21225","1","193"
"21226","1","33"
"21227","1","7"
"21228","1","182"
"21229","1","185"
"21230","1","0"
"21231","1","62"
"21232","1","158"
"21233","1","145"
"21234","1","152"
"21235","1","144"
"21236","1","154"
"21237","1","0"
"21238","1","184"
"21239","1","16"
"21240","1","91"
"21241","1","27"
"21242","1","0"
"21243","1","1"
"21244","1","139"
"21245","1","2"
"21246","1","158"
"21247","1","198"
"21248","1","193"
"21249","1","0"
"21250","1","130"
"21251","1","130"
"21252","1","130"
"21253","1","130"
"21254","1","170"
"21255","1","0"
"21256","1","190"
"21257","1","63"
"21258","1","0"
"21259","1","96"
"21260","1","145"
"21261","1","161"
"21262","1","3"
"21263","1","3"
"21264","1","0"
"21265","1","64"
"21266","1","22"
"21267","1","201"
"21268","1","200"
"21269","1","200"
"21270","1","185"
"21271","1","106"
"21272","1","136"
"21273","1","196"
"21274","1","182"
"21275","1","155"
"21276","1","138"
"21277","1","154"
"21278","1","166"
"21279","1","72"
"21280","1","190"
"21281","1","170"
"21282","1","145"
"21283","1","122"
"21284","1","149"
"21285","1","142"
"21286","1","151"
"21287","1","196"
"21288","1","154"
"21289","1","184"
"21290","1","166"
"21291","1","195"
"21292","1","154"
"21293","1","130"
"21294","1","185"
"21295","1","125"
"21296","1","118"
"21297","1","120"
"21298","1","123"
"21299","1","183"
"21300","1","123"
"21301","1","151"
"21302","1","111"
"21303","1","189"
"21304","1","185"
"21305","1","0"
"21306","1","0"
"21307","1","73"
"21308","1","201"
"21309","1","40"
"21310","1","87"
"21311","1","123"
"21312","1","135"
"21313","1","12"
"21314","1","0"
"21315","1","74"
"21316","1","138"
"21317","1","194"
"21318","1","6"
"21319","1","135"
"21320","1","200"
"21321","0","0"
"21322","0","0"
"21323","1","90"
"21324","0","0"
"21325","0","0"
"21326","0","0"
"21327","1","89"
"21328","1","187"
"21329","1","84"
"21330","1","185"
"21331","1","122"
"21332","1","128"
"21333","1","50"
"21334","1","32"
"21335","1","182"
"21336","1","197"
"21337","1","166"
"21338","1","148"
"21339","1","153"
"21340","1","178"
"21341","1","147"
"21342","1","179"
"21343","1","165"
"21344","1","0"
"21345","1","0"
"21346","1","0"
"21347","1","117"
"21348","0","135"
"21349","0","124"
"21350","0","154"
"21351","1","31"
"21352","1","68"
"21353","1","193"
"21354","1","18"
"21355","1","33"
"21356","1","1"
"21357","1","181"
"21358","1","201"
"21359","1","0"
"21360","1","0"
"21361","1","0"
"21362","1","0"
"21363","1","184"
"21364","1","197"
"21365","1","197"
"21366","1","197"
"21367","1","190"
"21368","1","197"
"21369","1","197"
"21370","1","197"
"21371","1","154"
"21372","1","124"
"21373","1","9"
"21374","1","0"
"21375","1","146"
"21376","1","125"
"21377","1","197"
"21378","1","89"
"21379","1","192"
"21380","1","185"
"21381","1","184"
"21382","1","184"
"21383","1","184"
"21384","1","149"
"21385","1","0"
"21386","1","0"
"21387","1","149"
"21388","","200"
"21389","1","129"
"21390","1","42"
"21391","1","91"
"21392","1","137"
"21393","1","0"
"21394","1","163"
"21395","1","65"
"21396","1","83"
"21397","1","195"
"21398","1","125"
"21399","","199"
"21400","","199"
"21401","1","123"
"21402","1","187"
"21403","1","151"
"21404","1","174"
"21405","1","142"
"21406","1","90"
"21407","1","120"
"21408","1","134"
"21409","1","114"
"21410","1","0"
"21411","1","183"
"21412","1","20"
"21413","1","158"
"21414","1","39"
"21415","1","167"
"21416","1","185"
"21417","1","129"
"21418","1","88"
"21419","1","146"
"21420","1","1"
"21421","1","124"
"21422","1","0"
"21423","1","139"
"21424","1","75"
"21425","1","154"
"21426","1","113"
"21427","1","159"
"21428","1","124"
"21429","","201"
"21430","1","199"
"21431","1","40"
"21432","1","200"
"21433","1","154"
"21434","1","175"
"21435","1","166"
"21436","1","175"
"21437","1","163"
"21438","1","175"
"21439","1","161"
"21440","1","0"
"21441","1","193"
"21442","1","176"
"21443","1","132"
"21444","1","18"
"21445","1","201"
"21446","1","168"
"21447","1","155"
"21448","1","45"
"21449","1","200"
"21450","1","127"
"21451","1","179"
"21452","1","0"
"21453","1","0"
"21454","1","33"
"21455","1","179"
"21456","1","198"
"21457","1","0"
"21458","1","72"
"21459","","173"
"21460","1","200"
"21461","1","117"
"21462","1","14"
"21463","1","71"
"21464","1","200"
"21465","1","169"
"21466","1","119"
"21467","1","95"
"21468","1","0"
"21469","1","189"
"21470","1","184"
"21471","1","191"
"21472","1","172"
"21473","1","89"
"21474","1","200"
"21475","1","0"
"21476","1","38"
"21477","1","129"
"21478","1","165"
"21479","1","0"
"21480","1","159"
"21481","1","0"
"21482","1","145"
"21483","1","124"
"21484","1","152"
"21485","1","155"
"21486","1","87"
"21487","1","150"
"21488","1","146"
"21489","1","176"
"21490","1","0"
"21491","1","118"
"21492","1","200"
"21493","1","119"
"21494","1","92"
"21495","1","160"
"21496","1","43"
"21497","1","89"
"21498","1","107"
"21499","1","0"
"21500","1","185"
"21501","1","107"
"21502","1","5"
"21503","1","139"
"21504","1","187"
"21505","1","5"
"21506","1","132"
"21507","1","27"
"21508","1","20"
"21509","1","106"
"21510","1","200"
"21511","1","0"
"21512","1","154"
"21513","1","0"
"21514","1","201"
"21515","1","74"
"21516","1","52"
"21517","1","170"
"21518","1","171"
"21519","1","175"
"21520","1","152"
"21521","1","145"
"21522","1","62"
"21523","1","0"
"21524","1","152"
"21525","1","153"
"21526","1","151"
"21527","1","200"
"21528","1","184"
"21529","1","184"
"21530","1","200"
"21531","1","194"
"21532","1","118"
"21533","1","172"
"21534","1","4"
"21535","1","61"
"21536","1","29"
"21537","1","159"
"21538","1","0"
"21539","1","0"
"21540","1","0"
"21541","1","172"
"21542","1","168"
"21543","1","201"
"21544","1","77"
"21545","1","125"
"21546","1","157"
"21547","1","200"
"21548","1","194"
"21549","1","161"
"21550","1","86"
"21551","1","33"
"21552","1","41"
"21553","1","19"
"21554","1","185"
"21555","1","153"
"21556","1","152"
"21557","1","163"
"21558","1","32"
"21559","1","162"
"21560","1","40"
"21561","0","3"
"21562","1","58"
"21563","1","164"
"21564","1","192"
"21565","1","140"
"21566","1","159"
"21567","1","14"
"21568","1","27"
"21569","1","154"
"21570","1","200"
"21571","","0"
"21572","1","201"
"21573","1","160"
"21574","1","189"
"21575","1","35"
"21576","1","201"
"21577","1","185"
"21578","1","92"
"21579","1","163"
"21580","1","11"
"21581","1","89"
"21582","1","143"
"21583","1","93"
"21584","1","154"
"21585","1","199"
"21586","1","198"
"21587","1","100"
"21588","1","160"
"21589","1","201"
"21590","1","11"
"21591","1","187"
"21592","1","76"
"21593","1","184"
"21594","1","184"
"21595","1","201"
"21596","1","201"
"21597","1","197"
"21598","1","197"
"21599","1","199"
"21600","1","199"
"21601","1","201"
"21602","1","201"
"21603","1","7"
"21604","1","38"
"21605","1","0"
"21606","1","172"
"21607","1","172"
"21608","1","201"
"21609","1","201"
"21610","1","194"
"21611","1","194"
"21612","1","195"
"21613","1","195"
"21614","1","189"
"21615","1","201"
"21616","1","201"
"21617","1","165"
"21618","1","165"
"21619","1","4"
"21620","1","201"
"21621","1","201"
"21622","1","155"
"21623","1","155"
"21624","1","201"
"21625","1","201"
"21626","1","88"
"21627","1","200"
"21628","1","95"
"21629","1","129"
"21630","1","8"
"21631","1","31"
"21632","1","48"
"21633","1","14"
"21634","1","14"
"21635","1","0"
"21636","1","31"
"21637","1","31"
"21638","1","31"
"21639","1","32"
"21640","1","94"
"21641","1","153"
"21642","1","45"
"21643","1","14"
"21644","1","132"
"21645","1","52"
"21646","1","131"
"21647","1","76"
"21648","","0"
"21649","1","126"
"21650","1","185"
"21651","1","92"
"21652","1","185"
"21653","1","162"
"21654","1","200"
"21655","1","104"
"21656","1","37"
"21657","1","200"
"21658","1","0"
"21659","1","201"
"21660","1","0"
"21661","0","185"
"21662","0","129"
"21663","0","183"
"21664","0","129"
"21665","0","175"
"21666","0","178"
"21667","0","152"
"21668","1","200"
"21669","1","200"
"21670","1","200"
"21671","1","200"
"21672","1","164"
"21673","1","130"
"21674","0","185"
"21675","1","170"
"21676","1","199"
"21677","1","15"
"21678","1","31"
"21679","1","122"
"21680","","200"
"21681","1","2"
"21682","1","194"
"21683","1","185"
"21684","1","185"
"21685","1","185"
"21686","1","198"
"21687","1","200"
"21688","1","42"
"21689","1","200"
"21690","1","163"
"21691","0","0"
"21692","1","155"
"21693","1","186"
"21694","1","167"
"21695","1","200"
"21696","1","65"
"21697","1","159"
"21698","1","0"
"21699","1","130"
"21700","1","154"
"21701","1","108"
"21702","1","0"
"21703","1","127"
"21704","1","185"
"21705","1","126"
"21706","1","42"
"21707","1","98"
"21708","1","122"
"21709","1","190"
"21710","1","184"
"21711","1","192"
"21712","1","193"
"21713","1","200"
"21714","1","199"
"21715","1","31"
"21716","1","31"
"21717","1","2"
"21718","1","156"
"21719","1","57"
"21720","1","26"
"21721","1","26"
"21722","1","168"
"21723","1","185"
"21724","1","185"
"21725","1","0"
"21726","1","0"
"21727","1","52"
"21728","1","196"
"21729","1","15"
"21730","1","54"
"21731","1","179"
"21732","1","31"
"21733","1","0"
"21734","1","31"
"21735","1","115"
"21736","1","22"
"21737","1","30"
"21738","1","127"
"21739","1","157"
"21740","1","8"
"21741","1","46"
"21742","","83"
"21743","1","179"
"21744","1","0"
"21745","1","0"
"21746","1","122"
"21747","1","200"
"21748","1","200"
"21749","1","196"
"21750","1","195"
"21751","1","85"
"21752","1","137"
"21753","1","118"
"21754","1","184"
"21755","1","0"
"21756","1","121"
"21757","1","173"
"21758","1","150"
"21759","1","148"
"21760","0","79"
"21761","0","33"
"21762","0","66"
"21763","0","65"
"21764","1","111"
"21765","1","58"
"21766","1","150"
"21767","1","122"
"21768","1","0"
"21769","1","0"
"21770","1","0"
"21771","1","200"
"21772","1","200"
"21773","1","200"
"21774","1","200"
"21775","1","63"
"21776","1","200"
"21777","1","200"
"21778","1","100"
"21779","1","140"
"21780","","200"
"21781","1","178"
"21782","0","187"
"21783","0","124"
"21784","1","0"
"21785","1","0"
"21786","0","183"
"21787","0","180"
"21788","0","123"
"21789","0","0"
"21790","0","0"
"21791","0","174"
"21792","0","181"
"21793","0","57"
"21794","0","159"
"21795","0","187"
"21796","0","0"
"21797","0","181"
"21798","0","98"
"21799","0","189"
"21800","0","176"
"21801","0","182"
"21802","1","154"
"21803","1","198"
"21804","1","167"
"21805","1","167"
"21806","1","12"
"21807","1","167"
"21808","1","145"
"21809","1","140"
"21810","1","132"
"21811","1","144"
"21812","1","200"
"21813","1","24"
"21814","1","184"
"21815","1","25"
"21816","1","132"
"21817","1","145"
"21818","1","88"
"21819","1","80"
"21820","1","25"
"21821","1","200"
"21822","1","152"
"21823","1","22"
"21824","1","144"
"21825","1","1"
"21826","1","121"
"21827","1","0"
"21828","1","2"
"21829","1","93"
"21830","1","198"
"21831","1","160"
"21832","1","200"
"21833","1","91"
"21834","1","200"
"21835","1","83"
"21836","1","51"
"21837","1","77"
"21838","1","145"
"21839","1","157"
"21840","1","0"
"21841","1","168"
"21842","1","196"
"21843","1","179"
"21844","1","147"
"21845","1","78"
"21846","1","33"
"21847","1","139"
"21848","1","200"
"21849","1","200"
"21850","1","0"
"21851","1","147"
"21852","1","167"
"21853","1","153"
"21854","1","155"
"21855","1","0"
"21856","1","0"
"21857","1","116"
"21858","1","60"
"21859","0","147"
"21860","0","156"
"21861","0","171"
"21862","0","182"
"21863","0","95"
"21864","0","130"
"21865","0","122"
"21866","0","153"
"21867","0","171"
"21868","0","188"
"21869","0","89"
"21870","0","84"
"21871","0","183"
"21872","1","201"
"21873","1","200"
"21874","1","200"
"21875","1","200"
"21876","1","200"
"21877","1","0"
"21878","1","194"
"21879","1","165"
"21880","1","200"
"21881","1","29"
"21882","1","145"
"21883","1","200"
"21884","1","167"
"21885","1","49"
"21886","1","174"
"21887","1","174"
"21888","1","194"
"21889","1","48"
"21890","1","201"
"21891","1","135"
"21892","1","0"
"21893","1","123"
"21894","1","77"
"21895","1","89"
"21896","1","113"
"21897","1","2"
"21898","1","94"
"21899","1","20"
"21900","1","72"
"21901","1","68"
"21902","1","0"
"21903","1","0"
"21904","1","76"
"21905","1","89"
"21906","1","147"
"21907","1","104"
"21908","1","199"
"21909","1","200"
"21910","1","141"
"21911","1","39"
"21912","1","156"
"21913","1","0"
"21914","1","52"
"21915","1","19"
"21916","1","201"
"21917","1","201"
"21918","1","100"
"21919","1","201"
"21920","1","200"
"21921","1","144"
"21922","1","156"
"21923","1","181"
"21924","1","87"
"21925","1","200"
"21926","1","85"
"21927","1","92"
"21928","1","89"
"21929","1","173"
"21930","1","172"
"21931","1","173"
"21932","1","173"
"21933","1","173"
"21934","1","173"
"21935","1","156"
"21936","1","15"
"21937","1","147"
"21938","1","24"
"21939","1","153"
"21940","1","178"
"21941","1","131"
"21942","1","174"
"21943","1","162"
"21944","1","167"
"21945","1","171"
"21946","1","155"
"21947","1","200"
"21948","","201"
"21949","1","171"
"21950","1","180"
"21951","1","189"
"21952","1","190"
"21953","1","147"
"21954","1","151"
"21955","1","185"
"21956","1","167"
"21957","1","142"
"21958","1","201"
"21959","1","118"
"21960","1","178"
"21961","1","176"
"21962","1","158"
"21963","1","153"
"21964","1","0"
"21965","1","173"
"21966","1","126"
"21967","1","161"
"21968","1","165"
"21969","1","0"
"21970","1","201"
"21971","1","189"
"21972","1","189"
"21973","1","180"
"21974","1","180"
"21975","1","180"
"21976","1","0"
"21977","1","0"
"21978","1","190"
"21979","1","190"
"21980","1","186"
"21981","1","186"
"21982","1","180"
"21983","1","162"
"21984","1","162"
"21985","1","184"
"21986","1","182"
"21987","1","189"
"21988","1","189"
"21989","1","178"
"21990","1","178"
"21991","1","185"
"21992","1","185"
"21993","1","181"
"21994","1","181"
"21995","1","172"
"21996","1","172"
"21997","1","166"
"21998","1","174"
"21999","1","174"
"22000","1","185"
"22001","1","185"
"22002","1","134"
"22003","1","134"
"22004","1","87"
"22005","1","171"
"22006","1","16"
"22007","1","17"
"22008","1","0"
"22009","1","200"
"22010","1","172"
"22011","1","200"
"22012","1","200"
"22013","1","200"
"22014","1","200"
"22015","1","200"
"22016","1","144"
"22017","1","78"
"22018","1","153"
"22019","1","67"
"22020","1","139"
"22021","1","0"
"22022","1","0"
"22023","1","93"
"22024","1","17"
"22025","1","76"
"22026","1","171"
"22027","1","134"
"22028","1","61"
"22029","","88"
"22030","1","113"
"22031","1","200"
"22032","1","194"
"22033","1","131"
"22034","1","200"
"22035","1","0"
"22036","1","130"
"22037","1","179"
"22038","1","138"
"22039","1","145"
"22040","1","129"
"22041","1","130"
"22042","1","130"
"22043","1","88"
"22044","1","0"
"22045","1","142"
"22046","1","147"
"22047","1","184"
"22048","1","122"
"22049","1","0"
"22050","1","72"
"22051","1","34"
"22052","1","159"
"22053","1","138"
"22054","1","167"
"22055","1","153"
"22056","1","102"
"22057","1","146"
"22058","1","184"
"22059","1","185"
"22060","1","117"
"22061","1","177"
"22062","1","83"
"22063","1","79"
"22064","1","108"
"22065","1","144"
"22066","1","201"
"22067","1","201"
"22068","1","58"
"22069","1","158"
"22070","1","191"
"22071","1","71"
"22072","1","73"
"22073","1","0"
"22074","1","52"
"22075","1","4"
"22076","1","89"
"22077","1","199"
"22078","1","145"
"22079","1","30"
"22080","1","36"
"22081","1","8"
"22082","1","31"
"22083","1","0"
"22084","1","157"
"22085","1","0"
"22086","1","154"
"22087","1","155"
"22088","1","155"
"22089","1","186"
"22090","1","200"
"22091","1","200"
"22092","1","152"
"22093","1","31"
"22094","1","0"
"22095","1","150"
"22096","1","0"
"22097","1","139"
"22098","1","201"
"22099","1","155"
"22100","1","144"
"22101","1","0"
"22102","1","15"
"22103","1","16"
"22104","1","173"
"22105","1","154"
"22106","1","139"
"22107","1","175"
"22108","1","194"
"22109","1","199"
"22110","1","200"
"22111","1","199"
"22112","1","61"
"22113","1","167"
"22114","1","60"
"22115","1","201"
"22116","1","200"
"22117","1","194"
"22118","1","194"
"22119","1","167"
"22120","1","1"
"22121","1","178"
"22122","1","161"
"22123","1","22"
"22124","1","2"
"22125","1","145"
"22126","1","200"
"22127","1","124"
"22128","1","1"
"22129","1","0"
"22130","1","8"
"22131","1","154"
"22132","1","77"
"22133","1","31"
"22134","1","31"
"22135","1","200"
"22136","1","5"
"22137","1","137"
"22138","1","195"
"22139","1","116"
"22140","1","193"
"22141","1","0"
"22142","1","147"
"22143","1","197"
"22144","1","52"
"22145","1","100"
"22146","1","88"
"22147","1","91"
"22148","1","200"
"22149","1","71"
"22150","1","98"
"22151","1","200"
"22152","1","200"
"22153","1","137"
"22154","1","125"
"22155","1","165"
"22156","1","180"
"22157","1","137"
"22158","1","1"
"22159","1","144"
"22160","1","177"
"22161","1","5"
"22162","","83"
"22163","1","179"
"22164","1","0"
"22165","1","185"
"22166","1","187"
"22167","1","127"
"22168","1","199"
"22169","1","191"
"22170","1","61"
"22171","1","26"
"22172","1","75"
"22173","1","39"
"22174","1","50"
"22175","1","1"
"22176","1","187"
"22177","1","0"
"22178","1","68"
"22179","1","88"
"22180","1","0"
"22181","1","201"
"22182","1","31"
"22183","1","0"
"22184","1","185"
"22185","1","155"
"22186","1","184"
"22187","1","185"
"22188","1","107"
"22189","","0"
"22190","1","146"
"22191","1","199"
"22192","1","112"
"22193","1","138"
"22194","1","200"
"22195","1","73"
"22196","1","61"
"22197","1","176"
"22198","1","0"
"22199","1","22"
"22200","1","0"
"22201","1","0"
"22202","1","0"
"22203","1","18"
"22204","1","0"
"22205","1","0"
"22206","1","36"
"22207","1","93"
"22208","1","201"
"22209","1","159"
"22210","1","154"
"22211","1","200"
"22212","1","59"
"22213","1","0"
"22214","1","31"
"22215","1","200"
"22216","1","149"
"22217","1","91"
"22218","1","80"
"22219","1","141"
"22220","1","201"
"22221","1","168"
"22222","1","201"
"22223","1","114"
"22224","1","185"
"22225","1","138"
"22226","1","174"
"22227","1","32"
"22228","1","155"
"22229","1","103"
"22230","1","0"
"22231","1","160"
"22232","1","160"
"22233","1","160"
"22234","1","160"
"22235","1","8"
"22236","1","136"
"22237","1","130"
"22238","1","151"
"22239","1","62"
"22240","1","165"
"22241","1","74"
"22242","1","153"
"22243","","4"
"22244","1","201"
"22245","1","0"
"22246","1","0"
"22247","1","0"
"22248","1","33"
"22249","1","33"
"22250","1","51"
"22251","1","200"
"22252","1","171"
"22253","1","0"
"22254","1","199"
"22255","1","200"
"22256","1","146"
"22257","1","186"
"22258","1","198"
"22259","1","144"
"22260","1","184"
"22261","1","184"
"22262","1","164"
"22263","1","161"
"22264","1","184"
"22265","1","200"
"22266","1","153"
"22267","1","199"
"22268","1","0"
"22269","1","184"
"22270","1","184"
"22271","1","151"
"22272","1","2"
"22273","1","183"
"22274","1","153"
"22275","1","156"
"22276","1","139"
"22277","1","139"
"22278","1","129"
"22279","1","128"
"22280","1","184"
"22281","1","89"
"22282","1","67"
"22283","1","0"
"22284","1","200"
"22285","1","170"
"22286","1","142"
"22287","1","121"
"22288","1","177"
"22289","1","39"
"22290","1","200"
"22291","1","171"
"22292","1","149"
"22293","1","63"
"22294","1","113"
"22295","1","15"
"22296","1","144"
"22297","1","135"
"22298","1","171"
"22299","1","0"
"22300","1","26"
"22301","1","165"
"22302","1","137"
"22303","0","121"
"22304","0","178"
"22305","0","179"
"22306","0","163"
"22307","0","181"
"22308","0","0"
"22309","0","0"
"22310","0","0"
"22311","0","0"
"22312","0","9"
"22313","0","177"
"22314","0","157"
"22315","0","162"
"22316","0","1"
"22317","0","177"
"22318","0","173"
"22319","0","176"
"22320","0","176"
"22321","0","142"
"22322","0","176"
"22323","0","156"
"22324","1","64"
"22325","1","183"
"22326","1","177"
"22327","1","184"
"22328","1","18"
"22329","1","123"
"22330","1","49"
"22331","1","170"
"22332","","184"
"22333","1","101"
"22334","1","132"
"22335","1","6"
"22336","1","20"
"22337","1","45"
"22338","1","0"
"22339","1","184"
"22340","1","196"
"22341","1","138"
"22342","1","158"
"22343","1","150"
"22344","1","167"
"22345","1","159"
"22346","1","148"
"22347","1","184"
"22348","1","141"
"22349","1","198"
"22350","1","193"
"22351","1","153"
"22352","1","184"
"22353","1","107"
"22354","1","167"
"22355","1","187"
"22356","1","0"
"22357","1","69"
"22358","0","0"
"22359","0","0"
"22360","0","0"
"22361","0","0"
"22362","0","0"
"22363","1","100"
"22364","1","167"
"22365","1","0"
"22366","1","197"
"22367","1","187"
"22368","1","200"
"22369","1","154"
"22370","1","167"
"22371","1","175"
"22372","1","0"
"22373","1","20"
"22374","1","88"
"22375","1","84"
"22376","1","162"
"22377","1","139"
"22378","1","169"
"22379","1","200"
"22380","1","187"
"22381","1","193"
"22382","1","85"
"22383","1","39"
"22384","1","162"
"22385","","0"
"22386","1","122"
"22387","1","57"
"22388","1","145"
"22389","1","89"
"22390","0","192"
"22391","1","151"
"22392","1","149"
"22393","1","48"
"22394","1","36"
"22395","1","156"
"22396","1","5"
"22397","1","11"
"22398","1","194"
"22399","1","146"
"22400","1","61"
"22401","1","161"
"22402","1","0"
"22403","1","140"
"22404","1","2"
"22405","1","146"
"22406","1","108"
"22407","1","108"
"22408","1","184"
"22409","1","63"
"22410","1","167"
"22411","1","123"
"22412","1","111"
"22413","1","198"
"22414","1","0"
"22415","1","4"
"22416","1","167"
"22417","1","167"
"22418","1","157"
"22419","1","169"
"22420","1","165"
"22421","1","145"
"22422","1","5"
"22423","1","199"
"22424","1","200"
"22425","1","181"
"22426","1","122"
"22427","1","200"
"22428","1","146"
"22429","1","88"
"22430","1","189"
"22431","1","185"
"22432","","198"
"22433","1","141"
"22434","1","49"
"22435","1","179"
"22436","1","31"
"22437","1","0"
"22438","1","0"
"22439","1","183"
"22440","1","177"
"22441","1","70"
"22442","1","12"
"22443","1","200"
"22444","1","200"
"22445","1","200"
"22446","1","78"
"22447","1","55"
"22448","1","37"
"22449","1","201"
"22450","1","200"
"22451","1","139"
"22452","1","136"
"22453","1","45"
"22454","1","173"
"22455","1","200"
"22456","1","200"
"22457","1","200"
"22458","1","91"
"22459","1","1"
"22460","1","194"
"22461","1","191"
"22462","1","75"
"22463","1","196"
"22464","1","197"
"22465","1","107"
"22466","1","107"
"22467","1","188"
"22468","1","188"
"22469","1","159"
"22470","1","159"
"22471","1","132"
"22472","1","132"
"22473","1","121"
"22474","1","187"
"22475","1","187"
"22476","1","201"
"22477","1","153"
"22478","1","153"
"22479","1","160"
"22480","1","160"
"22481","1","170"
"22482","1","170"
"22483","1","183"
"22484","1","183"
"22485","1","0"
"22486","1","196"
"22487","1","196"
"22488","1","201"
"22489","1","200"
"22490","1","198"
"22491","1","198"
"22492","1","161"
"22493","1","0"
"22494","1","115"
"22495","1","0"
"22496","1","200"
"22497","1","70"
"22498","1","201"
"22499","1","0"
"22500","1","63"
"22501","1","61"
"22502","1","0"
"22503","1","104"
"22504","1","200"
"22505","1","134"
"22506","1","200"
"22507","1","159"
"22508","1","0"
"22509","1","196"
"22510","1","0"
"22511","1","132"
"22512","1","138"
"22513","1","0"
"22514","1","104"
"22515","1","148"
"22516","1","10"
"22517","1","157"
"22518","1","198"
"22519","1","174"
"22520","0","182"
"22521","0","186"
"22522","0","180"
"22523","0","184"
"22524","1","0"
"22525","1","179"
"22526","1","109"
"22527","1","38"
"22528","1","174"
"22529","1","174"
"22530","1","172"
"22531","1","175"
"22532","1","175"
"22533","1","105"
"22534","1","61"
"22535","1","61"
"22536","1","2"
"22537","1","199"
"22538","1","189"
"22539","1","197"
"22540","1","17"
"22541","1","31"
"22542","1","0"
"22543","1","174"
"22544","","193"
"22545","1","200"
"22546","1","200"
"22547","1","200"
"22548","1","200"
"22549","1","200"
"22550","1","16"
"22551","1","35"
"22552","1","154"
"22553","1","174"
"22554","1","184"
"22555","1","190"
"22556","","88"
"22557","1","200"
"22558","1","105"
"22559","1","170"
"22560","1","103"
"22561","1","107"
"22562","1","89"
"22563","1","200"
"22564","1","166"
"22565","1","56"
"22566","1","153"
"22567","1","200"
"22568","1","144"
"22569","1","85"
"22570","1","154"
"22571","1","148"
"22572","1","168"
"22573","1","184"
"22574","1","85"
"22575","1","141"
"22576","1","104"
"22577","1","0"
"22578","1","175"
"22579","1","172"
"22580","1","175"
"22581","1","200"
"22582","1","200"
"22583","1","200"
"22584","1","0"
"22585","1","146"
"22586","1","183"
"22587","1","124"
"22588","1","62"
"22589","1","123"
"22590","1","127"
"22591","1","0"
"22592","1","200"
"22593","1","199"
"22594","1","1"
"22595","1","71"
"22596","1","72"
"22597","1","145"
"22598","1","174"
"22599","1","177"
"22600","1","89"
"22601","1","108"
"22602","1","194"
"22603","1","199"
"22604","1","98"
"22605","1","146"
"22606","1","47"
"22607","1","98"
"22608","1","172"
"22609","1","170"
"22610","1","199"
"22611","1","84"
"22612","1","5"
"22613","1","115"
"22614","1","200"
"22615","1","102"
"22616","1","146"
"22617","1","56"
"22618","1","157"
"22619","1","43"
"22620","1","140"
"22621","1","153"
"22622","1","175"
"22623","1","19"
"22624","1","153"
"22625","1","71"
"22626","1","98"
"22627","1","165"
"22628","1","1"
"22629","1","0"
"22630","1","186"
"22631","1","197"
"22632","1","106"
"22633","1","103"
"22634","1","200"
"22635","1","119"
"22636","1","154"
"22637","1","117"
"22638","1","191"
"22639","1","4"
"22640","1","195"
"22641","1","185"
"22642","1","83"
"22643","1","17"
"22644","1","196"
"22645","1","121"
"22646","1","148"
"22647","1","152"
"22648","1","124"
"22649","1","160"
"22650","1","162"
"22651","1","52"
"22652","1","112"
"22653","1","14"
"22654","1","93"
"22655","1","125"
"22656","1","153"
"22657","1","185"
"22658","1","12"
"22659","1","179"
"22660","1","52"
"22661","1","169"
"22662","1","184"
"22663","1","185"
"22664","1","92"
"22665","1","21"
"22666","1","33"
"22667","1","18"
"22668","1","176"
"22669","1","56"
"22670","1","169"
"22671","1","201"
"22672","1","142"
"22673","1","153"
"22674","1","152"
"22675","1","126"
"22676","1","178"
"22677","1","201"
"22678","1","149"
"22679","0","0"
"22680","0","0"
"22681","0","0"
"22682","0","0"
"22683","0","0"
"22684","0","0"
"22685","0","0"
"22686","1","178"
"22687","1","114"
"22688","1","178"
"22689","1","66"
"22690","1","76"
"22691","1","90"
"22692","1","0"
"22693","1","200"
"22694","1","199"
"22695","1","61"
"22696","1","0"
"22697","1","0"
"22698","1","0"
"22699","1","0"
"22700","1","0"
"22701","1","0"
"22702","1","0"
"22703","1","38"
"22704","1","47"
"22705","","198"
"22706","1","148"
"22707","1","169"
"22708","1","58"
"22709","1","185"
"22710","1","185"
"22711","1","87"
"22712","1","0"
"22713","1","104"
"22714","1","66"
"22715","1","31"
"22716","1","149"
"22717","1","201"
"22718","1","55"
"22719","1","92"
"22720","1","53"
"22721","1","1"
"22722","1","183"
"22723","1","195"
"22724","1","153"
"22725","1","96"
"22726","1","67"
"22727","1","0"
"22728","1","154"
"22729","1","154"
"22730","1","198"
"22731","1","32"
"22732","1","190"
"22733","1","201"
"22734","1","201"
"22735","1","201"
"22736","1","201"
"22737","1","199"
"22738","1","201"
"22739","1","200"
"22740","1","201"
"22741","1","200"
"22742","1","201"
"22743","1","201"
"22744","1","201"
"22745","1","201"
"22746","1","201"
"22747","1","201"
"22748","1","201"
"22749","1","201"
"22750","1","201"
"22751","1","201"
"22752","1","201"
"22753","1","201"
"22754","1","201"
"22755","1","201"
"22756","1","201"
"22757","1","201"
"22758","1","201"
"22759","1","201"
"22760","1","201"
"22761","1","201"
"22762","1","201"
"22763","1","201"
"22764","1","201"
"22765","1","201"
"22766","1","201"
"22767","1","201"
"22768","1","201"
"22769","1","201"
"22770","1","201"
"22771","1","201"
"22772","1","201"
"22773","1","201"
"22774","1","201"
"22775","1","201"
"22776","1","201"
"22777","1","201"
"22778","1","201"
"22779","1","201"
"22780","1","201"
"22781","1","201"
"22782","1","201"
"22783","1","201"
"22784","1","201"
"22785","1","201"
"22786","1","201"
"22787","1","201"
"22788","1","201"
"22789","1","201"
"22790","1","201"
"22791","1","201"
"22792","1","160"
"22793","1","201"
"22794","1","201"
"22795","1","201"
"22796","1","201"
"22797","1","201"
"22798","1","201"
"22799","1","201"
"22800","1","121"
"22801","1","201"
"22802","1","201"
"22803","1","201"
"22804","1","201"
"22805","1","201"
"22806","1","201"
"22807","1","201"
"22808","1","201"
"22809","1","130"
"22810","1","201"
"22811","1","201"
"22812","1","201"
"22813","1","201"
"22814","1","201"
"22815","1","201"
"22816","1","201"
"22817","1","201"
"22818","1","201"
"22819","1","201"
"22820","1","201"
"22821","1","201"
"22822","1","200"
"22823","1","201"
"22824","1","200"
"22825","1","201"
"22826","1","201"
"22827","1","201"
"22828","1","200"
"22829","1","201"
"22830","1","201"
"22831","1","201"
"22832","1","201"
"22833","1","201"
"22834","1","201"
"22835","1","201"
"22836","1","201"
"22837","1","201"
"22838","1","199"
"22839","1","201"
"22840","1","100"
"22841","1","201"
"22842","1","201"
"22843","1","201"
"22844","1","201"
"22845","1","201"
"22846","1","22"
"22847","1","201"
"22848","1","201"
"22849","1","201"
"22850","1","201"
"22851","1","201"
"22852","1","201"
"22853","1","201"
"22854","1","94"
"22855","1","201"
"22856","1","200"
"22857","1","201"
"22858","1","201"
"22859","1","201"
"22860","1","201"
"22861","1","201"
"22862","1","201"
"22863","1","201"
"22864","1","201"
"22865","1","201"
"22866","1","201"
"22867","1","201"
"22868","1","201"
"22869","1","200"
"22870","1","201"
"22871","1","199"
"22872","1","199"
"22873","1","201"
"22874","1","201"
"22875","1","201"
"22876","1","201"
"22877","1","201"
"22878","1","201"
"22879","1","201"
"22880","1","201"
"22881","1","201"
"22882","1","201"
"22883","1","201"
"22884","1","201"
"22885","1","201"
"22886","1","201"
"22887","1","201"
"22888","1","201"
"22889","1","201"
"22890","1","201"
"22891","1","201"
"22892","1","201"
"22893","1","201"
"22894","1","201"
"22895","1","201"
"22896","1","201"
"22897","1","199"
"22898","1","201"
"22899","1","201"
"22900","1","201"
"22901","1","201"
"22902","1","201"
"22903","1","201"
"22904","1","201"
"22905","1","199"
"22906","1","201"
"22907","1","201"
"22908","1","201"
"22909","1","199"
"22910","1","201"
"22911","1","201"
"22912","1","199"
"22913","1","198"
"22914","1","199"
"22915","1","199"
"22916","1","199"
"22917","1","199"
"22918","1","199"
"22919","1","186"
"22920","1","45"
"22921","1","177"
"22922","1","145"
"22923","1","0"
"22924","1","88"
"22925","1","145"
"22926","1","0"
"22927","1","187"
"22928","1","89"
"22929","1","119"
"22930","1","47"
"22931","1","47"
"22932","1","0"
"22933","1","105"
"22934","1","2"
"22935","1","165"
"22936","1","22"
"22937","1","138"
"22938","1","47"
"22939","1","86"
"22940","1","0"
"22941","1","97"
"22942","1","14"
"22943","1","10"
"22944","1","0"
"22945","1","0"
"22946","1","173"
"22947","","200"
"22948","1","12"
"22949","1","199"
"22950","1","201"
"22951","1","0"
"22952","1","67"
"22953","1","190"
"22954","1","69"
"22955","1","200"
"22956","0","139"
"22957","0","117"
"22958","0","137"
"22959","0","0"
"22960","0","138"
"22961","","0"
"22962","1","153"
"22963","1","90"
"22964","1","139"
"22965","1","200"
"22966","1","200"
"22967","1","200"
"22968","1","148"
"22969","1","154"
"22970","1","199"
"22971","1","0"
"22972","1","164"
"22973","1","88"
"22974","1","170"
"22975","1","79"
"22976","1","199"
"22977","1","129"
"22978","1","23"
"22979","1","201"
"22980","1","106"
"22981","1","153"
"22982","1","154"
"22983","1","175"
"22984","1","133"
"22985","1","181"
"22986","1","147"
"22987","1","145"
"22988","1","175"
"22989","1","182"
"22990","1","181"
"22991","1","186"
"22992","1","186"
"22993","1","192"
"22994","1","182"
"22995","1","185"
"22996","1","179"
"22997","1","181"
"22998","1","185"
"22999","1","5"
"23000","1","200"
"23001","","173"
"23002","1","173"
"23003","1","146"
"23004","","0"
"23005","","0"
"23006","","0"
"23007","","0"
"23008","","0"
"23009","","0"
"23010","1","101"
"23011","1","89"
"23012","1","97"
"23013","1","138"
"23014","1","47"
"23015","1","186"
"23016","1","199"
"23017","1","85"
"23018","1","119"
"23019","1","200"
"23020","1","136"
"23021","1","168"
"23022","1","158"
"23023","1","199"
"23024","1","200"
"23025","1","200"
"23026","1","1"
"23027","1","111"
"23028","1","144"
"23029","1","129"
"23030","1","0"
"23031","1","200"
"23032","1","145"
"23033","1","0"
"23034","1","0"
"23035","1","199"
"23036","1","174"
"23037","1","200"
"23038","1","183"
"23039","1","185"
"23040","1","124"
"23041","1","156"
"23042","1","64"
"23043","1","89"
"23044","1","152"
"23045","1","138"
"23046","1","192"
"23047","1","198"
"23048","1","194"
"23049","1","193"
"23050","1","188"
"23051","1","165"
"23052","1","190"
"23053","1","200"
"23054","1","118"
"23055","1","0"
"23056","1","87"
"23057","1","179"
"23058","1","181"
"23059","1","192"
"23060","1","178"
"23061","1","153"
"23062","1","99"
"23063","1","137"
"23064","1","178"
"23065","1","146"
"23066","1","163"
"23067","1","41"
"23068","1","12"
"23069","1","201"
"23070","1","201"
"23071","1","201"
"23072","1","201"
"23073","1","201"
"23074","1","201"
"23075","1","67"
"23076","1","71"
"23077","1","131"
"23078","1","79"
"23079","1","118"
"23080","1","98"
"23081","1","47"
"23082","1","152"
"23083","1","27"
"23084","1","116"
"23085","0","186"
"23086","0","186"
"23087","1","132"
"23088","1","96"
"23089","1","39"
"23090","1","200"
"23091","1","92"
"23092","1","144"
"23093","1","200"
"23094","1","201"
"23095","1","201"
"23096","1","201"
"23097","1","154"
"23098","1","177"
"23099","1","0"
"23100","1","79"
"23101","1","193"
"23102","1","191"
"23103","1","194"
"23104","1","171"
"23105","1","200"
"23106","1","197"
"23107","1","46"
"23108","1","195"
"23109","1","196"
"23110","1","199"
"23111","1","192"
"23112","1","200"
"23113","1","197"
"23114","1","189"
"23115","1","173"
"23116","1","0"
"23117","1","190"
"23118","1","183"
"23119","1","187"
"23120","1","193"
"23121","1","188"
"23122","1","190"
"23123","1","197"
"23124","1","187"
"23125","1","199"
"23126","1","141"
"23127","1","199"
"23128","1","199"
"23129","1","199"
"23130","1","199"
"23131","1","145"
"23132","1","11"
"23133","1","57"
"23134","1","199"
"23135","1","199"
"23136","1","201"
"23137","1","199"
"23138","1","199"
"23139","1","153"
"23140","1","199"
"23141","1","199"
"23142","1","199"
"23143","1","201"
"23144","1","201"
"23145","1","41"
"23146","1","165"
"23147","1","201"
"23148","1","106"
"23149","1","133"
"23150","1","199"
"23151","1","199"
"23152","1","199"
"23153","1","88"
"23154","1","177"
"23155","","0"
"23156","1","169"
"23157","1","27"
"23158","1","3"
"23159","1","91"
"23160","1","0"
"23161","1","163"
"23162","1","0"
"23163","1","7"
"23164","1","0"
"23165","1","42"
"23166","1","201"
"23167","1","199"
"23168","1","118"
"23169","1","191"
"23170","1","153"
"23171","1","0"
"23172","1","201"
"23173","1","201"
"23174","1","200"
"23175","1","0"
"23176","1","0"
"23177","","0"
"23178","","0"
"23179","","0"
"23180","","0"
"23181","","0"
"23182","0","172"
"23183","0","175"
"23184","1","153"
"23185","1","87"
"23186","1","148"
"23187","1","200"
"23188","1","67"
"23189","1","98"
"23190","1","63"
"23191","1","125"
"23192","1","126"
"23193","1","165"
"23194","1","199"
"23195","0","182"
"23196","0","181"
"23197","0","134"
"23198","1","61"
"23199","1","151"
"23200","1","180"
"23201","1","49"
"23202","1","125"
"23203","1","199"
"23204","1","199"
"23205","1","199"
"23206","1","118"
"23207","","199"
"23208","1","85"
"23209","1","162"
"23210","1","30"
"23211","1","145"
"23212","1","46"
"23213","1","0"
"23214","1","201"
"23215","1","45"
"23216","1","199"
"23217","1","200"
"23218","1","199"
"23219","1","200"
"23220","1","199"
"23221","1","199"
"23222","1","199"
"23223","1","199"
"23224","1","199"
"23225","1","199"
"23226","1","199"
"23227","1","90"
"23228","1","0"
"23229","1","0"
"23230","1","0"
"23231","1","0"
"23232","1","83"
"23233","1","2"
"23234","1","8"
"23235","1","200"
"23236","1","199"
"23237","1","199"
"23238","1","199"
"23239","1","199"
"23240","1","103"
"23241","1","199"
"23242","1","146"
"23243","1","198"
"23244","1","141"
"23245","1","199"
"23246","1","199"
"23247","1","199"
"23248","1","201"
"23249","1","201"
"23250","1","201"
"23251","1","152"
"23252","1","154"
"23253","1","168"
"23254","1","201"
"23255","1","201"
"23256","1","201"
"23257","1","201"
"23258","1","169"
"23259","1","133"
"23260","1","124"
"23261","1","201"
"23262","","0"
"23263","1","0"
"23264","1","117"
"23265","1","200"
"23266","1","201"
"23267","1","201"
"23268","1","201"
"23269","1","201"
"23270","1","201"
"23271","1","201"
"23272","1","201"
"23273","1","201"
"23274","1","201"
"23275","","197"
"23276","1","201"
"23277","1","87"
"23278","1","201"
"23279","1","201"
"23280","1","201"
"23281","1","201"
"23282","1","101"
"23283","1","185"
"23284","1","194"
"23285","1","200"
"23286","1","161"
"23287","1","201"
"23288","1","201"
"23289","1","201"
"23290","1","201"
"23291","1","201"
"23292","1","201"
"23293","1","201"
"23294","1","201"
"23295","1","201"
"23296","1","201"
"23297","1","153"
"23298","1","201"
"23299","1","201"
"23300","1","201"
"23301","1","201"
"23302","1","201"
"23303","1","201"
"23304","1","201"
"23305","1","201"
"23306","1","201"
"23307","1","117"
"23308","1","92"
"23309","1","183"
"23310","1","201"
"23311","1","201"
"23312","1","50"
"23313","1","200"
"23314","1","179"
"23315","1","200"
"23316","1","0"
"23317","1","45"
"23318","1","153"
"23319","1","190"
"23320","1","0"
"23321","1","155"
"23322","1","12"
"23323","1","46"
"23324","1","201"
"23325","1","58"
"23326","1","192"
"23327","1","49"
"23328","1","33"
"23329","1","153"
"23330","1","93"
"23331","1","201"
"23332","1","201"
"23333","1","201"
"23334","1","201"
"23335","1","201"
"23336","1","201"
"23337","1","201"
"23338","1","201"
"23339","1","201"
"23340","1","98"
"23341","1","201"
"23342","1","201"
"23343","1","201"
"23344","1","201"
"23345","1","201"
"23346","1","201"
"23347","1","123"
"23348","1","201"
"23349","1","201"
"23350","1","201"
"23351","1","201"
"23352","1","201"
"23353","1","201"
"23354","1","55"
"23355","1","201"
"23356","1","201"
"23357","1","201"
"23358","1","201"
"23359","1","201"
"23360","1","201"
"23361","1","201"
"23362","1","201"
"23363","1","201"
"23364","1","201"
"23365","1","201"
"23366","1","201"
"23367","1","201"
"23368","1","185"
"23369","1","200"
"23370","1","180"
"23371","1","76"
"23372","1","201"
"23373","1","201"
"23374","1","201"
"23375","1","201"
"23376","1","201"
"23377","1","201"
"23378","1","201"
"23379","1","201"
"23380","1","201"
"23381","1","177"
"23382","1","160"
"23383","","198"
"23384","1","201"
"23385","1","62"
"23386","1","201"
"23387","1","201"
"23388","1","201"
"23389","1","201"
"23390","1","201"
"23391","1","201"
"23392","1","161"
"23393","1","201"
"23394","1","201"
"23395","1","201"
"23396","1","201"
"23397","1","201"
"23398","1","201"
"23399","1","10"
"23400","1","197"
"23401","1","142"
"23402","1","165"
"23403","1","123"
"23404","1","0"
"23405","1","87"
"23406","1","129"
"23407","1","168"
"23408","1","176"
"23409","1","122"
"23410","1","1"
"23411","1","95"
"23412","1","114"
"23413","1","72"
"23414","1","185"
"23415","1","178"
"23416","1","8"
"23417","1","108"
"23418","1","119"
"23419","1","136"
"23420","1","110"
"23421","1","110"
"23422","1","110"
"23423","1","92"
"23424","1","18"
"23425","1","89"
"23426","1","13"
"23427","1","200"
"23428","1","89"
"23429","1","192"
"23430","1","151"
"23431","1","173"
"23432","1","39"
"23433","1","0"
"23434","1","167"
"23435","1","200"
"23436","1","92"
"23437","1","0"
"23438","1","76"
"23439","1","102"
"23440","1","149"
"23441","1","2"
"23442","1","124"
"23443","1","201"
"23444","1","0"
"23445","1","17"
"23446","1","201"
"23447","1","158"
"23448","1","178"
"23449","1","145"
"23450","1","178"
"23451","1","200"
"23452","1","200"
"23453","1","185"
"23454","1","167"
"23455","1","54"
"23456","1","92"
"23457","0","162"
"23458","1","146"
"23459","1","123"
"23460","1","113"
"23461","1","178"
"23462","1","34"
"23463","1","200"
"23464","1","123"
"23465","1","108"
"23466","1","145"
"23467","1","57"
"23468","1","179"
"23469","1","174"
"23470","1","132"
"23471","1","168"
"23472","1","198"
"23473","1","171"
"23474","1","147"
"23475","1","200"
"23476","1","63"
"23477","1","181"
"23478","1","1"
"23479","","179"
"23480","1","200"
"23481","1","171"
"23482","1","170"
"23483","","36"
"23484","1","108"
"23485","1","139"
"23486","","0"
"23487","1","137"
"23488","1","162"
"23489","1","196"
"23490","1","199"
"23491","1","182"
"23492","1","191"
"23493","1","197"
"23494","1","199"
"23495","1","0"
"23496","1","181"
"23497","1","181"
"23498","1","198"
"23499","1","120"
"23500","1","201"
"23501","1","171"
"23502","1","201"
"23503","1","75"
"23504","1","170"
"23505","1","79"
"23506","1","200"
"23507","1","201"
"23508","1","0"
"23509","1","0"
"23510","1","118"
"23511","1","4"
"23512","1","189"
"23513","1","152"
"23514","1","170"
"23515","","0"
"23516","1","200"
"23517","1","0"
"23518","1","200"
"23519","1","198"
"23520","1","191"
"23521","1","152"
"23522","1","170"
"23523","1","123"
"23524","1","200"
"23525","1","170"
"23526","1","164"
"23527","1","154"
"23528","1","153"
"23529","1","184"
"23530","1","32"
"23531","1","153"
"23532","1","153"
"23533","1","0"
"23534","1","6"
"23535","1","190"
"23536","1","184"
"23537","1","184"
"23538","1","88"
"23539","1","0"
"23540","1","98"
"23541","1","146"
"23542","1","200"
"23543","","198"
"23544","1","200"
"23545","1","150"
"23546","1","200"
"23547","1","111"
"23548","1","91"
"23549","1","134"
"23550","1","137"
"23551","1","200"
"23552","1","142"
"23553","1","74"
"23554","1","145"
"23555","1","78"
"23556","1","95"
"23557","1","201"
"23558","1","133"
"23559","1","141"
"23560","1","178"
"23561","1","125"
"23562","1","89"
"23563","1","175"
"23564","1","169"
"23565","1","185"
"23566","1","76"
"23567","1","71"
"23568","1","183"
"23569","","200"
"23570","1","8"
"23571","1","108"
"23572","1","1"
"23573","1","201"
"23574","1","192"
"23575","1","185"
"23576","1","100"
"23577","1","201"
"23578","1","0"
"23579","1","146"
"23580","1","165"
"23581","1","181"
"23582","1","171"
"23583","1","170"
"23584","1","170"
"23585","1","78"
"23586","1","201"
"23587","1","131"
"23588","1","41"
"23589","1","0"
"23590","1","62"
"23591","1","163"
"23592","","201"
"23593","1","134"
"23594","1","194"
"23595","1","187"
"23596","1","164"
"23597","1","114"
"23598","1","201"
"23599","1","154"
"23600","1","166"
"23601","1","148"
"23602","1","180"
"23603","1","39"
"23604","1","72"
"23605","1","73"
"23606","1","123"
"23607","","201"
"23608","1","160"
"23609","1","167"
"23610","","201"
"23611","1","201"
"23612","1","194"
"23613","1","8"
"23614","1","139"
"23615","1","90"
"23616","1","85"
"23617","1","154"
"23618","1","179"
"23619","","200"
"23620","1","103"
"23621","1","201"
"23622","1","25"
"23623","1","0"
"23624","1","154"
"23625","1","201"
"23626","1","72"
"23627","1","89"
"23628","1","154"
"23629","1","161"
"23630","1","166"
"23631","1","68"
"23632","1","77"
"23633","1","57"
"23634","1","129"
"23635","1","43"
"23636","1","177"
"23637","1","0"
"23638","1","72"
"23639","1","51"
"23640","1","121"
"23641","1","148"
"23642","1","133"
"23643","1","1"
"23644","1","124"
"23645","1","125"
"23646","1","201"
"23647","1","1"
"23648","1","1"
"23649","1","1"
"23650","1","0"
"23651","1","179"
"23652","1","194"
"23653","1","77"
"23654","1","192"
"23655","1","188"
"23656","1","0"
"23657","1","108"
"23658","1","198"
"23659","1","143"
"23660","1","0"
"23661","1","173"
"23662","1","0"
"23663","1","0"
"23664","","198"
"23665","1","201"
"23666","1","154"
"23667","1","199"
"23668","","198"
"23669","1","17"
"23670","1","83"
"23671","1","90"
"23672","1","158"
"23673","1","40"
"23674","1","2"
"23675","1","9"
"23676","1","24"
"23677","1","0"
"23678","1","145"
"23679","1","147"
"23680","1","51"
"23681","1","199"
"23682","1","121"
"23683","1","195"
"23684","1","185"
"23685","1","200"
"23686","1","200"
"23687","1","77"
"23688","1","101"
"23689","1","174"
"23690","1","0"
"23691","1","184"
"23692","1","0"
"23693","1","110"
"23694","1","26"
"23695","1","74"
"23696","1","201"
"23697","1","146"
"23698","1","175"
"23699","1","88"
"23700","1","160"
"23701","1","82"
"23702","1","200"
"23703","1","115"
"23704","1","139"
"23705","1","36"
"23706","1","146"
"23707","1","72"
"23708","1","118"
"23709","1","57"
"23710","1","3"
"23711","1","44"
"23712","1","154"
"23713","1","142"
"23714","1","178"
"23715","1","0"
"23716","1","190"
"23717","1","156"
"23718","1","198"
"23719","1","141"
"23720","1","160"
"23721","1","0"
"23722","1","55"
"23723","1","201"
"23724","1","177"
"23725","1","185"
"23726","1","110"
"23727","1","185"
"23728","1","185"
"23729","1","201"
"23730","1","140"
"23731","1","116"
"23732","1","197"
"23733","1","123"
"23734","1","196"
"23735","1","199"
"23736","1","182"
"23737","1","151"
"23738","1","126"
"23739","1","198"
"23740","1","120"
"23741","1","104"
"23742","1","190"
"23743","","139"
"23744","1","165"
"23745","1","42"
"23746","1","178"
"23747","1","73"
"23748","1","145"
"23749","1","198"
"23750","1","83"
"23751","1","200"
"23752","1","28"
"23753","1","58"
"23754","1","160"
"23755","1","33"
"23756","1","122"
"23757","1","199"
"23758","1","199"
"23759","1","199"
"23760","1","199"
"23761","1","123"
"23762","1","87"
"23763","1","100"
"23764","1","185"
"23765","1","87"
"23766","1","153"
"23767","1","62"
"23768","1","122"
"23769","1","62"
"23770","1","104"
"23771","1","128"
"23772","1","152"
"23773","0","148"
"23774","1","58"
"23775","1","197"
"23776","1","109"
"23777","1","200"
"23778","1","0"
"23779","1","114"
"23780","1","114"
"23781","1","104"
"23782","1","104"
"23783","1","121"
"23784","1","121"
"23785","1","117"
"23786","1","117"
"23787","1","123"
"23788","1","123"
"23789","1","200"
"23790","1","0"
"23791","1","152"
"23792","1","138"
"23793","1","201"
"23794","1","142"
"23795","1","171"
"23796","1","62"
"23797","1","190"
"23798","1","123"
"23799","1","201"
"23800","1","123"
"23801","1","102"
"23802","1","188"
"23803","1","149"
"23804","1","171"
"23805","1","201"
"23806","1","64"
"23807","1","34"
"23808","1","129"
"23809","1","49"
"23810","1","143"
"23811","1","184"
"23812","1","184"
"23813","1","9"
"23814","1","0"
"23815","1","86"
"23816","1","201"
"23817","1","101"
"23818","1","129"
"23819","1","146"
"23820","1","56"
"23821","1","0"
"23822","","200"
"23823","1","0"
"23824","1","154"
"23825","1","82"
"23826","1","153"
"23827","1","154"
"23828","1","74"
"23829","1","199"
"23830","1","184"
"23831","1","199"
"23832","1","199"
"23833","1","199"
"23834","1","184"
"23835","1","0"
"23836","1","154"
"23837","1","189"
"23838","1","0"
"23839","1","59"
"23840","1","199"
"23841","1","15"
"23842","1","106"
"23843","1","200"
"23844","1","159"
"23845","1","146"
"23846","1","90"
"23847","1","31"
"23848","1","150"
"23849","1","184"
"23850","1","200"
"23851","1","179"
"23852","1","145"
"23853","1","200"
"23854","1","157"
"23855","1","3"
"23856","1","88"
"23857","1","191"
"23858","1","198"
"23859","1","197"
"23860","1","177"
"23861","1","80"
"23862","1","200"
"23863","1","77"
"23864","1","184"
"23865","1","113"
"23866","0","174"
"23867","0","189"
"23868","0","191"
"23869","0","190"
"23870","1","85"
"23871","1","152"
"23872","1","123"
"23873","1","0"
"23874","1","153"
"23875","1","52"
"23876","1","185"
"23877","1","3"
"23878","1","1"
"23879","0","190"
"23880","0","134"
"23881","0","148"
"23882","0","151"
"23883","0","189"
"23884","1","151"
"23885","1","142"
"23886","1","145"
"23887","1","93"
"23888","1","0"
"23889","1","200"
"23890","1","97"
"23891","1","89"
"23892","1","179"
"23893","1","185"
"23894","1","200"
"23895","1","124"
"23896","1","166"
"23897","1","197"
"23898","1","194"
"23899","1","191"
"23900","1","125"
"23901","1","155"
"23902","1","60"
"23903","1","201"
"23904","","201"
"23905","1","114"
"23906","1","174"
"23907","1","0"
"23908","1","194"
"23909","1","89"
"23910","1","50"
"23911","1","200"
"23912","1","6"
"23913","1","154"
"23914","1","147"
"23915","1","35"
"23916","1","183"
"23917","1","190"
"23918","","200"
"23919","1","17"
"23920","1","61"
"23921","1","96"
"23922","1","0"
"23923","1","60"
"23924","1","34"
"23925","1","200"
"23926","1","74"
"23927","1","201"
"23928","1","177"
"23929","1","6"
"23930","1","8"
"23931","1","97"
"23932","1","16"
"23933","1","88"
"23934","1","156"
"23935","1","126"
"23936","1","183"
"23937","1","183"
"23938","1","146"
"23939","1","145"
"23940","1","0"
"23941","1","0"
"23942","1","77"
"23943","1","144"
"23944","1","99"
"23945","1","0"
"23946","1","178"
"23947","1","46"
"23948","1","55"
"23949","1","159"
"23950","1","153"
"23951","1","178"
"23952","1","162"
"23953","1","43"
"23954","1","17"
"23955","1","133"
"23956","1","37"
"23957","1","165"
"23958","1","201"
"23959","1","36"
"23960","1","107"
"23961","1","0"
"23962","1","193"
"23963","1","124"
"23964","1","200"
"23965","1","138"
"23966","1","83"
"23967","1","0"
"23968","1","0"
"23969","1","89"
"23970","1","167"
"23971","1","144"
"23972","1","135"
"23973","1","0"
"23974","1","164"
"23975","1","200"
"23976","1","164"
"23977","1","164"
"23978","1","165"
"23979","1","164"
"23980","1","144"
"23981","1","0"
"23982","1","153"
"23983","1","122"
"23984","1","173"
"23985","1","154"
"23986","1","167"
"23987","1","201"
"23988","1","1"
"23989","1","185"
"23990","1","148"
"23991","1","16"
"23992","1","29"
"23993","1","175"
"23994","1","25"
"23995","0","192"
"23996","0","192"
"23997","0","192"
"23998","0","191"
"23999","1","177"
"24000","1","183"
"24001","1","183"
"24002","1","181"
"24003","1","183"
"24004","1","183"
"24005","1","137"
"24006","1","139"
"24007","1","194"
"24008","1","123"
"24009","1","5"
"24010","1","200"
"24011","1","163"
"24012","1","189"
"24013","1","141"
"24014","1","192"
"24015","1","163"
"24016","1","184"
"24017","1","66"
"24018","1","63"
"24019","1","136"
"24020","1","174"
"24021","1","166"
"24022","1","92"
"24023","1","163"
"24024","1","93"
"24025","1","201"
"24026","1","114"
"24027","1","139"
"24028","1","167"
"24029","1","70"
"24030","1","164"
"24031","1","108"
"24032","1","89"
"24033","1","120"
"24034","1","91"
"24035","1","0"
"24036","1","0"
"24037","1","200"
"24038","1","0"
"24039","1","185"
"24040","1","185"
"24041","1","154"
"24042","1","101"
"24043","1","163"
"24044","1","0"
"24045","1","153"
"24046","1","153"
"24047","1","146"
"24048","1","200"
"24049","1","170"
"24050","1","60"
"24051","1","184"
"24052","1","183"
"24053","1","158"
"24054","1","158"
"24055","1","158"
"24056","1","190"
"24057","1","190"
"24058","1","190"
"24059","1","194"
"24060","","200"
"24061","1","154"
"24062","1","93"
"24063","1","37"
"24064","1","146"
"24065","1","0"
"24066","1","35"
"24067","1","92"
"24068","1","70"
"24069","1","0"
"24070","1","200"
"24071","1","36"
"24072","1","168"
"24073","1","12"
"24074","1","165"
"24075","1","190"
"24076","1","124"
"24077","1","185"
"24078","1","0"
"24079","1","185"
"24080","1","185"
"24081","1","185"
"24082","1","185"
"24083","1","134"
"24084","1","201"
"24085","1","173"
"24086","1","134"
"24087","1","0"
"24088","1","0"
"24089","1","94"
"24090","1","0"
"24091","","0"
"24092","1","122"
"24093","1","0"
"24094","1","201"
"24095","1","125"
"24096","1","31"
"24097","1","120"
"24098","1","0"
"24099","1","192"
"24100","1","180"
"24101","1","122"
"24102","1","187"
"24103","1","0"
"24104","1","123"
"24105","1","201"
"24106","1","150"
"24107","1","132"
"24108","1","184"
"24109","1","138"
"24110","1","118"
"24111","1","154"
"24112","1","190"
"24113","1","198"
"24114","1","123"
"24115","1","165"
"24116","1","180"
"24117","1","105"
"24118","1","32"
"24119","1","174"
"24120","1","137"
"24121","1","87"
"24122","1","35"
"24123","1","92"
"24124","1","93"
"24125","1","183"
"24126","1","15"
"24127","1","182"
"24128","1","0"
"24129","1","123"
"24130","1","1"
"24131","1","93"
"24132","1","122"
"24133","1","98"
"24134","1","199"
"24135","1","130"
"24136","1","116"
"24137","1","70"
"24138","1","123"
"24139","1","198"
"24140","1","171"
"24141","1","195"
"24142","1","0"
"24143","1","162"
"24144","1","153"
"24145","1","135"
"24146","1","201"
"24147","1","160"
"24148","1","165"
"24149","1","165"
"24150","1","201"
"24151","1","0"
"24152","1","115"
"24153","1","153"
"24154","1","68"
"24155","1","196"
"24156","1","35"
"24157","1","64"
"24158","1","200"
"24159","1","200"
"24160","1","158"
"24161","1","167"
"24162","1","121"
"24163","1","107"
"24164","1","116"
"24165","1","154"
"24166","1","0"
"24167","1","145"
"24168","1","147"
"24169","1","73"
"24170","1","153"
"24171","0","0"
"24172","0","0"
"24173","1","92"
"24174","1","180"
"24175","1","165"
"24176","1","110"
"24177","1","8"
"24178","1","179"
"24179","1","23"
"24180","1","153"
"24181","1","163"
"24182","1","121"
"24183","1","26"
"24184","1","80"
"24185","1","10"
"24186","","122"
"24187","1","0"
"24188","1","117"
"24189","1","124"
"24190","1","90"
"24191","1","97"
"24192","1","113"
"24193","1","177"
"24194","1","170"
"24195","1","201"
"24196","1","90"
"24197","1","200"
"24198","1","6"
"24199","1","151"
"24200","1","131"
"24201","1","38"
"24202","1","0"
"24203","1","177"
"24204","1","200"
"24205","1","89"
"24206","1","122"
"24207","1","150"
"24208","1","23"
"24209","1","102"
"24210","1","199"
"24211","1","0"
"24212","1","90"
"24213","1","201"
"24214","1","20"
"24215","1","201"
"24216","1","47"
"24217","1","111"
"24218","1","26"
"24219","1","143"
"24220","1","153"
"24221","1","145"
"24222","1","201"
"24223","","200"
"24224","1","75"
"24225","","87"
"24226","1","179"
"24227","1","0"
"24228","","200"
"24229","1","123"
"24230","1","143"
"24231","1","74"
"24232","1","12"
"24233","1","100"
"24234","1","12"
"24235","1","200"
"24236","","200"
"24237","1","37"
"24238","1","0"
"24239","1","149"
"24240","1","200"
"24241","1","121"
"24242","1","184"
"24243","1","40"
"24244","1","149"
"24245","1","55"
"24246","1","200"
"24247","1","132"
"24248","1","145"
"24249","1","85"
"24250","1","200"
"24251","1","0"
"24252","1","123"
"24253","1","177"
"24254","1","200"
"24255","1","186"
"24256","1","77"
"24257","1","92"
"24258","1","1"
"24259","1","97"
"24260","1","195"
"24261","","139"
"24262","1","168"
"24263","","177"
"24264","1","133"
"24265","1","200"
"24266","1","169"
"24267","1","24"
"24268","1","124"
"24269","1","143"
"24270","1","123"
"24271","1","37"
"24272","1","200"
"24273","1","1"
"24274","1","160"
"24275","1","92"
"24276","1","201"
"24277","1","201"
"24278","1","26"
"24279","1","120"
"24280","1","0"
"24281","1","152"
"24282","1","21"
"24283","1","171"
"24284","1","12"
"24285","1","129"
"24286","1","152"
"24287","1","137"
"24288","1","160"
"24289","1","10"
"24290","1","0"
"24291","1","84"
"24292","1","92"
"24293","1","154"
"24294","1","201"
"24295","1","148"
"24296","1","179"
"24297","1","100"
"24298","1","196"
"24299","1","43"
"24300","1","138"
"24301","1","150"
"24302","1","21"
"24303","1","190"
"24304","1","200"
"24305","1","183"
"24306","1","129"
"24307","1","156"
"24308","1","181"
"24309","1","172"
"24310","1","90"
"24311","1","200"
"24312","1","145"
"24313","1","123"
"24314","1","167"
"24315","1","145"
"24316","1","139"
"24317","1","139"
"24318","1","0"
"24319","1","185"
"24320","1","93"
"24341","1","13"
"24321","1","176"
"24322","1","152"
"24323","1","173"
"24324","1","140"
"24325","1","44"
"24326","1","175"
"24327","1","150"
"24328","1","160"
"24329","1","174"
"24330","1","89"
"24331","1","160"
"24332","1","0"
"24333","1","153"
"24334","1","201"
"24335","1","58"
"24336","1","200"
"24337","1","104"
"24338","1","169"
"24339","1","200"
"24340","1","188"
"24342","1","51"
"24343","1","1"
"24344","0","161"
"24345","1","180"
"24346","1","144"
"24347","1","139"
"24348","1","153"
"24349","1","150"
"24350","1","36"
"24351","1","154"
"24352","1","0"
"24353","1","183"
"24354","1","156"
"24355","1","164"
"24356","1","201"
"24357","1","178"
"24358","1","177"
"24359","1","201"
"24360","1","201"
"24361","1","144"
"24362","1","164"
"24363","1","164"
"24364","1","201"
"24365","1","164"
"24366","1","164"
"24367","1","169"
"24368","1","124"
"24369","1","168"
"24370","","198"
"24371","1","201"
"24372","1","111"
"24373","1","0"
"24374","1","200"
"24375","1","201"
"24376","1","0"
"24377","1","171"
"24378","1","101"
"24379","1","160"
"24380","1","149"
"24381","1","200"
"24382","1","80"
"24383","1","154"
"24384","1","167"
"24385","1","184"
"24386","1","173"
"24387","1","0"
"24388","1","140"
"24389","1","12"
"24390","1","0"
"24391","1","115"
"24392","1","28"
"24393","1","0"
"24394","1","201"
"24395","1","43"
"24396","1","201"
"24397","1","189"
"24398","1","194"
"24399","1","6"
"24400","1","189"
"24401","1","177"
"24402","1","153"
"24403","1","151"
"24404","1","112"
"24405","1","115"
"24406","1","31"
"24407","1","131"
"24408","1","31"
"24409","1","0"
"24410","1","145"
"24411","1","140"
"24412","1","0"
"24413","1","200"
"24414","1","164"
"24415","1","164"
"24416","1","123"
"24417","1","1"
"24418","1","2"
"24419","1","88"
"24420","1","109"
"24421","1","1"
"24422","1","147"
"24423","1","199"
"24424","1","170"
"24425","1","6"
"24426","1","162"
"24427","1","201"
"24428","1","124"
"24429","1","157"
"24430","1","184"
"24431","1","89"
"24432","1","31"
"24433","1","60"
"24434","1","153"
"24435","1","132"
"24436","1","132"
"24437","1","142"
"24438","1","139"
"24439","1","122"
"24440","1","33"
"24441","1","124"
"24442","1","127"
"24443","1","29"
"24444","1","2"
"24445","1","28"
"24446","1","3"
"24447","","200"
"24448","1","188"
"24449","1","56"
"24450","1","147"
"24451","1","201"
"24452","1","201"
"24453","1","146"
"24454","1","102"
"24455","1","167"
"24456","1","200"
"24457","1","180"
"24458","1","11"
"24459","","199"
"24460","1","161"
"24461","1","163"
"24462","1","131"
"24463","1","200"
"24464","1","88"
"24465","1","74"
"24466","1","17"
"24467","1","184"
"24468","1","145"
"24469","1","64"
"24470","1","58"
"24471","1","150"
"24472","1","93"
"24473","1","147"
"24474","1","163"
"24475","1","0"
"24476","1","200"
"24477","1","53"
"24478","","0"
"24479","1","0"
"24480","1","201"
"24481","1","53"
"24482","1","75"
"24483","1","89"
"24484","1","193"
"24485","1","106"
"24486","1","201"
"24487","1","152"
"24488","1","201"
"24489","1","154"
"24490","1","201"
"24491","1","171"
"24492","1","175"
"24493","","0"
"24494","1","201"
"24495","","201"
"24496","1","198"
"24497","1","151"
"24498","1","44"
"24499","1","92"
"24500","1","201"
"24501","1","47"
"24502","1","47"
"24503","1","48"
"24504","1","52"
"24505","1","198"
"24506","1","123"
"24507","1","166"
"24508","1","81"
"24509","1","170"
"24510","1","130"
"24511","","201"
"24512","1","176"
"24513","1","201"
"24514","1","144"
"24515","1","6"
"24516","1","56"
"24517","1","201"
"24518","1","147"
"24519","1","8"
"24520","1","123"
"24521","1","2"
"24522","1","1"
"24523","1","155"
"24524","1","0"
"24525","","0"
"24526","1","201"
"24527","1","201"
"24528","1","201"
"24529","1","201"
"24530","1","201"
"24531","1","201"
"24532","1","201"
"24533","1","127"
"24534","1","198"
"24535","1","7"
"24536","1","142"
"24537","1","153"
"24538","1","55"
"24539","1","111"
"24540","1","174"
"24541","1","128"
"24542","1","167"
"24543","1","105"
"24544","1","83"
"24545","1","0"
"24546","1","61"
"24547","1","200"
"24548","1","89"
"24549","1","62"
"24550","1","185"
"24551","1","184"
"24552","1","20"
"24553","1","198"
"24554","1","52"
"24555","1","35"
"24556","1","169"
"24557","1","150"
"24558","1","154"
"24559","1","199"
"24560","1","148"
"24561","1","60"
"24562","1","135"
"24563","1","152"
"24564","1","201"
"24565","1","0"
"24586","1","31"
"24566","1","125"
"24567","1","200"
"24568","1","186"
"24569","1","201"
"24570","1","200"
"24571","","200"
"24572","1","16"
"24573","1","62"
"24574","1","178"
"24575","1","20"
"24576","1","0"
"24577","1","0"
"24578","1","152"
"24579","1","133"
"24580","1","179"
"24581","1","140"
"24582","1","190"
"24583","1","190"
"24584","1","44"
"24585","1","25"
"24587","1","163"
"24588","1","161"
"24589","1","69"
"24590","1","123"
"24591","1","1"
"24592","1","0"
"24593","1","40"
"24594","1","200"
"24595","1","145"
"24596","1","54"
"24597","1","184"
"24598","1","48"
"24599","1","0"
"24600","1","92"
"24601","1","146"
"24602","1","138"
"24603","1","139"
"24604","1","121"
"24605","1","11"
"24606","1","200"
"24607","1","179"
"24608","1","180"
"24609","1","0"
"24610","1","201"
"24611","1","185"
"24612","1","185"
"24613","1","31"
"24614","1","173"
"24615","1","145"
"24616","1","195"
"24617","1","0"
"24618","1","148"
"24619","1","157"
"24620","1","201"
"24621","","200"
"24622","1","200"
"24623","1","93"
"24624","1","56"
"24625","1","47"
"24626","1","184"
"24627","1","14"
"24628","1","131"
"24629","1","200"
"24630","1","201"
"24631","1","199"
"24632","1","201"
"24633","1","199"
"24634","1","201"
"24635","1","173"
"24636","1","201"
"24637","1","200"
"24638","1","201"
"24639","1","185"
"24640","1","0"
"24641","1","99"
"24642","1","189"
"24643","1","184"
"24644","1","85"
"24645","1","44"
"24646","1","65"
"24647","","0"
"24648","1","180"
"24649","1","0"
"24650","1","109"
"24651","1","185"
"24652","1","185"
"24653","1","185"
"24654","1","185"
"24655","1","185"
"24656","1","146"
"24657","1","185"
"24658","1","142"
"24659","1","89"
"24660","1","123"
"24661","1","123"
"24662","1","123"
"24663","1","10"
"24664","1","0"
"24665","1","154"
"24666","1","92"
"24667","1","179"
"24668","1","198"
"24669","1","17"
"24670","1","71"
"24671","1","136"
"24672","1","3"
"24673","1","199"
"24674","1","121"
"24675","1","149"
"24676","1","136"
"24677","1","64"
"24678","1","0"
"24679","1","146"
"24680","1","168"
"24681","1","51"
"24682","1","197"
"24683","1","159"
"24684","1","154"
"24685","1","200"
"24686","1","200"
"24687","1","200"
"24688","1","201"
"24689","1","84"
"24690","1","34"
"24691","1","201"
"24692","1","106"
"24693","1","122"
"24694","1","120"
"24695","1","161"
"24696","","200"
"24697","1","153"
"24698","1","0"
"24699","1","141"
"24700","1","199"
"24701","1","201"
"24702","1","36"
"24703","1","0"
"24704","1","200"
"24705","1","201"
"24706","1","160"
"24707","1","201"
"24708","1","0"
"24709","1","0"
"24710","1","0"
"24711","","90"
"24712","1","201"
"24713","","191"
"24714","1","199"
"24715","1","14"
"24716","1","0"
"24717","1","104"
"24718","1","200"
"24719","1","0"
"24720","1","93"
"24721","1","139"
"24722","1","0"
"24723","1","155"
"24724","1","200"
"24725","1","12"
"24726","1","2"
"24727","","201"
"24728","1","104"
"24729","1","201"
"24730","1","109"
"24731","1","200"
"24732","1","199"
"24733","1","154"
"24734","1","164"
"24735","1","179"
"24736","1","157"
"24737","1","157"
"24738","1","136"
"24739","1","153"
"24740","1","200"
"24741","1","198"
"24742","1","184"
"24743","1","68"
"24744","1","0"
"24745","1","115"
"24746","1","161"
"24747","1","175"
"24748","1","52"
"24749","1","201"
"24750","1","181"
"24751","1","105"
"24752","1","163"
"24753","1","156"
"24754","1","153"
"24755","1","0"
"24756","1","123"
"24757","1","151"
"24758","1","153"
"24759","1","75"
"24760","1","0"
"24761","1","185"
"24762","1","0"
"24763","","201"
"24764","1","163"
"24765","1","88"
"24766","1","0"
"24767","1","200"
"24768","1","0"
"24769","1","200"
"24770","1","139"
"24771","1","131"
"24772","1","0"
"24773","1","200"
"24774","1","31"
"24775","1","201"
"24776","1","201"
"24777","1","41"
"24778","1","120"
"24779","1","124"
"24780","1","196"
"24781","1","1"
"24782","1","146"
"24783","1","163"
"24784","1","102"
"24785","1","155"
"24786","1","117"
"24787","1","2"
"24788","1","0"
"24789","1","23"
"24790","1","1"
"24791","1","28"
"24792","1","121"
"24793","1","62"
"24794","1","17"
"24795","1","46"
"24796","1","125"
"24797","1","0"
"24798","1","154"
"24799","1","170"
"24800","1","1"
"24801","1","171"
"24802","1","132"
"24803","1","0"
"24804","1","2"
"24805","1","126"
"24806","1","0"
"24807","1","195"
"24808","1","185"
"24809","1","0"
"24810","1","54"
"24811","1","153"
"24812","1","1"
"24813","1","29"
"24814","1","201"
"24815","1","25"
"24816","1","154"
"24817","1","152"
"24818","1","180"
"24819","1","201"
"24820","1","149"
"24821","1","172"
"24822","1","5"
"24823","1","146"
"24824","1","179"
"24825","1","90"
"24826","1","144"
"24827","1","115"
"24828","1","53"
"24829","1","89"
"24830","1","200"
"24831","1","201"
"24832","1","153"
"24833","1","199"
"24834","1","50"
"24835","1","69"
"24836","1","153"
"24837","1","154"
"24838","1","1"
"24839","1","0"
"24840","1","146"
"24841","1","172"
"24842","1","169"
"24843","1","161"
"24844","1","201"
"24845","1","137"
"24846","1","187"
"24847","1","159"
"24848","1","0"
"24849","1","171"
"24850","1","199"
"24851","1","170"
"24852","1","39"
"24853","1","113"
"24854","1","47"
"24855","1","166"
"24856","1","165"
"24857","","199"
"24858","1","188"
"24859","1","184"
"24860","1","0"
"24861","1","201"
"24862","1","201"
"24863","1","180"
"24864","1","183"
"24865","1","0"
"24866","1","151"
"24867","1","201"
"24868","1","122"
"24869","1","112"
"24870","1","93"
"24871","0","190"
"24872","0","118"
"24873","0","185"
"24874","0","174"
"24875","0","178"
"24876","0","188"
"24877","1","149"
"24878","1","186"
"24879","","185"
"24880","1","138"
"24881","1","173"
"24882","1","152"
"24883","1","108"
"24884","1","156"
"24885","1","152"
"24886","1","151"
"24887","1","145"
"24888","1","115"
"24889","1","122"
"24890","1","37"
"24891","1","108"
"24892","1","83"
"24893","1","184"
"24894","","201"
"24895","","201"
"24896","1","193"
"24897","1","1"
"24898","1","184"
"24899","1","200"
"24900","1","172"
"24901","1","153"
"24902","1","21"
"24903","1","152"
"24904","1","146"
"24905","","90"
"24906","1","0"
"24907","1","0"
"24908","1","0"
"24909","1","122"
"24910","1","155"
"24911","1","159"
"24912","1","168"
"24913","1","170"
"24914","1","112"
"24915","1","198"
"24916","","179"
"24917","1","153"
"24918","1","42"
"24919","1","143"
"24920","1","182"
"24921","1","137"
"24922","1","116"
"24923","1","143"
"24924","1","153"
"24925","1","171"
"24926","1","166"
"24927","1","153"
"24928","1","0"
"24929","1","200"
"24930","1","0"
"24931","1","49"
"24932","1","201"
"24933","1","152"
"24934","1","147"
"24935","1","158"
"24936","1","201"
"24937","1","146"
"24938","1","114"
"24939","1","201"
"24940","1","92"
"24941","1","200"
"24942","1","200"
"24943","1","182"
"24944","1","200"
"24945","1","25"
"24946","1","24"
"24947","1","182"
"24948","1","161"
"24949","1","201"
"24950","1","201"
"24951","1","200"
"24952","","201"
"24953","1","184"
"24954","1","199"
"24955","1","39"
"24956","1","53"
"24957","1","0"
"24958","1","200"
"24959","1","93"
"24960","1","199"
"24961","1","164"
"24962","1","180"
"24963","1","0"
"24964","1","19"
"24965","1","182"
"24966","1","147"
"24967","1","170"
"24968","1","0"
"24969","1","153"
"24970","1","198"
"24971","1","84"
"24972","1","172"
"24973","1","96"
"24974","1","201"
"24975","1","201"
"24976","1","201"
"24977","1","198"
"24978","1","199"
"24979","1","130"
"24980","1","201"
"24981","1","201"
"24982","1","201"
"24983","1","175"
"24984","1","53"
"24985","1","153"
"24986","1","0"
"24987","1","128"
"24988","1","2"
"24989","1","0"
"24990","1","174"
"24991","1","163"
"24992","1","116"
"24993","","201"
"24994","1","154"
"24995","1","62"
"24996","0","132"
"24997","0","157"
"24998","0","160"
"24999","0","146"
"25000","1","89"
"25001","1","153"
"25002","1","180"
"25003","1","89"
"25004","1","78"
"25005","1","139"
"25006","","179"
"25007","1","122"
"25008","1","131"
"25009","1","61"
"25010","1","131"
"25011","1","168"
"25012","1","106"
"25013","1","91"
"25014","1","165"
"25015","1","200"
"25016","1","0"
"25017","1","173"
"25018","1","144"
"25019","1","157"
"25020","1","183"
"25021","1","201"
"25022","1","182"
"25023","1","172"
"25024","1","5"
"25025","1","0"
"25026","1","198"
"25027","1","42"
"25028","1","0"
"25029","1","83"
"25030","1","63"
"25031","1","60"
"25032","1","0"
"25033","1","0"
"25034","1","0"
"25035","1","0"
"25036","1","1"
"25037","1","139"
"25038","1","87"
"25039","1","81"
"25040","1","151"
"25041","1","82"
"25042","1","199"
"25043","1","187"
"25044","1","4"
"25045","1","17"
"25046","1","116"
"25047","1","0"
"25048","1","169"
"25049","1","200"
"25050","1","178"
"25051","1","31"
"25052","1","181"
"25053","1","180"
"25054","1","200"
"25055","1","193"
"25056","1","133"
"25057","1","190"
"25058","1","199"
"25059","","179"
"25060","1","172"
"25061","1","0"
"25062","1","25"
"25063","1","159"
"25064","1","35"
"25065","1","96"
"25066","1","181"
"25067","1","35"
"25068","1","201"
"25069","1","165"
"25070","1","201"
"25071","1","77"
"25072","1","178"
"25073","1","165"
"25074","1","184"
"25075","1","39"
"25076","1","43"
"25077","1","146"
"25078","1","154"
"25079","1","184"
"25080","1","177"
"25081","1","148"
"25082","1","165"
"25083","","200"
"25084","0","186"
"25085","0","158"
"25086","0","179"
"25087","1","124"
"25088","1","201"
"25089","1","139"
"25090","1","138"
"25091","1","171"
"25092","1","195"
"25093","1","0"
"25094","1","172"
"25095","1","188"
"25096","1","184"
"25097","1","52"
"25098","1","75"
"25099","1","178"
"25100","1","177"
"25101","1","171"
"25102","1","150"
"25103","1","130"
"25104","1","181"
"25105","1","155"
"25106","1","185"
"25107","1","201"
"25108","1","201"
"25109","1","201"
"25110","1","154"
"25111","1","200"
"25112","1","29"
"25113","1","184"
"25114","1","136"
"25115","1","168"
"25116","1","86"
"25117","1","201"
"25118","1","201"
"25119","1","201"
"25120","1","141"
"25121","1","141"
"25122","1","93"
"25123","1","61"
"25124","1","92"
"25125","1","192"
"25126","1","82"
"25127","1","192"
"25128","1","120"
"25129","1","15"
"25130","1","197"
"25131","1","197"
"25132","1","197"
"25133","1","197"
"25134","1","197"
"25135","1","150"
"25136","1","29"
"25137","1","201"
"25138","1","200"
"25139","1","177"
"25140","1","131"
"25141","1","55"
"25142","1","154"
"25143","","200"
"25144","1","184"
"25145","1","53"
"25146","1","74"
"25147","1","103"
"25148","1","201"
"25149","1","120"
"25150","1","121"
"25151","1","120"
"25152","1","181"
"25153","1","161"
"25154","1","200"
"25155","1","33"
"25156","1","184"
"25157","1","132"
"25158","1","140"
"25159","1","191"
"25160","1","153"
"25161","1","140"
"25162","1","56"
"25163","1","2"
"25164","1","200"
"25165","1","201"
"25166","1","69"
"25167","1","125"
"25168","1","56"
"25169","1","120"
"25170","1","17"
"25171","1","151"
"25172","1","122"
"25173","1","15"
"25174","1","0"
"25175","1","153"
"25176","1","185"
"25177","1","108"
"25178","1","146"
"25179","1","88"
"25180","1","200"
"25181","1","159"
"25182","1","191"
"25183","1","92"
"25184","1","0"
"25185","1","192"
"25186","1","89"
"25187","1","201"
"25188","1","95"
"25189","1","192"
"25190","","200"
"25191","1","152"
"25192","1","63"
"25193","1","131"
"25194","1","180"
"25195","1","175"
"25196","1","0"
"25197","","201"
"25198","1","48"
"25199","1","93"
"25200","1","132"
"25201","1","0"
"25202","1","132"
"25203","1","52"
"25204","1","166"
"25205","1","168"
"25206","1","158"
"25207","1","195"
"25208","1","0"
"25209","1","201"
"25210","1","50"
"25211","1","148"
"25212","1","4"
"25213","1","149"
"25214","1","153"
"25215","1","159"
"25216","1","201"
"25217","1","200"
"25218","1","61"
"25219","1","200"
"25220","1","200"
"25221","1","90"
"25222","1","63"
"25223","1","177"
"25224","1","161"
"25225","","0"
"25226","1","21"
"25227","1","101"
"25228","1","72"
"25229","1","135"
"25230","1","33"
"25231","1","0"
"25232","1","198"
"25233","1","87"
"25234","1","199"
"25235","1","50"
"25236","1","0"
"25237","1","192"
"25238","1","192"
"25239","1","194"
"25240","1","0"
"25241","1","1"
"25242","1","164"
"25243","","199"
"25244","1","88"
"25245","1","159"
"25246","1","143"
"25247","1","0"
"25248","1","90"
"25249","1","171"
"25250","1","60"
"25251","1","96"
"25252","1","59"
"25253","","0"
"25254","","0"
"25255","1","0"
"25256","1","65"
"25257","1","93"
"25258","1","163"
"25259","","198"
"25260","1","93"
"25261","","89"
"25262","1","176"
"25263","1","187"
"25264","","199"
"25265","1","114"
"25266","1","200"
"25267","1","145"
"25268","1","145"
"25269","1","201"
"25270","1","166"
"25271","1","184"
"25272","1","22"
"25273","1","177"
"25274","1","0"
"25275","1","88"
"25276","1","87"
"25277","1","81"
"25278","1","164"
"25279","1","0"
"25280","1","185"
"25281","1","200"
"25282","1","140"
"25283","1","0"
"25284","1","145"
"25285","1","122"
"25286","1","90"
"25287","1","31"
"25288","1","91"
"25289","1","0"
"25290","1","111"
"25291","0","179"
"25292","1","192"
"25293","1","1"
"25294","1","154"
"25295","1","200"
"25296","1","200"
"25297","1","201"
"25298","1","134"
"25299","1","123"
"25300","1","185"
"25301","1","0"
"25302","","164"
"25303","1","102"
"25304","1","0"
"25305","1","201"
"25306","1","201"
"25307","1","0"
"25308","1","201"
"25309","1","189"
"25310","1","145"
"25311","1","54"
"25312","1","200"
"25313","1","159"
"25314","1","17"
"25315","1","154"
"25316","1","201"
"25317","1","200"
"25318","1","139"
"25319","1","161"
"25320","1","200"
"25321","1","200"
"25322","1","200"
"25323","1","201"
"25324","1","86"
"25325","1","0"
"25326","1","171"
"25327","1","85"
"25328","1","200"
"25329","1","102"
"25330","1","125"
"25331","1","30"
"25332","1","177"
"25333","1","201"
"25334","1","184"
"25335","1","200"
"25336","1","30"
"25337","1","12"
"25338","1","134"
"25339","1","153"
"25340","1","122"
"25341","1","63"
"25342","1","106"
"25343","1","138"
"25344","1","108"
"25345","1","152"
"25346","1","201"
"25347","1","8"
"25348","1","0"
"25349","1","181"
"25350","1","181"
"25351","1","174"
"25352","1","171"
"25353","1","99"
"25354","1","136"
"25355","1","141"
"25356","1","0"
"25357","1","200"
"25358","1","201"
"25359","1","113"
"25360","1","0"
"25361","1","0"
"25362","1","179"
"25363","1","54"
"25364","1","62"
"25365","1","189"
"25366","1","135"
"25367","1","156"
"25368","1","123"
"25369","1","0"
"25370","1","201"
"25371","1","2"
"25372","1","152"
"25373","1","173"
"25374","1","0"
"25375","1","119"
"25376","1","125"
"25377","0","2"
"25378","1","201"
"25379","1","200"
"25380","1","201"
"25381","1","148"
"25382","1","0"
"25383","1","127"
"25384","1","144"
"25385","1","131"
"25386","1","200"
"25387","1","200"
"25388","1","200"
"25389","1","200"
"25390","1","157"
"25391","1","200"
"25392","1","92"
"25393","1","53"
"25394","1","0"
"25395","1","184"
"25396","1","191"
"25397","1","151"
"25398","1","1"
"25399","1","30"
"25400","1","172"
"25401","1","192"
"25402","1","90"
"25403","1","80"
"25404","1","200"
"25405","1","23"
"25406","","199"
"25407","1","159"
"25408","1","0"
"25409","1","0"
"25410","1","121"
"25411","1","180"
"25412","1","189"
"25413","1","164"
"25414","1","2"
"25415","1","122"
"25416","1","114"
"25417","1","184"
"25418","1","146"
"25419","1","182"
"25420","1","122"
"25421","1","153"
"25422","1","130"
"25423","1","200"
"25424","1","132"
"25425","1","0"
"25426","1","191"
"25427","1","175"
"25428","1","175"
"25429","1","173"
"25430","1","173"
"25431","1","154"
"25432","1","154"
"25433","1","166"
"25434","1","152"
"25435","1","60"
"25436","1","201"
"25437","1","83"
"25438","1","191"
"25439","1","105"
"25440","1","152"
"25441","1","90"
"25442","1","153"
"25443","1","184"
"25444","1","77"
"25445","1","155"
"25446","1","127"
"25447","1","192"
"25448","1","152"
"25449","1","92"
"25450","1","48"
"25451","1","46"
"25452","1","62"
"25453","1","201"
"25454","1","198"
"25455","1","161"
"25456","1","135"
"25457","","201"
"25458","1","59"
"25459","1","149"
"25460","1","97"
"25461","1","99"
"25462","1","0"
"25463","1","0"
"25464","1","0"
"25465","1","0"
"25466","1","174"
"25467","1","173"
"25468","1","151"
"25469","1","174"
"25470","1","173"
"25471","1","173"
"25472","1","173"
"25473","1","0"
"25474","1","108"
"25475","1","158"
"25476","1","64"
"25477","1","126"
"25478","1","136"
"25479","1","18"
"25480","1","0"
"25481","","0"
"25482","1","52"
"25483","1","122"
"25484","1","200"
"25485","1","13"
"25486","1","157"
"25487","1","178"
"25488","1","153"
"25489","1","132"
"25490","1","14"
"25491","1","186"
"25492","1","161"
"25493","1","170"
"25494","1","1"
"25495","1","64"
"25496","1","135"
"25497","1","162"
"25498","1","165"
"25499","1","14"
"25500","1","165"
"25501","1","199"
"25502","1","180"
"25503","1","0"
"25504","1","191"
"25505","1","49"
"25506","1","155"
"25507","1","146"
"25508","1","201"
"25509","1","143"
"25510","1","201"
"25511","1","166"
"25512","1","154"
"25513","1","32"
"25514","1","159"
"25515","1","186"
"25516","1","201"
"25517","1","139"
"25518","","198"
"25519","1","170"
"25520","1","61"
"25521","1","33"
"25522","1","83"
"25523","1","72"
"25524","","0"
"25525","1","200"
"25526","1","175"
"25527","1","141"
"25528","1","56"
"25529","1","1"
"25530","1","201"
"25531","1","146"
"25532","1","171"
"25533","1","135"
"25534","1","162"
"25535","1","58"
"25536","1","129"
"25537","1","76"
"25538","","11"
"25539","1","35"
"25540","1","187"
"25541","1","48"
"25542","1","154"
"25543","1","200"
"25544","1","200"
"25545","1","200"
"25546","1","200"
"25547","1","196"
"25548","1","184"
"25549","1","133"
"25550","1","122"
"25551","1","79"
"25552","1","5"
"25553","1","0"
"25554","1","123"
"25555","1","78"
"25556","1","127"
"25557","1","175"
"25558","1","201"
"25559","1","2"
"25560","1","167"
"25561","1","175"
"25562","1","175"
"25563","1","174"
"25564","1","174"
"25565","1","172"
"25566","1","0"
"25567","1","172"
"25568","1","128"
"25569","1","194"
"25570","1","154"
"25571","1","169"
"25572","1","98"
"25573","1","73"
"25574","1","61"
"25575","1","82"
"25576","1","199"
"25577","1","98"
"25578","1","150"
"25579","1","139"
"25580","1","60"
"25581","1","133"
"25582","1","88"
"25583","1","115"
"25584","1","111"
"25585","1","201"
"25586","1","108"
"25587","1","0"
"25588","1","146"
"25589","1","70"
"25590","1","138"
"25591","1","31"
"25592","1","125"
"25593","1","171"
"25594","1","182"
"25595","1","189"
"25596","1","197"
"25597","1","158"
"25598","1","195"
"25599","1","146"
"25600","1","176"
"25601","1","178"
"25602","1","192"
"25603","1","180"
"25604","1","197"
"25605","1","189"
"25606","1","200"
"25607","1","192"
"25608","1","156"
"25609","1","195"
"25610","1","198"
"25611","1","149"
"25612","1","123"
"25613","1","201"
"25614","1","147"
"25615","1","141"
"25616","1","146"
"25617","1","153"
"25618","1","0"
"25619","1","6"
"25620","1","0"
"25621","1","141"
"25622","1","201"
"25623","1","48"
"25624","1","33"
"25625","1","198"
"25626","1","69"
"25627","1","0"
"25628","1","146"
"25629","1","25"
"25630","1","195"
"25631","1","100"
"25632","1","62"
"25633","","200"
"25634","1","154"
"25635","1","0"
"25636","1","185"
"25637","1","172"
"25638","","197"
"25639","1","70"
"25640","1","0"
"25641","1","127"
"25642","1","189"
"25643","1","176"
"25644","1","163"
"25645","","200"
"25646","","200"
"25647","1","3"
"25648","1","1"
"25649","1","170"
"25650","1","123"
"25651","0","148"
"25652","0","176"
"25653","0","192"
"25654","1","76"
"25655","1","138"
"25656","1","153"
"25657","1","199"
"25658","1","155"
"25659","1","0"
"25660","","201"
"25661","1","184"
"25662","1","163"
"25663","1","36"
"25664","1","200"
"25665","1","170"
"25666","1","171"
"25667","1","171"
"25668","1","175"
"25669","1","170"
"25670","1","175"
"25671","1","143"
"25672","1","201"
"25673","1","163"
"25674","1","152"
"25675","1","88"
"25676","1","145"
"25677","1","201"
"25678","1","41"
"25679","1","123"
"25680","1","158"
"25681","1","153"
"25682","1","185"
"25683","1","177"
"25684","1","16"
"25685","1","0"
"25686","1","102"
"25687","1","187"
"25688","1","126"
"25689","1","151"
"25690","1","167"
"25691","1","112"
"25692","1","145"
"25693","1","179"
"25694","1","144"
"25695","1","154"
"25696","1","165"
"25697","1","147"
"25698","1","0"
"25699","1","59"
"25700","1","125"
"25701","1","182"
"25702","1","0"
"25703","1","0"
"25704","1","0"
"25705","1","111"
"25706","1","199"
"25707","1","2"
"25708","1","159"
"25709","1","138"
"25710","1","76"
"25711","1","131"
"25712","1","152"
"25713","1","157"
"25714","1","184"
"25715","1","142"
"25716","1","0"
"25717","1","54"
"25718","1","200"
"25719","","152"
"25720","1","201"
"25721","1","89"
"25722","1","148"
"25723","1","107"
"25724","1","90"
"25725","1","200"
"25726","1","200"
"25727","1","122"
"25728","1","0"
"25729","1","0"
"25730","0","174"
"25731","1","200"
"25732","","201"
"25733","1","0"
"25734","1","58"
"25735","1","88"
"25736","1","187"
"25737","1","0"
"25738","1","192"
"25739","1","201"
"25740","1","181"
"25741","1","33"
"25742","1","161"
"25743","1","153"
"25744","1","122"
"25745","1","61"
"25746","1","84"
"25747","1","172"
"25748","1","199"
"25749","1","36"
"25750","1","194"
"25751","1","186"
"25752","1","193"
"25753","1","174"
"25754","1","194"
"25755","1","62"
"25756","1","174"
"25757","1","49"
"25758","1","88"
"25759","1","116"
"25760","1","80"
"25761","1","133"
"25762","1","154"
"25763","1","169"
"25764","1","168"
"25765","1","172"
"25766","1","148"
"25767","1","159"
"25768","1","151"
"25769","1","181"
"25770","1","143"
"25771","1","130"
"25772","1","184"
"25773","1","200"
"25774","1","165"
"25775","1","167"
"25776","1","114"
"25777","1","0"
"25778","1","119"
"25779","1","119"
"25780","1","119"
"25781","1","119"
"25782","1","194"
"25783","1","199"
"25784","1","84"
"25785","1","171"
"25786","1","146"
"25787","0","187"
"25788","1","200"
"25789","1","188"
"25790","1","190"
"25791","1","184"
"25792","1","175"
"25793","1","190"
"25794","1","188"
"25795","1","195"
"25796","1","167"
"25797","1","187"
"25798","1","187"
"25799","1","186"
"25800","1","0"
"25801","1","108"
"25802","1","125"
"25803","1","29"
"25804","0","0"
"25805","1","183"
"25806","1","187"
"25807","1","0"
"25808","1","140"
"25809","1","159"
"25810","1","0"
"25811","","88"
"25812","1","167"
"25813","1","143"
"25814","1","145"
"25815","1","201"
"25816","1","13"
"25817","1","114"
"25818","1","3"
"25819","1","102"
"25820","1","199"
"25821","1","200"
"25822","1","154"
"25823","1","4"
"25824","1","45"
"25825","1","80"
"25826","1","137"
"25827","1","153"
"25828","1","123"
"25829","1","0"
"25830","1","62"
"25831","1","173"
"25832","1","0"
"25833","1","193"
"25834","1","95"
"25835","1","117"
"25836","1","154"
"25837","1","0"
"25838","1","133"
"25839","1","0"
"25840","","200"
"25841","1","60"
"25842","1","179"
"25843","1","69"
"25844","1","45"
"25845","1","198"
"25846","1","201"
"25847","1","201"
"25848","1","0"
"25849","1","147"
"25850","1","32"
"25851","1","201"
"25852","1","194"
"25853","1","0"
"25854","1","201"
"25855","1","201"
"25856","1","34"
"25857","1","164"
"25858","1","60"
"25859","1","201"
"25860","1","47"
"25861","1","114"
"25862","1","154"
"25863","1","139"
"25864","1","201"
"25865","1","201"
"25866","1","201"
"25867","1","114"
"25868","1","61"
"25869","1","109"
"25870","","88"
"25871","1","168"
"25872","1","161"
"25873","1","133"
"25874","1","123"
"25875","1","92"
"25876","1","51"
"25877","1","72"
"25878","1","194"
"25879","1","146"
"25880","1","76"
"25881","1","53"
"25882","1","92"
"25883","1","194"
"25884","1","144"
"25885","1","22"
"25886","1","136"
"25887","1","0"
"25888","1","0"
"25889","1","112"
"25890","1","145"
"25891","1","50"
"25892","1","0"
"25893","1","145"
"25894","1","127"
"25895","1","90"
"25896","1","201"
"25897","1","93"
"25898","1","2"
"25899","1","201"
"25900","1","160"
"25901","1","132"
"25902","1","0"
"25903","","200"
"25904","1","145"
"25905","1","160"
"25906","1","142"
"25907","1","145"
"25908","1","194"
"25909","1","153"
"25910","1","0"
"25911","1","5"
"25912","1","125"
"25913","1","184"
"25914","1","184"
"25915","1","153"
"25916","1","153"
"25917","1","193"
"25918","1","88"
"25919","1","76"
"25920","1","74"
"25921","1","170"
"25922","1","184"
"25923","1","67"
"25924","1","181"
"25925","1","89"
"25926","1","132"
"25927","1","201"
"25928","1","194"
"25929","1","169"
"25930","1","146"
"25931","1","0"
"25932","1","137"
"25933","1","123"
"25934","1","195"
"25935","1","67"
"25936","1","181"
"25937","1","155"
"25938","1","58"
"25939","1","157"
"25940","1","11"
"25941","1","54"
"25942","1","154"
"25943","1","103"
"25944","1","132"
"25945","1","78"
"25946","1","2"
"25947","1","172"
"25948","1","72"
"25949","1","43"
"25950","1","135"
"25951","1","201"
"25952","1","101"
"25953","1","142"
"25954","1","142"
"25955","1","18"
"25956","1","18"
"25957","1","201"
"25958","","180"
"25959","","201"
"25960","1","77"
"25961","1","21"
"25962","1","0"
"25963","1","156"
"25964","1","0"
"25965","1","83"
"25966","1","61"
"25967","1","80"
"25968","1","199"
"25969","1","73"
"25970","","88"
"25971","1","184"
"25972","1","126"
"25973","1","130"
"25974","1","146"
"25975","1","45"
"25976","1","146"
"25977","1","147"
"25978","1","201"
"25979","1","13"
"25980","1","62"
"25981","1","146"
"25982","1","151"
"25983","","200"
"25984","1","39"
"25985","1","139"
"25986","1","201"
"25987","1","152"
"25988","1","0"
"25989","1","169"
"25990","1","0"
"25991","1","90"
"25992","1","113"
"25993","1","150"
"25994","1","129"
"25995","1","171"
"25996","1","200"
"25997","1","154"
"25998","1","193"
"25999","1","200"
"26000","1","32"
"26001","1","146"
"26002","1","129"
"26003","1","123"
"26004","1","0"
"26005","1","201"
"26006","1","57"
"26007","1","127"
"26008","1","0"
"26009","1","157"
"26010","1","20"
"26011","1","131"
"26012","1","18"
"26013","1","2"
"26014","1","2"
"26015","1","76"
"26016","1","184"
"26017","1","146"
"26018","1","122"
"26019","1","184"
"26020","1","124"
"26021","1","198"
"26022","1","150"
"26023","1","84"
"26024","1","160"
"26025","1","1"
"26026","1","145"
"26027","1","166"
"26028","1","170"
"26029","1","0"
"26030","1","177"
"26031","1","154"
"26032","1","13"
"26033","1","200"
"26034","1","200"
"26035","1","0"
"26036","1","0"
"26037","","180"
"26038","1","68"
"26039","1","0"
"26040","1","7"
"26041","1","44"
"26042","1","93"
"26043","1","33"
"26044","1","159"
"26045","1","0"
"26046","1","163"
"26047","1","192"
"26048","1","66"
"26049","1","85"
"26050","1","0"
"26051","1","171"
"26052","1","200"
"26053","1","197"
"26054","1","140"
"26055","1","68"
"26056","1","82"
"26057","1","36"
"26058","1","201"
"26059","1","197"
"26060","1","161"
"26061","1","175"
"26062","1","174"
"26063","1","0"
"26064","1","0"
"26065","1","172"
"26066","1","0"
"26067","1","130"
"26068","1","199"
"26069","1","30"
"26070","1","115"
"26071","1","199"
"26072","1","151"
"26073","1","201"
"26074","1","165"
"26075","1","201"
"26076","1","201"
"26077","1","66"
"26078","1","125"
"26079","1","122"
"26080","1","92"
"26081","1","122"
"26082","1","28"
"26083","1","157"
"26084","1","179"
"26085","1","193"
"26086","1","145"
"26087","1","154"
"26088","1","159"
"26089","1","151"
"26090","1","113"
"26091","1","134"
"26092","1","0"
"26093","1","98"
"26094","","200"
"26095","1","1"
"26096","1","107"
"26097","1","147"
"26098","1","178"
"26099","1","195"
"26100","1","2"
"26101","1","17"
"26102","1","0"
"26103","1","201"
"26104","1","107"
"26105","1","193"
"26106","1","0"
"26107","1","74"
"26108","1","43"
"26109","1","134"
"26110","1","154"
"26111","1","143"
"26112","1","5"
"26113","1","17"
"26114","1","31"
"26115","1","179"
"26116","1","45"
"26117","1","2"
"26118","1","130"
"26119","1","71"
"26120","1","170"
"26121","1","17"
"26122","1","201"
"26123","1","159"
"26124","1","103"
"26125","1","0"
"26126","1","95"
"26127","1","3"
"26128","1","153"
"26129","","49"
"26130","1","88"
"26131","","200"
"26132","1","188"
"26133","1","179"
"26134","1","66"
"26135","1","34"
"26136","1","200"
"26137","1","178"
"26138","1","43"
"26139","1","18"
"26140","1","0"
"26141","1","149"
"26142","1","100"
"26143","1","177"
"26144","1","141"
"26145","1","142"
"26146","1","18"
"26147","1","170"
"26148","1","167"
"26149","1","167"
"26150","1","167"
"26151","1","167"
"26152","1","127"
"26153","1","49"
"26154","1","47"
"26155","1","185"
"26156","1","1"
"26157","1","0"
"26158","1","14"
"26159","1","138"
"26160","1","0"
"26161","1","54"
"26162","1","122"
"26163","1","62"
"26164","1","108"
"26165","1","179"
"26166","1","163"
"26167","1","68"
"26168","1","0"
"26169","1","124"
"26170","1","194"
"26171","1","135"
"26172","1","183"
"26173","1","0"
"26174","1","0"
"26175","1","155"
"26176","1","155"
"26177","1","201"
"26178","1","128"
"26179","1","154"
"26180","1","123"
"26181","1","177"
"26182","1","130"
"26183","1","164"
"26184","1","164"
"26185","1","83"
"26186","1","83"
"26187","1","123"
"26188","1","111"
"26189","1","147"
"26190","1","179"
"26191","1","179"
"26192","1","193"
"26193","1","142"
"26194","1","142"
"26195","1","193"
"26196","1","184"
"26197","1","182"
"26198","1","176"
"26199","1","198"
"26200","1","198"
"26201","1","176"
"26202","1","198"
"26203","1","198"
"26204","1","184"
"26205","1","183"
"26206","1","195"
"26207","1","195"
"26208","1","188"
"26209","1","188"
"26210","1","185"
"26211","1","185"
"26212","1","140"
"26213","1","157"
"26214","1","154"
"26215","1","156"
"26216","1","162"
"26217","1","163"
"26218","1","139"
"26219","1","0"
"26220","1","200"
"26221","1","139"
"26222","1","17"
"26223","1","134"
"26224","1","21"
"26225","1","43"
"26226","1","180"
"26227","1","180"
"26228","1","201"
"26229","1","199"
"26230","1","192"
"26231","1","191"
"26232","1","195"
"26233","1","172"
"26234","1","157"
"26235","1","164"
"26236","1","198"
"26237","1","197"
"26238","1","164"
"26239","1","145"
"26240","1","199"
"26241","1","145"
"26242","1","175"
"26243","1","199"
"26244","1","140"
"26245","1","175"
"26246","1","140"
"26247","1","85"
"26248","1","174"
"26249","1","174"
"26250","1","85"
"26251","1","180"
"26252","1","180"
"26253","1","0"
"26254","1","84"
"26255","1","57"
"26256","1","136"
"26257","1","121"
"26258","1","131"
"26259","1","139"
"26260","1","192"
"26261","1","51"
"26262","1","154"
"26263","1","199"
"26264","1","201"
"26265","1","16"
"26266","1","0"
"26267","","175"
"26268","1","200"
"26269","1","184"
"26270","1","180"
"26271","1","200"
"26272","","185"
"26273","1","200"
"26274","1","200"
"26275","1","201"
"26276","1","201"
"26277","1","201"
"26278","1","176"
"26279","1","201"
"26280","1","159"
"26281","1","164"
"26282","1","100"
"26283","1","174"
"26284","1","174"
"26285","1","157"
"26286","1","141"
"26287","1","5"
"26288","1","200"
"26289","1","151"
"26290","1","36"
"26291","1","122"
"26292","1","77"
"26293","1","166"
"26294","1","83"
"26295","1","201"
"26296","1","200"
"26297","1","0"
"26298","1","1"
"26299","1","1"
"26300","1","201"
"26301","1","95"
"26302","1","106"
"26303","1","194"
"26304","1","1"
"26305","","47"
"26306","1","154"
"26307","1","200"
"26308","1","35"
"26309","1","116"
"26310","1","171"
"26311","1","80"
"26312","0","68"
"26313","0","122"
"26314","0","0"
"26315","0","117"
"26316","0","0"
"26317","0","160"
"26318","0","152"
"26319","0","139"
"26320","0","158"
"26321","0","83"
"26322","0","105"
"26323","0","82"
"26324","1","173"
"26325","1","174"
"26326","1","174"
"26327","1","122"
"26328","1","122"
"26329","1","95"
"26330","1","200"
"26331","1","199"
"26332","1","186"
"26333","1","197"
"26334","1","153"
"26335","1","97"
"26336","1","0"
"26337","1","123"
"26338","1","66"
"26339","1","192"
"26340","1","92"
"26341","1","2"
"26342","1","195"
"26343","1","179"
"26344","1","0"
"26345","1","185"
"26346","1","188"
"26347","1","188"
"26348","1","201"
"26349","1","92"
"26350","1","154"
"26351","1","199"
"26352","","200"
"26353","1","82"
"26354","1","55"
"26355","1","10"
"26356","1","199"
"26357","1","197"
"26358","1","200"
"26359","1","150"
"26360","1","200"
"26361","1","71"
"26362","1","21"
"26363","1","51"
"26364","","122"
"26365","1","127"
"26366","1","199"
"26367","1","122"
"26368","1","138"
"26369","1","0"
"26370","1","178"
"26371","1","185"
"26372","1","149"
"26373","1","102"
"26374","1","98"
"26375","1","3"
"26376","1","0"
"26377","1","167"
"26378","1","186"
"26379","1","198"
"26380","1","187"
"26381","1","185"
"26382","1","0"
"26383","1","177"
"26384","1","199"
"26385","1","146"
"26386","1","156"
"26387","1","175"
"26388","1","170"
"26389","1","200"
"26390","1","149"
"26391","1","83"
"26392","1","86"
"26393","1","88"
"26394","1","200"
"26395","1","198"
"26396","1","201"
"26397","1","88"
"26398","1","11"
"26399","1","22"
"26400","1","7"
"26401","1","165"
"26402","1","7"
"26403","1","0"
"26404","1","43"
"26405","1","1"
"26406","1","76"
"26407","1","201"
"26408","1","201"
"26409","1","197"
"26410","1","196"
"26411","1","181"
"26412","1","171"
"26413","1","190"
"26414","1","180"
"26415","1","200"
"26416","1","42"
"26417","1","192"
"26418","1","47"
"26419","1","61"
"26420","1","20"
"26421","1","150"
"26422","","0"
"26423","","201"
"26424","1","130"
"26425","1","14"
"26426","1","161"
"26427","1","15"
"26428","1","11"
"26429","1","31"
"26430","1","12"
"26431","1","0"
"26432","","201"
"26433","1","0"
"26434","1","0"
"26435","1","201"
"26436","1","0"
"26437","1","165"
"26438","1","171"
"26439","1","79"
"26440","1","158"
"26441","1","31"
"26442","1","10"
"26443","1","1"
"26444","1","185"
"26445","1","156"
"26446","1","201"
"26447","1","185"
"26448","1","185"
"26449","1","36"
"26450","1","104"
"26451","1","192"
"26452","1","61"
"26453","1","116"
"26454","1","131"
"26455","1","191"
"26456","1","191"
"26457","1","146"
"26458","1","8"
"26459","1","147"
"26460","1","170"
"26461","1","200"
"26462","1","99"
"26463","1","2"
"26464","1","151"
"26465","1","43"
"26466","1","200"
"26467","1","121"
"26468","1","0"
"26469","1","167"
"26470","1","187"
"26471","1","187"
"26472","1","52"
"26473","1","17"
"26474","1","184"
"26475","1","126"
"26476","1","153"
"26477","1","163"
"26478","1","201"
"26479","1","117"
"26480","1","148"
"26481","1","161"
"26482","1","96"
"26483","1","130"
"26484","1","134"
"26485","1","0"
"26486","1","121"
"26487","1","201"
"26488","1","160"
"26489","1","200"
"26490","1","33"
"26491","1","97"
"26492","1","180"
"26493","1","106"
"26494","1","2"
"26495","1","1"
"26496","1","185"
"26497","1","179"
"26498","1","183"
"26499","","199"
"26500","1","201"
"26501","1","0"
"26502","1","178"
"26503","1","153"
"26504","1","28"
"26505","1","12"
"26506","1","27"
"26507","1","26"
"26508","1","28"
"26509","1","12"
"26510","1","102"
"26511","1","138"
"26512","1","158"
"26513","1","0"
"26514","1","172"
"26515","1","73"
"26516","1","125"
"26517","1","115"
"26518","1","143"
"26519","1","27"
"26520","1","122"
"26521","1","17"
"26522","1","92"
"26523","1","187"
"26524","1","19"
"26525","1","53"
"26526","1","108"
"26527","1","144"
"26528","1","147"
"26529","1","21"
"26530","1","134"
"26531","1","172"
"26532","1","122"
"26533","1","10"
"26534","1","125"
"26535","1","170"
"26536","1","98"
"26537","1","70"
"26538","1","102"
"26539","1","163"
"26540","1","189"
"26541","1","109"
"26542","1","186"
"26543","1","0"
"26544","1","185"
"26545","1","170"
"26546","1","168"
"26547","1","201"
"26548","1","199"
"26549","1","100"
"26550","1","148"
"26551","1","136"
"26552","1","107"
"26553","1","120"
"26554","1","201"
"26555","1","201"
"26556","1","0"
"26557","1","109"
"26558","1","147"
"26559","1","129"
"26560","1","0"
"26561","1","148"
"26562","1","193"
"26563","1","0"
"26564","1","0"
"26565","1","0"
"26566","1","0"
"26567","1","0"
"26568","1","0"
"26569","1","0"
"26570","1","0"
"26571","1","0"
"26572","1","0"
"26573","1","0"
"26574","1","0"
"26575","1","0"
"26576","1","0"
"26577","1","0"
"26578","1","0"
"26579","1","0"
"26580","1","0"
"26581","1","0"
"26582","1","166"
"26583","1","166"
"26584","1","180"
"26585","1","180"
"26586","1","138"
"26587","1","138"
"26588","1","81"
"26589","1","89"
"26590","1","160"
"26591","1","153"
"26592","1","88"
"26593","1","198"
"26594","1","121"
"26595","","200"
"26596","1","125"
"26597","1","139"
"26598","1","171"
"26599","1","1"
"26600","1","181"
"26601","1","181"
"26602","1","181"
"26603","1","181"
"26604","1","159"
"26605","1","159"
"26606","1","149"
"26607","1","149"
"26608","1","178"
"26609","1","164"
"26610","1","178"
"26611","1","146"
"26612","1","105"
"26613","1","105"
"26614","1","93"
"26615","1","122"
"26616","1","184"
"26617","1","124"
"26618","1","164"
"26619","1","93"
"26620","1","72"
"26621","1","184"
"26622","1","177"
"26623","1","177"
"26624","1","164"
"26625","1","146"
"26626","1","15"
"26627","1","35"
"26628","1","47"
"26629","1","170"
"26630","1","87"
"26631","1","35"
"26632","1","193"
"26633","1","148"
"26634","1","167"
"26635","1","101"
"26636","1","83"
"26637","1","158"
"26638","1","83"
"26639","1","120"
"26640","1","0"
"26641","1","1"
"26642","1","200"
"26643","1","1"
"26644","","0"
"26645","1","200"
"26646","1","154"
"26647","1","153"
"26648","1","0"
"26649","1","155"
"26650","1","185"
"26651","1","155"
"26652","1","172"
"26653","1","180"
"26654","1","180"
"26655","1","155"
"26656","1","3"
"26657","1","2"
"26658","1","201"
"26659","1","165"
"26660","1","146"
"26661","1","192"
"26662","1","201"
"26663","","200"
"26664","1","95"
"26665","1","88"
"26666","1","201"
"26667","1","2"
"26668","1","138"
"26669","1","123"
"26670","1","179"
"26671","1","146"
"26672","1","166"
"26673","1","117"
"26674","1","1"
"26675","1","8"
"26676","1","153"
"26677","1","201"
"26678","1","102"
"26679","1","201"
"26680","1","174"
"26681","1","122"
"26682","1","200"
"26683","1","153"
"26684","1","178"
"26685","1","184"
"26686","1","181"
"26687","1","123"
"26688","1","152"
"26689","1","67"
"26690","1","192"
"26691","1","200"
"26692","1","192"
"26693","1","146"
"26694","1","0"
"26695","1","169"
"26696","1","31"
"26697","1","199"
"26698","1","133"
"26699","1","200"
"26700","1","200"
"26701","1","200"
"26702","1","70"
"26703","1","153"
"26704","1","109"
"26705","1","158"
"26706","1","166"
"26707","1","200"
"26708","1","140"
"26709","1","152"
"26710","1","199"
"26711","1","152"
"26712","1","0"
"26713","1","139"
"26714","1","140"
"26715","1","141"
"26716","1","0"
"26717","1","61"
"26718","1","92"
"26719","1","137"
"26720","1","0"
"26721","1","104"
"26722","1","184"
"26723","1","81"
"26724","1","0"
"26725","1","103"
"26726","1","6"
"26727","1","1"
"26728","1","187"
"26729","1","23"
"26730","1","119"
"26731","1","123"
"26732","1","164"
"26733","1","201"
"26734","1","111"
"26735","1","153"
"26736","1","0"
"26737","1","191"
"26738","1","198"
"26739","1","138"
"26740","1","92"
"26741","1","133"
"26742","1","136"
"26743","1","133"
"26744","","201"
"26745","1","201"
"26746","1","200"
"26747","0","111"
"26748","0","187"
"26749","1","33"
"26750","1","140"
"26751","","88"
"26752","1","62"
"26753","1","0"
"26754","1","198"
"26755","1","201"
"26756","1","132"
"26757","1","184"
"26758","1","201"
"26759","1","201"
"26760","1","152"
"26761","1","196"
"26762","1","146"
"26763","1","154"
"26764","1","131"
"26765","1","170"
"26766","1","201"
"26767","1","201"
"26768","1","181"
"26769","1","184"
"26770","0","169"
"26771","0","185"
"26772","0","116"
"26773","0","125"
"26774","0","122"
"26775","0","133"
"26776","1","154"
"26777","1","118"
"26778","1","163"
"26779","1","145"
"26780","1","192"
"26781","1","14"
"26782","","188"
"26783","1","146"
"26784","1","169"
"26785","1","180"
"26786","1","167"
"26787","1","128"
"26788","1","200"
"26789","1","0"
"26790","1","151"
"26791","1","200"
"26792","1","185"
"26793","1","60"
"26794","1","137"
"26795","1","155"
"26796","1","161"
"26797","1","123"
"26798","1","152"
"26799","1","183"
"26800","1","123"
"26801","1","76"
"26802","1","167"
"26803","1","98"
"26804","1","143"
"26805","1","200"
"26806","1","123"
"26807","1","41"
"26808","","0"
"26809","1","92"
"26810","1","194"
"26811","1","48"
"26812","1","111"
"26813","1","147"
"26814","1","184"
"26815","1","114"
"26816","0","184"
"26817","0","180"
"26818","0","177"
"26819","0","188"
"26820","0","143"
"26821","0","177"
"26822","1","135"
"26823","1","89"
"26824","1","85"
"26825","1","194"
"26826","1","138"
"26827","1","183"
"26828","1","157"
"26829","1","176"
"26830","1","132"
"26831","1","126"
"26832","1","111"
"26833","1","175"
"26834","1","150"
"26835","1","1"
"26836","1","200"
"26837","1","37"
"26838","1","149"
"26839","1","167"
"26840","1","87"
"26841","1","187"
"26842","1","7"
"26843","1","162"
"26844","1","98"
"26845","1","98"
"26846","1","124"
"26847","1","184"
"26848","1","166"
"26849","1","55"
"26850","1","98"
"26851","1","98"
"26852","1","155"
"26853","1","183"
"26854","1","194"
"26855","1","150"
"26856","1","177"
"26857","1","154"
"26858","1","123"
"26859","1","183"
"26860","1","178"
"26861","1","159"
"26862","1","185"
"26863","1","182"
"26864","1","91"
"26865","1","106"
"26866","1","168"
"26867","1","181"
"26868","1","152"
"26869","1","194"
"26870","1","201"
"26871","1","145"
"26872","1","160"
"26873","1","145"
"26874","1","93"
"26875","1","152"
"26876","1","200"
"26877","1","90"
"26878","1","0"
"26879","1","0"
"26880","1","0"
"26881","1","130"
"26882","1","153"
"26883","1","145"
"26884","1","181"
"26885","1","146"
"26886","1","60"
"26887","1","201"
"26888","1","192"
"26889","1","97"
"26890","1","0"
"26891","1","161"
"26892","1","169"
"26893","1","0"
"26894","1","16"
"26895","1","187"
"26896","1","155"
"26897","1","187"
"26898","1","155"
"26899","1","166"
"26900","1","152"
"26901","1","180"
"26902","1","180"
"26903","1","166"
"26904","1","175"
"26905","1","175"
"26906","1","152"
"26907","1","168"
"26908","1","179"
"26909","1","168"
"26910","1","179"
"26911","1","201"
"26912","1","178"
"26913","1","153"
"26914","1","198"
"26915","1","171"
"26916","1","201"
"26917","1","185"
"26918","1","185"
"26919","1","198"
"26920","1","145"
"26921","1","131"
"26922","1","170"
"26923","1","98"
"26924","1","141"
"26925","1","120"
"26926","1","201"
"26927","1","116"
"26928","1","168"
"26929","1","0"
"26930","1","117"
"26931","1","57"
"26932","1","154"
"26933","","180"
"26934","1","85"
"26935","1","187"
"26936","1","148"
"26937","1","152"
"26938","1","152"
"26939","1","103"
"26940","1","82"
"26941","1","44"
"26942","1","153"
"26943","1","117"
"26944","1","123"
"26945","1","53"
"26946","1","200"
"26947","1","109"
"26948","0","192"
"26949","1","36"
"26950","1","179"
"26951","1","131"
"26952","1","87"
"26953","1","154"
"26954","1","62"
"26955","1","200"
"26956","1","200"
"26957","1","138"
"26958","1","153"
"26959","1","201"
"26960","1","65"
"26961","1","0"
"26962","1","1"
"26963","1","180"
"26964","1","129"
"26965","1","139"
"26966","1","153"
"26967","1","155"
"26968","1","159"
"26969","1","111"
"26970","1","25"
"26971","1","144"
"26972","1","43"
"26973","1","73"
"26974","1","24"
"26975","1","74"
"26976","1","162"
"26977","1","157"
"26978","1","169"
"26979","1","0"
"26980","1","111"
"26981","1","180"
"26982","1","88"
"26983","","194"
"26984","1","200"
"26985","1","200"
"26986","1","184"
"26987","1","194"
"26988","1","89"
"26989","1","131"
"26990","1","86"
"26991","1","200"
"26992","1","149"
"26993","1","155"
"26994","1","112"
"26995","1","0"
"26996","1","98"
"26997","1","81"
"26998","1","201"
"26999","1","90"
"27000","1","102"
"27001","1","0"
"27002","1","82"
"27003","1","99"
"27004","1","43"
"27005","1","43"
"27006","1","157"
"27007","1","146"
"27008","1","196"
"27009","1","38"
"27010","1","39"
"27011","1","0"
"27012","1","201"
"27013","1","97"
"27014","1","153"
"27015","1","136"
"27016","1","146"
"27017","1","136"
"27018","1","136"
"27019","1","3"
"27020","1","180"
"27021","1","177"
"27022","1","139"
"27023","1","153"
"27024","1","107"
"27025","1","2"
"27026","1","134"
"27027","1","180"
"27028","0","192"
"27029","0","192"
"27030","","200"
"27031","1","172"
"27032","1","89"
"27033","1","0"
"27034","1","146"
"27035","1","0"
"27036","1","88"
"27037","1","201"
"27038","1","127"
"27039","1","198"
"27040","1","155"
"27041","1","154"
"27042","1","146"
"27043","1","201"
"27044","1","190"
"27045","1","182"
"27046","1","17"
"27047","1","89"
"27048","1","183"
"27049","1","145"
"27050","1","140"
"27051","1","146"
"27052","1","136"
"27053","1","71"
"27054","1","199"
"27055","1","15"
"27056","1","2"
"27057","1","133"
"27058","1","74"
"27059","1","178"
"27060","1","154"
"27061","1","154"
"27062","0","170"
"27063","0","170"
"27064","0","115"
"27065","0","165"
"27066","0","158"
"27067","0","151"
"27068","1","143"
"27069","","201"
"27070","1","94"
"27071","1","153"
"27072","1","74"
"27073","1","152"
"27074","1","201"
"27075","1","168"
"27076","1","154"
"27077","1","176"
"27078","1","0"
"27079","1","201"
"27080","1","201"
"27081","1","25"
"27082","1","2"
"27083","1","145"
"27084","1","0"
"27085","1","181"
"27086","1","0"
"27087","","138"
"27088","1","85"
"27089","1","157"
"27090","1","166"
"27091","1","123"
"27092","1","92"
"27093","1","1"
"27094","1","142"
"27095","1","200"
"27096","1","131"
"27097","1","137"
"27098","1","12"
"27099","1","74"
"27100","1","96"
"27101","1","198"
"27102","1","157"
"27103","1","200"
"27104","1","37"
"27105","1","165"
"27106","1","123"
"27107","1","112"
"27108","1","28"
"27109","1","47"
"27110","1","136"
"27111","1","153"
"27112","1","156"
"27113","1","56"
"27114","","200"
"27115","1","93"
"27116","1","148"
"27117","1","41"
"27118","1","165"
"27119","1","187"
"27120","1","198"
"27121","1","154"
"27122","1","165"
"27123","1","10"
"27124","1","146"
"27125","1","167"
"27126","1","153"
"27127","1","138"
"27128","1","23"
"27129","1","2"
"27130","1","106"
"27131","1","2"
"27132","1","1"
"27133","1","123"
"27134","1","197"
"27135","1","55"
"27136","1","145"
"27137","1","0"
"27138","1","2"
"27139","1","126"
"27140","1","125"
"27141","1","0"
"27142","1","83"
"27143","1","32"
"27144","0","155"
"27145","0","171"
"27146","1","0"
"27147","1","72"
"27148","1","0"
"27149","1","160"
"27150","1","199"
"27151","1","153"
"27152","1","139"
"27153","1","2"
"27154","1","184"
"27155","1","81"
"27156","1","47"
"27157","1","174"
"27158","1","167"
"27159","1","199"
"27160","1","73"
"27161","1","0"
"27162","1","199"
"27163","1","201"
"27164","1","200"
"27165","1","139"
"27166","1","121"
"27167","1","164"
"27168","1","165"
"27169","1","163"
"27170","1","201"
"27171","1","116"
"27172","1","201"
"27173","1","201"
"27174","1","177"
"27175","1","117"
"27176","1","201"
"27177","1","200"
"27178","1","187"
"27179","1","131"
"27180","1","54"
"27181","1","0"
"27182","1","30"
"27183","1","5"
"27184","1","158"
"27185","1","142"
"27186","0","191"
"27187","1","198"
"27188","1","129"
"27189","1","151"
"27190","1","200"
"27191","1","200"
"27192","1","129"
"27193","1","130"
"27194","1","130"
"27195","1","145"
"27196","1","107"
"27197","1","122"
"27198","1","92"
"27199","1","121"
"27200","1","147"
"27201","1","136"
"27202","1","148"
"27203","1","165"
"27204","1","161"
"27205","1","200"
"27206","1","197"
"27207","1","104"
"27208","1","197"
"27209","1","166"
"27210","1","0"
"27211","1","3"
"27212","1","195"
"27213","1","43"
"27214","1","60"
"27215","1","154"
"27216","1","178"
"27217","1","193"
"27218","1","45"
"27219","","192"
"27220","1","59"
"27221","1","199"
"27222","1","172"
"27223","1","0"
"27224","1","200"
"27225","1","146"
"27226","1","68"
"27227","1","164"
"27228","","201"
"27229","1","122"
"27230","1","0"
"27231","1","201"
"27232","1","201"
"27233","1","133"
"27234","1","153"
"27235","1","143"
"27236","1","183"
"27237","1","201"
"27238","1","185"
"27239","1","192"
"27240","1","82"
"27261","1","184"
"27241","1","85"
"27242","1","171"
"27243","1","61"
"27244","1","170"
"27245","1","173"
"27246","1","118"
"27247","1","79"
"27248","1","149"
"27249","1","153"
"27250","1","0"
"27251","1","138"
"27252","1","55"
"27253","1","165"
"27254","1","180"
"27255","1","107"
"27256","1","106"
"27257","1","35"
"27258","1","63"
"27259","1","60"
"27260","1","46"
"27262","1","0"
"27263","1","200"
"27264","1","162"
"27265","1","58"
"27266","1","201"
"27267","1","192"
"27268","1","71"
"27269","1","192"
"27270","1","79"
"27271","1","152"
"27272","","57"
"27273","1","185"
"27274","1","201"
"27275","1","201"
"27276","1","201"
"27277","1","197"
"27278","1","197"
"27279","1","200"
"27280","1","200"
"27281","1","197"
"27282","1","197"
"27283","1","65"
"27284","1","161"
"27285","1","116"
"27286","1","130"
"27287","1","200"
"27288","1","178"
"27289","1","142"
"27290","1","153"
"27291","1","90"
"27292","1","173"
"27293","1","163"
"27294","1","200"
"27295","1","186"
"27296","1","192"
"27297","1","1"
"27298","1","43"
"27299","1","43"
"27300","1","195"
"27301","1","93"
"27302","1","185"
"27303","1","0"
"27304","1","0"
"27305","1","0"
"27306","1","0"
"27307","1","20"
"27308","1","178"
"27309","1","60"
"27310","1","122"
"27311","1","77"
"27312","0","118"
"27313","0","188"
"27314","0","189"
"27315","0","182"
"27316","0","175"
"27317","0","183"
"27318","0","160"
"27319","0","146"
"27320","1","192"
"27321","","173"
"27322","1","135"
"27323","1","146"
"27324","1","124"
"27325","1","188"
"27326","1","184"
"27327","1","119"
"27328","1","200"
"27329","1","95"
"27330","1","26"
"27331","1","171"
"27332","1","201"
"27333","1","149"
"27334","1","199"
"27335","1","0"
"27336","1","76"
"27337","1","187"
"27338","1","155"
"27339","1","136"
"27340","1","124"
"27341","1","0"
"27342","1","0"
"27343","","200"
"27344","","200"
"27345","1","38"
"27346","1","0"
"27347","1","92"
"27348","1","153"
"27349","1","13"
"27350","1","0"
"27351","1","184"
"27352","1","76"
"27353","1","84"
"27354","1","122"
"27355","","0"
"27356","0","179"
"27357","1","168"
"27358","1","176"
"27359","1","37"
"27360","1","200"
"27361","1","141"
"27362","1","122"
"27363","1","123"
"27364","1","160"
"27365","1","158"
"27366","0","0"
"27367","1","192"
"27368","1","184"
"27369","1","70"
"27370","1","201"
"27371","1","35"
"27372","1","93"
"27373","0","188"
"27374","0","183"
"27375","0","4"
"27376","1","138"
"27377","1","32"
"27378","1","120"
"27379","1","120"
"27380","1","1"
"27381","1","150"
"27382","1","2"
"27383","1","153"
"27384","1","193"
"27385","1","179"
"27386","","173"
"27387","1","187"
"27388","1","200"
"27389","1","200"
"27390","1","110"
"27391","1","193"
"27392","1","182"
"27393","1","192"
"27394","1","144"
"27395","1","88"
"27396","0","0"
"27397","0","0"
"27398","0","0"
"27399","0","0"
"27400","0","0"
"27401","0","0"
"27402","0","0"
"27403","0","0"
"27404","0","0"
"27405","1","192"
"27406","1","146"
"27407","1","201"
"27408","1","149"
"27409","1","199"
"27410","1","155"
"27411","1","89"
"27412","1","139"
"27413","1","154"
"27414","1","154"
"27415","1","59"
"27416","1","200"
"27417","1","93"
"27418","1","119"
"27419","1","46"
"27420","1","92"
"27421","1","184"
"27422","1","68"
"27423","1","198"
"27424","1","61"
"27425","1","42"
"27426","1","170"
"27427","1","200"
"27428","1","0"
"27429","1","3"
"27430","1","138"
"27431","1","126"
"27432","1","59"
"27433","1","200"
"27434","1","158"
"27435","0","108"
"27436","0","175"
"27437","0","192"
"27438","1","53"
"27439","1","146"
"27440","1","192"
"27441","1","201"
"27442","1","201"
"27443","1","90"
"27444","1","168"
"27445","1","0"
"27446","1","122"
"27447","1","142"
"27448","0","0"
"27449","1","61"
"27450","1","180"
"27451","1","31"
"27452","1","123"
"27453","1","200"
"27454","1","200"
"27455","1","145"
"27456","1","119"
"27457","1","154"
"27458","1","123"
"27459","1","89"
"27460","1","0"
"27461","1","176"
"27462","1","5"
"27463","1","140"
"27464","1","146"
"27465","1","201"
"27466","1","201"
"27467","1","99"
"27468","1","175"
"27469","1","37"
"27470","1","125"
"27471","1","147"
"27472","1","175"
"27473","1","151"
"27474","1","166"
"27475","1","201"
"27476","1","201"
"27477","1","52"
"27478","1","122"
"27479","1","66"
"27480","1","165"
"27481","1","146"
"27482","1","69"
"27483","1","89"
"27484","1","186"
"27485","1","0"
"27486","1","0"
"27487","0","192"
"27488","0","188"
"27489","1","189"
"27490","1","73"
"27491","1","0"
"27492","1","197"
"27493","1","194"
"27494","1","180"
"27495","1","133"
"27496","1","178"
"27497","1","174"
"27498","1","183"
"27499","1","180"
"27500","1","173"
"27501","1","172"
"27502","1","198"
"27503","1","200"
"27504","1","200"
"27505","1","159"
"27506","","146"
"27507","1","137"
"27508","1","158"
"27509","1","43"
"27510","1","0"
"27511","1","48"
"27512","1","0"
"27513","1","146"
"27514","1","86"
"27515","1","89"
"27516","1","201"
"27517","1","201"
"27518","1","156"
"27519","1","156"
"27520","1","156"
"27521","1","200"
"27522","1","200"
"27523","1","200"
"27524","1","144"
"27525","","153"
"27526","1","0"
"27527","1","0"
"27528","1","167"
"27529","1","167"
"27530","1","184"
"27531","1","173"
"27532","1","200"
"27533","1","200"
"27534","0","162"
"27535","0","191"
"27536","0","191"
"27537","0","161"
"27538","0","156"
"27539","1","201"
"27540","1","111"
"27541","1","173"
"27542","1","47"
"27543","1","125"
"27544","1","101"
"27545","1","154"
"27546","1","95"
"27547","1","62"
"27548","1","158"
"27549","1","158"
"27550","1","189"
"27551","1","188"
"27552","1","200"
"27553","1","154"
"27554","1","188"
"27555","1","188"
"27556","1","188"
"27557","1","123"
"27558","1","56"
"27559","1","148"
"27560","0","183"
"27561","0","191"
"27562","0","185"
"27563","0","181"
"27564","0","191"
"27565","1","73"
"27566","1","131"
"27567","1","25"
"27568","1","0"
"27569","1","139"
"27570","1","126"
"27571","1","145"
"27572","1","62"
"27573","1","144"
"27574","1","82"
"27575","1","60"
"27576","1","147"
"27577","1","134"
"27578","1","196"
"27579","1","196"
"27580","1","32"
"27581","1","77"
"27582","1","103"
"27583","1","98"
"27584","1","177"
"27585","1","201"
"27586","1","201"
"27587","1","200"
"27588","0","115"
"27589","0","130"
"27590","0","189"
"27591","0","189"
"27592","0","180"
"27593","0","186"
"27594","1","200"
"27595","1","83"
"27596","1","201"
"27597","0","165"
"27598","0","179"
"27599","0","188"
"27600","0","187"
"27601","0","186"
"27602","0","183"
"27603","0","161"
"27604","0","176"
"27605","","0"
"27606","1","63"
"27607","1","43"
"27608","0","0"
"27609","1","64"
"27610","1","43"
"27611","1","43"
"27612","1","43"
"27613","1","42"
"27614","1","122"
"27615","1","131"
"27616","1","43"
"27617","1","43"
"27618","1","43"
"27619","1","44"
"27620","1","30"
"27621","1","0"
"27622","1","0"
"27623","1","179"
"27624","0","178"
"27625","0","170"
"27626","1","193"
"27627","1","139"
"27628","1","186"
"27629","1","92"
"27630","1","185"
"27631","1","198"
"27632","1","194"
"27633","1","176"
"27634","1","67"
"27635","1","180"
"27636","1","125"
"27637","1","65"
"27638","1","167"
"27639","1","52"
"27640","1","69"
"27641","1","150"
"27642","1","166"
"27643","1","124"
"27644","1","171"
"27645","1","191"
"27646","1","200"
"27647","1","18"
"27648","1","199"
"27649","1","98"
"27650","1","100"
"27651","","201"
"27652","1","48"
"27653","","61"
"27654","1","89"
"27655","1","152"
"27656","1","88"
"27657","1","188"
"27658","1","185"
"27659","1","185"
"27660","0","180"
"27661","0","186"
"27662","1","189"
"27663","0","188"
"27664","0","188"
"27665","0","175"
"27666","0","183"
"27667","0","188"
"27668","1","67"
"27669","1","62"
"27670","1","153"
"27671","1","154"
"27672","1","180"
"27673","1","20"
"27674","1","201"
"27675","1","193"
"27676","1","200"
"27677","1","0"
"27678","1","152"
"27679","1","0"
"27680","1","43"
"27681","1","184"
"27682","1","187"
"27683","1","182"
"27684","1","201"
"27685","1","187"
"27686","1","194"
"27687","1","190"
"27688","1","79"
"27689","1","147"
"27690","1","181"
"27691","1","163"
"27692","1","122"
"27693","1","73"
"27694","1","117"
"27695","1","1"
"27696","1","180"
"27697","1","130"
"27698","1","0"
"27699","1","201"
"27700","1","127"
"27701","1","186"
"27702","1","200"
"27703","1","23"
"27704","1","200"
"27705","1","154"
"27706","","200"
"27707","1","171"
"27708","1","201"
"27709","1","168"
"27710","1","48"
"27711","0","192"
"27712","0","192"
"27713","0","192"
"27714","0","191"
"27715","0","181"
"27716","0","0"
"27717","1","122"
"27718","1","137"
"27719","1","196"
"27720","1","153"
"27721","1","76"
"27722","1","200"
"27723","1","201"
"27724","1","20"
"27725","1","201"
"27726","1","100"
"27727","1","185"
"27728","1","152"
"27729","1","93"
"27730","1","154"
"27731","1","163"
"27732","1","193"
"27733","1","133"
"27734","1","167"
"27735","1","85"
"27736","1","197"
"27737","1","107"
"27738","1","180"
"27739","1","125"
"27740","1","197"
"27741","1","163"
"27742","1","135"
"27743","0","191"
"27744","1","170"
"27745","1","148"
"27746","1","133"
"27747","1","178"
"27748","1","19"
"27749","1","189"
"27750","1","201"
"27751","1","0"
"27752","1","157"
"27753","1","49"
"27754","1","195"
"27755","1","146"
"27756","0","0"
"27757","0","0"
"27758","0","0"
"27759","0","0"
"27760","0","0"
"27761","0","0"
"27762","0","0"
"27763","1","201"
"27764","1","167"
"27765","1","157"
"27766","1","201"
"27767","1","30"
"27768","1","189"
"27769","1","133"
"27770","1","135"
"27771","1","153"
"27772","1","33"
"27773","1","179"
"27774","1","3"
"27775","0","155"
"27776","1","200"
"27777","1","200"
"27778","1","200"
"27779","1","200"
"27780","1","200"
"27781","1","47"
"27782","1","170"
"27783","1","200"
"27784","1","200"
"27785","1","122"
"27786","1","160"
"27787","1","62"
"27788","1","197"
"27789","","201"
"27790","1","155"
"27791","1","34"
"27792","1","74"
"27793","1","93"
"27794","1","148"
"27795","1","201"
"27796","1","201"
"27797","1","35"
"27798","1","165"
"27799","1","113"
"27800","1","141"
"27801","1","143"
"27802","1","9"
"27803","1","62"
"27804","1","97"
"27805","1","93"
"27806","1","83"
"27807","1","30"
"27808","1","13"
"27809","1","161"
"27810","1","78"
"27811","1","0"
"27812","1","183"
"27813","1","200"
"27814","1","168"
"27815","1","171"
"27816","1","0"
"27817","1","184"
"27818","0","189"
"27819","0","151"
"27820","0","179"
"27821","1","100"
"27822","1","199"
"27823","1","82"
"27824","1","125"
"27825","1","154"
"27826","1","44"
"27827","1","180"
"27828","1","186"
"27829","1","195"
"27830","1","190"
"27831","0","156"
"27832","1","190"
"27833","1","41"
"27834","1","32"
"27835","1","31"
"27836","1","74"
"27837","1","129"
"27838","1","200"
"27839","1","76"
"27840","1","0"
"27841","1","0"
"27842","1","180"
"27843","1","37"
"27844","1","0"
"27845","1","185"
"27846","1","111"
"27847","1","87"
"27848","1","185"
"27849","1","179"
"27850","1","144"
"27851","0","176"
"27852","0","95"
"27853","0","92"
"27854","0","0"
"27855","0","0"
"27856","0","0"
"27857","1","151"
"27858","1","192"
"27859","1","184"
"27860","1","154"
"27861","1","200"
"27862","1","168"
"27863","1","137"
"27864","1","146"
"27865","1","62"
"27866","1","200"
"27867","1","146"
"27868","1","1"
"27869","1","159"
"27870","1","200"
"27871","1","201"
"27872","1","149"
"27873","1","0"
"27874","1","166"
"27875","1","169"
"27876","1","63"
"27877","1","45"
"27878","0","133"
"27879","1","38"
"27880","1","201"
"27881","1","89"
"27882","1","168"
"27883","1","197"
"27884","1","179"
"27885","1","200"
"27886","1","92"
"27887","1","140"
"27888","1","176"
"27889","1","200"
"27890","1","188"
"27891","","201"
"27892","","201"
"27893","1","0"
"27894","1","0"
"27895","1","74"
"27896","1","184"
"27897","1","161"
"27898","1","201"
"27899","1","0"
"27900","1","163"
"27901","1","0"
"27902","1","154"
"27903","1","201"
"27904","1","112"
"27905","1","195"
"27906","1","1"
"27907","1","57"
"27908","1","194"
"27909","1","200"
"27910","1","200"
"27911","1","61"
"27912","1","201"
"27913","1","0"
"27914","1","122"
"27915","1","0"
"27916","1","64"
"27917","1","189"
"27918","1","158"
"27919","1","16"
"27920","1","201"
"27921","1","192"
"27922","1","163"
"27923","1","124"
"27924","1","115"
"27925","1","62"
"27926","1","201"
"27927","1","159"
"27928","1","170"
"27929","1","175"
"27930","1","200"
"27931","1","201"
"27932","1","178"
"27933","1","200"
"27934","1","185"
"27935","1","201"
"27936","1","50"
"27937","1","139"
"27938","1","48"
"27939","1","174"
"27940","1","120"
"27941","1","201"
"27942","1","201"
"27943","1","200"
"27944","1","113"
"27945","1","77"
"27946","1","0"
"27947","1","197"
"27948","1","200"
"27949","1","162"
"27950","1","179"
"27951","1","1"
"27952","1","13"
"27953","1","0"
"27954","1","0"
"27955","1","154"
"27956","1","200"
"27957","1","74"
"27958","1","31"
"27959","1","192"
"27960","1","191"
"27961","1","194"
"27962","1","153"
"27963","1","201"
"27964","1","139"
"27965","1","139"
"27966","1","189"
"27967","1","200"
"27968","1","89"
"27969","1","171"
"27970","","14"
"27971","1","0"
"27972","1","8"
"27973","0","0"
"27974","0","0"
"27975","1","159"
"27976","1","125"
"27977","","0"
"27978","1","137"
"27979","1","187"
"27980","1","199"
"27981","1","201"
"27982","1","87"
"27983","1","0"
"27984","1","90"
"27985","1","55"
"27986","1","62"
"27987","1","117"
"27988","1","13"
"27989","1","132"
"27990","1","117"
"27991","1","200"
"27992","1","63"
"27993","1","40"
"27994","1","177"
"27995","1","200"
"27996","1","182"
"27997","1","133"
"27998","1","200"
"27999","1","190"
"28000","1","48"
"28001","1","113"
"28002","1","35"
"28003","1","101"
"28004","1","37"
"28005","1","133"
"28006","1","148"
"28007","1","68"
"28008","1","194"
"28009","1","145"
"28010","1","13"
"28011","0","155"
"28012","0","73"
"28013","0","58"
"28014","0","80"
"28015","0","16"
"28016","1","111"
"28017","1","153"
"28018","1","146"
"28019","1","37"
"28020","1","55"
"28021","1","199"
"28022","1","88"
"28023","1","161"
"28024","1","192"
"28025","1","166"
"28026","1","201"
"28027","1","76"
"28028","1","138"
"28029","1","138"
"28030","1","97"
"28031","1","35"
"28032","1","201"
"28033","1","168"
"28034","1","4"
"28035","1","185"
"28036","1","188"
"28037","1","0"
"28038","1","3"
"28039","1","154"
"28040","1","0"
"28041","1","190"
"28042","1","201"
"28043","1","183"
"28044","1","184"
"28045","1","146"
"28046","1","49"
"28047","1","185"
"28048","1","201"
"28049","1","73"
"28050","1","56"
"28051","1","1"
"28052","1","151"
"28053","1","140"
"28054","1","160"
"28055","1","33"
"28056","0","106"
"28057","0","71"
"28058","0","40"
"28059","1","201"
"28060","1","169"
"28061","1","64"
"28062","1","110"
"28063","1","31"
"28064","1","125"
"28065","1","136"
"28066","1","198"
"28067","1","163"
"28068","1","1"
"28069","","151"
"28070","1","162"
"28071","1","154"
"28072","1","200"
"28073","1","9"
"28074","1","17"
"28075","1","99"
"28076","1","180"
"28077","1","64"
"28078","1","144"
"28079","1","129"
"28080","1","167"
"28081","1","91"
"28082","1","200"
"28083","1","184"
"28084","1","10"
"28085","1","101"
"28086","1","139"
"28087","1","166"
"28088","1","47"
"28089","1","34"
"28090","","200"
"28091","1","0"
"28092","1","0"
"28093","1","156"
"28094","1","159"
"28095","1","200"
"28096","1","143"
"28097","1","171"
"28098","1","173"
"28099","1","164"
"28100","1","89"
"28101","1","82"
"28102","1","0"
"28103","1","145"
"28104","1","0"
"28105","1","62"
"28106","1","82"
"28107","1","62"
"28108","1","59"
"28109","1","30"
"28110","1","42"
"28111","1","128"
"28112","1","71"
"28113","1","201"
"28114","1","93"
"28115","1","164"
"28116","1","152"
"28117","1","124"
"28118","0","159"
"28119","0","163"
"28120","0","142"
"28121","0","156"
"28122","0","163"
"28123","0","142"
"28124","0","171"
"28125","1","13"
"28126","1","201"
"28127","1","123"
"28128","1","146"
"28129","1","169"
"28130","1","177"
"28131","1","173"
"28132","1","162"
"28133","1","140"
"28134","1","61"
"28135","1","195"
"28136","1","200"
"28137","1","200"
"28138","1","15"
"28139","1","164"
"28140","1","124"
"28141","1","140"
"28142","1","30"
"28143","1","30"
"28144","1","28"
"28145","1","155"
"28146","1","148"
"28147","","153"
"28148","1","143"
"28149","1","145"
"28150","1","158"
"28151","1","153"
"28152","1","93"
"28153","1","179"
"28154","1","153"
"28155","1","124"
"28156","1","171"
"28157","1","1"
"28158","1","138"
"28159","1","124"
"28160","1","153"
"28161","1","171"
"28162","1","176"
"28163","1","175"
"28164","1","23"
"28165","1","39"
"28166","1","172"
"28167","1","124"
"28168","1","171"
"28169","1","106"
"28170","1","198"
"28171","1","66"
"28172","1","201"
"28173","1","23"
"28174","1","39"
"28175","","184"
"28176","1","173"
"28177","1","123"
"28178","1","122"
"28179","1","201"
"28180","1","44"
"28181","1","155"
"28182","1","92"
"28183","1","201"
"28184","1","200"
"28185","1","0"
"28186","1","124"
"28187","1","184"
"28188","1","198"
"28189","1","200"
"28190","1","23"
"28191","1","0"
"28192","1","33"
"28193","1","88"
"28194","1","34"
"28195","1","0"
"28196","","200"
"28197","","142"
"28198","1","200"
"28199","1","163"
"28200","1","180"
"28201","1","130"
"28202","1","165"
"28203","1","138"
"28204","1","194"
"28205","1","200"
"28206","1","200"
"28207","1","200"
"28208","1","200"
"28209","1","158"
"28210","1","168"
"28211","1","201"
"28212","1","193"
"28213","1","180"
"28214","1","52"
"28215","1","140"
"28216","1","200"
"28217","1","68"
"28218","1","167"
"28219","1","153"
"28220","1","185"
"28221","1","100"
"28222","1","146"
"28223","1","8"
"28224","1","153"
"28225","1","122"
"28226","1","185"
"28227","1","153"
"28228","1","160"
"28229","1","155"
"28230","1","194"
"28231","1","100"
"28232","1","178"
"28233","1","191"
"28234","1","165"
"28235","1","198"
"28236","1","60"
"28237","1","69"
"28238","1","58"
"28239","1","42"
"28240","1","88"
"28241","1","163"
"28242","1","184"
"28243","1","0"
"28244","1","62"
"28245","1","138"
"28246","1","43"
"28247","1","0"
"28248","1","0"
"28249","1","200"
"28250","1","184"
"28251","1","154"
"28252","1","103"
"28253","1","0"
"28254","1","179"
"28255","1","193"
"28256","1","200"
"28257","1","201"
"28258","1","201"
"28259","1","201"
"28260","1","201"
"28261","1","200"
"28262","1","201"
"28263","1","153"
"28264","1","107"
"28265","1","160"
"28266","1","155"
"28267","1","159"
"28268","1","80"
"28269","1","201"
"28270","1","133"
"28271","1","71"
"28272","0","183"
"28273","1","170"
"28274","1","201"
"28275","1","178"
"28276","1","159"
"28277","1","52"
"28278","1","159"
"28279","1","184"
"28280","1","166"
"28281","1","179"
"28282","1","139"
"28283","1","190"
"28284","1","167"
"28285","1","0"
"28286","1","119"
"28287","1","166"
"28288","1","160"
"28289","1","93"
"28290","1","146"
"28291","1","147"
"28292","1","93"
"28293","1","121"
"28294","1","0"
"28295","1","148"
"28296","1","78"
"28297","1","171"
"28298","1","0"
"28299","1","148"
"28300","1","106"
"28301","1","171"
"28302","1","62"
"28303","1","134"
"28304","1","93"
"28305","1","154"
"28306","1","167"
"28307","1","0"
"28308","1","153"
"28309","1","0"
"28310","1","185"
"28311","1","149"
"28312","1","123"
"28313","1","139"
"28314","1","135"
"28315","1","154"
"28316","1","97"
"28317","1","189"
"28318","1","154"
"28319","1","149"
"28320","1","123"
"28321","1","153"
"28322","1","191"
"28323","1","167"
"28324","1","90"
"28325","1","143"
"28326","1","192"
"28327","1","121"
"28328","1","163"
"28329","1","178"
"28330","1","190"
"28331","1","182"
"28332","1","145"
"28333","1","201"
"28334","1","200"
"28335","1","57"
"28336","1","61"
"28337","1","180"
"28338","1","153"
"28339","1","153"
"28340","1","50"
"28341","1","0"
"28342","1","120"
"28343","1","147"
"28344","1","180"
"28345","1","139"
"28346","1","133"
"28347","1","187"
"28348","1","153"
"28349","1","1"
"28350","1","201"
"28351","1","33"
"28352","1","31"
"28353","1","140"
"28354","1","1"
"28355","1","122"
"28356","1","0"
"28357","1","147"
"28358","1","193"
"28359","1","201"
"28360","1","178"
"28361","1","109"
"28362","1","60"
"28363","1","139"
"28364","1","188"
"28365","1","145"
"28366","1","193"
"28367","1","77"
"28368","1","200"
"28369","1","126"
"28370","1","70"
"28371","1","32"
"28372","1","191"
"28373","1","70"
"28374","1","122"
"28375","1","192"
"28376","1","192"
"28377","1","152"
"28378","1","152"
"28379","1","173"
"28380","1","169"
"28381","1","0"
"28382","1","62"
"28383","1","201"
"28384","1","192"
"28385","1","124"
"28386","1","171"
"28387","1","0"
"28388","1","180"
"28389","1","179"
"28390","1","159"
"28391","1","121"
"28392","1","139"
"28393","1","107"
"28394","1","81"
"28395","1","73"
"28396","1","139"
"28397","1","0"
"28398","1","127"
"28399","1","153"
"28400","1","184"
"28401","1","0"
"28402","1","0"
"28403","1","0"
"28404","1","103"
"28405","1","0"
"28406","1","198"
"28407","1","201"
"28408","1","162"
"28409","1","125"
"28410","","200"
"28411","1","113"
"28412","1","54"
"28413","1","23"
"28414","1","173"
"28415","1","201"
"28416","1","201"
"28417","1","200"
"28418","1","176"
"28419","1","200"
"28420","1","127"
"28421","1","200"
"28422","1","198"
"28423","1","201"
"28424","1","0"
"28425","1","201"
"28426","1","144"
"28427","1","201"
"28428","1","200"
"28429","1","33"
"28430","1","154"
"28431","1","201"
"28432","1","201"
"28433","1","33"
"28434","1","32"
"28435","1","201"
"28436","1","155"
"28437","1","141"
"28438","1","201"
"28439","1","201"
"28440","1","201"
"28441","1","201"
"28442","1","200"
"28443","1","80"
"28444","1","0"
"28445","1","103"
"28446","1","72"
"28447","1","79"
"28448","1","30"
"28449","1","147"
"28450","1","173"
"28451","1","138"
"28452","1","169"
"28453","1","123"
"28454","1","0"
"28455","1","92"
"28456","1","0"
"28457","1","158"
"28458","1","0"
"28459","1","89"
"28460","1","0"
"28461","1","182"
"28462","1","201"
"28463","1","111"
"28464","1","173"
"28465","1","175"
"28466","1","116"
"28467","1","116"
"28468","1","159"
"28469","1","86"
"28470","1","160"
"28471","1","37"
"28472","1","123"
"28473","1","200"
"28474","1","140"
"28475","1","123"
"28476","1","131"
"28477","1","184"
"28478","1","201"
"28479","1","103"
"28480","1","89"
"28481","1","108"
"28482","1","181"
"28483","1","0"
"28484","1","122"
"28485","1","144"
"28486","1","198"
"28487","1","165"
"28488","1","177"
"28489","1","176"
"28490","1","180"
"28491","1","201"
"28492","1","138"
"28493","1","150"
"28494","1","55"
"28495","1","156"
"28496","1","138"
"28497","1","145"
"28498","0","192"
"28499","0","178"
"28500","1","200"
"28501","1","146"
"28502","1","179"
"28503","1","137"
"28504","1","176"
"28505","1","28"
"28506","1","180"
"28507","1","25"
"28508","1","145"
"28509","1","153"
"28510","1","201"
"28511","1","69"
"28512","1","201"
"28513","1","201"
"28514","1","201"
"28515","1","201"
"28516","1","201"
"28517","1","201"
"28518","1","201"
"28519","1","59"
"28520","1","85"
"28521","1","201"
"28522","1","201"
"28523","1","201"
"28524","1","201"
"28525","1","201"
"28526","1","125"
"28527","1","201"
"28528","1","201"
"28529","1","171"
"28530","1","201"
"28531","1","200"
"28532","1","0"
"28533","1","148"
"28534","1","146"
"28535","1","144"
"28536","1","105"
"28537","1","0"
"28538","1","152"
"28539","1","158"
"28540","1","82"
"28541","1","201"
"28542","","62"
"28543","1","31"
"28544","","200"
"28545","1","201"
"28546","1","136"
"28547","1","201"
"28548","1","179"
"28549","1","178"
"28550","1","200"
"28551","1","144"
"28552","1","17"
"28553","1","154"
"28554","1","197"
"28555","","194"
"28556","1","146"
"28557","1","179"
"28558","1","153"
"28559","1","87"
"28560","1","43"
"28561","1","188"
"28562","1","201"
"28563","1","176"
"28564","1","173"
"28565","1","184"
"28566","1","45"
"28567","1","200"
"28568","1","201"
"28569","1","62"
"28570","1","65"
"28571","1","1"
"28572","1","180"
"28573","1","180"
"28574","1","4"
"28575","1","180"
"28576","1","4"
"28577","1","180"
"28578","1","180"
"28579","1","4"
"28580","1","200"
"28581","1","155"
"28582","1","100"
"28583","1","138"
"28584","1","138"
"28585","1","178"
"28586","1","198"
"28587","1","198"
"28588","1","100"
"28589","1","131"
"28590","1","199"
"28591","1","92"
"28592","1","191"
"28593","1","0"
"28594","1","201"
"28595","1","184"
"28596","1","0"
"28597","1","165"
"28598","1","201"
"28599","1","201"
"28600","1","185"
"28601","1","201"
"28602","1","201"
"28603","1","201"
"28604","1","80"
"28605","1","159"
"28606","1","154"
"28607","1","149"
"28608","0","172"
"28609","0","164"
"28610","1","195"
"28611","1","180"
"28612","1","178"
"28613","1","180"
"28614","","199"
"28615","1","192"
"28616","1","184"
"28617","1","0"
"28618","1","43"
"28619","1","147"
"28620","1","200"
"28621","1","146"
"28622","1","122"
"28623","1","93"
"28624","1","137"
"28625","1","151"
"28626","1","180"
"28627","1","198"
"28628","1","198"
"28629","1","178"
"28630","1","192"
"28631","1","140"
"28632","1","201"
"28633","1","201"
"28634","1","192"
"28635","1","193"
"28636","1","144"
"28637","1","119"
"28638","1","14"
"28639","1","149"
"28640","1","149"
"28641","1","170"
"28642","1","98"
"28643","1","141"
"28644","1","56"
"28645","1","3"
"28646","1","137"
"28647","1","122"
"28648","1","1"
"28649","1","11"
"28650","1","200"
"28651","1","200"
"28652","1","200"
"28653","1","161"
"28654","1","161"
"28655","1","136"
"28656","1","136"
"28657","1","176"
"28658","1","176"
"28659","1","176"
"28660","1","161"
"28661","1","161"
"28662","1","145"
"28663","1","133"
"28664","1","116"
"28665","1","116"
"28666","1","145"
"28667","1","164"
"28668","1","164"
"28669","1","164"
"28670","1","164"
"28671","1","174"
"28672","1","174"
"28673","1","174"
"28674","1","174"
"28675","1","59"
"28676","1","53"
"28677","1","59"
"28678","1","57"
"28679","1","53"
"28680","1","57"
"28681","1","47"
"28682","1","47"
"28683","1","46"
"28684","1","46"
"28685","1","44"
"28686","1","44"
"28687","1","148"
"28688","1","148"
"28689","1","132"
"28690","1","132"
"28691","1","154"
"28692","1","154"
"28693","1","184"
"28694","1","194"
"28695","1","0"
"28696","1","153"
"28697","1","133"
"28698","1","133"
"28699","1","144"
"28700","1","57"
"28701","1","172"
"28702","1","37"
"28703","1","122"
"28704","1","122"
"28705","1","153"
"28706","1","168"
"28707","1","184"
"28708","1","178"
"28709","1","126"
"28710","1","0"
"28711","1","33"
"28712","1","112"
"28713","0","37"
"28714","1","168"
"28715","1","194"
"28716","1","201"
"28717","1","74"
"28718","1","184"
"28719","1","80"
"28720","1","184"
"28721","1","30"
"28722","1","139"
"28723","1","114"
"28724","1","155"
"28725","1","173"
"28726","1","137"
"28727","1","200"
"28728","1","85"
"28729","1","194"
"28730","1","93"
"28731","1","200"
"28732","1","169"
"28733","1","187"
"28734","1","187"
"28735","1","185"
"28736","1","182"
"28737","1","16"
"28738","1","120"
"28739","1","151"
"28740","1","103"
"28741","1","146"
"28742","1","129"
"28743","1","37"
"28744","1","71"
"28745","1","101"
"28746","1","162"
"28747","1","152"
"28748","1","165"
"28749","1","122"
"28750","1","0"
"28751","1","122"
"28752","1","154"
"28753","1","146"
"28754","1","159"
"28755","1","76"
"28756","1","10"
"28757","1","101"
"28758","1","26"
"28759","1","153"
"28760","1","174"
"28761","1","171"
"28762","1","161"
"28763","1","93"
"28764","1","0"
"28765","1","132"
"28766","1","170"
"28767","1","154"
"28768","1","145"
"28769","1","30"
"28770","1","184"
"28771","0","188"
"28772","0","191"
"28773","0","177"
"28774","1","0"
"28775","1","201"
"28776","1","0"
"28777","1","0"
"28778","1","148"
"28779","1","124"
"28780","1","173"
"28781","1","0"
"28782","1","161"
"28783","1","200"
"28784","1","0"
"28785","1","107"
"28786","1","114"
"28787","1","194"
"28788","1","125"
"28789","1","156"
"28790","1","144"
"28791","1","164"
"28792","1","145"
"28793","1","201"
"28794","1","119"
"28795","1","84"
"28796","1","136"
"28797","1","172"
"28798","1","122"
"28799","1","146"
"28800","1","0"
"28801","1","27"
"28802","1","12"
"28803","1","111"
"28804","1","201"
"28805","1","178"
"28806","1","178"
"28807","1","200"
"28808","1","199"
"28809","1","200"
"28810","1","200"
"28811","1","190"
"28812","1","190"
"28813","1","200"
"28814","1","199"
"28815","1","106"
"28816","1","61"
"28817","1","109"
"28818","1","201"
"28819","1","45"
"28820","1","0"
"28821","1","48"
"28822","1","181"
"28823","1","29"
"28824","1","69"
"28825","1","164"
"28826","1","0"
"28827","1","193"
"28828","1","180"
"28829","1","0"
"28830","1","186"
"28831","1","150"
"28832","1","192"
"28833","1","132"
"28834","1","134"
"28835","1","159"
"28836","1","160"
"28837","1","63"
"28838","1","201"
"28839","1","122"
"28840","1","83"
"28841","1","114"
"28842","1","154"
"28843","1","185"
"28844","1","199"
"28845","1","201"
"28846","1","185"
"28847","0","183"
"28848","0","177"
"28849","1","0"
"28850","1","117"
"28851","1","0"
"28852","1","193"
"28853","1","187"
"28854","1","197"
"28855","1","95"
"28856","1","200"
"28857","1","50"
"28858","1","187"
"28859","1","36"
"28860","1","56"
"28861","1","158"
"28862","1","201"
"28863","1","153"
"28864","1","0"
"28865","","184"
"28866","1","159"
"28867","1","140"
"28868","1","82"
"28869","1","123"
"28870","1","152"
"28871","1","80"
"28872","1","4"
"28873","1","90"
"28874","1","170"
"28875","1","147"
"28876","1","154"
"28877","1","141"
"28878","1","101"
"28879","1","48"
"28880","1","130"
"28881","1","171"
"28882","1","0"
"28883","1","137"
"28884","1","127"
"28885","0","0"
"28886","0","0"
"28887","1","90"
"28888","1","3"
"28889","1","9"
"28890","1","62"
"28891","1","151"
"28892","1","83"
"28893","1","30"
"28894","","144"
"28895","1","185"
"28896","1","140"
"28897","1","129"
"28898","1","143"
"28899","1","61"
"28900","1","20"
"28901","1","146"
"28902","1","199"
"28903","1","121"
"28904","1","0"
"28905","0","98"
"28906","0","98"
"28907","1","191"
"28908","0","192"
"28909","1","152"
"28910","1","200"
"28911","1","83"
"28912","1","201"
"28913","1","200"
"28914","1","201"
"28915","1","109"
"28916","1","165"
"28917","1","185"
"28918","1","33"
"28919","1","42"
"28920","1","130"
"28921","1","122"
"28922","1","65"
"28923","1","187"
"28924","1","191"
"28925","1","151"
"28926","1","172"
"28927","1","201"
"28928","1","187"
"28929","1","71"
"28930","1","199"
"28931","1","198"
"28932","1","107"
"28933","1","144"
"28934","1","175"
"28935","1","20"
"28936","1","145"
"28937","1","200"
"28938","1","201"
"28939","1","0"
"28940","1","31"
"28941","1","148"
"28942","1","155"
"28943","1","158"
"28944","1","94"
"28945","1","151"
"28946","1","34"
"28947","1","105"
"28948","1","159"
"28949","1","139"
"28950","1","200"
"28951","1","0"
"28952","1","152"
"28953","1","144"
"28954","1","154"
"28955","1","81"
"28956","1","152"
"28957","1","123"
"28958","1","139"
"28959","1","139"
"28960","1","139"
"28961","1","139"
"28962","1","201"
"28963","1","67"
"28964","1","145"
"28965","1","151"
"28966","1","93"
"28967","1","168"
"28968","1","60"
"28969","1","173"
"28970","1","148"
"28971","1","201"
"28972","1","107"
"28973","1","169"
"28974","1","123"
"28975","1","154"
"28976","1","25"
"28977","1","62"
"28978","1","132"
"28979","1","199"
"28980","1","201"
"28981","1","76"
"28982","1","180"
"28983","1","155"
"28984","1","164"
"28985","1","31"
"28986","1","200"
"28987","1","145"
"28988","1","180"
"28989","1","34"
"28990","1","201"
"28991","1","200"
"28992","1","122"
"28993","1","137"
"28994","1","110"
"28995","1","149"
"28996","1","162"
"28997","1","162"
"28998","1","166"
"28999","1","24"
"29000","1","200"
"29001","1","200"
"29002","1","180"
"29003","1","0"
"29004","1","115"
"29005","1","146"
"29006","1","200"
"29007","1","31"
"29008","1","157"
"29009","1","195"
"29010","1","61"
"29011","1","47"
"29012","1","175"
"29013","1","175"
"29014","1","178"
"29015","1","178"
"29016","1","167"
"29017","1","167"
"29018","1","63"
"29019","1","60"
"29020","1","164"
"29021","1","200"
"29022","1","174"
"29023","1","165"
"29024","1","163"
"29025","1","144"
"29026","1","163"
"29046","1","175"
"29027","1","148"
"29028","1","200"
"29029","1","201"
"29030","1","175"
"29031","1","46"
"29032","1","158"
"29033","1","158"
"29034","1","149"
"29035","1","149"
"29036","1","144"
"29037","1","144"
"29038","1","141"
"29039","1","141"
"29040","1","175"
"29041","1","158"
"29042","1","175"
"29043","1","201"
"29044","1","199"
"29045","1","122"
"29047","1","180"
"29048","1","146"
"29049","1","61"
"29050","1","201"
"29051","1","63"
"29052","1","199"
"29053","1","126"
"29054","1","146"
"29055","1","201"
"29056","1","139"
"29057","1","144"
"29058","1","163"
"29059","1","123"
"29060","1","107"
"29061","1","0"
"29062","1","170"
"29063","1","164"
"29064","1","123"
"29065","1","157"
"29066","1","201"
"29067","1","123"
"29068","1","169"
"29069","1","29"
"29070","1","157"
"29071","1","201"
"29072","1","201"
"29073","1","201"
"29074","1","201"
"29075","1","201"
"29076","1","201"
"29077","1","201"
"29078","1","201"
"29079","1","126"
"29080","1","200"
"29081","1","196"
"29082","1","47"
"29083","1","154"
"29084","1","201"
"29085","1","200"
"29086","1","200"
"29087","1","140"
"29088","1","200"
"29089","1","200"
"29090","1","200"
"29091","1","196"
"29092","1","193"
"29093","1","196"
"29094","1","196"
"29095","1","196"
"29096","1","94"
"29097","1","193"
"29098","1","193"
"29099","1","193"
"29100","1","193"
"29101","1","51"
"29102","1","153"
"29103","1","153"
"29104","1","106"
"29105","1","129"
"29106","1","31"
"29107","1","201"
"29108","1","185"
"29109","1","123"
"29110","1","200"
"29111","1","155"
"29112","1","152"
"29113","1","67"
"29114","1","201"
"29115","1","200"
"29116","1","126"
"29117","1","201"
"29118","1","83"
"29119","1","200"
"29120","1","201"
"29121","1","34"
"29122","1","159"
"29123","1","174"
"29124","1","26"
"29125","1","200"
"29126","1","196"
"29127","1","201"
"29128","1","169"
"29129","1","201"
"29130","1","188"
"29131","1","192"
"29132","1","198"
"29133","1","9"
"29134","1","151"
"29135","1","31"
"29136","1","153"
"29137","1","133"
"29138","1","139"
"29139","1","136"
"29140","1","169"
"29141","1","72"
"29142","1","93"
"29143","1","200"
"29144","1","43"
"29145","1","83"
"29146","1","121"
"29147","1","145"
"29148","1","201"
"29149","1","128"
"29150","1","201"
"29151","1","200"
"29152","1","150"
"29153","0","110"
"29154","0","136"
"29155","1","192"
"29156","1","171"
"29157","1","200"
"29158","1","128"
"29159","0","130"
"29160","1","178"
"29161","1","184"
"29162","1","201"
"29163","1","197"
"29164","1","133"
"29165","1","184"
"29166","1","66"
"29167","1","151"
"29168","1","125"
"29169","1","62"
"29170","1","32"
"29171","1","31"
"29172","1","161"
"29173","1","193"
"29174","1","133"
"29175","1","193"
"29176","1","193"
"29177","1","193"
"29178","1","193"
"29179","1","193"
"29180","1","193"
"29181","1","192"
"29182","1","192"
"29183","1","191"
"29184","1","191"
"29185","1","182"
"29186","1","182"
"29187","1","152"
"29188","1","189"
"29189","1","100"
"29190","1","201"
"29191","1","91"
"29192","1","154"
"29193","1","110"
"29194","1","199"
"29195","1","125"
"29196","1","195"
"29197","1","26"
"29198","1","73"
"29199","1","0"
"29200","1","197"
"29201","1","1"
"29202","1","201"
"29203","1","153"
"29204","1","164"
"29205","1","201"
"29206","1","72"
"29207","1","201"
"29208","1","200"
"29209","1","170"
"29210","1","63"
"29211","1","62"
"29212","1","109"
"29213","1","78"
"29214","1","131"
"29215","1","82"
"29216","1","201"
"29217","1","201"
"29218","1","198"
"29219","1","178"
"29220","1","170"
"29221","1","53"
"29222","1","201"
"29223","1","135"
"29224","1","137"
"29225","1","159"
"29226","1","165"
"29227","1","164"
"29228","1","166"
"29229","1","201"
"29230","1","170"
"29231","1","175"
"29232","1","156"
"29233","1","159"
"29234","1","144"
"29235","1","132"
"29236","1","184"
"29237","1","201"
"29238","1","144"
"29239","1","123"
"29240","1","193"
"29241","1","185"
"29242","1","160"
"29243","1","183"
"29244","1","173"
"29245","1","180"
"29246","1","179"
"29247","1","123"
"29248","1","199"
"29249","1","188"
"29250","1","200"
"29251","1","145"
"29252","1","153"
"29253","1","134"
"29254","1","154"
"29255","1","46"
"29256","1","71"
"29257","1","174"
"29258","1","128"
"29259","1","141"
"29260","1","153"
"29261","1","170"
"29262","1","201"
"29263","1","176"
"29264","1","176"
"29265","1","174"
"29266","1","164"
"29267","1","49"
"29268","1","175"
"29269","1","1"
"29270","1","87"
"29271","1","53"
"29272","1","185"
"29273","1","119"
"29274","1","178"
"29275","1","184"
"29276","1","200"
"29277","1","153"
"29278","1","89"
"29279","1","166"
"29280","1","184"
"29281","1","91"
"29282","1","146"
"29283","1","116"
"29284","1","198"
"29285","1","137"
"29286","1","173"
"29287","1","173"
"29288","1","170"
"29289","1","197"
"29290","1","71"
"29291","1","93"
"29292","1","63"
"29293","1","162"
"29294","1","181"
"29295","1","71"
"29296","1","144"
"29297","1","161"
"29298","1","164"
"29299","1","125"
"29300","1","198"
"29301","1","153"
"29302","1","142"
"29303","1","122"
"29304","1","201"
"29305","1","149"
"29306","1","149"
"29307","1","149"
"29308","1","149"
"29309","1","151"
"29310","1","151"
"29311","1","150"
"29312","1","150"
"29313","1","156"
"29314","1","171"
"29315","1","153"
"29316","1","153"
"29317","1","154"
"29318","1","153"
"29319","1","122"
"29320","1","139"
"29321","1","198"
"29322","1","0"
"29323","1","180"
"29324","1","200"
"29325","1","190"
"29326","1","190"
"29327","1","188"
"29328","1","193"
"29329","1","188"
"29330","1","193"
"29331","1","154"
"29332","1","154"
"29333","1","69"
"29334","1","123"
"29335","1","123"
"29336","1","200"
"29337","1","180"
"29338","1","70"
"29339","1","194"
"29340","1","194"
"29341","1","164"
"29342","1","184"
"29343","1","122"
"29344","1","86"
"29345","1","178"
"29346","1","164"
"29347","1","166"
"29348","1","200"
"29349","1","8"
"29350","1","171"
"29351","1","197"
"29352","","52"
"29353","1","201"
"29354","1","194"
"29355","1","199"
"29356","1","171"
"29357","1","139"
"29358","1","42"
"29359","1","172"
"29360","1","157"
"29361","1","199"
"29362","1","194"
"29363","1","173"
"29364","1","175"
"29365","1","173"
"29366","1","185"
"29367","1","188"
"29368","1","201"
"29369","1","200"
"29370","1","201"
"29371","1","179"
"29372","1","170"
"29373","1","89"
"29374","1","170"
"29375","1","164"
"29376","1","113"
"29377","1","159"
"29378","1","0"
"29379","1","144"
"29380","1","171"
"29381","1","36"
"29382","1","177"
"29383","1","42"
"29384","1","172"
"29385","1","187"
"29386","1","198"
"29387","1","178"
"29388","1","168"
"29389","1","170"
"29390","1","183"
"29391","1","111"
"29392","1","20"
"29393","1","60"
"29394","1","90"
"29395","1","152"
"29396","1","105"
"29397","1","158"
"29398","1","201"
"29399","1","81"
"29400","1","199"
"29401","1","42"
"29402","1","93"
"29403","1","98"
"29404","1","199"
"29405","1","143"
"29406","1","121"
"29407","1","153"
"29408","1","194"
"29409","1","194"
"29410","1","115"
"29411","1","133"
"29412","1","133"
"29413","1","115"
"29414","1","108"
"29415","1","108"
"29416","1","78"
"29417","1","78"
"29418","1","46"
"29419","1","46"
"29420","1","199"
"29421","1","199"
"29422","1","200"
"29423","1","200"
"29424","1","189"
"29425","1","37"
"29426","1","200"
"29427","1","200"
"29428","1","82"
"29429","1","199"
"29430","1","199"
"29431","1","121"
"29432","1","121"
"29433","1","185"
"29434","1","186"
"29435","1","179"
"29436","1","178"
"29437","1","170"
"29438","1","148"
"29439","1","148"
"29440","1","170"
"29441","1","181"
"29442","1","124"
"29443","1","161"
"29444","1","43"
"29445","1","77"
"29446","1","124"
"29447","1","31"
"29448","1","154"
"29449","1","169"
"29450","1","175"
"29451","1","201"
"29452","1","196"
"29453","1","193"
"29454","1","157"
"29455","1","173"
"29456","1","201"
"29457","1","121"
"29458","1","77"
"29459","1","200"
"29460","1","139"
"29461","1","125"
"29462","1","183"
"29463","1","171"
"29464","1","171"
"29465","","47"
"29466","1","195"
"29467","1","175"
"29468","1","1"
"29469","1","164"
"29470","1","165"
"29471","1","49"
"29472","1","57"
"29473","1","48"
"29474","1","121"
"29475","1","39"
"29476","1","168"
"29477","1","183"
"29478","1","124"
"29479","1","138"
"29480","1","191"
"29481","1","184"
"29482","1","154"
"29483","1","145"
"29484","1","200"
"29485","1","143"
"29486","1","181"
"29487","1","132"
"29488","1","80"
"29489","1","90"
"29490","1","173"
"29491","1","168"
"29492","1","151"
"29493","1","163"
"29494","1","173"
"29495","","159"
"29496","","82"
"29497","1","177"
"29498","1","200"
"29499","1","200"
"29500","1","201"
"29501","1","200"
"29502","1","176"
"29503","1","195"
"29504","1","183"
"29505","1","194"
"29506","1","197"
"29507","1","163"
"29508","1","182"
"29509","1","153"
"29510","1","110"
"29511","1","170"
"29512","1","124"
"29513","1","109"
"29514","1","186"
"29515","1","185"
"29516","1","187"
"29517","1","82"
"29518","1","2"
"29519","1","201"
"29520","1","201"
"29521","1","181"
"29522","1","201"
"29523","1","200"
"29524","1","200"
"29525","1","200"
"29526","1","200"
"29527","1","200"
"29528","1","200"
"29529","1","61"
"29530","1","138"
"29531","1","200"
"29532","1","163"
"29533","1","159"
"29534","1","195"
"29535","1","116"
"29536","1","195"
"29537","1","3"
"29538","1","144"
"29539","1","123"
"29540","1","200"
"29541","1","138"
"29542","1","198"
"29543","1","198"
"29544","1","63"
"29545","1","59"
"29546","1","152"
"29547","1","150"
"29548","1","153"
"29549","1","146"
"29550","1","200"
"29551","1","188"
"29552","1","195"
"29553","1","194"
"29554","1","140"
"29555","1","135"
"29556","1","23"
"29557","1","146"
"29558","1","73"
"29559","1","181"
"29560","1","119"
"29561","1","158"
"29562","1","199"
"29563","1","172"
"29564","1","201"
"29565","1","184"
"29566","1","170"
"29567","1","159"
"29568","1","200"
"29569","1","154"
"29570","1","58"
"29571","1","169"
"29572","1","201"
"29573","1","155"
"29574","1","121"
"29575","1","142"
"29576","1","200"
"29577","1","187"
"29578","1","148"
"29579","1","201"
"29580","1","123"
"29581","1","90"
"29582","1","123"
"29583","1","201"
"29584","1","200"
"29585","1","35"
"29586","1","200"
"29587","1","98"
"29588","1","163"
"29589","1","154"
"29590","1","201"
"29591","1","200"
"29592","1","195"
"29593","1","147"
"29594","1","140"
"29595","1","156"
"29596","1","129"
"29597","1","48"
"29598","1","201"
"29599","1","201"
"29600","1","76"
"29601","1","168"
"29602","1","165"
"29603","1","185"
"29604","1","14"
"29605","1","35"
"29606","1","191"
"29607","1","184"
"29608","1","170"
"29609","1","171"
"29610","1","185"
"29611","1","67"
"29612","1","165"
"29613","1","163"
"29614","1","184"
"29615","1","184"
"29616","1","200"
"29617","1","201"
"29618","1","153"
"29619","1","79"
"29620","1","65"
"29621","1","29"
"29622","1","37"
"29623","1","173"
"29624","1","148"
"29625","1","200"
"29626","1","93"
"29627","1","163"
"29628","1","117"
"29629","1","198"
"29630","1","42"
"29631","1","201"
"29632","1","0"
"29633","1","185"
"29634","1","198"
"29635","1","148"
"29636","1","29"
"29637","1","200"
"29638","1","155"
"29639","1","69"
"29640","1","0"
"29641","1","83"
"29642","1","201"
"29643","1","151"
"29644","1","146"
"29645","1","59"
"29646","1","91"
"29647","1","161"
"29648","1","52"
"29649","1","198"
"29650","1","87"
"29651","1","154"
"29652","1","152"
"29653","1","176"
"29654","1","154"
"29655","1","184"
"29656","1","201"
"29657","1","18"
"29658","1","123"
"29659","1","154"
"29660","1","81"
"29661","1","200"
"29662","1","172"
"29663","1","173"
"29664","1","180"
"29665","1","62"
"29666","1","200"
"29667","1","119"
"29668","1","201"
"29669","1","34"
"29670","1","187"
"29671","1","159"
"29672","1","153"
"29673","1","89"
"29674","1","74"
"29675","1","106"
"29676","1","134"
"29677","1","201"
"29678","1","199"
"29679","1","153"
"29680","1","87"
"29681","1","185"
"29682","1","88"
"29683","1","149"
"29684","1","197"
"29685","1","31"
"29686","1","172"
"29687","1","62"
"29688","1","160"
"29689","1","201"
"29690","1","162"
"29691","1","1"
"29692","1","152"
"29693","1","38"
"29694","1","177"
"29695","1","63"
"29696","1","65"
"29697","1","169"
"29698","1","184"
"29699","1","143"
"29700","1","133"
"29701","1","105"
"29702","1","201"
"29703","1","194"
"29704","1","171"
"29705","1","167"
"29706","1","156"
"29707","1","58"
"29708","1","153"
"29709","1","155"
"29710","1","173"
"29711","1","201"
"29712","1","189"
"29713","1","198"
"29714","1","201"
"29715","1","155"
"29716","1","151"
"29717","1","182"
"29718","1","158"
"29719","1","200"
"29720","1","154"
"29721","1","164"
"29722","1","123"
"29723","1","31"
"29724","1","200"
"29725","1","89"
"29726","1","180"
"29727","","194"
"29728","1","201"
"29729","1","147"
"29730","1","33"
"29731","1","174"
"29732","1","80"
"29733","1","123"
"29734","1","148"
"29735","1","61"
"29736","1","201"
"29737","1","94"
"29738","1","133"
"29739","1","200"
"29740","1","88"
"29741","1","139"
"29742","1","200"
"29743","1","201"
"29744","1","117"
"29745","1","199"
"29746","1","192"
"29747","1","179"
"29748","1","181"
"29749","1","123"
"29750","1","185"
"29751","1","57"
"29752","1","201"
"29753","1","0"
"29754","1","196"
"29755","1","0"
"29756","1","0"
"29757","1","0"
"29758","1","0"
"29759","1","0"
"29760","1","201"
"29761","1","200"
"29762","1","146"
"29763","1","184"
"29764","","185"
"29765","1","133"
"29766","1","180"
"29767","1","133"
"29768","1","175"
"29769","1","190"
"29770","1","200"
"29771","1","201"
"29772","1","198"
"29773","1","201"
"29774","1","164"
"29775","1","200"
"29776","1","201"
"29777","1","32"
"29778","1","201"
"29779","1","153"
"29780","1","174"
"29781","1","1"
"29782","1","163"
"29783","1","67"
"29784","1","162"
"29785","1","180"
"29786","1","183"
"29787","1","89"
"29788","1","173"
"29789","1","194"
"29790","1","102"
"29791","1","134"
"29792","1","131"
"29793","1","201"
"29794","1","186"
"29795","1","201"
"29796","1","194"
"29797","1","184"
"29798","1","159"
"29799","1","140"
"29800","1","151"
"29801","1","200"
"29802","1","198"
"29803","1","72"
"29804","1","188"
"29805","1","201"
"29806","1","153"
"29807","1","94"
"29808","1","200"
"29809","1","47"
"29810","1","168"
"29811","1","140"
"29812","1","201"
"29813","1","183"
"29814","1","170"
"29815","1","159"
"29816","1","185"
"29817","1","166"
"29818","1","168"
"29819","1","200"
"29820","1","141"
"29821","1","174"
"29822","1","179"
"29823","1","201"
"29824","1","152"
"29825","1","124"
"29826","1","201"
"29827","1","117"
"29828","1","127"
"29829","1","185"
"29830","1","171"
"29831","1","178"
"29832","1","199"
"29833","1","152"
"29834","1","200"
"29835","1","138"
"29836","1","113"
"29837","1","193"
"29838","1","144"
"29839","1","183"
"29840","1","178"
"29841","1","201"
"29842","1","177"
"29843","1","195"
"29844","1","183"
"29845","1","110"
"29846","1","109"
"29847","1","187"
"29848","1","182"
"29849","","95"
"29850","1","180"
"29851","1","131"
"29852","1","164"
"29853","1","123"
"29854","1","201"
"29855","1","169"
"29856","1","83"
"29857","1","201"
"29858","1","144"
"29859","1","149"
"29860","1","155"
"29861","1","31"
"29862","1","199"
"29863","1","57"
"29864","1","153"
"29865","1","167"
"29866","1","142"
"29867","1","200"
"29868","1","201"
"29869","1","184"
"29870","1","200"
"29871","1","179"
"29872","1","184"
"29873","1","154"
"29874","1","132"
"29875","1","161"
"29876","1","123"
"29877","1","33"
"29878","1","187"
"29879","1","190"
"29880","1","123"
"29881","1","200"
"29882","1","201"
"29883","1","144"
"29884","1","179"
"29885","1","117"
"29886","1","86"
"29887","1","52"
"29888","1","133"
"29889","1","181"
"29890","1","201"
"29891","1","201"
"29892","1","200"
"29893","1","163"
"29894","1","200"
"29895","1","200"
"29896","1","145"
"29897","1","48"
"29898","1","166"
"29899","1","171"
"29900","1","49"
"29901","1","115"
"29902","1","45"
"29903","1","38"
"29904","1","200"
"29905","1","200"
"29906","1","127"
"29907","1","83"
"29908","1","99"
"29909","1","113"
"29910","1","114"
"29911","1","144"
"29912","1","99"
"29913","1","114"
"29914","1","98"
"29915","1","112"
"29916","1","90"
"29917","1","160"
"29918","1","82"
"29919","1","87"
"29920","1","99"
"29921","1","145"
"29922","1","114"
"29923","1","114"
"29924","1","101"
"29925","1","83"
"29926","1","77"
"29927","1","135"
"29928","1","160"
"29929","1","83"
"29930","1","113"
"29931","1","119"
"29932","1","144"
"29933","1","125"
"29934","1","83"
"29935","1","108"
"29936","1","113"
"29937","1","106"
"29938","1","106"
"29939","1","83"
"29940","1","83"
"29941","1","111"
"29942","1","142"
"29943","1","114"
"29944","1","160"
"29945","1","102"
"29946","1","143"
"29947","1","114"
"29948","1","83"
"29949","1","129"
"29950","1","114"
"29951","1","106"
"29952","1","114"
"29953","1","100"
"29954","1","105"
"29955","1","107"
"29956","1","118"
"29957","1","82"
"29958","1","113"
"29959","1","83"
"29960","1","110"
"29961","1","145"
"29962","1","112"
"29963","1","114"
"29964","1","84"
"29965","1","102"
"29966","1","105"
"29967","1","144"
"29968","1","145"
"29969","1","106"
"29970","1","119"
"29971","1","86"
"29972","1","155"
"29973","1","92"
"29974","1","160"
"29975","1","106"
"29976","1","84"
"29977","1","83"
"29978","1","88"
"29979","1","144"
"29980","1","118"
"29981","1","105"
"29982","1","118"
"29983","1","115"
"29984","1","107"
"29985","1","110"
"29986","1","53"
"29987","1","113"
"29988","1","110"
"29989","1","82"
"29990","1","83"
"29991","1","131"
"29992","1","200"
"29993","1","155"
"29994","1","200"
"29995","1","152"
"29996","1","116"
"29997","1","160"
"29998","1","90"
"29999","1","201"
"30000","1","153"
"30001","1","201"
"30002","1","200"
"30003","1","172"
"30004","1","170"
"30005","1","114"
"30006","1","33"
"30007","1","181"
"30008","1","200"
"30009","1","197"
"30010","1","198"
"30011","1","199"
"30012","1","201"
"30013","1","200"
"30014","1","201"
"30015","1","201"
"30016","1","200"
"30017","1","197"
"30018","1","199"
"30019","1","154"
"30020","1","200"
"30021","1","90"
"30022","1","102"
"30023","1","201"
"30024","1","134"
"30025","1","140"
"30026","1","198"
"30027","1","143"
"30028","1","200"
"30029","1","88"
"30030","1","157"
"30031","1","31"
"30032","1","201"
"30033","1","11"
"30034","1","201"
"30035","1","37"
"30036","1","0"
"30037","","200"
"30038","1","174"
"30039","1","132"
"30040","1","119"
"30041","1","104"
"30042","1","134"
"30043","1","144"
"30044","1","192"
"30045","1","200"
"30046","1","139"
"30047","1","173"
"30048","1","95"
"30049","1","43"
"30050","1","175"
"30051","1","200"
"30052","1","154"
"30053","1","176"
"30054","1","174"
"30055","1","201"
"30056","1","110"
"30057","1","172"
"30058","1","85"
"30059","1","74"
"30060","1","173"
"30061","1","48"
"30062","1","124"
"30063","1","110"
"30064","1","165"
"30065","1","76"
"30066","1","139"
"30067","1","131"
"30068","1","160"
"30069","1","145"
"30070","1","114"
"30071","1","105"
"30072","1","84"
"30073","1","106"
"30074","1","82"
"30075","1","120"
"30076","1","120"
"30077","1","86"
"30078","1","105"
"30079","1","133"
"30080","1","135"
"30081","1","113"
"30082","1","82"
"30083","1","160"
"30084","1","106"
"30085","1","144"
"30086","1","138"
"30087","1","143"
"30088","1","82"
"30089","1","83"
"30090","1","107"
"30091","1","105"
"30092","1","99"
"30093","1","106"
"30094","1","83"
"30095","1","126"
"30096","1","83"
"30097","1","145"
"30098","1","134"
"30099","1","86"
"30100","1","102"
"30101","1","145"
"30102","1","114"
"30103","1","104"
"30104","1","80"
"30105","1","160"
"30106","1","113"
"30107","1","113"
"30108","1","160"
"30109","1","115"
"30110","1","106"
"30111","1","200"
"30112","1","31"
"30113","","198"
"30114","1","200"
"30115","1","200"
"30116","1","114"
"30117","1","130"
"30118","1","98"
"30119","1","140"
"30120","1","83"
"30121","1","105"
"30122","1","111"
"30123","1","83"
"30124","1","145"
"30125","1","76"
"30126","1","125"
"30127","1","102"
"30128","1","82"
"30129","1","144"
"30130","1","106"
"30131","1","113"
"30132","1","99"
"30133","1","83"
"30134","1","125"
"30135","1","83"
"30136","1","101"
"30137","1","83"
"30138","1","107"
"30139","1","158"
"30140","1","144"
"30141","1","139"
"30142","1","113"
"30143","1","145"
"30144","1","113"
"30145","1","145"
"30146","1","113"
"30147","1","83"
"30148","1","106"
"30149","1","110"
"30150","1","105"
"30151","1","106"
"30152","1","97"
"30153","1","106"
"30154","1","85"
"30155","1","160"
"30156","1","89"
"30157","1","100"
"30158","1","145"
"30159","1","127"
"30160","1","105"
"30161","1","83"
"30162","1","140"
"30163","1","92"
"30164","1","84"
"30165","1","107"
"30166","1","138"
"30167","1","112"
"30168","1","115"
"30169","1","83"
"30170","1","83"
"30171","1","113"
"30172","1","160"
"30173","1","97"
"30174","1","83"
"30175","1","106"
"30176","1","98"
"30177","1","83"
"30178","1","99"
"30179","1","99"
"30180","1","114"
"30181","1","104"
"30182","1","114"
"30183","1","140"
"30184","1","132"
"30185","1","114"
"30186","1","145"
"30187","1","84"
"30188","1","78"
"30189","1","99"
"30190","1","114"
"30191","1","126"
"30192","1","106"
"30193","1","105"
"30194","1","104"
"30195","1","160"
"30196","1","82"
"30197","1","113"
"30198","1","100"
"30199","1","105"
"30200","1","113"
"30201","1","199"
"30202","1","122"
"30203","1","160"
"30204","1","70"
"30205","1","201"
"30206","1","201"
"30207","1","93"
"30208","1","40"
"30209","1","184"
"30210","1","184"
"30211","1","170"
"30212","1","165"
"30213","1","155"
"30214","1","145"
"30215","1","63"
"30216","1","138"
"30217","1","143"
"30218","1","112"
"30219","1","55"
"30220","1","201"
"30221","1","90"
"30222","1","187"
"30223","1","71"
"30224","1","201"
"30225","1","201"
"30226","1","201"
"30227","1","200"
"30228","1","173"
"30229","1","30"
"30230","1","161"
"30231","1","147"
"30232","1","134"
"30233","1","61"
"30234","1","180"
"30235","1","199"
"30236","1","201"
"30237","1","199"
"30238","1","155"
"30239","1","56"
"30240","1","177"
"30241","1","201"
"30242","1","90"
"30243","1","164"
"30244","1","152"
"30245","1","102"
"30246","1","130"
"30247","1","200"
"30248","1","36"
"30249","1","191"
"30250","1","201"
"30251","1","73"
"30252","1","168"
"30253","1","151"
"30254","1","92"
"30255","1","198"
"30256","1","61"
"30257","1","92"
"30258","1","59"
"30259","1","89"
