,,
,,
,,
,,
,,
,,
,,
,,
,,
,,
,,
,,
,,
,,
,,
,,
,,
,,
,,
,,
,,
,,
,,
,,
,,
,,
,,
,,
,,
,,
,,
,,
,,
,,
,,
,,
,,
,,
,,
,,
,,
,,
,,
,,
,,
,,
,,
,,
,,
,,
,,
,,
,,
,,
,,
,,
,,
,,
,,
,,
,,
,,
,,
,,
,,
,,
,,
,,
,,
,,
,,
,,
,,
,,
,,
,,
,,
,,
,,
,,
,,
,,
,,
,,
,,
,,
,,
,,
,,
,,
,,
,,
,,
,,
,,
,,
,,
,,
,,
,,
,,
,,
,,
,,
,,
,,
,,
,,
,,
,,
,,
,,
,,
,,
,,
,,
,,
,,
,,
,,
,,
,,
,,
,,
,,
,,
,,
,,
,,
,,
,,
,,
,,
,,
,,
,,
,,
,,
,,
,,
,,
,,
,,
,,
,,
,,
,,
,,
,,
,,
,,
,,
,,
,,
,,
,,
,,
,,
,,
,,
,,
,,
,,
,,
,,
,,
,,
,,
,,
,,
,,
,,
,,
,,
,,
,,
,,
,,
,,
,,
,,
,,
,,
,,
,,
,,
,,
,,
,,
,,
,,
,,
,,
,,
,,
,,
,,
,,
,,
,,
,,
,,
,,
,,
,,
,,
,,
,,
,,
,,
,,
,,
,,
,,
,,
,,
,,
,,
,,
,,
,,
,,
,,
,,
,,
,,
,,
,,
,,
,,
,,
,,
,,
,,
,,
,,
,,
,,
,,
,,
,,
,,
,,
,,
,,
,,
,,
,,
,,
,,
,,
,,
,,
,,
,,
,,
,,
,,
,,
,,
,,
,,
,,
,,
,,
,,
,,
,,
,,
,,
,,
,,
,,
,,
,,
,,
,,
,,
,,
,,
,,
,,
,,
,,
,,
,,
,,
,,
,,
,,
,,
,,
,,
,,
,,
,,
,,
,,
,,
,,
,,
,,
,,
,,
,,
,,
,,
,,
,,
,,
,,
,,
,,
,,
,,
,,
,,
,,
,,
,,
,,
,,
,,
,,
,,
,,
,,
,,
,,
,,
,,
,,
,,
,,
,,
,,
,,
,,
,,
,,
,,
,,
,,
,,
,,
,,
,,
,,
,,
,,
,,
,,
,,
,,
,,
,,
,,
,,
,,
,,
,,
,,
,,
,,
,,
,,
,,
,,
,,
,,
,,
,,
,,
,,
,,
,,
,,
,,
,,
,,
,,
,,
,,
,,
,,
,,
,,
,,
,,
,,
,,
,,
,,
,,
,,
,,
,,
,,
,,
,,
,,
,,
,,
,,
,,
,,
,,
,,
,,
,,
,,
,,
,,
,,
,,
,,
,,
,,
,,
,,
,,
,,
,,
,,
,,
,,
,,
,,
,,
,,
,,
,,
,,
,,
,,
,,
,,
,,
,,
,,
,,
,,
,,
,,
,,
,,
,,
,,
,,
,,
,,
,,
,,
,,
,,
,,
,,
,,
,,
,,
,,
,,
,,
,,
,,
,,
,,
,,
,,
,,
,,
,,
,,
,,
,,
,,
,,
,,
,,
,,
,,
,,
,,
,,
,,
,,
,,
,,
,,
,,
,,
,,
,,
,,
,,
,,
,,
,,
,,
,,
,,
,,
,,
,,
,,
,,
,,
,,
,,
,,
,,
,,
,,
,,
,,
,,
,,
,,
,,
,,
,,
,,
,,
,,
,,
,,
,,
,,
,,
,,
,,
,,
,,
,,
,,
,,
,,
,,
,,
,,
,,
,,
,,
,,
,,
,,
,,
,,
,,
,,
,,
,,
,,
,,
,,
,,
,,
,,
,,
,,
,,
,,
,,
,,
,,
,,
,,
,,
,,
,,
,,
,,
,,
,,
,,
,,
,,
,,
,,
,,
,,
,,
,,
,,
,,
,,
,,
,,
,,
,,
,,
,,
,,
,,
,,
,,
,,
,,
,,
,,
,,
,,
,,
,,
,,
,,
,,
,,
,,
,,
,,
,,
,,
,,
,,
,,
,,
,,
,,
,,
,,
,,
,,
,,
,,
,,
,,
,,
,,
,,
,,
,,
,,
,,
,,
,,
,,
,,
,,
,,
,,
,,
,,
,,
,,
,,
,,
,,
,,
,,
,,
,,
,,
,,
,,
,,
,,
,,
,,
,,
,,
,,
,,
,,
,,
,,
,,
,,
,,
,,
,,
,,
,,
,,
,,
,,
,,
,,
,,
,,
,,
,,
,,
,,
,,
,,
,,
,,
,,
,,
,,
,,
,,
,,
,,
,,
,,
,,
,,
,,
,,
,,
,,
,,
,,
,,
,,
,,
,,
,,
,,
,,
,,
,,
,,
,,
,,
,,
,,
,,
,,
,,
,,
,,
,,
,,
,,
,,
,,
,,
,,
,,
,,
,,
,,
,,
,,
,,
,,
,,
,,
,,
,,
,,
,,
,,
,,
,,
,,
,,
,,
,,
,,
,,
,,
,,
,,
,,
,,
,,
,,
,,
,,
,,
,,
,,
,,
,,
,,
,,
,,
,,
,,
,,
,,
,,
,,
,,
,,
,,
,,
,,
,,
,,
,,
,,
,,
,,
,,
,,
,,
,,
,,
,,
,,
,,
,,
,,
,,
,,
,,
,,
,,
,,
,,
,,
,,
,,
,,
,,
,,
,,
,,
,,
,,
,,
,,
,,
,,
,,
,,
,,
,,
,,
,,
,,
,,
,,
,,
,,
,,
,,
,,
,,
,,
,,
,,
,,
,,
,,
,,
,,
,,
,,
,,
,,
,,
,,
,,
,,
,,
,,
,,
,,
,,
,,
,,
,,
,,
,,
,,
,,
,,
,,
,,
,,
,,
,,
,,
,,
,,
,,
,,
,,
,,
,,
,,
,,
,,
,,
,,
,,
,,
,,
,,
,,
,,
,,
,,
,,
,,
,,
,,
,,
,,
,,
,,
,,
,,
,,
,,
,,
,,
,,
,,
,,
,,
,,
,,
,,
,,
,,
,,
,,
,,
,,
,,
,,
,,
,,
,,
,,
,,
,,
,,
,,
,,
,,
,,
,,
,,
,,
,,
,,
,,
,,
,,
,,
,,
,,
,,
,,
,,
,,
,,
,,
,,
,,
,,
,,
,,
,,
,,
,,
,,
,,
,,
,,
,,
,,
,,
,,
,,
,,
,,
,,
,,
,,
,,
,,
,,
,,
,,
,,
,,
,,
,,
,,
,,
,,
,,
,,
,,
,,
,,
,,
,,
,,
,,
,,
,,
,,
,,
,,
,,
,,
,,
,,
,,
,,
,,
"ListingKey","CheckInDate","CheckOutDate"
"1","2026-07-11","2026-08-10"
"2","2026-12-20","2027-01-19"
"3","2026-09-01","2026-10-01"
"4","2026-12-06","2027-01-05"
"5","2027-02-28","2027-03-30"
"6","2027-01-02","2027-02-01"
"7","2026-12-23","2027-01-22"
"8","2026-08-01","2026-08-31"
"9","2026-07-31","2026-08-30"
"10","",""
"11","2026-07-08","2026-07-11"
"12","2026-08-07","2026-09-06"
"13","2026-06-30","2026-07-30"
"14","2026-07-01","2026-07-31"
"15","",""
"16","",""
"17","2027-01-01","2027-01-31"
"18","2026-07-05","2026-07-07"
"19","2026-06-14","2026-06-15"
"20","2026-08-15","2026-09-14"
"21","2026-06-17","2026-07-17"
"22","2026-06-14","2026-07-14"
"23","2026-08-26","2026-09-25"
"24","2027-03-01","2027-05-30"
"25","2026-10-31","2026-11-30"
"26","2026-07-17","2026-08-16"
"27","2026-09-05","2026-10-05"
"28","2026-06-14","2026-07-14"
"29","2026-06-21","2026-07-21"
"30","2027-01-01","2027-01-31"
"31","",""
"32","2026-06-18","2026-06-19"
"33","",""
"34","",""
"35","",""
"36","2026-09-01","2026-10-01"
"37","2026-07-20","2026-07-22"
"38","2026-06-21","2026-07-21"
"39","",""
"40","2026-07-05","2026-07-07"
"41","2026-07-27","2026-08-26"
"42","2026-09-01","2026-10-01"
"43","2026-06-19","2026-06-22"
"44","2026-07-02","2026-07-06"
"45","",""
"46","2026-08-03","2026-09-02"
"47","2026-07-14","2026-08-13"
"48","",""
"49","2026-06-14","2026-07-14"
"50","2026-06-22","2026-07-22"
"51","2026-12-22","2027-01-21"
"52","",""
"53","2026-06-27","2026-07-11"
"54","",""
"55","",""
"56","2026-07-01","2026-07-02"
"57","2026-06-15","2026-07-15"
"58","2026-06-15","2026-07-15"
"59","2026-06-15","2026-07-15"
"60","2026-06-14","2026-07-14"
"61","2026-07-26","2026-07-29"
"62","2026-07-16","2026-08-15"
"63","2026-07-09","2026-08-08"
"64","2026-06-28","2026-07-02"
"65","",""
"66","2026-07-31","2026-08-30"
"67","2026-07-01","2026-07-31"
"68","2026-06-14","2026-07-14"
"69","",""
"70","2026-08-01","2026-08-31"
"71","2026-12-20","2027-01-21"
"72","2027-01-17","2027-02-16"
"73","2026-06-15","2026-07-15"
"74","",""
"75","",""
"76","2026-07-04","2026-08-03"
"77","2026-07-01","2026-07-31"
"78","2026-09-01","2026-10-01"
"79","",""
"80","2026-06-15","2026-07-15"
"81","2026-06-30","2026-07-30"
"82","",""
"83","2026-09-08","2026-10-08"
"84","",""
"85","",""
"86","2026-08-23","2026-09-22"
"87","2026-11-01","2026-12-01"
"88","2026-07-16","2026-08-15"
"89","2026-07-31","2026-08-30"
"90","2026-11-01","2026-12-01"
"91","2026-06-27","2026-07-27"
"92","",""
"93","",""
"94","2027-01-01","2027-01-31"
"95","2026-10-08","2026-11-07"
"96","2026-06-15","2026-07-15"
"97","2026-06-16","2026-06-17"
"98","",""
"99","2027-05-02","2027-05-03"
"100","2027-05-02","2027-05-03"
"101","2027-05-02","2027-05-03"
"102","2026-08-21","2026-09-20"
"103","2027-01-09","2027-02-08"
"104","2026-08-01","2026-08-31"
"105","2026-07-18","2026-08-17"
"106","2026-06-16","2026-06-17"
"107","2027-01-02","2027-02-01"
"108","2026-08-23","2026-08-30"
"109","2027-01-01","2027-01-31"
"110","2026-06-21","2026-07-21"
"111","2026-09-01","2026-10-01"
"112","",""
"113","2027-05-02","2027-05-03"
"114","2026-06-22","2026-07-22"
"115","2026-09-27","2026-10-27"
"116","2026-11-01","2026-12-01"
"117","2026-09-16","2026-11-04"
"118","2026-08-29","2026-09-28"
"119","",""
"120","2026-07-31","2026-08-30"
"121","2026-07-27","2026-08-26"
"122","2027-03-17","2027-04-16"
"123","2026-06-17","2026-07-17"
"124","2026-10-13","2026-11-12"
"125","2026-11-01","2026-12-01"
"126","2026-06-14","2026-07-14"
"127","2026-08-01","2026-08-31"
"128","2026-07-19","2026-07-22"
"129","",""
"130","2026-08-01","2026-08-31"
"131","2026-07-19","2026-08-18"
"132","",""
"133","2026-06-14","2026-07-14"
"134","",""
"135","2026-06-21","2026-07-21"
"136","",""
"137","2026-12-29","2027-01-29"
"138","2026-08-23","2026-08-27"
"139","",""
"140","2026-07-28","2026-07-30"
"141","2026-06-25","2026-06-27"
"142","",""
"143","2026-08-04","2026-09-03"
"144","2026-06-14","2026-07-14"
"145","2026-07-22","2026-08-22"
"146","",""
"147","2026-09-01","2026-10-02"
"148","",""
"149","",""
"150","2026-07-12","2026-08-11"
"151","2026-06-15","2026-07-15"
"152","",""
"153","2026-06-28","2026-06-29"
"154","2026-07-01","2026-07-31"
"155","",""
"156","2026-06-15","2026-07-15"
"157","2026-07-06","2026-08-05"
"158","",""
"159","2026-06-21","2026-07-21"
"160","2026-08-10","2026-09-09"
"161","",""
"162","",""
"163","2026-06-18","2026-06-20"
"164","",""
"165","",""
"166","",""
"167","2026-08-15","2026-09-14"
"168","2026-06-14","2026-07-14"
"169","2026-06-19","2026-06-21"
"170","2026-06-14","2026-07-14"
"171","2026-07-02","2026-08-01"
"172","2027-04-01","2027-04-04"
"173","2026-06-16","2026-07-16"
"174","2026-08-01","2026-08-31"
"175","2026-10-01","2026-10-31"
"176","",""
"177","",""
"178","2026-08-22","2026-09-21"
"179","2026-06-17","2026-07-17"
"180","",""
"181","2026-06-17","2026-07-17"
"182","",""
"183","",""
"184","2026-07-21","2026-07-25"
"185","",""
"186","2026-07-10","2026-08-09"
"187","2026-07-25","2026-08-24"
"188","2026-06-15","2026-07-15"
"189","",""
"190","2026-07-05","2026-08-04"
"191","2026-08-06","2026-09-05"
"192","2026-11-01","2026-12-01"
"193","2027-03-15","2027-04-14"
"194","2026-07-31","2026-08-30"
"195","2026-08-08","2026-09-07"
"196","2026-06-15","2026-07-15"
"197","2026-06-24","2026-07-24"
"198","2026-06-30","2026-07-03"
"199","",""
"200","2026-06-14","2026-07-14"
"201","2026-11-11","2026-12-11"
"202","2026-06-21","2026-07-21"
"203","2027-02-01","2027-03-03"
"204","2026-09-03","2026-10-03"
"205","2026-07-03","2026-08-02"
"206","2026-10-03","2026-11-02"
"207","2026-06-21","2026-07-21"
"208","",""
"209","2026-07-01","2026-07-03"
"210","",""
"211","2026-06-16","2026-06-17"
"212","2026-06-15","2026-07-15"
"213","2026-11-02","2026-12-02"
"214","2026-06-14","2026-07-14"
"215","",""
"216","2026-08-14","2026-09-13"
"217","2026-06-14","2026-07-14"
"218","",""
"219","2026-06-28","2026-07-01"
"220","2026-06-16","2026-06-17"
"221","2026-06-16","2026-06-17"
"222","2026-06-16","2026-06-17"
"223","2026-06-16","2026-06-17"
"224","2026-06-16","2026-06-17"
"225","2026-06-16","2026-06-17"
"226","2026-06-16","2026-06-17"
"227","",""
"228","2027-05-02","2027-05-03"
"229","2027-05-02","2027-05-03"
"230","2026-06-16","2026-06-17"
"231","2027-05-02","2027-05-03"
"232","2026-07-01","2026-07-31"
"233","2026-06-23","2026-06-26"
"234","2026-11-01","2026-12-01"
"235","2026-08-01","2026-09-30"
"236","",""
"237","",""
"238","",""
"239","",""
"240","2026-06-14","2026-07-14"
"241","",""
"242","",""
"243","2026-07-01","2026-07-31"
"244","2026-07-01","2026-07-31"
"245","",""
"246","",""
"247","",""
"248","2026-11-21","2026-12-21"
"249","2026-08-09","2026-09-08"
"250","",""
"251","2027-01-01","2027-01-31"
"252","2026-10-23","2026-12-22"
"253","",""
"254","2026-06-15","2026-07-15"
"255","2026-06-14","2026-07-14"
"256","",""
"257","2026-06-15","2026-07-15"
"258","2026-07-01","2026-07-31"
"259","2026-07-11","2026-08-10"
"260","2026-09-01","2026-10-01"
"261","2026-09-12","2026-10-12"
"262","2026-06-22","2026-12-19"
"263","2026-07-01","2026-07-31"
"264","2026-07-15","2026-07-16"
"265","",""
"266","2026-08-01","2026-08-31"
"267","",""
"268","",""
"269","2026-10-31","2026-11-30"
"270","2026-06-28","2026-07-28"
"271","",""
"272","",""
"273","2026-09-01","2026-11-30"
"274","2026-06-15","2026-06-16"
"275","2026-06-16","2026-06-17"
"276","2026-06-15","2026-06-16"
"277","2026-07-21","2026-07-22"
"278","2026-07-21","2026-07-22"
"279","",""
"280","2026-12-19","2027-01-18"
"281","",""
"282","2026-10-14","2026-11-13"
"283","",""
"284","2026-06-14","2026-07-14"
"285","",""
"286","2026-08-03","2026-09-02"
"287","2026-10-01","2026-10-31"
"288","2026-08-20","2026-09-19"
"289","2026-10-31","2026-11-30"
"290","2026-06-16","2026-07-16"
"291","2026-08-31","2026-09-30"
"292","2026-08-01","2026-08-31"
"293","2026-06-16","2026-07-16"
"294","2027-01-01","2027-01-31"
"295","2027-01-01","2027-01-31"
"296","2026-07-02","2026-07-04"
"297","",""
"298","2026-07-02","2026-08-01"
"299","2026-12-24","2027-01-23"
"300","",""
"301","",""
"302","2026-07-11","2026-08-10"
"303","2026-07-06","2026-08-05"
"304","",""
"305","2026-06-16","2026-07-16"
"306","",""
"307","2026-06-16","2026-07-16"
"308","2026-08-31","2026-10-01"
"309","",""
"310","2026-08-22","2026-09-21"
"311","2026-06-30","2026-07-01"
"312","",""
"313","",""
"314","2026-06-15","2026-07-15"
"315","2026-06-27","2026-07-27"
"316","2026-06-29","2026-07-29"
"317","2026-10-15","2026-11-14"
"318","",""
"319","2026-06-15","2026-06-18"
"320","2026-06-15","2026-07-15"
"321","2026-08-10","2026-09-09"
"322","",""
"323","2026-08-31","2026-09-30"
"324","2026-06-15","2026-07-15"
"325","2026-08-01","2026-09-30"
"326","2026-06-15","2026-07-15"
"327","2026-08-01","2026-08-31"
"328","2026-06-14","2026-07-14"
"329","",""
"330","",""
"331","2026-07-01","2026-07-31"
"332","2026-10-10","2026-11-09"
"333","2026-09-01","2026-10-01"
"334","2026-06-15","2026-07-15"
"335","",""
"336","2026-07-25","2026-08-24"
"337","2027-03-01","2027-03-31"
"338","2026-08-09","2026-09-08"
"339","",""
"340","2026-06-21","2026-06-25"
"341","",""
"342","2026-06-16","2026-07-16"
"343","",""
"344","2026-11-24","2026-12-24"
"345","2026-06-15","2026-07-15"
"346","2026-10-01","2026-12-14"
"347","",""
"348","2026-08-01","2026-08-31"
"349","2026-09-29","2027-02-26"
"350","2026-06-26","2026-08-10"
"351","",""
"352","2026-06-17","2026-07-17"
"353","2026-06-14","2026-07-14"
"354","2026-06-15","2026-06-17"
"355","",""
"356","2026-07-31","2026-08-30"
"357","2026-06-17","2026-07-17"
"358","",""
"359","",""
"360","2026-07-05","2026-08-04"
"361","2027-01-01","2027-01-31"
"362","2026-08-31","2026-09-30"
"363","2026-06-15","2026-07-15"
"364","2027-01-04","2027-02-23"
"365","",""
"366","",""
"367","",""
"368","",""
"369","",""
"370","2026-11-25","2026-12-25"
"371","",""
"372","2026-06-14","2026-07-14"
"373","2026-06-15","2026-07-15"
"374","2026-08-17","2026-09-16"
"375","",""
"376","2026-07-01","2026-11-28"
"377","2026-06-30","2026-07-30"
"378","",""
"379","",""
"380","2026-06-16","2026-07-16"
"381","2026-08-11","2026-08-12"
"382","2026-06-17","2026-07-17"
"383","",""
"384","2026-06-21","2026-07-21"
"385","",""
"386","",""
"387","",""
"388","2026-10-04","2026-11-03"
"389","2026-07-24","2026-08-23"
"390","2027-05-01","2027-05-31"
"391","2026-06-15","2026-07-15"
"392","",""
"393","",""
"394","2026-07-02","2026-08-01"
"395","2026-09-24","2026-10-24"
"396","",""
"397","2026-08-03","2026-09-02"
"398","2026-10-03","2026-11-03"
"399","2026-11-05","2026-12-05"
"400","2026-06-17","2026-07-17"
"401","2026-11-17","2026-12-17"
"402","2026-07-10","2026-08-09"
"403","2026-11-01","2026-12-01"
"404","2026-06-14","2026-07-14"
"405","2026-07-15","2026-08-14"
"406","2026-06-14","2026-07-14"
"407","",""
"408","2026-07-17","2026-08-16"
"409","",""
"410","",""
"411","2026-08-04","2026-09-03"
"412","2026-08-01","2026-08-03"
"413","",""
"414","",""
"415","2026-10-18","2026-11-17"
"416","",""
"417","",""
"418","",""
"419","2026-06-14","2026-07-14"
"420","2026-06-15","2026-07-15"
"421","",""
"422","2026-09-01","2026-10-01"
"423","2026-07-11","2026-08-10"
"424","2026-07-01","2026-07-31"
"425","2026-09-01","2026-10-01"
"426","",""
"427","2026-08-01","2026-08-31"
"428","",""
"429","2026-08-11","2026-11-09"
"430","",""
"431","2026-06-15","2026-07-15"
"432","2026-08-10","2026-09-09"
"433","2026-08-09","2026-09-09"
"434","",""
"435","",""
"436","",""
"437","",""
"438","2026-06-17","2026-07-17"
"439","",""
"440","2026-07-12","2026-08-11"
"441","",""
"442","2026-07-21","2026-08-20"
"443","",""
"444","2026-09-14","2026-10-14"
"445","2026-09-08","2026-10-08"
"446","2026-08-24","2026-09-23"
"447","",""
"448","2026-10-01","2026-10-31"
"449","2026-11-01","2026-12-01"
"450","2026-10-20","2026-10-22"
"451","",""
"452","",""
"453","2026-08-08","2026-09-07"
"454","2026-10-01","2026-11-01"
"455","",""
"456","",""
"457","2026-06-15","2026-07-15"
"458","",""
"459","",""
"460","2026-06-15","2026-07-15"
"461","",""
"462","2026-06-22","2026-09-20"
"463","2026-06-29","2026-08-28"
"464","2026-07-14","2026-08-14"
"465","2026-08-01","2026-08-31"
"466","",""
"467","2026-06-16","2026-07-16"
"468","2026-07-26","2026-07-28"
"469","2026-07-31","2026-08-30"
"470","",""
"471","2026-06-15","2026-07-15"
"472","2026-07-06","2026-08-05"
"473","",""
"474","",""
"475","",""
"476","2026-07-02","2026-08-01"
"477","2026-06-17","2026-06-19"
"478","",""
"479","2026-08-04","2026-09-03"
"480","2026-10-31","2026-11-30"
"481","",""
"482","2026-06-15","2026-07-15"
"483","",""
"484","",""
"485","",""
"486","2026-09-29","2026-10-29"
"487","2026-06-14","2026-07-14"
"488","",""
"489","",""
"490","2027-01-01","2027-01-31"
"491","",""
"492","",""
"493","",""
"494","2026-08-16","2026-09-15"
"495","2026-06-22","2027-06-22"
"496","",""
"497","2026-06-30","2026-07-03"
"498","",""
"499","2027-01-13","2027-01-16"
"500","",""
"501","2026-06-14","2026-07-14"
"502","2027-01-01","2027-01-31"
"503","2026-06-18","2026-07-18"
"504","2026-10-10","2026-11-09"
"505","2026-07-18","2026-07-20"
"506","2026-09-01","2026-10-01"
"507","2026-07-05","2026-08-04"
"508","2026-06-14","2026-07-14"
"509","2026-07-31","2026-08-30"
"510","2026-07-01","2026-07-31"
"511","2026-12-23","2027-01-22"
"512","2026-06-22","2026-08-21"
"513","2026-06-17","2026-07-17"
"514","",""
"515","2026-06-21","2026-07-21"
"516","2027-05-10","2027-06-09"
"517","2027-05-02","2027-05-03"
"518","2027-05-02","2027-05-03"
"519","2026-06-17","2026-07-17"
"520","",""
"521","",""
"522","",""
"523","2026-10-30","2026-11-29"
"524","2026-07-04","2026-08-03"
"525","2026-08-18","2026-09-17"
"526","2026-06-16","2026-07-16"
"527","",""
"528","",""
"529","2026-10-22","2026-11-21"
"530","2026-06-15","2026-06-18"
"531","",""
"532","2026-06-15","2026-07-15"
"533","2026-07-21","2026-08-20"
"534","",""
"535","2026-08-16","2026-09-15"
"536","2026-07-04","2026-07-07"
"537","2026-08-17","2026-09-16"
"538","2026-08-01","2026-08-31"
"539","",""
"540","2026-06-21","2026-07-21"
"541","2026-10-06","2026-11-05"
"542","2026-06-16","2026-07-16"
"543","",""
"544","2026-08-20","2026-09-19"
"545","2026-06-15","2026-07-15"
"546","",""
"547","2026-07-03","2026-08-02"
"548","2026-09-01","2026-10-01"
"549","2026-06-14","2026-07-14"
"550","",""
"551","",""
"552","2026-06-22","2026-07-22"
"553","2026-06-16","2026-07-16"
"554","2026-07-01","2026-07-31"
"555","2026-06-14","2026-07-14"
"556","2026-08-09","2026-09-08"
"557","",""
"558","2026-07-02","2026-07-03"
"559","2027-05-01","2027-05-31"
"560","",""
"561","2026-10-31","2026-11-30"
"562","2026-09-30","2026-10-30"
"563","",""
"564","",""
"565","2026-06-14","2026-07-14"
"566","",""
"567","2027-03-01","2027-04-30"
"568","",""
"569","",""
"570","",""
"571","2026-07-31","2026-08-30"
"572","",""
"573","",""
"574","2026-06-17","2026-07-17"
"575","",""
"576","",""
"577","",""
"578","",""
"579","2026-07-27","2026-07-29"
"580","2026-09-03","2026-10-03"
"581","2026-06-17","2026-07-17"
"582","",""
"583","",""
"584","2026-06-28","2026-07-28"
"585","2026-09-24","2026-10-24"
"586","2026-07-11","2026-08-10"
"587","2026-08-16","2026-09-15"
"588","2026-08-01","2026-08-31"
"589","2026-07-31","2026-08-30"
"590","2026-12-14","2027-01-13"
"591","2026-07-22","2026-08-21"
"592","2026-06-14","2026-07-14"
"593","2026-06-16","2026-07-16"
"594","",""
"595","",""
"596","",""
"597","",""
"598","2026-08-03","2026-09-02"
"599","",""
"600","2026-10-31","2026-11-30"
"601","",""
"602","",""
"603","2026-08-14","2026-09-13"
"604","",""
"605","",""
"606","2026-08-01","2026-08-31"
"607","2026-06-23","2026-07-23"
"608","2026-10-16","2026-11-15"
"609","",""
"610","2026-06-14","2026-07-14"
"611","2026-06-17","2026-07-17"
"612","",""
"613","",""
"614","",""
"615","",""
"616","",""
"617","2026-09-01","2026-10-01"
"618","",""
"619","2026-11-03","2026-12-03"
"620","2026-07-01","2026-09-29"
"621","2026-08-01","2026-08-31"
"622","2026-06-28","2026-07-02"
"623","",""
"624","2026-07-21","2026-08-20"
"625","2027-01-01","2027-01-31"
"626","2026-12-24","2027-01-23"
"627","2026-07-22","2026-08-21"
"628","2026-06-14","2026-07-14"
"629","2026-07-03","2026-08-02"
"630","2026-08-01","2026-08-31"
"631","",""
"632","2026-09-02","2026-10-02"
"633","2026-07-31","2026-08-30"
"634","2026-07-02","2026-08-02"
"635","",""
"636","",""
"637","",""
"638","2026-08-18","2026-08-21"
"639","2026-12-23","2027-01-22"
"640","2026-11-20","2026-12-20"
"641","2026-07-28","2026-08-27"
"642","2026-09-26","2026-10-26"
"643","2026-07-01","2026-07-31"
"644","",""
"645","",""
"646","",""
"647","2026-06-23","2026-06-24"
"648","2026-06-14","2026-07-14"
"649","2026-06-25","2026-12-22"
"650","2026-07-07","2026-08-06"
"651","",""
"652","",""
"653","2026-07-14","2026-08-13"
"654","2026-11-20","2026-12-21"
"655","",""
"656","2026-06-21","2026-07-21"
"657","2026-09-01","2026-10-01"
"658","2026-07-11","2026-08-10"
"659","",""
"660","2026-07-25","2026-08-24"
"661","",""
"662","2026-10-04","2026-11-03"
"663","",""
"664","",""
"665","2026-11-03","2026-12-03"
"666","",""
"667","",""
"668","2026-10-17","2026-11-16"
"669","2026-09-01","2026-10-01"
"670","2026-07-13","2026-07-16"
"671","2026-12-23","2027-01-22"
"672","2026-09-01","2026-10-01"
"673","",""
"674","",""
"675","2026-08-15","2026-09-14"
"676","",""
"677","2026-06-18","2026-07-18"
"678","2026-07-02","2026-08-01"
"679","2026-06-14","2026-07-14"
"680","2026-08-23","2026-09-22"
"681","",""
"682","",""
"683","2026-07-15","2026-08-14"
"684","2026-06-30","2026-07-31"
"685","2026-08-01","2026-08-31"
"686","2026-06-16","2026-07-16"
"687","2026-07-20","2026-08-19"
"688","2026-11-26","2026-12-26"
"689","2027-05-01","2027-05-31"
"690","2026-10-01","2026-10-31"
"691","2026-06-14","2026-07-14"
"692","",""
"693","2026-06-21","2026-07-21"
"694","2026-06-21","2026-07-21"
"695","",""
"696","2026-07-04","2026-08-03"
"697","2026-07-04","2026-08-03"
"698","2026-07-04","2026-08-03"
"699","2026-11-10","2026-12-10"
"700","",""
"701","2026-06-28","2026-07-28"
"702","",""
"703","2026-11-01","2026-12-01"
"704","2026-10-04","2026-11-03"
"705","",""
"706","",""
"707","",""
"708","2026-07-03","2026-08-02"
"709","2026-08-04","2026-09-03"
"710","2026-08-10","2026-09-09"
"711","2026-07-25","2026-07-27"
"712","2026-07-09","2026-08-08"
"713","2026-12-31","2027-01-30"
"714","2026-07-08","2026-08-07"
"715","2026-08-01","2026-08-31"
"716","2026-09-20","2026-10-20"
"717","2026-09-14","2026-10-14"
"718","2026-06-23","2026-06-25"
"719","",""
"720","2026-06-15","2026-07-15"
"721","2026-06-15","2026-07-15"
"722","2026-06-17","2026-07-17"
"723","2026-08-22","2026-09-21"
"724","2026-06-15","2026-07-15"
"725","2026-12-24","2027-01-23"
"726","2026-08-01","2026-08-31"
"727","2026-06-14","2026-07-14"
"728","",""
"729","",""
"730","2026-06-28","2026-07-28"
"731","2026-06-17","2026-07-17"
"732","2026-07-25","2026-08-24"
"733","",""
"734","",""
"735","2026-07-05","2026-08-04"
"736","2026-07-26","2026-08-25"
"737","",""
"738","2026-06-15","2026-07-15"
"739","2026-08-07","2026-09-06"
"740","2026-08-09","2026-09-08"
"741","2026-09-28","2026-10-28"
"742","2026-10-26","2026-11-25"
"743","2026-06-17","2026-07-17"
"744","",""
"745","2026-11-02","2026-12-02"
"746","2026-06-15","2026-07-15"
"747","2026-06-14","2026-07-14"
"748","2026-12-30","2027-01-29"
"749","",""
"750","2026-07-03","2026-07-08"
"751","2026-07-31","2026-08-30"
"752","2026-08-26","2026-09-25"
"753","2026-10-10","2026-11-09"
"754","2026-06-15","2026-07-15"
"755","2026-06-15","2026-07-15"
"756","",""
"757","2026-11-03","2026-12-03"
"758","2026-06-22","2026-08-17"
"759","2026-08-17","2026-09-16"
"760","",""
"761","",""
"762","2026-06-18","2026-07-18"
"763","",""
"764","",""
"765","2026-11-15","2026-12-15"
"766","2026-08-30","2026-09-29"
"767","2026-08-12","2026-09-11"
"768","2026-06-14","2026-07-14"
"769","2026-06-15","2026-07-15"
"770","2026-07-31","2026-08-30"
"771","2027-01-31","2027-03-02"
"772","",""
"773","2026-06-14","2026-07-14"
"774","2026-06-22","2026-09-20"
"775","",""
"776","2026-06-15","2026-06-19"
"777","2026-11-01","2026-12-01"
"778","2026-06-14","2026-07-14"
"779","2026-07-02","2026-07-04"
"780","",""
"781","2027-01-01","2027-01-31"
"782","2026-08-21","2026-09-20"
"783","",""
"784","",""
"785","",""
"786","2026-08-23","2026-09-22"
"787","2026-12-20","2027-01-19"
"788","",""
"789","",""
"790","2026-10-01","2026-11-30"
"791","",""
"792","2026-06-15","2026-06-19"
"793","2026-08-01","2026-08-31"
"794","",""
"795","",""
"796","2026-06-30","2026-07-31"
"797","2026-12-01","2027-01-30"
"798","",""
"799","2026-06-20","2026-07-20"
"800","2026-06-15","2026-07-15"
"801","2026-06-15","2026-06-16"
"802","",""
"803","2027-02-01","2027-03-03"
"804","",""
"805","2026-11-01","2026-12-01"
"806","2026-07-14","2026-08-13"
"807","2026-06-15","2026-07-15"
"808","",""
"809","2027-01-01","2027-01-31"
"810","2026-08-22","2026-09-21"
"811","",""
"812","2026-06-15","2026-06-18"
"813","2026-07-03","2026-08-02"
"814","",""
"815","2026-06-14","2026-07-14"
"816","",""
"817","2026-08-01","2026-08-31"
"818","2026-07-21","2026-08-20"
"819","",""
"820","2027-01-01","2027-01-31"
"821","2026-08-02","2026-09-01"
"822","2026-08-15","2026-11-12"
"823","2026-08-02","2026-09-01"
"824","",""
"825","",""
"826","",""
"827","2026-06-15","2026-07-15"
"828","2026-07-02","2026-07-06"
"829","",""
"830","",""
"831","2026-07-31","2026-08-30"
"832","2026-07-15","2026-08-14"
"833","",""
"834","2026-07-10","2026-08-09"
"835","",""
"836","2027-01-30","2027-03-01"
"837","2026-06-16","2026-07-16"
"838","2026-08-09","2026-09-08"
"839","2026-06-21","2026-07-21"
"840","2026-06-15","2026-07-15"
"841","",""
"842","",""
"843","2026-07-15","2026-08-14"
"844","2026-09-25","2026-11-17"
"845","2026-07-04","2026-08-03"
"846","2027-02-05","2027-03-07"
"847","",""
"848","2026-06-17","2026-07-17"
"849","2026-06-15","2026-06-16"
"850","2026-08-08","2026-09-07"
"851","2026-12-08","2027-01-07"
"852","2026-06-15","2026-07-15"
"853","2026-12-14","2027-01-14"
"854","",""
"855","2026-06-14","2026-07-14"
"856","",""
"857","",""
"858","",""
"859","2026-06-29","2026-07-03"
"860","2026-12-21","2027-01-20"
"861","",""
"862","2026-07-31","2026-08-30"
"863","2026-06-21","2026-07-21"
"864","",""
"865","2026-10-30","2026-11-29"
"866","2026-06-14","2026-07-14"
"867","2026-06-21","2026-07-21"
"868","2026-06-21","2026-07-21"
"869","2026-06-24","2026-06-25"
"870","",""
"871","",""
"872","2026-06-22","2026-06-24"
"873","2026-08-03","2026-08-06"
"874","",""
"875","2026-06-21","2026-07-21"
"876","",""
"877","2026-06-15","2026-07-15"
"878","2026-07-14","2026-08-13"
"879","2026-07-16","2026-08-15"
"880","2026-07-11","2026-07-13"
"881","2026-06-16","2026-07-16"
"882","2027-01-01","2027-01-31"
"883","2026-09-28","2026-10-28"
"884","2026-06-21","2026-07-21"
"885","2026-06-25","2026-07-25"
"886","2026-06-30","2026-07-30"
"887","2026-08-17","2026-09-16"
"888","",""
"889","2026-08-08","2026-09-07"
"890","",""
"891","2026-06-14","2026-07-14"
"892","2026-08-22","2026-09-21"
"893","",""
"894","2026-07-31","2026-08-30"
"895","",""
"896","2026-06-16","2026-07-16"
"897","2026-06-15","2026-07-15"
"898","2026-07-19","2026-08-18"
"899","2026-07-21","2026-08-20"
"900","2026-06-30","2026-07-30"
"901","",""
"902","",""
"903","2026-06-14","2026-07-14"
"904","2026-07-01","2026-07-31"
"905","",""
"906","2026-06-15","2026-07-15"
"907","2026-07-27","2026-08-26"
"908","2026-06-14","2026-07-14"
"909","2026-08-01","2026-08-31"
"910","2026-06-14","2026-07-14"
"911","2026-06-15","2026-07-15"
"912","",""
"913","2026-10-25","2026-11-24"
"914","",""
"915","",""
"916","",""
"917","2026-06-28","2026-06-30"
"918","2026-06-23","2026-07-23"
"919","2026-06-17","2026-07-17"
"920","",""
"921","",""
"922","2026-06-16","2026-07-16"
"923","2026-09-02","2026-10-02"
"924","2026-08-02","2026-09-01"
"925","",""
"926","",""
"927","2026-06-21","2026-07-21"
"928","",""
"929","",""
"930","",""
"931","",""
"932","",""
"933","2026-07-02","2026-08-01"
"934","",""
"935","",""
"936","",""
"937","2026-06-15","2026-07-15"
"938","2026-06-15","2026-07-15"
"939","",""
"940","",""
"941","",""
"942","",""
"943","2026-06-14","2026-07-14"
"944","2026-12-13","2027-01-12"
"945","2026-09-21","2026-10-21"
"946","",""
"947","2026-08-01","2026-08-31"
"948","2026-08-31","2026-09-30"
"949","",""
"950","2026-06-21","2026-07-21"
"951","",""
"952","",""
"953","2026-09-01","2026-10-01"
"954","2026-08-11","2026-09-10"
"955","2026-06-15","2026-07-15"
"956","",""
"957","2026-06-22","2027-06-22"
"958","",""
"959","",""
"960","2026-07-13","2026-08-12"
"961","2026-07-07","2026-07-10"
"962","2027-04-16","2027-05-16"
"963","",""
"964","2026-08-06","2026-09-05"
"965","",""
"966","2026-06-21","2026-07-21"
"967","",""
"968","",""
"969","2026-08-25","2026-09-24"
"970","",""
"971","2026-11-01","2026-12-01"
"972","2026-07-08","2026-08-07"
"973","",""
"974","2026-07-21","2026-08-21"
"975","2027-04-10","2027-05-10"
"976","",""
"977","2026-10-01","2026-11-01"
"978","2026-06-29","2026-07-29"
"979","2026-07-07","2026-07-10"
"980","",""
"981","2026-06-15","2026-07-15"
"982","",""
"983","",""
"984","2026-06-21","2026-07-21"
"985","2026-06-27","2026-07-27"
"986","",""
"987","",""
"988","",""
"989","",""
"990","2026-06-14","2026-07-14"
"991","2026-08-01","2026-08-31"
"992","",""
"993","",""
"994","2026-06-14","2026-07-14"
"995","2026-08-08","2026-09-07"
"996","2027-01-01","2027-01-31"
"997","2026-06-22","2026-08-21"
"998","",""
"999","2026-07-15","2026-08-14"
"1000","",""
"1001","",""
"1002","",""
"1003","",""
"1004","2026-12-15","2027-01-14"
"1005","",""
"1006","2026-07-21","2026-08-20"
"1007","2026-06-23","2026-07-23"
"1008","",""
"1009","",""
"1010","",""
"1011","",""
"1012","2026-06-15","2026-07-15"
"1013","2026-06-16","2026-07-16"
"1014","2026-06-20","2026-07-20"
"1015","",""
"1016","2026-09-26","2026-10-26"
"1017","",""
"1018","",""
"1019","",""
"1020","2026-07-31","2026-08-30"
"1021","",""
"1022","",""
"1023","",""
"1024","",""
"1025","",""
"1026","",""
"1027","2026-06-21","2026-07-21"
"1028","",""
"1029","",""
"1030","",""
"1031","",""
"1032","",""
"1033","",""
"1034","2026-07-26","2026-08-25"
"1035","",""
"1036","2026-09-01","2026-10-01"
"1037","",""
"1038","",""
"1039","2026-12-01","2026-12-31"
"1040","",""
"1041","2026-09-28","2026-11-14"
"1042","",""
"1043","",""
"1044","",""
"1045","",""
"1046","2026-11-01","2026-12-01"
"1047","2026-08-19","2027-02-15"
"1048","2026-09-30","2026-10-30"
"1049","",""
"1050","",""
"1051","2026-06-15","2026-07-15"
"1052","2026-08-01","2026-08-31"
"1053","",""
"1054","",""
"1055","",""
"1056","",""
"1057","2026-08-23","2026-09-22"
"1058","",""
"1059","",""
"1060","",""
"1061","",""
"1062","",""
"1063","",""
"1064","2026-08-04","2026-09-03"
"1065","",""
"1066","",""
"1067","2026-09-06","2026-10-06"
"1068","2026-09-17","2026-10-17"
"1069","2026-06-21","2026-06-23"
"1070","2026-08-01","2026-08-31"
"1071","2026-09-06","2026-10-06"
"1072","",""
"1073","2026-12-01","2026-12-31"
"1074","2026-06-15","2026-07-15"
"1075","",""
"1076","2026-06-14","2026-07-14"
"1077","2026-11-06","2026-12-06"
"1078","2026-06-14","2026-07-14"
"1079","",""
"1080","",""
"1081","",""
"1082","",""
"1083","2026-08-07","2026-09-06"
"1084","",""
"1085","",""
"1086","2026-08-19","2026-09-18"
"1087","",""
"1088","",""
"1089","",""
"1090","",""
"1091","2026-11-23","2026-12-23"
"1092","2026-07-01","2026-07-31"
"1093","2026-06-28","2026-07-28"
"1094","",""
"1095","",""
"1096","2026-09-25","2026-10-25"
"1097","2026-08-02","2026-09-01"
"1098","",""
"1099","",""
"1100","",""
"1101","2026-06-15","2026-07-15"
"1102","",""
"1103","2026-06-22","2026-06-23"
"1104","",""
"1105","",""
"1106","2026-08-30","2026-09-29"
"1107","2026-06-20","2026-06-21"
"1108","",""
"1109","2026-06-16","2026-07-16"
"1110","",""
"1111","2026-07-13","2026-08-12"
"1112","",""
"1113","",""
"1114","",""
"1115","2026-06-18","2026-07-18"
"1116","2026-06-14","2026-07-14"
"1117","2026-06-14","2026-07-14"
"1118","2026-08-01","2026-08-31"
"1119","2027-01-30","2027-03-01"
"1120","",""
"1121","2026-07-14","2026-08-13"
"1122","",""
"1123","",""
"1124","",""
"1125","2026-11-03","2026-12-03"
"1126","2026-07-05","2026-07-08"
"1127","",""
"1128","2026-07-31","2026-08-30"
"1129","2026-12-01","2026-12-31"
"1130","",""
"1131","",""
"1132","",""
"1133","",""
"1134","2026-06-15","2026-07-15"
"1135","2026-09-01","2026-10-01"
"1136","2026-11-01","2026-12-13"
"1137","",""
"1138","",""
"1139","2026-06-24","2026-06-26"
"1140","",""
"1141","2026-09-26","2026-10-26"
"1142","",""
"1143","2026-06-18","2026-07-18"
"1144","2027-01-01","2027-01-31"
"1145","",""
"1146","2026-06-14","2026-07-14"
"1147","2026-06-26","2026-06-27"
"1148","2026-11-01","2026-12-01"
"1149","2026-12-09","2027-01-08"
"1150","2026-11-14","2026-12-14"
"1151","",""
"1152","",""
"1153","",""
"1154","",""
"1155","2026-06-16","2026-07-16"
"1156","2026-07-26","2026-08-26"
"1157","",""
"1158","",""
"1159","",""
"1160","",""
"1161","",""
"1162","2026-06-15","2026-06-19"
"1163","",""
"1164","",""
"1165","2026-11-13","2026-12-13"
"1166","",""
"1167","",""
"1168","",""
"1169","2026-06-14","2026-07-14"
"1170","2027-03-01","2027-03-31"
"1171","2026-08-31","2026-09-30"
"1172","2026-07-28","2026-08-27"
"1173","2026-10-01","2026-10-31"
"1174","2026-09-02","2026-11-16"
"1175","",""
"1176","",""
"1177","2026-09-30","2026-10-30"
"1178","",""
"1179","2026-08-12","2026-09-11"
"1180","2026-07-25","2026-08-24"
"1181","2026-07-09","2026-08-08"
"1182","",""
"1183","",""
"1184","",""
"1185","",""
"1186","",""
"1187","2026-08-20","2026-09-19"
"1188","2026-10-11","2026-11-10"
"1189","",""
"1190","2026-08-16","2026-09-15"
"1191","",""
"1192","",""
"1193","2027-01-01","2027-01-31"
"1194","",""
"1195","2026-08-01","2026-08-31"
"1196","",""
"1197","2027-01-11","2027-02-10"
"1198","2026-06-21","2026-07-21"
"1199","",""
"1200","2026-06-15","2026-07-15"
"1201","2026-06-16","2026-07-16"
"1202","2026-06-14","2026-07-14"
"1203","",""
"1204","2026-11-07","2026-11-12"
"1205","",""
"1206","2026-06-17","2026-07-17"
"1207","2026-06-14","2026-07-14"
"1208","2026-06-14","2026-07-14"
"1209","",""
"1210","",""
"1211","",""
"1212","",""
"1213","",""
"1214","",""
"1215","",""
"1216","",""
"1217","",""
"1218","",""
"1219","2026-08-09","2026-09-08"
"1220","",""
"1221","2026-08-10","2026-09-09"
"1222","",""
"1223","",""
"1224","2026-08-02","2026-09-01"
"1225","",""
"1226","2026-06-14","2026-07-14"
"1227","2026-09-01","2026-10-01"
"1228","2026-08-23","2026-09-22"
"1229","2027-03-21","2027-05-10"
"1230","",""
"1231","",""
"1232","",""
"1233","2026-07-28","2026-08-27"
"1234","2026-07-16","2026-08-15"
"1235","",""
"1236","2026-09-29","2026-10-29"
"1237","",""
"1238","2026-09-14","2026-10-15"
"1239","2026-08-09","2026-09-08"
"1240","2026-08-15","2026-09-14"
"1241","",""
"1242","2026-09-01","2026-10-01"
"1243","2026-06-16","2026-07-16"
"1244","",""
"1245","2026-07-21","2026-08-20"
"1246","",""
"1247","",""
"1248","",""
"1249","2026-08-09","2026-09-08"
"1250","2026-08-01","2026-08-31"
"1251","",""
"1252","",""
"1253","2026-06-25","2026-08-24"
"1254","2026-11-08","2026-12-08"
"1255","",""
"1256","",""
"1257","2026-06-25","2026-08-24"
"1258","",""
"1259","2026-07-06","2026-07-09"
"1260","2026-09-01","2026-10-01"
"1261","",""
"1262","",""
"1263","",""
"1264","2026-06-16","2026-07-16"
"1265","2026-10-01","2026-10-31"
"1266","2026-08-03","2026-08-10"
"1267","2026-08-15","2026-09-14"
"1268","2026-06-15","2026-06-18"
"1269","2026-10-21","2026-11-20"
"1270","",""
"1271","2026-07-28","2026-08-27"
"1272","2026-07-27","2026-08-26"
"1273","",""
"1274","",""
"1275","",""
"1276","",""
"1277","2026-10-03","2026-11-02"
"1278","",""
"1279","",""
"1280","2026-11-28","2026-12-28"
"1281","2026-10-12","2026-11-11"
"1282","",""
"1283","",""
"1284","2026-07-01","2026-07-31"
"1285","2026-07-26","2026-08-25"
"1286","",""
"1287","",""
"1288","",""
"1289","2026-06-14","2026-07-14"
"1290","2026-10-25","2026-11-24"
"1291","",""
"1292","",""
"1293","2026-08-08","2026-09-07"
"1294","2026-06-17","2026-07-17"
"1295","",""
"1296","",""
"1297","",""
"1298","",""
"1299","",""
"1300","2026-06-15","2026-07-15"
"1301","",""
"1302","2026-12-20","2027-01-19"
"1303","2026-08-03","2026-09-02"
"1304","",""
"1305","",""
"1306","2026-08-01","2026-08-31"
"1307","",""
"1308","",""
"1309","2026-06-21","2026-07-21"
"1310","2026-06-22","2026-07-22"
"1311","2026-06-14","2026-07-14"
"1312","2026-08-24","2026-09-23"
"1313","",""
"1314","",""
"1315","2026-06-30","2026-07-30"
"1316","",""
"1317","",""
"1318","",""
"1319","",""
"1320","2026-12-19","2027-01-18"
"1321","2026-10-01","2026-10-31"
"1322","",""
"1323","2026-10-12","2026-11-11"
"1324","",""
"1325","2026-06-26","2026-06-29"
"1326","",""
"1327","",""
"1328","",""
"1329","2026-06-22","2026-07-22"
"1330","",""
"1331","",""
"1332","2026-08-05","2026-09-04"
"1333","",""
"1334","2026-06-15","2026-07-15"
"1335","",""
"1336","",""
"1337","2026-07-01","2026-07-31"
"1338","",""
"1339","2026-06-15","2026-07-15"
"1340","",""
"1341","2026-08-10","2026-09-09"
"1342","2026-06-17","2026-07-17"
"1343","",""
"1344","2027-01-01","2027-01-31"
"1345","",""
"1346","",""
"1347","",""
"1348","",""
"1349","2026-07-04","2027-03-01"
"1350","2026-09-05","2026-10-05"
"1351","2026-08-01","2026-08-31"
"1352","",""
"1353","",""
"1354","2026-07-05","2026-08-04"
"1355","",""
"1356","",""
"1357","",""
"1358","",""
"1359","2026-08-31","2026-09-30"
"1360","",""
"1361","2026-06-16","2026-07-16"
"1362","",""
"1363","2026-10-15","2026-11-14"
"1364","",""
"1365","",""
"1366","",""
"1367","2027-01-01","2027-04-01"
"1368","",""
"1369","",""
"1370","",""
"1371","",""
"1372","2026-06-14","2026-07-14"
"1373","2026-08-25","2026-09-24"
"1374","2026-06-14","2026-07-14"
"1375","",""
"1376","",""
"1377","",""
"1378","",""
"1379","",""
"1380","2026-12-01","2026-12-31"
"1381","",""
"1382","2026-07-18","2026-08-17"
"1383","",""
"1384","2026-07-22","2026-08-21"
"1385","",""
"1386","2026-06-14","2026-07-14"
"1387","",""
"1388","2026-06-19","2026-06-20"
"1389","",""
"1390","",""
"1391","2026-06-18","2026-06-19"
"1392","",""
"1393","2026-08-01","2026-08-31"
"1394","2026-06-19","2026-07-19"
"1395","2026-06-20","2026-06-24"
"1396","2026-06-14","2026-07-14"
"1397","2026-10-01","2026-10-31"
"1398","2026-06-16","2026-07-16"
"1399","2026-06-29","2026-08-28"
"1400","",""
"1401","",""
"1402","2026-07-27","2026-07-30"
"1403","",""
"1404","2026-06-30","2026-07-30"
"1405","",""
"1406","2026-06-16","2026-07-16"
"1407","2026-06-16","2026-07-16"
"1408","2026-08-06","2026-09-05"
"1409","",""
"1410","2027-04-01","2027-05-01"
"1411","2026-06-15","2026-06-17"
"1412","2026-06-15","2026-07-15"
"1413","",""
"1414","",""
"1415","",""
"1416","",""
"1417","",""
"1418","",""
"1419","2026-06-15","2026-06-16"
"1420","",""
"1421","2027-01-01","2027-01-31"
"1422","2026-07-07","2026-07-09"
"1423","",""
"1424","2027-01-01","2027-01-31"
"1425","",""
"1426","",""
"1427","",""
"1428","",""
"1429","",""
"1430","2027-01-10","2027-02-09"
"1431","",""
"1432","",""
"1433","",""
"1434","",""
"1435","",""
"1436","2026-07-27","2026-08-26"
"1437","",""
"1438","",""
"1439","2026-07-23","2026-08-22"
"1440","2026-06-15","2026-07-15"
"1441","",""
"1442","2026-08-05","2026-08-09"
"1443","2026-08-16","2026-09-15"
"1444","2026-07-06","2026-07-08"
"1445","",""
"1446","2026-08-01","2027-02-27"
"1447","",""
"1448","",""
"1449","2026-07-05","2026-08-04"
"1450","",""
"1451","2026-06-21","2026-07-21"
"1452","2026-09-29","2026-10-29"
"1453","",""
"1454","",""
"1455","",""
"1456","2026-06-20","2026-06-23"
"1457","2026-08-01","2026-08-31"
"1458","2026-10-03","2026-11-02"
"1459","",""
"1460","2026-08-01","2026-08-31"
"1461","2026-06-15","2026-07-15"
"1462","",""
"1463","2026-06-14","2026-07-14"
"1464","2027-01-01","2027-01-31"
"1465","",""
"1466","",""
"1467","",""
"1468","2026-08-15","2026-09-14"
"1469","",""
"1470","",""
"1471","2026-08-03","2026-09-02"
"1472","",""
"1473","",""
"1474","",""
"1475","",""
"1476","",""
"1477","",""
"1478","2026-07-09","2026-08-08"
"1479","2026-07-31","2026-08-30"
"1480","",""
"1481","",""
"1482","",""
"1483","",""
"1484","2026-12-24","2027-01-23"
"1485","",""
"1486","",""
"1487","2026-08-31","2026-09-30"
"1488","2026-07-19","2026-08-18"
"1489","",""
"1490","",""
"1491","2026-07-13","2026-08-12"
"1492","",""
"1493","",""
"1494","2026-06-17","2026-07-17"
"1495","2026-06-14","2026-07-14"
"1496","2026-08-16","2026-09-15"
"1497","2026-07-11","2026-08-10"
"1498","2026-11-26","2026-12-26"
"1499","",""
"1500","2026-06-21","2026-07-21"
"1501","",""
"1502","2026-10-31","2026-11-30"
"1503","2026-09-01","2026-10-01"
"1504","2026-09-01","2026-10-01"
"1505","2027-03-01","2027-03-31"
"1506","2026-08-01","2026-09-30"
"1507","2026-06-21","2026-07-21"
"1508","",""
"1509","",""
"1510","",""
"1511","",""
"1512","2026-06-15","2026-06-16"
"1513","",""
"1514","",""
"1515","2026-06-30","2026-07-30"
"1516","",""
"1517","",""
"1518","",""
"1519","2027-01-01","2027-01-31"
"1520","2026-06-28","2026-07-01"
"1521","2026-06-16","2026-06-21"
"1522","2026-07-31","2026-08-30"
"1523","2026-06-26","2026-07-26"
"1524","2026-06-28","2026-07-03"
"1525","",""
"1526","2026-06-17","2026-07-17"
"1527","",""
"1528","2026-11-22","2027-01-21"
"1529","",""
"1530","",""
"1531","",""
"1532","",""
"1533","",""
"1534","",""
"1535","2026-08-14","2026-09-13"
"1536","2026-06-22","2027-06-22"
"1537","",""
"1538","",""
"1539","2026-09-01","2026-10-01"
"1540","",""
"1541","",""
"1542","",""
"1543","2026-11-01","2027-04-30"
"1544","2026-08-17","2026-09-16"
"1545","",""
"1546","",""
"1547","",""
"1548","2026-06-27","2026-07-27"
"1549","",""
"1550","",""
"1551","",""
"1552","",""
"1553","2026-08-27","2026-09-26"
"1554","2026-11-30","2026-12-30"
"1555","2026-06-14","2026-07-14"
"1556","",""
"1557","",""
"1558","",""
"1559","2026-06-22","2026-09-20"
"1560","2026-11-01","2026-12-01"
"1561","2026-08-02","2026-08-04"
"1562","2027-02-01","2027-03-03"
"1563","2026-07-08","2026-07-10"
"1564","",""
"1565","2026-07-31","2026-08-30"
"1566","",""
"1567","2026-08-01","2026-08-31"
"1568","2026-08-31","2026-09-30"
"1569","2026-07-02","2026-07-05"
"1570","",""
"1571","2026-06-16","2026-07-16"
"1572","2026-08-08","2026-08-12"
"1573","2026-09-30","2026-10-30"
"1574","2026-10-01","2026-10-31"
"1575","2027-01-01","2027-02-15"
"1576","2026-06-16","2026-07-16"
"1577","2026-08-24","2026-09-23"
"1578","",""
"1579","2026-06-15","2026-07-15"
"1580","2026-12-19","2027-01-18"
"1581","",""
"1582","",""
"1583","",""
"1584","",""
"1585","",""
"1586","",""
"1587","",""
"1588","",""
"1589","",""
"1590","",""
"1591","",""
"1592","2026-12-21","2027-01-20"
"1593","2026-08-01","2026-08-31"
"1594","",""
"1595","2026-06-15","2026-07-15"
"1596","",""
"1597","",""
"1598","2026-06-16","2026-07-16"
"1599","",""
"1600","",""
"1601","",""
"1602","2026-07-01","2026-07-31"
"1603","",""
"1604","2026-06-15","2026-07-15"
"1605","",""
"1606","",""
"1607","2026-11-02","2026-12-02"
"1608","",""
"1609","2026-11-03","2026-12-03"
"1610","",""
"1611","2027-01-03","2027-02-02"
"1612","2026-06-15","2026-07-15"
"1613","",""
"1614","",""
"1615","2026-06-21","2026-06-23"
"1616","2026-06-19","2026-06-22"
"1617","",""
"1618","",""
"1619","2026-06-20","2026-06-21"
"1620","",""
"1621","2026-06-15","2026-07-15"
"1622","2026-08-15","2026-09-14"
"1623","2026-06-14","2026-07-14"
"1624","",""
"1625","2026-08-08","2026-09-07"
"1626","2026-08-01","2026-08-31"
"1627","",""
"1628","2026-08-12","2026-09-11"
"1629","",""
"1630","2026-07-21","2026-08-20"
"1631","",""
"1632","",""
"1633","",""
"1634","2026-06-15","2026-07-15"
"1635","",""
"1636","",""
"1637","2026-06-14","2026-07-14"
"1638","",""
"1639","",""
"1640","2026-09-01","2026-10-01"
"1641","",""
"1642","",""
"1643","",""
"1644","2026-06-17","2026-07-17"
"1645","",""
"1646","2026-07-31","2026-08-30"
"1647","",""
"1648","2026-12-03","2027-01-02"
"1649","",""
"1650","2026-06-14","2026-07-14"
"1651","2026-08-01","2026-08-31"
"1652","2026-07-16","2026-08-15"
"1653","2026-07-14","2026-08-13"
"1654","2026-08-28","2026-09-27"
"1655","2026-06-21","2026-06-24"
"1656","",""
"1657","2026-06-14","2026-07-14"
"1658","",""
"1659","",""
"1660","",""
"1661","",""
"1662","2026-06-16","2026-06-18"
"1663","2026-07-11","2026-08-10"
"1664","",""
"1665","2026-06-15","2026-07-15"
"1666","2027-03-31","2027-04-30"
"1667","2026-07-27","2026-07-30"
"1668","2027-01-01","2027-01-31"
"1669","2026-06-17","2026-07-18"
"1670","",""
"1671","",""
"1672","2026-08-11","2026-09-10"
"1673","",""
"1674","",""
"1675","",""
"1676","2026-10-24","2026-10-29"
"1677","",""
"1678","",""
"1679","2026-07-31","2026-08-30"
"1680","",""
"1681","",""
"1682","2026-08-08","2026-09-07"
"1683","2026-06-15","2026-07-15"
"1684","2026-07-18","2026-08-17"
"1685","",""
"1686","",""
"1687","2026-10-01","2026-10-31"
"1688","",""
"1689","",""
"1690","",""
"1691","2026-06-16","2026-07-16"
"1692","2026-11-30","2026-12-30"
"1693","2026-11-04","2026-12-04"
"1694","",""
"1695","",""
"1696","",""
"1697","",""
"1698","",""
"1699","",""
"1700","",""
"1701","",""
"1702","",""
"1703","",""
"1704","",""
"1705","",""
"1706","2027-01-01","2027-01-31"
"1707","",""
"1708","",""
"1709","2026-09-23","2026-10-23"
"1710","",""
"1711","",""
"1712","",""
"1713","",""
"1714","",""
"1715","",""
"1716","",""
"1717","",""
"1718","",""
"1719","",""
"1720","",""
"1721","",""
"1722","2027-03-03","2027-04-02"
"1723","",""
"1724","2026-07-31","2026-08-31"
"1725","2026-10-31","2026-11-30"
"1726","",""
"1727","2026-09-21","2026-10-21"
"1728","",""
"1729","",""
"1730","2026-06-15","2026-07-15"
"1731","2026-06-15","2026-07-15"
"1732","2026-07-30","2026-08-03"
"1733","2026-08-09","2026-09-08"
"1734","",""
"1735","",""
"1736","",""
"1737","",""
"1738","2026-07-24","2026-08-24"
"1739","",""
"1740","2026-06-14","2026-07-14"
"1741","2027-04-02","2027-05-02"
"1742","",""
"1743","",""
"1744","",""
"1745","",""
"1746","",""
"1747","2026-06-21","2026-07-21"
"1748","",""
"1749","2027-03-12","2027-04-11"
"1750","",""
"1751","",""
"1752","2026-08-01","2026-08-31"
"1753","",""
"1754","",""
"1755","2026-06-14","2026-07-14"
"1756","",""
"1757","",""
"1758","",""
"1759","2026-08-09","2026-09-08"
"1760","",""
"1761","2026-08-01","2026-09-01"
"1762","2026-07-04","2026-08-03"
"1763","2026-06-21","2026-07-21"
"1764","",""
"1765","",""
"1766","2026-06-21","2026-07-21"
"1767","2026-12-20","2027-01-19"
"1768","2026-08-17","2026-09-16"
"1769","",""
"1770","2026-06-17","2026-07-17"
"1771","2026-06-22","2026-06-23"
"1772","2026-12-31","2027-01-01"
"1773","",""
"1774","2026-09-19","2026-10-19"
"1775","2026-07-08","2026-07-09"
"1776","2026-07-02","2026-08-01"
"1777","",""
"1778","",""
"1779","2027-01-03","2027-02-02"
"1780","2026-06-23","2026-06-25"
"1781","",""
"1782","",""
"1783","",""
"1784","",""
"1785","2026-06-18","2026-07-18"
"1786","",""
"1787","",""
"1788","",""
"1789","",""
"1790","",""
"1791","2026-06-17","2026-07-17"
"1792","2026-08-31","2026-09-30"
"1793","2026-10-31","2026-11-30"
"1794","2026-08-01","2026-08-31"
"1795","2026-09-30","2026-10-30"
"1796","",""
"1797","2026-07-25","2026-08-24"
"1798","2026-06-15","2026-07-15"
"1799","2026-06-22","2026-12-19"
"1800","",""
"1801","",""
"1802","",""
"1803","",""
"1804","",""
"1805","2026-08-15","2026-09-14"
"1806","2026-07-15","2026-08-14"
"1807","",""
"1808","",""
"1809","",""
"1810","",""
"1811","2026-07-01","2026-07-31"
"1812","",""
"1813","",""
"1814","2026-06-14","2026-07-14"
"1815","2026-06-15","2026-07-15"
"1816","",""
"1817","",""
"1818","",""
"1819","",""
"1820","",""
"1821","",""
"1822","2026-06-15","2026-06-21"
"1823","",""
"1824","",""
"1825","",""
"1826","",""
"1827","",""
"1828","",""
"1829","",""
"1830","",""
"1831","",""
"1832","",""
"1833","2026-08-30","2026-09-29"
"1834","2026-08-07","2026-09-06"
"1835","2026-06-22","2026-12-19"
"1836","",""
"1837","",""
"1838","",""
"1839","",""
"1840","",""
"1841","",""
"1842","2026-07-02","2026-08-01"
"1843","",""
"1844","",""
"1845","",""
"1846","2026-06-17","2026-07-17"
"1847","",""
"1848","",""
"1849","",""
"1850","2027-01-01","2027-01-31"
"1851","",""
"1852","2026-06-15","2026-07-15"
"1853","2026-06-14","2026-07-14"
"1854","2026-08-01","2026-08-31"
"1855","2026-06-25","2026-06-28"
"1856","",""
"1857","",""
"1858","2026-09-08","2026-10-18"
"1859","2026-12-20","2026-12-22"
"1860","2026-06-19","2026-07-19"
"1861","",""
"1862","",""
"1863","2026-06-21","2026-06-23"
"1864","",""
"1865","",""
"1866","",""
"1867","",""
"1868","",""
"1869","2026-07-02","2026-08-01"
"1870","",""
"1871","",""
"1872","2026-06-14","2026-07-14"
"1873","",""
"1874","",""
"1875","2026-09-28","2026-10-28"
"1876","",""
"1877","2027-01-01","2027-01-31"
"1878","",""
"1879","",""
"1880","",""
"1881","2027-04-01","2027-05-01"
"1882","",""
"1883","",""
"1884","",""
"1885","2026-08-09","2026-09-08"
"1886","",""
"1887","",""
"1888","",""
"1889","2026-09-15","2026-10-15"
"1890","2026-06-30","2026-07-30"
"1891","",""
"1892","2026-09-16","2026-10-16"
"1893","",""
"1894","",""
"1895","2026-11-03","2026-12-03"
"1896","2026-08-01","2026-08-31"
"1897","",""
"1898","2026-06-29","2026-08-03"
"1899","",""
"1900","2026-06-15","2026-07-15"
"1901","",""
"1902","",""
"1903","",""
"1904","",""
"1905","",""
"1906","",""
"1907","",""
"1908","2026-06-26","2026-07-26"
"1909","",""
"1910","2026-09-01","2026-10-01"
"1911","2027-01-01","2027-01-31"
"1912","2026-08-16","2026-09-15"
"1913","",""
"1914","",""
"1915","2026-06-15","2026-07-15"
"1916","",""
"1917","",""
"1918","",""
"1919","",""
"1920","2026-06-22","2027-06-22"
"1921","2026-07-12","2026-08-11"
"1922","2026-08-18","2026-09-17"
"1923","2026-06-15","2026-07-15"
"1924","",""
"1925","",""
"1926","",""
"1927","",""
"1928","",""
"1929","",""
"1930","",""
"1931","",""
"1932","2026-07-06","2026-08-05"
"1933","",""
"1934","2026-06-14","2026-07-14"
"1935","",""
"1936","",""
"1937","2026-08-17","2026-09-16"
"1938","",""
"1939","2026-06-14","2026-07-14"
"1940","2026-06-14","2026-07-14"
"1941","2026-06-14","2026-07-14"
"1942","2026-06-23","2026-06-24"
"1943","",""
"1944","",""
"1945","2026-06-21","2026-06-22"
"1946","",""
"1947","",""
"1948","",""
"1949","2027-01-09","2027-02-08"
"1950","",""
"1951","2026-07-13","2026-08-12"
"1952","2026-06-22","2026-07-22"
"1953","2026-06-22","2026-07-22"
"1954","",""
"1955","2026-08-30","2026-09-02"
"1956","2026-08-17","2026-09-16"
"1957","2026-06-15","2026-07-15"
"1958","2026-10-01","2026-10-31"
"1959","2026-06-16","2026-07-16"
"1960","",""
"1961","",""
"1962","",""
"1963","",""
"1964","2026-07-25","2026-08-24"
"1965","2026-06-16","2026-07-16"
"1966","2026-09-02","2026-10-02"
"1967","",""
"1968","",""
"1969","",""
"1970","",""
"1971","",""
"1972","2026-06-15","2026-07-15"
"1973","",""
"1974","",""
"1975","2026-07-31","2026-08-30"
"1976","",""
"1977","",""
"1978","",""
"1979","",""
"1980","2026-06-15","2026-07-15"
"1981","",""
"1982","2026-07-17","2026-08-16"
"1983","2026-07-31","2026-08-30"
"1984","",""
"1985","",""
"1986","2027-01-13","2027-02-12"
"1987","2026-06-15","2026-07-15"
"1988","",""
"1989","2027-01-02","2027-02-01"
"1990","",""
"1991","2026-09-23","2026-10-23"
"1992","2026-06-15","2026-07-15"
"1993","",""
"1994","",""
"1995","",""
"1996","",""
"1997","2026-06-15","2026-07-15"
"1998","2026-06-14","2026-07-14"
"1999","",""
"2000","",""
"2001","2026-10-25","2026-11-24"
"2002","2026-06-22","2026-07-22"
"2003","2026-06-28","2026-06-29"
"2004","2026-06-16","2026-07-16"
"2005","",""
"2006","",""
"2007","2026-06-16","2026-07-16"
"2008","",""
"2009","",""
"2010","",""
"2011","2026-11-20","2026-12-20"
"2012","2026-06-15","2026-07-15"
"2013","",""
"2014","",""
"2015","2026-06-14","2026-07-14"
"2016","",""
"2017","",""
"2018","2026-09-20","2026-10-20"
"2019","",""
"2020","2026-06-21","2026-07-21"
"2021","",""
"2022","2026-06-18","2026-06-19"
"2023","2026-08-15","2026-09-15"
"2024","",""
"2025","2026-06-18","2026-06-21"
"2026","",""
"2027","",""
"2028","2026-07-31","2026-08-30"
"2029","2026-06-14","2026-07-14"
"2030","2026-06-16","2026-07-16"
"2031","2026-06-21","2026-07-21"
"2032","2026-06-14","2026-07-14"
"2033","",""
"2034","2026-07-05","2026-07-07"
"2035","2026-07-06","2026-08-05"
"2036","",""
"2037","2026-06-21","2026-07-21"
"2038","",""
"2039","2026-08-10","2026-09-09"
"2040","",""
"2041","2026-07-01","2026-07-08"
"2042","",""
"2043","",""
"2044","2026-06-15","2026-07-16"
"2045","",""
"2046","2026-10-01","2026-10-02"
"2047","",""
"2048","2026-08-16","2026-09-15"
"2049","",""
"2050","2026-06-14","2026-07-14"
"2051","2027-01-05","2027-02-04"
"2052","2026-08-07","2026-09-06"
"2053","2026-10-31","2026-11-30"
"2054","2026-07-18","2026-08-17"
"2055","2026-06-17","2026-06-19"
"2056","",""
"2057","2026-06-19","2026-07-19"
"2058","2026-06-16","2026-07-16"
"2059","",""
"2060","",""
"2061","",""
"2062","2026-08-11","2026-09-10"
"2063","",""
"2064","2026-07-28","2026-07-31"
"2065","2026-06-30","2026-07-30"
"2066","",""
"2067","2026-06-19","2026-07-19"
"2068","2026-08-15","2026-09-14"
"2069","",""
"2070","2026-07-10","2026-07-11"
"2071","",""
"2072","",""
"2073","",""
"2074","",""
"2075","2026-09-30","2026-10-30"
"2076","",""
"2077","2026-09-25","2026-10-25"
"2078","2026-06-14","2026-07-14"
"2079","2026-07-05","2026-08-04"
"2080","",""
"2081","",""
"2082","",""
"2083","2026-09-06","2026-10-06"
"2084","",""
"2085","",""
"2086","",""
"2087","2026-06-14","2026-07-14"
"2088","",""
"2089","",""
"2090","",""
"2091","2026-06-21","2026-07-21"
"2092","2026-06-15","2026-07-15"
"2093","",""
"2094","2027-01-01","2027-01-31"
"2095","2026-06-14","2026-07-14"
"2096","",""
"2097","",""
"2098","2026-08-15","2026-09-14"
"2099","2026-09-30","2026-10-30"
"2100","2026-06-15","2026-07-15"
"2101","",""
"2102","",""
"2103","2026-08-15","2026-09-14"
"2104","2026-09-30","2026-10-30"
"2105","",""
"2106","",""
"2107","",""
"2108","",""
"2109","",""
"2110","2026-07-01","2026-07-31"
"2111","",""
"2112","2026-08-08","2026-09-07"
"2113","",""
"2114","2026-10-04","2026-11-03"
"2115","",""
"2116","2026-10-01","2026-10-31"
"2117","",""
"2118","",""
"2119","2026-07-23","2026-08-22"
"2120","",""
"2121","2026-10-01","2026-10-31"
"2122","2026-08-18","2026-09-17"
"2123","",""
"2124","2026-08-01","2026-08-31"
"2125","",""
"2126","2027-03-31","2027-04-30"
"2127","",""
"2128","",""
"2129","2026-08-06","2026-09-05"
"2130","",""
"2131","",""
"2132","",""
"2133","2026-06-15","2026-07-15"
"2134","",""
"2135","2026-06-18","2026-07-18"
"2136","2026-08-24","2026-09-23"
"2137","2026-08-31","2026-09-30"
"2138","",""
"2139","",""
"2140","2026-08-15","2026-09-14"
"2141","2026-06-21","2026-07-21"
"2142","2026-11-01","2026-12-01"
"2143","",""
"2144","",""
"2145","",""
"2146","2026-06-21","2026-06-22"
"2147","",""
"2148","",""
"2149","",""
"2150","",""
"2151","2027-04-01","2027-05-01"
"2152","2026-07-01","2026-07-31"
"2153","2026-06-17","2026-07-17"
"2154","",""
"2155","",""
"2156","",""
"2157","2026-08-08","2026-09-07"
"2158","",""
"2159","2026-06-15","2026-07-15"
"2160","2026-10-04","2026-10-06"
"2161","",""
"2162","",""
"2163","",""
"2164","",""
"2165","2026-10-01","2026-10-31"
"2166","2026-08-15","2026-09-14"
"2167","",""
"2168","",""
"2169","",""
"2170","",""
"2171","2026-06-21","2026-07-21"
"2172","2026-10-01","2026-10-31"
"2173","",""
"2174","",""
"2175","2026-08-14","2026-09-13"
"2176","",""
"2177","",""
"2178","",""
"2179","2026-07-06","2026-08-05"
"2180","2026-06-15","2026-07-15"
"2181","",""
"2182","2026-08-16","2026-09-15"
"2183","",""
"2184","2026-08-13","2026-09-12"
"2185","2027-03-01","2027-03-31"
"2186","2026-06-18","2026-07-18"
"2187","2026-07-08","2026-07-09"
"2188","",""
"2189","2026-11-02","2026-12-02"
"2190","",""
"2191","",""
"2192","2026-12-31","2027-01-30"
"2193","",""
"2194","",""
"2195","",""
"2196","2026-06-14","2026-07-14"
"2197","",""
"2198","",""
"2199","",""
"2200","2026-07-01","2026-07-31"
"2201","",""
"2202","",""
"2203","",""
"2204","",""
"2205","",""
"2206","2026-06-14","2026-07-14"
"2207","2026-12-30","2027-01-29"
"2208","2026-07-24","2026-08-23"
"2209","2026-07-21","2026-07-25"
"2210","2026-12-19","2027-01-18"
"2211","",""
"2212","",""
"2213","2026-06-24","2026-06-26"
"2214","",""
"2215","2026-06-14","2026-07-14"
"2216","",""
"2217","2026-08-01","2026-08-31"
"2218","2027-02-01","2027-03-03"
"2219","",""
"2220","2026-06-21","2026-07-21"
"2221","",""
"2222","2027-01-08","2027-01-13"
"2223","",""
"2224","",""
"2225","",""
"2226","",""
"2227","",""
"2228","",""
"2229","",""
"2230","",""
"2231","2026-07-11","2026-08-10"
"2232","",""
"2233","",""
"2234","2026-08-17","2026-09-16"
"2235","",""
"2236","",""
"2237","2026-06-18","2026-07-18"
"2238","",""
"2239","",""
"2240","",""
"2241","",""
"2242","",""
"2243","2026-09-25","2026-10-25"
"2244","",""
"2245","2026-07-01","2026-07-31"
"2246","",""
"2247","2026-12-26","2027-01-25"
"2248","2026-08-06","2026-09-05"
"2249","2026-08-16","2026-08-19"
"2250","2026-06-18","2026-06-22"
"2251","2026-06-16","2026-07-16"
"2252","",""
"2253","",""
"2254","",""
"2255","",""
"2256","2026-06-14","2026-07-14"
"2257","",""
"2258","",""
"2259","",""
"2260","",""
"2261","2026-06-17","2026-07-17"
"2262","2026-08-31","2026-09-30"
"2263","",""
"2264","",""
"2265","",""
"2266","",""
"2267","",""
"2268","",""
"2269","2026-06-30","2026-07-30"
"2270","2026-06-28","2026-07-08"
"2271","",""
"2272","",""
"2273","",""
"2274","",""
"2275","",""
"2276","",""
"2277","2026-08-03","2026-09-02"
"2278","2026-11-03","2026-12-03"
"2279","",""
"2280","2026-06-15","2026-07-15"
"2281","2026-06-17","2026-07-17"
"2282","",""
"2283","2026-11-28","2026-12-28"
"2284","",""
"2285","2026-08-03","2026-08-08"
"2286","",""
"2287","2026-06-17","2026-07-17"
"2288","2027-03-01","2027-03-04"
"2289","2026-06-15","2026-07-15"
"2290","",""
"2291","2026-07-05","2026-07-08"
"2292","",""
"2293","",""
"2294","",""
"2295","",""
"2296","",""
"2297","",""
"2298","2026-08-31","2026-09-30"
"2299","",""
"2300","",""
"2301","",""
"2302","",""
"2303","",""
"2304","",""
"2305","",""
"2306","",""
"2307","",""
"2308","",""
"2309","",""
"2310","2026-06-17","2026-07-17"
"2311","",""
"2312","",""
"2313","",""
"2314","2026-06-22","2026-07-22"
"2315","2026-06-15","2026-06-16"
"2316","",""
"2317","",""
"2318","",""
"2319","",""
"2320","",""
"2321","",""
"2322","",""
"2323","2026-08-08","2026-09-07"
"2324","",""
"2325","2026-08-10","2026-09-09"
"2326","",""
"2327","",""
"2328","2026-10-22","2026-11-21"
"2329","",""
"2330","2026-08-04","2026-09-03"
"2331","",""
"2332","",""
"2333","2026-08-07","2026-09-16"
"2334","",""
"2335","2026-06-21","2026-06-22"
"2336","2026-06-15","2026-07-15"
"2337","2026-08-09","2026-09-08"
"2338","",""
"2339","",""
"2340","",""
"2341","2026-09-08","2026-10-08"
"2342","",""
"2343","",""
"2344","",""
"2345","",""
"2346","2026-07-22","2026-08-21"
"2347","2026-10-01","2026-10-31"
"2348","",""
"2349","2026-08-03","2026-08-06"
"2350","2026-06-14","2026-07-14"
"2351","",""
"2352","",""
"2353","2026-06-15","2026-07-15"
"2354","2026-06-21","2026-07-21"
"2355","",""
"2356","",""
"2357","",""
"2358","",""
"2359","",""
"2360","2026-06-14","2026-07-14"
"2361","2026-07-01","2026-08-29"
"2362","",""
"2363","",""
"2364","",""
"2365","",""
"2366","2026-09-17","2026-10-17"
"2367","2026-06-14","2026-07-14"
"2368","",""
"2369","",""
"2370","",""
"2371","2026-07-05","2026-08-04"
"2372","2026-07-25","2026-08-24"
"2373","",""
"2374","",""
"2375","",""
"2376","2026-10-01","2026-10-31"
"2377","2026-06-16","2026-07-16"
"2378","",""
"2379","2026-09-30","2026-10-30"
"2380","",""
"2381","2026-08-20","2026-09-19"
"2382","",""
"2383","",""
"2384","",""
"2385","",""
"2386","",""
"2387","2026-07-27","2026-07-31"
"2388","",""
"2389","",""
"2390","2026-06-17","2026-07-17"
"2391","",""
"2392","",""
"2393","",""
"2394","2026-10-31","2026-12-30"
"2395","",""
"2396","",""
"2397","",""
"2398","",""
"2399","2026-07-31","2026-08-30"
"2400","",""
"2401","",""
"2402","2026-08-31","2026-09-30"
"2403","",""
"2404","",""
"2405","2026-06-16","2026-07-16"
"2406","2027-01-01","2027-01-31"
"2407","",""
"2408","",""
"2409","2026-08-02","2026-09-01"
"2410","2026-07-13","2026-08-12"
"2411","",""
"2412","",""
"2413","",""
"2414","2026-08-03","2026-09-02"
"2415","",""
"2416","2026-09-08","2026-10-08"
"2417","",""
"2418","",""
"2419","",""
"2420","2026-06-30","2026-07-30"
"2421","",""
"2422","",""
"2423","",""
"2424","2026-08-08","2026-08-12"
"2425","",""
"2426","",""
"2427","",""
"2428","",""
"2429","",""
"2430","",""
"2431","",""
"2432","2026-06-16","2026-07-16"
"2433","",""
"2434","2027-01-03","2027-02-02"
"2435","",""
"2436","2026-07-08","2026-08-07"
"2437","2026-08-01","2026-08-31"
"2438","",""
"2439","2026-06-15","2026-07-15"
"2440","2026-06-19","2026-06-21"
"2441","",""
"2442","",""
"2443","2026-07-31","2026-08-30"
"2444","",""
"2445","",""
"2446","2026-06-21","2026-06-24"
"2447","2026-06-17","2026-07-17"
"2448","",""
"2449","2026-08-31","2026-10-12"
"2450","2026-06-16","2026-07-16"
"2451","",""
"2452","",""
"2453","2026-12-01","2026-12-31"
"2454","",""
"2455","2026-07-22","2026-08-21"
"2456","2026-08-15","2026-09-14"
"2457","",""
"2458","2026-09-13","2026-10-13"
"2459","2026-06-15","2026-07-15"
"2460","2026-06-15","2026-07-15"
"2461","2026-06-15","2026-07-15"
"2462","2026-08-09","2026-09-08"
"2463","2026-06-15","2026-07-15"
"2464","2026-07-04","2026-08-03"
"2465","",""
"2466","",""
"2467","2026-06-20","2026-06-21"
"2468","",""
"2469","",""
"2470","",""
"2471","",""
"2472","2026-07-01","2026-08-01"
"2473","",""
"2474","2026-06-15","2026-06-16"
"2475","",""
"2476","",""
"2477","",""
"2478","",""
"2479","",""
"2480","",""
"2481","2026-07-24","2026-08-23"
"2482","",""
"2483","2026-12-14","2027-01-13"
"2484","",""
"2485","2026-08-17","2026-09-16"
"2486","",""
"2487","2026-07-31","2026-08-30"
"2488","",""
"2489","",""
"2490","2026-06-22","2026-08-21"
"2491","",""
"2492","",""
"2493","",""
"2494","2026-09-25","2026-10-25"
"2495","",""
"2496","2026-08-01","2026-08-31"
"2497","2026-08-06","2026-09-05"
"2498","",""
"2499","2026-07-21","2026-08-20"
"2500","",""
"2501","",""
"2502","",""
"2503","",""
"2504","2026-12-05","2027-01-04"
"2505","2026-09-12","2026-10-12"
"2506","",""
"2507","",""
"2508","2026-06-30","2026-07-30"
"2509","",""
"2510","",""
"2511","",""
"2512","",""
"2513","",""
"2514","",""
"2515","",""
"2516","",""
"2517","2026-06-16","2026-06-20"
"2518","",""
"2519","",""
"2520","",""
"2521","",""
"2522","",""
"2523","",""
"2524","",""
"2525","",""
"2526","",""
"2527","",""
"2528","",""
"2529","",""
"2530","2026-08-31","2026-11-14"
"2531","",""
"2532","",""
"2533","",""
"2534","",""
"2535","",""
"2536","",""
"2537","2026-06-15","2026-06-16"
"2538","",""
"2539","",""
"2540","2026-08-01","2026-08-31"
"2541","2026-06-30","2026-07-02"
"2542","",""
"2543","",""
"2544","",""
"2545","",""
"2546","2026-12-06","2027-01-05"
"2547","",""
"2548","2026-08-13","2026-09-12"
"2549","2026-08-12","2026-08-14"
"2550","",""
"2551","2026-08-09","2026-09-08"
"2552","",""
"2553","",""
"2554","",""
"2555","",""
"2556","",""
"2557","",""
"2558","",""
"2559","2026-06-15","2026-07-15"
"2560","2026-07-21","2026-08-20"
"2561","",""
"2562","",""
"2563","",""
"2564","2026-07-13","2026-07-15"
"2565","2026-06-29","2026-10-07"
"2566","",""
"2567","2026-06-15","2026-07-15"
"2568","",""
"2569","2026-06-21","2026-07-21"
"2570","2026-06-15","2026-06-16"
"2571","",""
"2572","",""
"2573","",""
"2574","",""
"2575","",""
"2576","",""
"2577","",""
"2578","",""
"2579","",""
"2580","2027-01-01","2027-01-31"
"2581","",""
"2582","",""
"2583","",""
"2584","",""
"2585","",""
"2586","",""
"2587","2026-06-15","2026-07-15"
"2588","",""
"2589","",""
"2590","",""
"2591","",""
"2592","2026-09-01","2026-10-01"
"2593","",""
"2594","",""
"2595","2026-07-31","2026-08-30"
"2596","",""
"2597","",""
"2598","",""
"2599","",""
"2600","2026-07-09","2026-08-08"
"2601","",""
"2602","",""
"2603","",""
"2604","2026-06-15","2026-07-15"
"2605","",""
"2606","",""
"2607","",""
"2608","",""
"2609","",""
"2610","2026-08-01","2026-08-31"
"2611","",""
"2612","2026-08-10","2026-09-09"
"2613","",""
"2614","",""
"2615","",""
"2616","",""
"2617","",""
"2618","",""
"2619","",""
"2620","",""
"2621","",""
"2622","",""
"2623","",""
"2624","2026-08-02","2026-09-01"
"2625","",""
"2626","",""
"2627","",""
"2628","2026-06-21","2026-06-24"
"2629","",""
"2630","2026-06-25","2026-07-02"
"2631","",""
"2632","2026-07-02","2026-08-01"
"2633","",""
"2634","",""
"2635","",""
"2636","",""
"2637","2026-07-21","2026-08-20"
"2638","",""
"2639","2026-09-01","2026-10-01"
"2640","",""
"2641","",""
"2642","",""
"2643","",""
"2644","",""
"2645","",""
"2646","",""
"2647","",""
"2648","",""
"2649","",""
"2650","2026-06-16","2026-06-17"
"2651","",""
"2652","",""
"2653","",""
"2654","",""
"2655","",""
"2656","",""
"2657","",""
"2658","2026-06-24","2026-07-24"
"2659","2026-06-25","2026-08-24"
"2660","",""
"2661","",""
"2662","2026-07-02","2026-08-01"
"2663","",""
"2664","",""
"2665","2026-06-15","2026-07-15"
"2666","",""
"2667","",""
"2668","",""
"2669","",""
"2670","",""
"2671","",""
"2672","",""
"2673","2027-01-01","2027-01-31"
"2674","2026-08-01","2026-08-31"
"2675","",""
"2676","",""
"2677","2026-10-04","2026-11-03"
"2678","",""
"2679","",""
"2680","",""
"2681","",""
"2682","",""
"2683","2026-10-27","2026-11-26"
"2684","",""
"2685","",""
"2686","",""
"2687","",""
"2688","2026-09-20","2026-10-20"
"2689","2026-06-30","2026-07-30"
"2690","",""
"2691","",""
"2692","2026-12-07","2027-01-06"
"2693","",""
"2694","",""
"2695","",""
"2696","2026-08-15","2026-09-14"
"2697","",""
"2698","2026-09-23","2026-10-23"
"2699","",""
"2700","",""
"2701","",""
"2702","",""
"2703","",""
"2704","2026-08-11","2026-09-10"
"2705","",""
"2706","",""
"2707","",""
"2708","",""
"2709","",""
"2710","",""
"2711","",""
"2712","",""
"2713","",""
"2714","",""
"2715","2026-08-15","2026-09-14"
"2716","2026-10-01","2026-10-31"
"2717","",""
"2718","2026-06-16","2026-07-16"
"2719","",""
"2720","",""
"2721","",""
"2722","",""
"2723","",""
"2724","",""
"2725","",""
"2726","2026-09-12","2026-11-11"
"2727","",""
"2728","",""
"2729","",""
"2730","",""
"2731","",""
"2732","2026-07-10","2026-08-09"
"2733","",""
"2734","",""
"2735","",""
"2736","",""
"2737","",""
"2738","",""
"2739","2026-06-16","2026-07-16"
"2740","",""
"2741","2026-06-14","2026-07-14"
"2742","",""
"2743","",""
"2744","2026-10-02","2026-11-01"
"2745","",""
"2746","",""
"2747","2027-03-01","2027-03-31"
"2748","",""
"2749","2026-11-28","2026-12-28"
"2750","",""
"2751","",""
"2752","",""
"2753","2026-06-15","2026-07-16"
"2754","",""
"2755","",""
"2756","2026-06-20","2026-06-21"
"2757","",""
"2758","2026-08-06","2026-09-05"
"2759","",""
"2760","",""
"2761","",""
"2762","",""
"2763","2026-09-01","2026-10-01"
"2764","",""
"2765","",""
"2766","2026-06-30","2026-07-30"
"2767","",""
"2768","",""
"2769","",""
"2770","",""
"2771","2026-11-12","2026-12-12"
"2772","2026-06-28","2026-07-28"
"2773","",""
"2774","",""
"2775","",""
"2776","2026-06-15","2026-07-15"
"2777","",""
"2778","",""
"2779","",""
"2780","",""
"2781","",""
"2782","",""
"2783","",""
"2784","",""
"2785","",""
"2786","",""
"2787","",""
"2788","",""
"2789","2026-10-29","2026-11-28"
"2790","",""
"2791","",""
"2792","2026-07-05","2026-07-08"
"2793","2026-08-29","2026-09-28"
"2794","2026-07-06","2026-07-08"
"2795","",""
"2796","2026-06-21","2026-06-25"
"2797","",""
"2798","2026-07-15","2026-08-14"
"2799","",""
"2800","2026-06-14","2026-07-14"
"2801","",""
"2802","2026-11-30","2026-12-30"
"2803","",""
"2804","",""
"2805","2026-08-15","2026-09-14"
"2806","2027-02-27","2027-03-29"
"2807","",""
"2808","",""
"2809","",""
"2810","2026-09-02","2026-10-02"
"2811","",""
"2812","",""
"2813","",""
"2814","2026-06-15","2026-07-15"
"2815","",""
"2816","2026-08-10","2026-09-09"
"2817","",""
"2818","2026-06-14","2026-07-14"
"2819","",""
"2820","2026-11-02","2026-12-02"
"2821","",""
"2822","",""
"2823","",""
"2824","",""
"2825","",""
"2826","",""
"2827","",""
"2828","2026-07-01","2026-07-02"
"2829","",""
"2830","",""
"2831","",""
"2832","",""
"2833","2026-08-31","2026-09-30"
"2834","",""
"2835","2026-07-01","2026-07-31"
"2836","",""
"2837","2026-08-08","2026-09-07"
"2838","",""
"2839","2026-07-07","2026-07-10"
"2840","",""
"2841","",""
"2842","",""
"2843","2026-09-25","2026-10-25"
"2844","2026-11-10","2026-12-10"
"2845","",""
"2846","2026-08-07","2026-09-06"
"2847","",""
"2848","",""
"2849","",""
"2850","",""
"2851","",""
"2852","",""
"2853","2026-08-01","2026-08-31"
"2854","",""
"2855","",""
"2856","2026-06-18","2026-06-19"
"2857","",""
"2858","",""
"2859","",""
"2860","",""
"2861","2026-07-11","2026-08-10"
"2862","2026-06-28","2026-06-29"
"2863","",""
"2864","",""
"2865","2026-06-14","2026-07-14"
"2866","2026-07-03","2026-08-02"
"2867","2027-05-02","2027-06-01"
"2868","",""
"2869","",""
"2870","",""
"2871","",""
"2872","",""
"2873","2026-08-01","2026-08-31"
"2874","",""
"2875","",""
"2876","",""
"2877","",""
"2878","",""
"2879","",""
"2880","",""
"2881","",""
"2882","",""
"2883","",""
"2884","",""
"2885","",""
"2886","",""
"2887","2026-08-31","2026-09-30"
"2888","",""
"2889","2026-08-27","2026-09-26"
"2890","",""
"2891","",""
"2892","",""
"2893","2026-08-01","2026-08-31"
"2894","2026-06-22","2026-06-25"
"2895","2026-07-09","2026-07-12"
"2896","2026-07-05","2026-07-08"
"2897","2026-06-30","2026-07-03"
"2898","2026-07-02","2026-07-04"
"2899","2026-07-25","2026-08-24"
"2900","",""
"2901","2026-06-15","2026-07-15"
"2902","",""
"2903","2026-07-07","2026-08-06"
"2904","2026-06-16","2026-07-16"
"2905","",""
"2906","2026-06-14","2026-07-14"
"2907","",""
"2908","2026-06-15","2026-07-15"
"2909","2026-09-01","2026-10-01"
"2910","",""
"2911","2026-08-15","2026-09-14"
"2912","",""
"2913","",""
"2914","",""
"2915","",""
"2916","",""
"2917","2026-10-15","2026-12-14"
"2918","",""
"2919","",""
"2920","2026-06-22","2026-06-24"
"2921","",""
"2922","",""
"2923","",""
"2924","",""
"2925","",""
"2926","2026-07-01","2026-07-31"
"2927","2026-06-22","2026-06-23"
"2928","",""
"2929","",""
"2930","",""
"2931","2026-06-23","2026-07-23"
"2932","",""
"2933","2026-06-14","2026-07-14"
"2934","2026-06-16","2026-07-16"
"2935","",""
"2936","2027-01-01","2027-01-31"
"2937","2026-08-09","2026-09-08"
"2938","2026-06-15","2026-07-15"
"2939","",""
"2940","2026-07-13","2027-01-09"
"2941","2026-06-15","2026-07-15"
"2942","",""
"2943","",""
"2944","",""
"2945","2026-06-14","2026-07-14"
"2946","",""
"2947","",""
"2948","2026-06-15","2026-07-15"
"2949","",""
"2950","",""
"2951","",""
"2952","2026-06-17","2026-06-20"
"2953","",""
"2954","",""
"2955","2026-06-17","2026-06-18"
"2956","2026-06-22","2026-07-22"
"2957","2026-06-14","2026-07-14"
"2958","",""
"2959","2027-01-01","2027-01-31"
"2960","",""
"2961","",""
"2962","",""
"2963","",""
"2964","",""
"2965","2026-06-29","2026-06-30"
"2966","",""
"2967","2027-01-01","2027-01-31"
"2968","",""
"2969","2026-08-12","2026-09-11"
"2970","2027-01-16","2027-02-15"
"2971","2026-11-01","2026-12-01"
"2972","2026-06-17","2026-07-17"
"2973","2026-07-01","2026-07-04"
"2974","2026-08-15","2026-09-14"
"2975","",""
"2976","",""
"2977","",""
"2978","",""
"2979","",""
"2980","",""
"2981","2026-06-17","2026-07-17"
"2982","",""
"2983","2026-07-25","2026-08-24"
"2984","",""
"2985","",""
"2986","",""
"2987","",""
"2988","2026-08-16","2026-09-15"
"2989","",""
"2990","",""
"2991","",""
"2992","",""
"2993","",""
"2994","2026-06-17","2026-07-17"
"2995","",""
"2996","",""
"2997","2026-07-31","2026-08-30"
"2998","",""
"2999","2026-06-21","2026-07-21"
"3000","2026-06-17","2026-06-18"
"3001","",""
"3002","2026-06-16","2026-07-16"
"3003","",""
"3004","",""
"3005","2026-07-31","2026-08-30"
"3006","",""
"3007","",""
"3008","2026-06-25","2026-07-25"
"3009","",""
"3010","2026-06-16","2026-07-16"
"3011","2026-06-19","2026-07-19"
"3012","",""
"3013","2026-07-22","2026-07-25"
"3014","",""
"3015","2026-07-28","2026-08-27"
"3016","",""
"3017","",""
"3018","",""
"3019","",""
"3020","2026-06-15","2026-07-15"
"3021","",""
"3022","2026-06-15","2026-07-15"
"3023","",""
"3024","2026-06-14","2026-07-14"
"3025","",""
"3026","2026-06-16","2026-07-16"
"3027","",""
"3028","2026-06-16","2026-07-16"
"3029","",""
"3030","",""
"3031","2026-10-31","2026-11-30"
"3032","2026-10-01","2026-10-31"
"3033","",""
"3034","2026-07-01","2026-07-31"
"3035","",""
"3036","",""
"3037","2026-08-01","2026-08-31"
"3038","",""
"3039","2026-09-01","2026-10-01"
"3040","2027-01-19","2027-02-18"
"3041","2026-07-23","2026-07-27"
"3042","",""
"3043","",""
"3044","",""
"3045","2026-08-08","2026-09-07"
"3046","",""
"3047","2026-08-01","2026-08-31"
"3048","",""
"3049","",""
"3050","",""
"3051","2026-06-15","2026-07-15"
"3052","",""
"3053","",""
"3054","2026-07-22","2026-08-21"
"3055","",""
"3056","2026-06-14","2026-07-14"
"3057","",""
"3058","",""
"3059","2026-08-30","2026-09-29"
"3060","",""
"3061","2026-06-15","2026-07-15"
"3062","",""
"3063","",""
"3064","2026-12-01","2026-12-31"
"3065","",""
"3066","",""
"3067","",""
"3068","",""
"3069","",""
"3070","",""
"3071","",""
"3072","2026-07-31","2026-08-30"
"3073","",""
"3074","",""
"3075","",""
"3076","",""
"3077","2027-02-28","2027-03-30"
"3078","",""
"3079","",""
"3080","2026-08-09","2026-09-08"
"3081","",""
"3082","2026-09-14","2026-10-14"
"3083","",""
"3084","2026-10-31","2026-11-30"
"3085","",""
"3086","",""
"3087","2026-07-01","2026-07-31"
"3088","",""
"3089","2026-06-14","2026-07-14"
"3090","2026-10-28","2026-10-30"
"3091","2026-06-22","2026-07-22"
"3092","",""
"3093","2026-06-20","2026-06-22"
"3094","",""
"3095","",""
"3096","",""
"3097","2026-09-07","2026-10-07"
"3098","",""
"3099","",""
"3100","",""
"3101","2026-06-17","2026-07-17"
"3102","2026-06-21","2026-07-21"
"3103","",""
"3104","",""
"3105","",""
"3106","2026-06-21","2026-07-21"
"3107","2026-08-12","2026-09-11"
"3108","2026-07-05","2026-07-08"
"3109","",""
"3110","",""
"3111","2026-12-01","2026-12-31"
"3112","",""
"3113","",""
"3114","",""
"3115","",""
"3116","",""
"3117","",""
"3118","2026-06-15","2026-07-15"
"3119","2026-06-21","2026-07-21"
"3120","",""
"3121","",""
"3122","",""
"3123","",""
"3124","",""
"3125","",""
"3126","",""
"3127","",""
"3128","",""
"3129","",""
"3130","",""
"3131","",""
"3132","",""
"3133","2026-07-27","2026-07-28"
"3134","",""
"3135","",""
"3136","",""
"3137","",""
"3138","",""
"3139","",""
"3140","",""
"3141","",""
"3142","",""
"3143","2026-07-01","2026-07-31"
"3144","2026-06-22","2026-07-22"
"3145","",""
"3146","",""
"3147","",""
"3148","2026-08-10","2026-09-09"
"3149","2026-07-01","2026-07-31"
"3150","2026-10-01","2026-10-31"
"3151","2026-08-14","2026-09-13"
"3152","2026-07-31","2026-08-30"
"3153","2026-08-10","2026-09-09"
"3154","",""
"3155","",""
"3156","",""
"3157","2026-06-16","2026-07-16"
"3158","",""
"3159","2026-06-22","2026-09-20"
"3160","2027-04-25","2027-05-25"
"3161","",""
"3162","",""
"3163","2026-06-29","2026-08-28"
"3164","",""
"3165","2026-07-01","2026-07-31"
"3166","",""
"3167","",""
"3168","2026-06-14","2026-07-14"
"3169","2026-11-02","2026-12-02"
"3170","2026-09-28","2026-10-28"
"3171","",""
"3172","2026-06-17","2026-07-17"
"3173","",""
"3174","",""
"3175","2026-06-14","2026-07-14"
"3176","",""
"3177","",""
"3178","",""
"3179","",""
"3180","",""
"3181","",""
"3182","",""
"3183","2026-08-08","2026-09-08"
"3184","",""
"3185","",""
"3186","",""
"3187","2026-07-01","2026-07-31"
"3188","2026-10-17","2026-11-16"
"3189","",""
"3190","",""
"3191","",""
"3192","2027-04-09","2027-04-14"
"3193","",""
"3194","2026-09-01","2026-10-02"
"3195","",""
"3196","2026-07-01","2026-07-31"
"3197","",""
"3198","",""
"3199","",""
"3200","2026-08-09","2026-08-14"
"3201","",""
"3202","",""
"3203","",""
"3204","2026-08-09","2026-09-08"
"3205","",""
"3206","",""
"3207","",""
"3208","2026-07-22","2026-08-21"
"3209","2026-07-02","2026-08-01"
"3210","",""
"3211","2026-08-10","2026-09-09"
"3212","",""
"3213","2026-08-25","2026-09-24"
"3214","2026-06-17","2026-06-18"
"3215","",""
"3216","",""
"3217","",""
"3218","",""
"3219","",""
"3220","",""
"3221","2026-06-15","2026-07-15"
"3222","",""
"3223","2026-09-02","2026-10-02"
"3224","",""
"3225","2026-07-26","2026-08-25"
"3226","",""
"3227","",""
"3228","",""
"3229","",""
"3230","",""
"3231","",""
"3232","",""
"3233","",""
"3234","",""
"3235","2026-08-17","2026-09-16"
"3236","",""
"3237","2026-09-26","2026-10-26"
"3238","",""
"3239","",""
"3240","",""
"3241","",""
"3242","",""
"3243","",""
"3244","",""
"3245","",""
"3246","",""
"3247","2026-06-25","2026-07-25"
"3248","",""
"3249","",""
"3250","",""
"3251","2026-07-23","2026-07-27"
"3252","",""
"3253","",""
"3254","2026-06-16","2026-06-19"
"3255","",""
"3256","",""
"3257","",""
"3258","",""
"3259","",""
"3260","2026-06-15","2026-07-16"
"3261","",""
"3262","",""
"3263","",""
"3264","2026-07-26","2026-08-25"
"3265","",""
"3266","2026-06-15","2026-07-15"
"3267","2026-06-14","2026-07-14"
"3268","2026-06-16","2026-06-18"
"3269","",""
"3270","",""
"3271","",""
"3272","",""
"3273","",""
"3274","",""
"3275","",""
"3276","",""
"3277","2026-12-31","2027-01-30"
"3278","2026-08-03","2026-09-02"
"3279","",""
"3280","",""
"3281","2026-06-14","2026-07-14"
"3282","",""
"3283","",""
"3284","",""
"3285","",""
"3286","2026-12-21","2027-01-20"
"3287","",""
"3288","",""
"3289","2026-10-06","2026-11-05"
"3290","",""
"3291","",""
"3292","",""
"3293","2026-09-18","2026-10-18"
"3294","2026-12-06","2027-01-05"
"3295","",""
"3296","",""
"3297","",""
"3298","",""
"3299","",""
"3300","",""
"3301","",""
"3302","",""
"3303","",""
"3304","2026-12-01","2026-12-31"
"3305","",""
"3306","2026-07-13","2026-08-12"
"3307","",""
"3308","",""
"3309","2026-08-09","2026-09-08"
"3310","2026-07-13","2026-08-12"
"3311","",""
"3312","2026-06-15","2026-07-15"
"3313","2026-07-13","2026-08-12"
"3314","2026-07-16","2026-08-15"
"3315","",""
"3316","2026-06-21","2026-06-23"
"3317","2026-06-27","2026-07-27"
"3318","",""
"3319","2026-12-23","2027-01-22"
"3320","2026-08-18","2026-09-17"
"3321","",""
"3322","2027-01-03","2027-02-02"
"3323","",""
"3324","",""
"3325","",""
"3326","2026-07-16","2026-08-15"
"3327","",""
"3328","",""
"3329","",""
"3330","2026-08-02","2026-09-01"
"3331","",""
"3332","2026-09-24","2026-10-24"
"3333","",""
"3334","",""
"3335","",""
"3336","2026-06-14","2026-07-14"
"3337","2026-08-01","2026-08-31"
"3338","2026-06-15","2026-07-15"
"3339","2026-06-14","2026-07-14"
"3340","",""
"3341","",""
"3342","2026-06-16","2026-07-16"
"3343","",""
"3344","",""
"3345","",""
"3346","",""
"3347","2026-07-17","2026-08-16"
"3348","",""
"3349","2026-07-01","2026-07-31"
"3350","",""
"3351","",""
"3352","2026-06-17","2026-07-17"
"3353","",""
"3354","2026-06-14","2026-06-16"
"3355","",""
"3356","",""
"3357","2026-06-21","2026-07-21"
"3358","",""
"3359","2026-07-20","2026-08-19"
"3360","",""
"3361","2026-08-01","2026-08-31"
"3362","2027-02-01","2027-03-03"
"3363","",""
"3364","",""
"3365","2026-06-18","2026-06-19"
"3366","",""
"3367","",""
"3368","",""
"3369","",""
"3370","",""
"3371","2026-06-21","2026-07-21"
"3372","",""
"3373","",""
"3374","",""
"3375","2026-06-14","2026-07-14"
"3376","2026-09-02","2026-10-02"
"3377","",""
"3378","2026-07-25","2026-08-24"
"3379","",""
"3380","",""
"3381","",""
"3382","2026-08-04","2026-09-03"
"3383","2026-07-25","2026-07-30"
"3384","",""
"3385","",""
"3386","2026-06-16","2026-07-16"
"3387","2026-06-16","2026-07-16"
"3388","",""
"3389","2026-07-15","2026-08-14"
"3390","",""
"3391","",""
"3392","2026-07-15","2026-08-14"
"3393","2026-06-16","2026-07-16"
"3394","",""
"3395","",""
"3396","",""
"3397","",""
"3398","",""
"3399","2026-07-25","2026-08-24"
"3400","",""
"3401","",""
"3402","",""
"3403","",""
"3404","",""
"3405","",""
"3406","",""
"3407","",""
"3408","2026-09-01","2026-10-01"
"3409","2026-06-15","2026-07-15"
"3410","",""
"3411","",""
"3412","",""
"3413","",""
"3414","2026-08-22","2026-11-20"
"3415","2026-12-16","2027-01-15"
"3416","2026-07-12","2026-08-11"
"3417","2026-06-29","2026-06-30"
"3418","",""
"3419","",""
"3420","",""
"3421","",""
"3422","",""
"3423","",""
"3424","",""
"3425","2026-11-25","2026-12-25"
"3426","",""
"3427","2026-06-16","2026-07-16"
"3428","",""
"3429","2026-09-04","2026-10-04"
"3430","2026-08-02","2026-09-01"
"3431","",""
"3432","",""
"3433","",""
"3434","",""
"3435","2027-01-01","2027-01-31"
"3436","",""
"3437","",""
"3438","",""
"3439","",""
"3440","2026-06-29","2026-07-02"
"3441","",""
"3442","",""
"3443","",""
"3444","2026-09-26","2026-10-26"
"3445","",""
"3446","",""
"3447","",""
"3448","",""
"3449","2026-08-21","2026-09-20"
"3450","2026-07-06","2026-07-07"
"3451","",""
"3452","",""
"3453","",""
"3454","",""
"3455","",""
"3456","",""
"3457","",""
"3458","",""
"3459","2026-12-28","2027-01-27"
"3460","2026-08-31","2026-09-30"
"3461","2026-06-15","2026-07-15"
"3462","",""
"3463","",""
"3464","2026-06-16","2026-07-16"
"3465","",""
"3466","",""
"3467","2026-07-31","2026-08-30"
"3468","",""
"3469","",""
"3470","",""
"3471","",""
"3472","2026-08-01","2026-08-31"
"3473","",""
"3474","",""
"3475","2026-06-15","2026-07-15"
"3476","",""
"3477","",""
"3478","",""
"3479","",""
"3480","",""
"3481","",""
"3482","",""
"3483","",""
"3484","2026-11-16","2026-12-16"
"3485","",""
"3486","",""
"3487","2026-06-15","2026-07-15"
"3488","",""
"3489","2026-08-02","2026-09-01"
"3490","",""
"3491","2026-08-09","2026-09-08"
"3492","",""
"3493","",""
"3494","2026-09-19","2026-10-19"
"3495","",""
"3496","2026-08-01","2026-08-31"
"3497","",""
"3498","2026-09-13","2026-10-13"
"3499","2026-06-27","2026-07-27"
"3500","",""
"3501","",""
"3502","",""
"3503","",""
"3504","",""
"3505","",""
"3506","",""
"3507","",""
"3508","",""
"3509","",""
"3510","2026-08-01","2026-08-31"
"3511","2026-06-14","2026-07-14"
"3512","",""
"3513","2026-06-15","2026-07-15"
"3514","2026-06-14","2026-07-14"
"3515","",""
"3516","",""
"3517","",""
"3518","",""
"3519","",""
"3520","",""
"3521","",""
"3522","",""
"3523","2027-04-01","2027-05-01"
"3524","",""
"3525","",""
"3526","2026-06-18","2026-07-18"
"3527","2026-07-26","2026-08-25"
"3528","",""
"3529","",""
"3530","2026-10-01","2026-10-31"
"3531","",""
"3532","2026-07-23","2026-08-22"
"3533","",""
"3534","2026-06-15","2026-06-17"
"3535","",""
"3536","",""
"3537","",""
"3538","",""
"3539","",""
"3540","2026-07-07","2026-07-08"
"3541","2026-08-08","2026-09-07"
"3542","",""
"3543","2026-06-28","2026-06-30"
"3544","",""
"3545","",""
"3546","",""
"3547","2026-08-11","2026-09-10"
"3548","2026-08-01","2026-08-31"
"3549","",""
"3550","",""
"3551","2026-07-11","2026-08-10"
"3552","",""
"3553","",""
"3554","2027-01-01","2027-01-04"
"3555","2026-07-04","2026-08-03"
"3556","",""
"3557","2027-01-01","2027-01-04"
"3558","",""
"3559","",""
"3560","2027-01-01","2027-01-04"
"3561","2027-01-01","2027-01-04"
"3562","2027-01-01","2027-01-04"
"3563","",""
"3564","",""
"3565","",""
"3566","2027-01-01","2027-01-04"
"3567","2027-01-01","2027-01-04"
"3568","",""
"3569","",""
"3570","",""
"3571","2027-01-01","2027-01-04"
"3572","2027-01-01","2027-01-04"
"3573","",""
"3574","2026-07-28","2026-08-27"
"3575","",""
"3576","",""
"3577","2026-06-18","2026-06-19"
"3578","",""
"3579","2026-07-06","2026-07-10"
"3580","2027-01-01","2027-01-31"
"3581","",""
"3582","2026-06-15","2026-06-16"
"3583","",""
"3584","2026-06-15","2026-06-16"
"3585","2026-07-23","2026-08-22"
"3586","",""
"3587","2026-11-01","2026-12-01"
"3588","",""
"3589","",""
"3590","",""
"3591","2026-07-01","2026-07-31"
"3592","",""
"3593","",""
"3594","2026-07-03","2026-08-02"
"3595","",""
"3596","",""
"3597","2026-06-14","2026-07-14"
"3598","2026-06-16","2026-07-16"
"3599","",""
"3600","",""
"3601","2027-01-01","2027-01-04"
"3602","",""
"3603","2026-06-27","2026-06-28"
"3604","2026-06-21","2026-06-23"
"3605","",""
"3606","",""
"3607","2026-12-27","2027-01-26"
"3608","",""
"3609","",""
"3610","2026-11-14","2026-12-14"
"3611","",""
"3612","",""
"3613","",""
"3614","2026-06-17","2026-07-17"
"3615","",""
"3616","2026-06-14","2026-07-14"
"3617","2026-06-21","2026-07-21"
"3618","2026-08-09","2026-09-08"
"3619","",""
"3620","",""
"3621","",""
"3622","2026-06-27","2026-07-27"
"3623","2026-08-17","2026-09-16"
"3624","",""
"3625","",""
"3626","2026-06-22","2026-07-22"
"3627","",""
"3628","2026-08-31","2026-09-30"
"3629","2026-12-05","2027-01-04"
"3630","",""
"3631","2026-06-15","2026-07-15"
"3632","",""
"3633","",""
"3634","",""
"3635","",""
"3636","",""
"3637","",""
"3638","2026-06-17","2026-06-19"
"3639","",""
"3640","2026-06-15","2026-06-16"
"3641","2026-06-16","2026-06-19"
"3642","2026-06-14","2026-07-14"
"3643","",""
"3644","",""
"3645","2026-08-15","2026-09-14"
"3646","",""
"3647","",""
"3648","2026-06-15","2026-07-15"
"3649","2026-06-14","2026-07-14"
"3650","2026-07-02","2026-08-01"
"3651","2026-08-28","2026-09-27"
"3652","2026-12-22","2027-01-21"
"3653","",""
"3654","",""
"3655","",""
"3656","2026-12-16","2027-01-15"
"3657","2026-06-21","2026-06-22"
"3658","",""
"3659","",""
"3660","",""
"3661","",""
"3662","",""
"3663","2026-07-31","2026-08-30"
"3664","2026-07-02","2026-07-03"
"3665","",""
"3666","",""
"3667","2026-11-01","2026-12-01"
"3668","",""
"3669","2026-12-02","2027-01-01"
"3670","",""
"3671","2026-07-18","2026-08-17"
"3672","2026-08-04","2026-08-07"
"3673","",""
"3674","",""
"3675","",""
"3676","",""
"3677","",""
"3678","",""
"3679","2026-07-29","2026-08-02"
"3680","",""
"3681","",""
"3682","2026-06-14","2026-07-14"
"3683","",""
"3684","2026-07-15","2026-08-14"
"3685","",""
"3686","2026-07-03","2026-08-02"
"3687","",""
"3688","",""
"3689","2026-08-16","2026-09-15"
"3690","",""
"3691","",""
"3692","",""
"3693","2026-08-01","2026-08-31"
"3694","2026-09-11","2026-10-11"
"3695","",""
"3696","",""
"3697","2026-06-14","2026-07-14"
"3698","2026-08-02","2026-08-07"
"3699","",""
"3700","2026-09-30","2026-10-30"
"3701","",""
"3702","",""
"3703","",""
"3704","",""
"3705","",""
"3706","",""
"3707","2026-06-23","2026-06-25"
"3708","2026-07-21","2026-07-24"
"3709","2026-08-31","2026-09-30"
"3710","",""
"3711","",""
"3712","",""
"3713","2026-06-14","2026-07-14"
"3714","",""
"3715","",""
"3716","",""
"3717","",""
"3718","",""
"3719","2026-06-14","2026-07-14"
"3720","",""
"3721","",""
"3722","2026-09-01","2026-10-01"
"3723","",""
"3724","",""
"3725","2026-07-01","2026-07-31"
"3726","",""
"3727","",""
"3728","",""
"3729","",""
"3730","",""
"3731","",""
"3732","2026-06-15","2026-07-15"
"3733","2027-01-08","2027-02-07"
"3734","2026-07-02","2026-07-03"
"3735","2026-06-27","2026-07-27"
"3736","",""
"3737","",""
"3738","",""
"3739","2026-08-23","2026-09-22"
"3740","",""
"3741","",""
"3742","2026-07-31","2026-08-30"
"3743","2026-06-15","2026-07-15"
"3744","",""
"3745","",""
"3746","2026-06-21","2026-06-24"
"3747","",""
"3748","2026-06-15","2026-07-16"
"3749","",""
"3750","2026-07-05","2026-08-04"
"3751","",""
"3752","2026-06-14","2026-07-14"
"3753","",""
"3754","",""
"3755","",""
"3756","",""
"3757","",""
"3758","2026-09-05","2026-10-05"
"3759","",""
"3760","",""
"3761","",""
"3762","2026-06-30","2026-07-30"
"3763","",""
"3764","2026-06-14","2026-07-14"
"3765","",""
"3766","",""
"3767","2026-06-24","2026-12-21"
"3768","",""
"3769","2026-06-17","2026-06-20"
"3770","2026-07-31","2026-08-30"
"3771","2026-08-15","2026-09-14"
"3772","",""
"3773","2026-08-03","2026-09-02"
"3774","",""
"3775","",""
"3776","",""
"3777","",""
"3778","2026-06-15","2026-07-15"
"3779","",""
"3780","",""
"3781","",""
"3782","",""
"3783","",""
"3784","2026-08-15","2026-09-14"
"3785","2026-06-16","2026-07-16"
"3786","2026-08-03","2026-09-02"
"3787","2026-10-04","2026-11-03"
"3788","",""
"3789","",""
"3790","",""
"3791","",""
"3792","2026-12-03","2027-01-02"
"3793","2026-06-29","2026-07-04"
"3794","2026-09-26","2026-10-26"
"3795","",""
"3796","",""
"3797","",""
"3798","",""
"3799","",""
"3800","2026-08-22","2026-09-21"
"3801","",""
"3802","",""
"3803","",""
"3804","2026-08-02","2026-09-01"
"3805","",""
"3806","2026-06-15","2026-07-15"
"3807","",""
"3808","2026-12-03","2027-01-02"
"3809","2026-08-02","2026-09-01"
"3810","2026-06-22","2026-07-22"
"3811","2026-09-15","2026-10-15"
"3812","2026-08-11","2026-09-10"
"3813","2026-08-04","2026-09-03"
"3814","2026-08-09","2026-09-08"
"3815","",""
"3816","2026-06-17","2026-07-18"
"3817","2026-06-16","2026-06-18"
"3818","2026-07-03","2026-07-05"
"3819","",""
"3820","",""
"3821","",""
"3822","2026-08-16","2026-09-15"
"3823","",""
"3824","",""
"3825","",""
"3826","",""
"3827","",""
"3828","2026-07-30","2026-08-29"
"3829","",""
"3830","",""
"3831","2026-08-16","2026-09-15"
"3832","2026-06-15","2026-07-15"
"3833","2026-09-22","2026-10-22"
"3834","",""
"3835","",""
"3836","2026-06-16","2026-07-16"
"3837","",""
"3838","2026-06-16","2026-07-16"
"3839","2027-01-01","2027-01-31"
"3840","",""
"3841","2026-06-30","2026-07-04"
"3842","",""
"3843","2026-11-30","2027-05-28"
"3844","",""
"3845","",""
"3846","2026-09-18","2026-10-18"
"3847","2026-06-16","2026-07-16"
"3848","",""
"3849","",""
"3850","",""
"3851","2026-06-14","2026-07-14"
"3852","",""
"3853","2026-07-01","2026-08-29"
"3854","2026-06-14","2026-07-14"
"3855","2026-08-25","2026-08-27"
"3856","",""
"3857","",""
"3858","2026-08-02","2026-09-01"
"3859","2026-06-15","2026-07-15"
"3860","2026-07-09","2026-07-11"
"3861","2026-11-28","2026-12-28"
"3862","2026-08-09","2026-09-08"
"3863","2026-06-17","2026-07-17"
"3864","2026-06-30","2026-07-30"
"3865","2026-06-14","2026-07-14"
"3866","",""
"3867","",""
"3868","2026-08-15","2026-09-14"
"3869","2026-08-15","2026-09-14"
"3870","",""
"3871","",""
"3872","2026-08-23","2026-09-22"
"3873","",""
"3874","2026-07-12","2026-08-11"
"3875","2026-06-30","2026-07-30"
"3876","",""
"3877","",""
"3878","2026-07-05","2026-08-04"
"3879","",""
"3880","2026-07-09","2026-08-08"
"3881","2026-07-03","2026-08-02"
"3882","2026-06-21","2026-07-21"
"3883","2026-07-14","2026-08-13"
"3884","",""
"3885","2026-06-15","2026-06-22"
"3886","",""
"3887","2026-07-17","2026-08-16"
"3888","",""
"3889","",""
"3890","",""
"3891","2026-06-24","2026-06-25"
"3892","",""
"3893","2026-07-17","2026-08-16"
"3894","2026-07-12","2026-08-11"
"3895","",""
"3896","2026-08-01","2026-08-31"
"3897","",""
"3898","2026-06-17","2026-07-17"
"3899","",""
"3900","2026-07-10","2026-08-09"
"3901","",""
"3902","",""
"3903","2026-09-08","2026-10-08"
"3904","",""
"3905","2026-07-18","2026-08-17"
"3906","2026-11-20","2026-12-20"
"3907","2027-03-07","2027-04-06"
"3908","2026-06-16","2026-07-16"
"3909","2026-06-16","2026-07-16"
"3910","2026-07-26","2026-08-25"
"3911","2026-11-03","2026-12-03"
"3912","2026-06-17","2026-07-17"
"3913","",""
"3914","2026-06-30","2026-07-30"
"3915","2027-01-01","2027-01-31"
"3916","2027-01-01","2027-01-31"
"3917","2026-06-15","2026-06-18"
"3918","",""
"3919","2026-07-25","2026-08-24"
"3920","2026-09-22","2026-10-22"
"3921","2026-08-08","2026-09-07"
"3922","",""
"3923","",""
"3924","2026-07-21","2026-08-20"
"3925","",""
"3926","",""
"3927","2026-06-14","2026-07-14"
"3928","",""
"3929","",""
"3930","",""
"3931","2026-10-07","2026-12-06"
"3932","2026-07-31","2026-08-30"
"3933","2026-07-31","2026-08-30"
"3934","2026-09-22","2026-11-21"
"3935","",""
"3936","",""
"3937","2026-06-22","2026-07-22"
"3938","",""
"3939","",""
"3940","2026-06-15","2026-07-15"
"3941","",""
"3942","",""
"3943","",""
"3944","",""
"3945","",""
"3946","2026-06-14","2026-06-15"
"3947","",""
"3948","",""
"3949","2027-04-30","2027-05-30"
"3950","",""
"3951","",""
"3952","",""
"3953","2026-06-23","2026-07-23"
"3954","2026-07-22","2026-08-21"
"3955","",""
"3956","",""
"3957","",""
"3958","2026-12-31","2027-01-30"
"3959","2026-06-16","2026-07-16"
"3960","2026-07-04","2026-08-03"
"3961","",""
"3962","2026-08-15","2026-09-14"
"3963","2026-07-18","2026-08-17"
"3964","",""
"3965","",""
"3966","",""
"3967","",""
"3968","",""
"3969","2026-06-14","2026-07-14"
"3970","2026-08-18","2026-09-17"
"3971","2026-06-23","2027-06-23"
"3972","2026-09-08","2026-10-08"
"3973","",""
"3974","",""
"3975","2026-06-15","2026-07-15"
"3976","",""
"3977","2026-07-13","2026-07-14"
"3978","",""
"3979","",""
"3980","",""
"3981","2026-08-05","2026-09-04"
"3982","2026-10-01","2026-10-31"
"3983","2026-07-17","2026-08-16"
"3984","2026-08-01","2026-09-01"
"3985","",""
"3986","",""
"3987","2026-09-20","2026-10-20"
"3988","",""
"3989","2026-09-01","2026-10-01"
"3990","",""
"3991","",""
"3992","2026-07-25","2026-08-24"
"3993","2026-07-25","2026-08-24"
"3994","2027-03-31","2027-04-30"
"3995","",""
"3996","",""
"3997","",""
"3998","",""
"3999","",""
"4000","",""
"4001","",""
"4002","",""
"4003","2026-06-17","2026-07-17"
"4004","",""
"4005","",""
"4006","2026-12-20","2027-01-19"
"4007","2026-07-21","2026-08-20"
"4008","",""
"4009","",""
"4010","",""
"4011","2027-02-14","2027-03-16"
"4012","",""
"4013","2026-08-06","2026-09-05"
"4014","2027-01-01","2027-01-31"
"4015","2026-08-08","2026-09-07"
"4016","2026-09-05","2026-10-05"
"4017","2026-06-14","2026-06-17"
"4018","",""
"4019","2026-06-18","2026-07-18"
"4020","2026-06-15","2026-07-15"
"4021","",""
"4022","2026-08-01","2026-08-31"
"4023","",""
"4024","2026-12-19","2027-01-18"
"4025","2026-06-15","2026-07-15"
"4026","",""
"4027","2026-06-15","2026-07-15"
"4028","2026-06-14","2026-07-14"
"4029","2026-06-28","2026-06-30"
"4030","2026-07-02","2026-08-01"
"4031","2026-06-16","2026-07-16"
"4032","2026-07-11","2026-08-10"
"4033","",""
"4034","",""
"4035","2026-08-07","2026-09-06"
"4036","2026-12-14","2027-01-13"
"4037","",""
"4038","",""
"4039","",""
"4040","",""
"4041","2026-08-24","2026-09-23"
"4042","",""
"4043","",""
"4044","2026-08-01","2026-08-31"
"4045","",""
"4046","",""
"4047","",""
"4048","",""
"4049","",""
"4050","",""
"4051","",""
"4052","",""
"4053","",""
"4054","2026-11-25","2026-12-25"
"4055","",""
"4056","2026-09-01","2026-10-01"
"4057","2026-08-09","2026-09-08"
"4058","2027-02-01","2027-03-03"
"4059","2026-11-01","2026-12-01"
"4060","2026-06-14","2026-07-14"
"4061","2026-08-16","2026-09-15"
"4062","2026-08-16","2026-09-15"
"4063","",""
"4064","",""
"4065","2026-09-01","2026-10-01"
"4066","2026-06-16","2026-07-16"
"4067","2026-08-09","2026-09-08"
"4068","",""
"4069","",""
"4070","2026-07-08","2026-08-07"
"4071","2026-08-14","2026-09-13"
"4072","",""
"4073","",""
"4074","",""
"4075","2026-08-01","2026-08-31"
"4076","",""
"4077","2026-07-31","2026-08-30"
"4078","2026-06-21","2026-07-21"
"4079","",""
"4080","2026-06-14","2026-07-14"
"4081","2026-07-02","2026-08-01"
"4082","",""
"4083","",""
"4084","2026-08-15","2026-09-14"
"4085","",""
"4086","2026-07-10","2026-08-09"
"4087","",""
"4088","",""
"4089","",""
"4090","",""
"4091","",""
"4092","",""
"4093","",""
"4094","2026-06-14","2026-07-14"
"4095","2026-06-14","2026-07-14"
"4096","",""
"4097","",""
"4098","2026-06-15","2026-07-15"
"4099","2026-06-19","2026-07-19"
"4100","",""
"4101","",""
"4102","",""
"4103","2026-07-07","2026-08-06"
"4104","2026-06-14","2026-07-14"
"4105","",""
"4106","2026-06-30","2026-07-02"
"4107","",""
"4108","",""
"4109","2026-09-30","2026-10-30"
"4110","2026-08-16","2026-09-15"
"4111","",""
"4112","",""
"4113","",""
"4114","",""
"4115","2026-06-14","2026-06-17"
"4116","2026-06-14","2026-06-16"
"4117","2026-08-17","2026-09-16"
"4118","",""
"4119","2026-06-15","2026-07-15"
"4120","",""
"4121","",""
"4122","2026-07-28","2026-08-27"
"4123","",""
"4124","",""
"4125","",""
"4126","2026-07-29","2026-08-28"
"4127","",""
"4128","",""
"4129","",""
"4130","2026-06-14","2026-07-14"
"4131","",""
"4132","2026-08-01","2026-08-31"
"4133","2026-06-21","2026-07-21"
"4134","",""
"4135","",""
"4136","",""
"4137","",""
"4138","",""
"4139","2026-08-07","2026-09-06"
"4140","2026-08-16","2026-09-15"
"4141","",""
"4142","",""
"4143","2026-08-19","2026-09-18"
"4144","2026-07-31","2026-08-30"
"4145","",""
"4146","",""
"4147","",""
"4148","2026-06-30","2026-07-03"
"4149","",""
"4150","2026-10-06","2026-11-05"
"4151","",""
"4152","2026-07-01","2026-07-31"
"4153","2026-06-16","2026-06-18"
"4154","",""
"4155","",""
"4156","2026-08-01","2026-08-31"
"4157","",""
"4158","",""
"4159","2026-06-17","2026-07-17"
"4160","2026-09-02","2026-10-02"
"4161","",""
"4162","",""
"4163","",""
"4164","2026-07-26","2026-08-25"
"4165","",""
"4166","2026-06-16","2026-07-16"
"4167","",""
"4168","",""
"4169","2026-07-15","2026-08-14"
"4170","",""
"4171","2026-10-05","2026-11-04"
"4172","",""
"4173","2026-06-15","2026-07-15"
"4174","",""
"4175","",""
"4176","2026-07-16","2026-08-15"
"4177","2026-06-17","2026-07-17"
"4178","",""
"4179","",""
"4180","",""
"4181","",""
"4182","",""
"4183","",""
"4184","2026-06-28","2026-07-03"
"4185","2026-07-19","2026-08-18"
"4186","2026-06-14","2026-07-14"
"4187","2026-06-16","2026-07-16"
"4188","2026-08-04","2026-09-03"
"4189","2026-09-30","2026-10-30"
"4190","2026-07-31","2026-08-30"
"4191","",""
"4192","",""
"4193","",""
"4194","",""
"4195","",""
"4196","2026-07-31","2026-08-30"
"4197","",""
"4198","",""
"4199","",""
"4200","",""
"4201","2026-07-22","2026-08-21"
"4202","",""
"4203","",""
"4204","2026-06-16","2026-07-16"
"4205","",""
"4206","2026-06-14","2026-07-14"
"4207","2026-06-14","2026-07-14"
"4208","2026-06-15","2026-07-15"
"4209","2026-06-16","2026-07-16"
"4210","2027-02-28","2027-03-30"
"4211","2026-08-08","2026-09-07"
"4212","2026-08-02","2026-09-01"
"4213","",""
"4214","",""
"4215","",""
"4216","2026-06-15","2026-06-17"
"4217","",""
"4218","2026-07-06","2026-07-08"
"4219","",""
"4220","",""
"4221","",""
"4222","",""
"4223","2026-06-15","2026-07-15"
"4224","2026-07-31","2026-08-30"
"4225","2026-08-16","2026-09-15"
"4226","",""
"4227","",""
"4228","2026-07-28","2026-08-27"
"4229","2026-07-16","2026-08-15"
"4230","",""
"4231","2026-11-01","2026-12-01"
"4232","",""
"4233","",""
"4234","",""
"4235","2026-08-02","2026-09-01"
"4236","2026-06-29","2026-07-01"
"4237","2026-08-17","2026-08-21"
"4238","",""
"4239","",""
"4240","2026-10-02","2026-11-01"
"4241","",""
"4242","",""
"4243","2026-08-07","2026-09-06"
"4244","2026-06-15","2026-07-15"
"4245","2027-01-01","2027-01-31"
"4246","",""
"4247","2026-07-18","2026-08-17"
"4248","2026-06-15","2026-07-15"
"4249","2026-06-19","2026-07-19"
"4250","2026-07-10","2026-08-09"
"4251","2026-06-21","2026-06-23"
"4252","2026-07-16","2026-08-15"
"4253","",""
"4254","2026-07-31","2026-08-30"
"4255","2026-07-01","2026-07-31"
"4256","",""
"4257","",""
"4258","2026-07-11","2026-08-10"
"4259","2026-06-29","2026-07-01"
"4260","2026-10-14","2026-11-13"
"4261","",""
"4262","",""
"4263","",""
"4264","",""
"4265","2026-08-03","2026-09-02"
"4266","2027-04-01","2027-05-01"
"4267","2026-11-01","2026-12-01"
"4268","2026-06-17","2026-07-17"
"4269","",""
"4270","",""
"4271","",""
"4272","",""
"4273","2026-10-26","2026-11-25"
"4274","",""
"4275","",""
"4276","",""
"4277","2026-06-28","2026-06-30"
"4278","",""
"4279","",""
"4280","2026-06-22","2026-07-22"
"4281","2026-12-31","2027-01-30"
"4282","2026-06-22","2026-07-22"
"4283","2026-07-27","2026-08-26"
"4284","2026-06-17","2026-07-17"
"4285","",""
"4286","",""
"4287","2026-08-01","2026-08-31"
"4288","2026-06-27","2026-07-27"
"4289","",""
"4290","",""
"4291","",""
"4292","2026-09-30","2026-10-30"
"4293","2027-04-18","2027-05-18"
"4294","",""
"4295","2026-06-30","2026-07-30"
"4296","2026-07-13","2026-07-16"
"4297","2027-01-09","2027-02-08"
"4298","",""
"4299","",""
"4300","2026-08-27","2026-09-26"
"4301","",""
"4302","",""
"4303","",""
"4304","",""
"4305","2026-06-15","2026-07-15"
"4306","2026-07-19","2026-08-18"
"4307","",""
"4308","",""
"4309","",""
"4310","",""
"4311","",""
"4312","",""
"4313","2026-06-30","2026-07-03"
"4314","",""
"4315","2026-11-01","2026-12-01"
"4316","",""
"4317","2026-06-21","2026-07-22"
"4318","",""
"4319","",""
"4320","",""
"4321","",""
"4322","",""
"4323","",""
"4324","",""
"4325","",""
"4326","2026-09-22","2026-10-22"
"4327","",""
"4328","",""
"4329","2026-08-07","2026-09-06"
"4330","2026-06-21","2026-06-23"
"4331","2026-06-14","2026-07-14"
"4332","2026-06-18","2026-06-20"
"4333","",""
"4334","2026-07-31","2026-08-30"
"4335","",""
"4336","",""
"4337","2026-06-15","2026-07-15"
"4338","",""
"4339","",""
"4340","2026-06-21","2026-07-21"
"4341","",""
"4342","2026-07-21","2026-07-24"
"4343","2026-06-18","2026-07-18"
"4344","",""
"4345","",""
"4346","2026-06-21","2026-07-21"
"4347","",""
"4348","",""
"4349","2026-07-28","2026-08-27"
"4350","",""
"4351","2026-06-29","2026-07-02"
"4352","",""
"4353","2026-08-02","2026-09-01"
"4354","2026-08-11","2026-09-10"
"4355","2026-06-16","2026-06-17"
"4356","2026-06-15","2026-07-15"
"4357","",""
"4358","2026-07-05","2026-07-08"
"4359","",""
"4360","2026-06-15","2026-07-15"
"4361","",""
"4362","2026-06-15","2026-07-15"
"4363","2026-07-01","2026-08-12"
"4364","",""
"4365","2026-08-01","2026-08-31"
"4366","",""
"4367","",""
"4368","",""
"4369","2026-06-16","2026-07-16"
"4370","2026-07-07","2026-07-09"
"4371","2026-11-04","2026-12-04"
"4372","",""
"4373","2026-09-07","2026-10-07"
"4374","2026-08-04","2026-09-03"
"4375","2026-07-08","2026-08-07"
"4376","",""
"4377","2026-07-24","2026-08-23"
"4378","",""
"4379","",""
"4380","2026-06-17","2026-06-20"
"4381","",""
"4382","",""
"4383","2026-07-05","2026-08-04"
"4384","2026-09-16","2026-10-16"
"4385","",""
"4386","",""
"4387","2026-08-01","2026-08-31"
"4388","",""
"4389","",""
"4390","",""
"4391","2026-07-26","2026-07-28"
"4392","",""
"4393","2026-08-25","2026-09-24"
"4394","2026-08-19","2026-09-18"
"4395","2026-06-15","2026-07-15"
"4396","2026-10-01","2026-10-31"
"4397","2026-08-24","2026-09-23"
"4398","",""
"4399","",""
"4400","",""
"4401","2026-06-14","2026-07-14"
"4402","",""
"4403","2026-07-13","2026-07-15"
"4404","",""
"4405","2026-07-06","2026-07-09"
"4406","2026-08-31","2026-09-30"
"4407","2026-08-01","2026-10-10"
"4408","",""
"4409","",""
"4410","2026-06-14","2026-07-14"
"4411","2027-04-02","2027-05-02"
"4412","",""
"4413","2026-07-31","2026-08-30"
"4414","2026-12-09","2027-01-08"
"4415","2026-06-20","2026-06-22"
"4416","",""
"4417","",""
"4418","2026-08-16","2026-09-15"
"4419","2026-07-20","2026-07-22"
"4420","",""
"4421","2026-06-17","2026-07-17"
"4422","",""
"4423","",""
"4424","2026-12-21","2027-01-20"
"4425","",""
"4426","2026-07-01","2026-07-31"
"4427","",""
"4428","2026-06-15","2026-07-15"
"4429","2026-07-02","2026-08-01"
"4430","2026-07-15","2026-08-14"
"4431","2027-01-01","2027-01-31"
"4432","2026-06-14","2026-07-14"
"4433","2027-01-02","2027-02-01"
"4434","2026-06-14","2026-07-14"
"4435","",""
"4436","2026-09-04","2026-10-04"
"4437","",""
"4438","2026-06-14","2026-07-14"
"4439","",""
"4440","2026-06-17","2026-06-20"
"4441","",""
"4442","2026-06-29","2026-07-29"
"4443","2026-08-01","2026-08-31"
"4444","2026-07-01","2026-07-31"
"4445","",""
"4446","2026-07-11","2026-08-10"
"4447","2027-01-01","2027-01-31"
"4448","2026-06-15","2026-07-15"
"4449","",""
"4450","",""
"4451","2026-08-16","2026-09-15"
"4452","2026-07-10","2026-08-09"
"4453","",""
"4454","2026-06-14","2026-07-14"
"4455","2026-07-01","2026-07-31"
"4456","2026-06-15","2026-07-15"
"4457","",""
"4458","2026-06-15","2026-07-15"
"4459","2026-06-15","2026-06-17"
"4460","2026-08-06","2026-09-05"
"4461","",""
"4462","2026-12-31","2027-01-30"
"4463","2026-10-10","2026-11-09"
"4464","",""
"4465","",""
"4466","2026-06-23","2026-06-24"
"4467","",""
"4468","",""
"4469","2026-08-02","2026-09-01"
"4470","",""
"4471","",""
"4472","2026-06-14","2026-07-14"
"4473","2026-06-15","2026-07-15"
"4474","2027-04-01","2027-05-01"
"4475","",""
"4476","",""
"4477","2026-07-08","2026-08-07"
"4478","",""
"4479","2026-07-17","2026-08-16"
"4480","2026-08-20","2026-09-19"
"4481","2026-11-05","2026-12-05"
"4482","",""
"4483","2026-10-01","2026-10-02"
"4484","2026-06-15","2026-07-15"
"4485","",""
"4486","",""
"4487","",""
"4488","2026-06-30","2026-07-30"
"4489","2026-10-20","2026-10-23"
"4490","",""
"4491","2026-07-04","2026-07-07"
"4492","2026-06-15","2026-07-15"
"4493","2026-09-19","2026-10-19"
"4494","2027-01-05","2027-02-04"
"4495","2026-07-12","2026-08-11"
"4496","2026-06-15","2026-07-15"
"4497","2026-09-25","2026-12-04"
"4498","2026-06-16","2026-07-16"
"4499","",""
"4500","",""
"4501","2026-06-23","2026-10-21"
"4502","",""
"4503","2026-07-29","2026-08-02"
"4504","2026-06-16","2026-06-18"
"4505","2026-09-30","2026-10-30"
"4506","",""
"4507","",""
"4508","2026-07-24","2026-08-23"
"4509","2026-10-01","2026-10-31"
"4510","2026-06-16","2026-07-16"
"4511","",""
"4512","",""
"4513","2026-10-20","2026-11-19"
"4514","",""
"4515","",""
"4516","2026-06-24","2026-06-25"
"4517","",""
"4518","2026-09-06","2026-10-06"
"4519","",""
"4520","2026-08-31","2026-09-30"
"4521","2026-07-01","2026-07-31"
"4522","2026-06-14","2026-07-14"
"4523","",""
"4524","2026-06-21","2026-07-21"
"4525","2027-01-01","2027-01-31"
"4526","",""
"4527","",""
"4528","2026-12-05","2027-01-04"
"4529","2026-06-16","2026-07-16"
"4530","",""
"4531","",""
"4532","2026-06-17","2026-06-18"
"4533","",""
"4534","2026-06-17","2026-07-17"
"4535","",""
"4536","",""
"4537","2026-06-15","2026-07-15"
"4538","2026-10-01","2026-10-31"
"4539","2026-09-01","2026-10-01"
"4540","2026-06-15","2026-07-15"
"4541","2026-06-21","2026-06-23"
"4542","",""
"4543","",""
"4544","2026-09-01","2026-10-01"
"4545","2026-06-15","2026-07-15"
"4546","",""
"4547","2027-01-01","2027-01-31"
"4548","2026-08-04","2026-09-03"
"4549","",""
"4550","",""
"4551","",""
"4552","",""
"4553","",""
"4554","",""
"4555","",""
"4556","",""
"4557","2026-10-01","2026-10-31"
"4558","2026-09-28","2026-10-28"
"4559","2026-06-16","2026-07-16"
"4560","",""
"4561","2027-01-01","2027-01-31"
"4562","2026-08-15","2026-09-14"
"4563","2027-03-06","2027-04-05"
"4564","2026-07-25","2026-08-24"
"4565","",""
"4566","2026-06-15","2026-06-16"
"4567","",""
"4568","2026-11-09","2026-12-09"
"4569","2026-06-14","2026-07-14"
"4570","",""
"4571","",""
"4572","",""
"4573","2026-10-11","2026-11-10"
"4574","",""
"4575","2027-01-01","2027-01-31"
"4576","2026-10-05","2026-11-04"
"4577","2026-06-28","2026-07-28"
"4578","",""
"4579","",""
"4580","2026-07-14","2026-07-15"
"4581","2027-01-01","2027-01-31"
"4582","2026-06-15","2026-07-15"
"4583","2026-10-02","2026-11-01"
"4584","2026-07-31","2026-08-30"
"4585","2026-08-01","2026-08-31"
"4586","2026-08-15","2026-09-14"
"4587","",""
"4588","",""
"4589","2026-09-01","2026-10-01"
"4590","",""
"4591","2026-08-20","2026-09-19"
"4592","2026-06-14","2026-07-14"
"4593","",""
"4594","2026-08-18","2026-09-17"
"4595","2026-08-02","2026-09-01"
"4596","2026-11-18","2026-12-18"
"4597","2026-10-21","2026-11-20"
"4598","2026-07-31","2026-08-30"
"4599","2026-06-15","2026-06-16"
"4600","",""
"4601","2026-06-21","2026-07-21"
"4602","2026-07-01","2026-07-31"
"4603","",""
"4604","",""
"4605","2026-12-19","2027-01-18"
"4606","2026-07-25","2026-07-28"
"4607","",""
"4608","2026-06-23","2026-06-26"
"4609","",""
"4610","",""
"4611","2026-06-28","2026-06-29"
"4612","2026-06-14","2026-07-14"
"4613","",""
"4614","2026-06-14","2026-06-15"
"4615","",""
"4616","2026-08-04","2026-09-03"
"4617","",""
"4618","2026-08-01","2026-08-31"
"4619","2026-06-30","2026-07-30"
"4620","",""
"4621","2026-07-10","2026-08-09"
"4622","2026-11-02","2026-12-02"
"4623","2026-08-01","2026-08-31"
"4624","",""
"4625","2026-06-23","2026-06-25"
"4626","2026-12-01","2026-12-31"
"4627","",""
"4628","2026-11-30","2026-12-30"
"4629","2026-10-31","2026-11-30"
"4630","",""
"4631","2026-06-15","2026-06-18"
"4632","2027-02-28","2027-03-30"
"4633","2026-08-01","2026-08-31"
"4634","",""
"4635","",""
"4636","2026-06-14","2026-07-14"
"4637","2026-06-15","2026-07-15"
"4638","",""
"4639","2026-06-15","2026-07-15"
"4640","2026-06-16","2026-06-18"
"4641","2026-06-15","2026-07-15"
"4642","",""
"4643","2026-07-12","2026-08-11"
"4644","2026-06-29","2026-12-26"
"4645","2026-07-17","2026-08-16"
"4646","2026-06-14","2026-07-14"
"4647","",""
"4648","2026-06-21","2026-07-22"
"4649","2026-06-15","2026-07-15"
"4650","",""
"4651","2026-07-22","2026-08-21"
"4652","2026-06-14","2026-07-14"
"4653","",""
"4654","",""
"4655","",""
"4656","2026-06-20","2026-06-23"
"4657","",""
"4658","2026-08-31","2026-10-01"
"4659","2026-09-30","2026-10-30"
"4660","",""
"4661","2026-10-31","2026-11-30"
"4662","2027-04-01","2027-05-01"
"4663","2026-06-21","2026-07-21"
"4664","2026-07-01","2026-07-03"
"4665","2026-12-24","2027-01-23"
"4666","2026-06-14","2026-07-14"
"4667","",""
"4668","",""
"4669","2026-06-14","2026-07-14"
"4670","",""
"4671","2026-06-28","2026-07-28"
"4672","2026-06-15","2026-07-15"
"4673","",""
"4674","",""
"4675","",""
"4676","",""
"4677","",""
"4678","",""
"4679","2027-01-01","2027-01-31"
"4680","2027-01-01","2027-01-31"
"4681","2026-06-19","2026-06-20"
"4682","2026-07-14","2026-08-13"
"4683","2026-07-10","2026-08-09"
"4684","",""
"4685","2026-06-14","2026-07-14"
"4686","2026-07-20","2026-08-19"
"4687","2026-06-19","2026-06-24"
"4688","2026-07-05","2026-07-08"
"4689","2026-06-17","2026-07-17"
"4690","",""
"4691","",""
"4692","",""
"4693","2026-09-01","2026-10-01"
"4694","2026-07-28","2026-07-30"
"4695","2026-08-31","2026-09-30"
"4696","",""
"4697","2026-11-06","2026-12-06"
"4698","2026-06-15","2026-07-15"
"4699","",""
"4700","2026-07-02","2026-07-05"
"4701","",""
"4702","2026-06-17","2026-07-17"
"4703","",""
"4704","",""
"4705","",""
"4706","",""
"4707","2026-06-14","2026-07-14"
"4708","",""
"4709","2026-06-16","2026-07-16"
"4710","",""
"4711","2026-08-16","2026-09-15"
"4712","",""
"4713","2026-07-16","2026-08-15"
"4714","",""
"4715","",""
"4716","2026-06-17","2026-07-17"
"4717","2026-08-18","2026-09-17"
"4718","2026-06-15","2026-07-15"
"4719","2026-07-07","2026-08-06"
"4720","2026-06-15","2026-07-15"
"4721","2026-06-30","2026-07-04"
"4722","",""
"4723","",""
"4724","2026-08-31","2026-09-30"
"4725","2026-07-02","2026-08-02"
"4726","2026-06-15","2026-07-15"
"4727","2026-09-01","2026-10-01"
"4728","",""
"4729","2026-08-19","2026-09-18"
"4730","2026-10-01","2026-10-31"
"4731","2026-07-31","2026-08-30"
"4732","2026-06-22","2026-06-24"
"4733","2026-06-15","2026-06-18"
"4734","2026-11-17","2026-12-17"
"4735","2026-08-01","2026-08-31"
"4736","",""
"4737","",""
"4738","2026-07-26","2026-07-28"
"4739","",""
"4740","2026-07-31","2026-08-30"
"4741","",""
"4742","2026-08-21","2026-09-20"
"4743","2026-06-14","2026-07-14"
"4744","2026-10-01","2026-10-31"
"4745","2026-08-01","2026-08-05"
"4746","",""
"4747","2026-07-02","2026-08-01"
"4748","2026-08-25","2026-09-24"
"4749","2026-08-10","2026-09-09"
"4750","",""
"4751","",""
"4752","2026-08-31","2026-09-30"
"4753","2026-11-10","2026-12-10"
"4754","2026-06-15","2026-07-15"
"4755","2026-08-01","2026-08-31"
"4756","",""
"4757","2026-08-16","2026-09-15"
"4758","2026-06-16","2026-06-17"
"4759","2026-06-20","2026-06-21"
"4760","2026-06-30","2026-07-01"
"4761","2026-07-08","2026-08-07"
"4762","",""
"4763","2026-06-29","2026-09-27"
"4764","",""
"4765","",""
"4766","",""
"4767","2026-08-08","2026-09-07"
"4768","2026-07-31","2026-08-30"
"4769","2026-08-16","2026-09-15"
"4770","2026-08-31","2026-09-30"
"4771","2026-06-30","2026-07-30"
"4772","2026-06-20","2026-07-20"
"4773","",""
"4774","2026-07-31","2026-08-30"
"4775","2026-08-09","2026-09-08"
"4776","2026-10-20","2026-11-19"
"4777","2026-09-09","2026-10-09"
"4778","",""
"4779","",""
"4780","",""
"4781","",""
"4782","",""
"4783","2026-06-14","2026-07-14"
"4784","",""
"4785","",""
"4786","2026-07-26","2026-07-30"
"4787","2026-06-24","2026-06-26"
"4788","2026-08-21","2026-09-20"
"4789","",""
"4790","2026-08-02","2026-09-01"
"4791","",""
"4792","",""
"4793","2026-06-17","2026-07-17"
"4794","2026-06-14","2026-07-14"
"4795","",""
"4796","2026-08-16","2026-09-15"
"4797","",""
"4798","",""
"4799","",""
"4800","",""
"4801","",""
"4802","2026-07-14","2026-07-17"
"4803","2026-06-16","2026-07-16"
"4804","2026-08-15","2026-09-14"
"4805","2026-08-10","2026-09-09"
"4806","",""
"4807","",""
"4808","2026-07-02","2026-08-01"
"4809","",""
"4810","2026-06-14","2026-07-14"
"4811","",""
"4812","",""
"4813","",""
"4814","",""
"4815","",""
"4816","2026-06-24","2026-07-24"
"4817","",""
"4818","2026-08-01","2026-08-31"
"4819","2026-07-01","2026-07-31"
"4820","",""
"4821","2026-06-15","2026-07-15"
"4822","2026-06-28","2026-06-30"
"4823","",""
"4824","",""
"4825","2026-08-01","2026-08-31"
"4826","2026-06-18","2026-07-18"
"4827","",""
"4828","2026-09-01","2026-10-01"
"4829","",""
"4830","",""
"4831","2026-09-20","2026-10-20"
"4832","",""
"4833","",""
"4834","",""
"4835","",""
"4836","2026-06-15","2026-07-15"
"4837","2026-08-15","2026-09-14"
"4838","",""
"4839","",""
"4840","2026-08-01","2026-08-31"
"4841","2026-07-31","2026-08-30"
"4842","2026-08-08","2026-09-07"
"4843","2026-08-02","2026-09-01"
"4844","2026-07-31","2026-08-30"
"4845","",""
"4846","",""
"4847","",""
"4848","2026-07-02","2026-08-01"
"4849","2027-01-01","2027-01-31"
"4850","",""
"4851","2026-07-16","2026-08-15"
"4852","2026-07-04","2026-08-03"
"4853","",""
"4854","2026-09-08","2026-10-08"
"4855","",""
"4856","2026-07-17","2026-08-16"
"4857","2026-06-15","2026-07-15"
"4858","2026-10-31","2026-11-30"
"4859","",""
"4860","",""
"4861","",""
"4862","",""
"4863","",""
"4864","",""
"4865","",""
"4866","2026-08-31","2026-09-30"
"4867","",""
"4868","",""
"4869","2026-06-15","2026-07-15"
"4870","",""
"4871","",""
"4872","",""
"4873","",""
"4874","",""
"4875","",""
"4876","2026-07-30","2026-08-29"
"4877","2026-08-01","2026-08-31"
"4878","",""
"4879","2026-06-30","2026-07-30"
"4880","",""
"4881","2026-06-14","2026-07-14"
"4882","",""
"4883","",""
"4884","",""
"4885","2026-06-15","2026-07-15"
"4886","",""
"4887","",""
"4888","2026-06-16","2026-07-16"
"4889","",""
"4890","2026-08-01","2026-08-31"
"4891","2026-06-16","2026-07-16"
"4892","",""
"4893","2026-09-21","2026-10-21"
"4894","",""
"4895","",""
"4896","",""
"4897","2026-06-21","2026-06-24"
"4898","2026-06-28","2026-06-30"
"4899","",""
"4900","",""
"4901","2026-06-16","2026-06-20"
"4902","",""
"4903","2026-06-14","2026-07-14"
"4904","2026-06-22","2026-06-25"
"4905","2026-06-16","2026-07-16"
"4906","",""
"4907","2026-08-07","2026-09-06"
"4908","2027-03-01","2027-03-31"
"4909","",""
"4910","",""
"4911","2026-06-30","2026-07-30"
"4912","2026-08-16","2026-09-15"
"4913","",""
"4914","2026-06-30","2026-07-30"
"4915","2026-08-01","2026-08-31"
"4916","2026-08-05","2026-08-12"
"4917","2026-06-30","2026-07-30"
"4918","",""
"4919","",""
"4920","2026-06-15","2026-07-15"
"4921","2026-09-21","2026-10-21"
"4922","",""
"4923","2026-07-14","2026-08-13"
"4924","",""
"4925","",""
"4926","2026-07-31","2026-08-30"
"4927","",""
"4928","2026-06-24","2026-07-24"
"4929","",""
"4930","",""
"4931","",""
"4932","",""
"4933","2026-08-17","2026-08-21"
"4934","2026-06-14","2026-07-14"
"4935","",""
"4936","2026-06-16","2026-06-17"
"4937","2026-12-22","2027-01-21"
"4938","2026-06-29","2026-09-27"
"4939","2026-11-02","2026-12-02"
"4940","",""
"4941","",""
"4942","",""
"4943","2026-06-15","2026-07-15"
"4944","2026-07-31","2026-08-30"
"4945","",""
"4946","",""
"4947","2026-06-15","2026-06-17"
"4948","",""
"4949","",""
"4950","",""
"4951","2026-06-30","2026-07-30"
"4952","2026-06-23","2027-06-23"
"4953","2026-09-30","2026-11-29"
"4954","2026-06-20","2026-07-20"
"4955","",""
"4956","",""
"4957","",""
"4958","2026-10-18","2026-11-17"
"4959","",""
"4960","2026-09-08","2026-10-08"
"4961","",""
"4962","",""
"4963","",""
"4964","",""
"4965","2026-06-18","2026-06-19"
"4966","2026-06-15","2026-07-15"
"4967","2026-06-16","2026-07-16"
"4968","2026-08-04","2026-09-03"
"4969","2026-07-22","2026-07-26"
"4970","",""
"4971","",""
"4972","",""
"4973","",""
"4974","",""
"4975","",""
"4976","2026-06-15","2026-07-15"
"4977","",""
"4978","2026-12-27","2027-01-26"
"4979","2026-10-01","2026-10-31"
"4980","2026-10-01","2026-10-31"
"4981","2026-06-29","2026-06-30"
"4982","2026-06-23","2027-06-23"
"4983","",""
"4984","2026-07-28","2026-08-28"
"4985","2026-07-02","2026-07-03"
"4986","2026-10-19","2026-11-18"
"4987","2026-09-03","2026-10-03"
"4988","2026-08-10","2026-09-09"
"4989","2026-08-01","2026-08-31"
"4990","",""
"4991","",""
"4992","",""
"4993","",""
"4994","2026-09-01","2026-09-03"
"4995","2026-06-22","2026-06-23"
"4996","2026-06-15","2026-07-15"
"4997","2026-08-08","2026-09-07"
"4998","",""
"4999","",""
"5000","2026-08-31","2026-09-30"
"5001","2026-06-14","2026-07-14"
"5002","",""
"5003","",""
"5004","",""
"5005","2026-06-29","2026-07-02"
"5006","2026-06-23","2026-07-23"
"5007","",""
"5008","2027-02-28","2027-04-29"
"5009","2026-07-31","2026-08-30"
"5010","",""
"5011","",""
"5012","2026-08-02","2026-09-01"
"5013","2026-08-15","2026-09-14"
"5014","2026-11-01","2026-12-01"
"5015","",""
"5016","2026-06-16","2026-07-16"
"5017","2026-06-14","2026-07-14"
"5018","2026-07-11","2026-07-15"
"5019","2026-10-23","2026-11-22"
"5020","",""
"5021","2026-06-30","2026-07-30"
"5022","2026-09-01","2026-10-01"
"5023","2027-01-01","2027-01-31"
"5024","",""
"5025","2026-06-17","2026-06-20"
"5026","2026-06-15","2026-06-16"
"5027","",""
"5028","2026-12-19","2027-01-19"
"5029","2026-06-15","2026-06-17"
"5030","2026-06-15","2026-06-17"
"5031","2026-07-04","2026-08-03"
"5032","",""
"5033","2026-08-01","2026-08-31"
"5034","2026-06-15","2026-07-15"
"5035","",""
"5036","",""
"5037","2026-08-01","2026-08-31"
"5038","2026-08-30","2026-09-29"
"5039","2026-08-04","2026-09-03"
"5040","",""
"5041","",""
"5042","2026-08-09","2026-09-08"
"5043","2026-12-13","2027-01-12"
"5044","2026-08-03","2026-09-02"
"5045","",""
"5046","",""
"5047","",""
"5048","",""
"5049","",""
"5050","",""
"5051","2026-07-15","2026-08-14"
"5052","2026-08-22","2026-09-21"
"5053","",""
"5054","",""
"5055","",""
"5056","",""
"5057","",""
"5058","2026-06-28","2026-07-01"
"5059","2026-06-14","2026-07-14"
"5060","2026-06-14","2026-07-14"
"5061","2026-07-14","2026-08-13"
"5062","",""
"5063","2026-07-05","2026-08-04"
"5064","2026-06-29","2026-07-29"
"5065","",""
"5066","2026-10-16","2026-11-15"
"5067","2026-10-18","2026-11-17"
"5068","2026-10-03","2026-11-02"
"5069","2026-12-02","2027-01-02"
"5070","2026-09-30","2026-10-30"
"5071","2026-07-10","2026-07-11"
"5072","",""
"5073","",""
"5074","",""
"5075","",""
"5076","",""
"5077","2026-06-28","2026-07-28"
"5078","2026-08-01","2026-08-31"
"5079","2026-06-14","2026-07-14"
"5080","",""
"5081","",""
"5082","",""
"5083","2026-06-15","2026-06-19"
"5084","",""
"5085","",""
"5086","",""
"5087","",""
"5088","2026-07-31","2026-08-30"
"5089","2026-08-31","2026-09-30"
"5090","",""
"5091","",""
"5092","",""
"5093","",""
"5094","",""
"5095","2026-07-31","2026-08-30"
"5096","",""
"5097","2026-08-23","2026-09-22"
"5098","2026-08-07","2026-09-06"
"5099","",""
"5100","2026-06-21","2026-07-21"
"5101","2026-08-03","2026-09-02"
"5102","",""
"5103","2026-06-23","2026-07-23"
"5104","2026-12-28","2027-01-27"
"5105","2026-07-05","2026-08-04"
"5106","2026-07-03","2026-08-02"
"5107","2026-09-09","2026-10-09"
"5108","2027-01-01","2027-02-01"
"5109","",""
"5110","",""
"5111","2026-12-16","2027-01-15"
"5112","2026-08-22","2026-09-21"
"5113","2026-06-28","2026-07-28"
"5114","2026-06-15","2026-06-17"
"5115","2026-06-17","2026-06-18"
"5116","2026-11-02","2026-12-02"
"5117","",""
"5118","",""
"5119","2026-06-23","2026-09-21"
"5120","",""
"5121","2026-06-16","2026-07-16"
"5122","",""
"5123","",""
"5124","2026-06-16","2026-07-16"
"5125","2026-06-16","2026-07-16"
"5126","",""
"5127","2026-08-09","2026-09-08"
"5128","",""
"5129","",""
"5130","",""
"5131","",""
"5132","2026-06-22","2026-06-24"
"5133","",""
"5134","",""
"5135","2026-06-21","2026-06-22"
"5136","2026-06-15","2026-06-19"
"5137","2026-06-21","2026-07-21"
"5138","",""
"5139","2026-08-10","2026-09-09"
"5140","",""
"5141","2026-09-16","2026-10-16"
"5142","2026-07-31","2026-08-30"
"5143","2026-06-15","2026-07-15"
"5144","",""
"5145","2026-06-15","2026-07-15"
"5146","",""
"5147","",""
"5148","2027-01-16","2027-02-15"
"5149","2026-09-01","2026-10-01"
"5150","",""
"5151","",""
"5152","",""
"5153","",""
"5154","2026-06-14","2026-07-14"
"5155","2026-06-14","2026-07-14"
"5156","2026-06-14","2026-07-14"
"5157","2026-06-14","2026-07-14"
"5158","",""
"5159","",""
"5160","",""
"5161","",""
"5162","",""
"5163","2026-06-30","2026-07-30"
"5164","",""
"5165","",""
"5166","2026-12-20","2027-01-19"
"5167","",""
"5168","",""
"5169","",""
"5170","2026-06-16","2026-07-16"
"5171","2026-08-07","2026-09-06"
"5172","2026-08-31","2026-09-30"
"5173","",""
"5174","2026-07-18","2026-07-23"
"5175","2026-06-16","2026-06-18"
"5176","",""
"5177","",""
"5178","2026-07-18","2026-08-17"
"5179","2026-07-26","2026-07-28"
"5180","2026-06-21","2026-07-21"
"5181","2026-09-01","2026-10-01"
"5182","",""
"5183","2026-06-18","2026-07-18"
"5184","2026-07-23","2026-08-22"
"5185","2026-06-16","2026-07-16"
"5186","",""
"5187","2026-06-15","2026-06-16"
"5188","2026-11-29","2026-12-29"
"5189","2026-08-10","2026-08-13"
"5190","2027-04-26","2027-05-26"
"5191","",""
"5192","",""
"5193","2026-06-15","2026-07-15"
"5194","",""
"5195","2026-10-01","2026-10-31"
"5196","",""
"5197","2027-01-06","2027-02-05"
"5198","2026-07-31","2026-08-30"
"5199","2026-08-20","2026-09-19"
"5200","",""
"5201","",""
"5202","",""
"5203","",""
"5204","2026-08-05","2026-09-04"
"5205","2026-09-02","2027-03-01"
"5206","",""
"5207","",""
"5208","2026-06-16","2026-07-16"
"5209","2026-10-31","2026-11-30"
"5210","",""
"5211","2026-08-04","2026-09-03"
"5212","2026-08-12","2026-09-11"
"5213","",""
"5214","2026-08-05","2026-09-04"
"5215","",""
"5216","2026-12-22","2027-01-21"
"5217","",""
"5218","",""
"5219","2026-08-01","2026-08-31"
"5220","",""
"5221","",""
"5222","2026-07-08","2026-07-11"
"5223","2026-08-01","2026-08-31"
"5224","",""
"5225","",""
"5226","",""
"5227","",""
"5228","",""
"5229","2026-06-16","2026-07-16"
"5230","2026-07-27","2026-08-10"
"5231","2026-06-15","2026-07-15"
"5232","",""
"5233","",""
"5234","",""
"5235","",""
"5236","2026-07-31","2026-08-14"
"5237","",""
"5238","2026-06-22","2026-06-24"
"5239","2026-09-05","2026-10-05"
"5240","2026-06-21","2026-06-22"
"5241","",""
"5242","2026-12-01","2026-12-31"
"5243","",""
"5244","2026-07-25","2026-08-24"
"5245","",""
"5246","2026-10-29","2026-11-28"
"5247","",""
"5248","2026-07-31","2026-08-30"
"5249","",""
"5250","",""
"5251","2026-06-15","2026-07-15"
"5252","2027-01-06","2027-02-05"
"5253","",""
"5254","",""
"5255","",""
"5256","2026-06-15","2026-07-15"
"5257","",""
"5258","",""
"5259","2026-06-22","2026-06-24"
"5260","2026-06-18","2026-06-19"
"5261","2026-07-30","2026-08-29"
"5262","",""
"5263","2026-06-18","2026-06-19"
"5264","",""
"5265","",""
"5266","",""
"5267","2026-08-01","2026-08-31"
"5268","",""
"5269","2026-11-29","2026-12-29"
"5270","",""
"5271","2026-06-15","2026-07-15"
"5272","",""
"5273","2026-08-12","2026-09-11"
"5274","2026-07-01","2026-07-31"
"5275","",""
"5276","2026-06-20","2026-07-20"
"5277","",""
"5278","2026-06-15","2026-07-15"
"5279","",""
"5280","",""
"5281","2026-10-01","2026-10-31"
"5282","",""
"5283","",""
"5284","2026-08-01","2026-08-31"
"5285","2026-08-09","2026-08-12"
"5286","",""
"5287","",""
"5288","2026-08-01","2026-08-31"
"5289","2026-08-01","2026-08-31"
"5290","2026-06-15","2026-07-15"
"5291","2026-08-01","2026-08-31"
"5292","",""
"5293","2026-06-29","2026-07-29"
"5294","2026-12-01","2026-12-31"
"5295","",""
"5296","2026-07-27","2026-07-29"
"5297","2026-06-15","2026-07-15"
"5298","2026-08-22","2026-09-21"
"5299","",""
"5300","2026-08-01","2026-08-31"
"5301","2026-10-31","2026-11-30"
"5302","",""
"5303","2026-08-25","2026-09-24"
"5304","2026-10-10","2026-11-09"
"5305","2026-06-21","2026-06-22"
"5306","",""
"5307","2026-11-05","2026-12-06"
"5308","2026-06-30","2026-07-30"
"5309","2026-07-10","2026-08-09"
"5310","",""
"5311","2026-08-07","2026-09-06"
"5312","2026-06-15","2026-07-15"
"5313","2026-07-30","2026-08-29"
"5314","2026-10-24","2026-11-23"
"5315","",""
"5316","",""
"5317","",""
"5318","2026-06-14","2026-07-14"
"5319","2026-06-18","2026-07-18"
"5320","2026-06-15","2026-07-15"
"5321","",""
"5322","2026-06-17","2026-07-17"
"5323","",""
"5324","",""
"5325","2026-07-31","2026-08-30"
"5326","",""
"5327","",""
"5328","",""
"5329","2026-12-13","2027-01-12"
"5330","2026-11-06","2026-12-06"
"5331","",""
"5332","2026-09-18","2026-10-18"
"5333","2026-08-01","2026-08-31"
"5334","2026-06-17","2026-07-17"
"5335","",""
"5336","",""
"5337","2026-07-21","2026-08-20"
"5338","2026-06-15","2026-07-15"
"5339","",""
"5340","",""
"5341","2026-09-04","2026-10-04"
"5342","",""
"5343","",""
"5344","2026-06-14","2026-07-14"
"5345","",""
"5346","",""
"5347","",""
"5348","",""
"5349","",""
"5350","2026-06-29","2026-07-01"
"5351","2026-12-26","2027-01-25"
"5352","",""
"5353","2026-08-02","2026-09-01"
"5354","",""
"5355","2026-08-31","2026-10-30"
"5356","",""
"5357","",""
"5358","",""
"5359","",""
"5360","",""
"5361","",""
"5362","",""
"5363","2026-06-15","2026-07-15"
"5364","2027-02-01","2027-03-03"
"5365","",""
"5366","",""
"5367","2026-07-31","2026-08-30"
"5368","",""
"5369","",""
"5370","2026-08-09","2026-09-08"
"5371","2026-12-01","2026-12-31"
"5372","",""
"5373","",""
"5374","2026-06-29","2026-07-01"
"5375","",""
"5376","",""
"5377","2026-09-18","2026-10-18"
"5378","2026-12-27","2027-01-26"
"5379","",""
"5380","",""
"5381","2026-07-31","2026-08-30"
"5382","",""
"5383","",""
"5384","",""
"5385","",""
"5386","",""
"5387","",""
"5388","2026-06-21","2026-07-21"
"5389","2026-08-02","2026-09-01"
"5390","",""
"5391","",""
"5392","",""
"5393","",""
"5394","2026-06-18","2026-06-19"
"5395","2026-06-14","2026-07-14"
"5396","2026-08-01","2026-08-31"
"5397","",""
"5398","",""
"5399","",""
"5400","",""
"5401","",""
"5402","2026-06-29","2026-07-01"
"5403","",""
"5404","2026-12-21","2027-01-20"
"5405","",""
"5406","2026-09-01","2026-10-01"
"5407","2026-06-23","2026-09-21"
"5408","",""
"5409","2026-11-26","2026-12-26"
"5410","",""
"5411","2027-01-01","2027-01-31"
"5412","2026-07-10","2026-08-09"
"5413","2026-07-04","2026-07-06"
"5414","2026-12-20","2027-01-20"
"5415","",""
"5416","",""
"5417","",""
"5418","",""
"5419","",""
"5420","2026-06-27","2026-07-27"
"5421","2026-08-31","2026-09-30"
"5422","",""
"5423","",""
"5424","",""
"5425","",""
"5426","2026-09-02","2026-10-02"
"5427","2026-06-14","2026-07-14"
"5428","2026-07-26","2026-08-25"
"5429","",""
"5430","2026-09-20","2026-10-20"
"5431","2026-06-15","2026-07-15"
"5432","2026-08-08","2026-11-06"
"5433","2026-08-31","2026-09-30"
"5434","2026-07-01","2026-07-31"
"5435","2026-06-23","2027-06-18"
"5436","",""
"5437","2026-06-16","2026-07-16"
"5438","",""
"5439","2026-08-01","2026-10-30"
"5440","",""
"5441","",""
"5442","",""
"5443","",""
"5444","2026-10-16","2026-11-15"
"5445","",""
"5446","",""
"5447","2026-06-16","2026-07-16"
"5448","",""
"5449","",""
"5450","",""
"5451","2026-06-15","2026-07-15"
"5452","2026-09-01","2026-10-01"
"5453","2026-08-06","2026-09-05"
"5454","",""
"5455","",""
"5456","",""
"5457","",""
"5458","2026-06-15","2026-06-17"
"5459","",""
"5460","2026-06-14","2026-07-14"
"5461","",""
"5462","2026-09-26","2026-10-27"
"5463","",""
"5464","2026-06-22","2026-07-22"
"5465","",""
"5466","",""
"5467","2026-09-01","2026-10-01"
"5468","",""
"5469","2026-07-10","2026-08-09"
"5470","2026-07-22","2026-08-21"
"5471","2026-07-05","2026-07-07"
"5472","2026-07-27","2026-08-26"
"5473","",""
"5474","",""
"5475","2026-06-16","2026-07-16"
"5476","",""
"5477","",""
"5478","2026-07-13","2026-08-12"
"5479","",""
"5480","2026-06-16","2026-07-16"
"5481","",""
"5482","2026-07-07","2026-07-09"
"5483","2026-08-01","2026-08-31"
"5484","2026-06-16","2026-07-16"
"5485","2026-06-15","2026-07-15"
"5486","2026-07-25","2026-08-24"
"5487","2026-06-14","2026-07-14"
"5488","",""
"5489","",""
"5490","2026-12-01","2026-12-31"
"5491","2026-08-01","2026-08-31"
"5492","2026-06-14","2026-07-14"
"5493","",""
"5494","2026-07-06","2026-08-05"
"5495","",""
"5496","2026-08-09","2026-09-08"
"5497","",""
"5498","",""
"5499","2026-07-08","2026-08-07"
"5500","2026-06-18","2026-06-20"
"5501","",""
"5502","",""
"5503","",""
"5504","",""
"5505","2026-08-29","2026-09-28"
"5506","",""
"5507","",""
"5508","",""
"5509","2026-09-13","2026-10-13"
"5510","2026-07-20","2026-07-22"
"5511","2027-02-01","2027-03-03"
"5512","2026-08-01","2026-08-31"
"5513","2026-08-10","2026-09-09"
"5514","",""
"5515","2026-06-29","2026-07-29"
"5516","2027-02-02","2027-03-04"
"5517","",""
"5518","",""
"5519","",""
"5520","2026-06-16","2026-07-16"
"5521","2026-07-01","2026-07-31"
"5522","2026-06-16","2026-06-17"
"5523","2026-06-23","2026-09-21"
"5524","2026-06-14","2026-07-14"
"5525","",""
"5526","",""
"5527","",""
"5528","",""
"5529","",""
"5530","",""
"5531","2026-12-06","2027-01-05"
"5532","",""
"5533","2026-07-08","2026-08-07"
"5534","2026-06-16","2026-07-16"
"5535","",""
"5536","2026-10-31","2026-11-30"
"5537","",""
"5538","",""
"5539","2026-08-03","2026-09-02"
"5540","",""
"5541","2026-07-01","2026-07-02"
"5542","2026-08-02","2026-09-01"
"5543","2026-10-04","2026-11-03"
"5544","",""
"5545","2026-07-25","2026-08-24"
"5546","",""
"5547","",""
"5548","2026-06-25","2026-06-27"
"5549","",""
"5550","2026-07-14","2026-08-13"
"5551","",""
"5552","",""
"5553","2026-08-11","2026-09-10"
"5554","2026-06-15","2026-07-15"
"5555","",""
"5556","",""
"5557","2026-06-16","2026-07-16"
"5558","2026-08-22","2026-09-21"
"5559","2026-09-05","2026-10-05"
"5560","2026-06-20","2026-07-20"
"5561","2026-07-25","2026-08-24"
"5562","",""
"5563","2026-08-01","2026-08-31"
"5564","2026-09-01","2026-10-01"
"5565","2026-08-01","2026-08-31"
"5566","2026-06-15","2026-07-15"
"5567","2026-07-13","2026-08-12"
"5568","",""
"5569","2026-07-12","2026-08-11"
"5570","",""
"5571","",""
"5572","",""
"5573","",""
"5574","2026-07-01","2026-07-31"
"5575","",""
"5576","",""
"5577","2026-10-01","2026-10-31"
"5578","",""
"5579","2026-07-22","2026-07-24"
"5580","",""
"5581","2026-06-27","2026-07-27"
"5582","2026-06-16","2026-07-16"
"5583","2026-08-30","2026-09-29"
"5584","",""
"5585","",""
"5586","",""
"5587","",""
"5588","2026-08-01","2026-08-31"
"5589","2026-06-29","2026-07-29"
"5590","",""
"5591","",""
"5592","2026-06-30","2026-07-30"
"5593","",""
"5594","2026-07-05","2026-08-04"
"5595","",""
"5596","",""
"5597","2026-09-06","2026-10-06"
"5598","",""
"5599","2026-09-20","2026-10-20"
"5600","2026-07-10","2026-08-09"
"5601","",""
"5602","2026-08-03","2026-09-02"
"5603","2026-06-23","2027-06-23"
"5604","",""
"5605","2026-10-03","2026-11-03"
"5606","",""
"5607","",""
"5608","2026-09-14","2026-10-14"
"5609","",""
"5610","",""
"5611","2026-06-16","2026-07-16"
"5612","",""
"5613","",""
"5614","",""
"5615","2026-09-20","2026-10-20"
"5616","2026-08-24","2026-09-23"
"5617","2026-06-23","2026-06-25"
"5618","2026-06-14","2026-07-14"
"5619","2026-07-20","2026-08-19"
"5620","2026-07-07","2026-08-06"
"5621","",""
"5622","",""
"5623","",""
"5624","2026-06-15","2026-07-15"
"5625","2026-06-27","2026-07-27"
"5626","2027-03-31","2027-04-30"
"5627","",""
"5628","",""
"5629","2026-08-06","2026-09-05"
"5630","",""
"5631","2026-06-22","2026-06-24"
"5632","2026-08-24","2026-09-23"
"5633","",""
"5634","",""
"5635","",""
"5636","2026-07-27","2026-08-26"
"5637","",""
"5638","",""
"5639","",""
"5640","",""
"5641","",""
"5642","",""
"5643","2026-06-15","2026-07-15"
"5644","2026-06-15","2026-07-15"
"5645","",""
"5646","2026-06-15","2026-07-15"
"5647","2026-06-15","2026-06-16"
"5648","",""
"5649","",""
"5650","2026-08-31","2026-09-01"
"5651","2026-07-07","2026-08-06"
"5652","2026-06-14","2026-07-14"
"5653","",""
"5654","2027-01-07","2027-02-06"
"5655","",""
"5656","2026-08-16","2026-09-15"
"5657","",""
"5658","",""
"5659","2026-08-08","2026-09-07"
"5660","",""
"5661","",""
"5662","",""
"5663","",""
"5664","2027-01-31","2027-03-02"
"5665","2026-09-03","2026-10-03"
"5666","",""
"5667","2026-10-31","2026-11-30"
"5668","2026-06-15","2026-07-15"
"5669","2026-07-22","2026-07-23"
"5670","2026-06-15","2026-07-15"
"5671","",""
"5672","",""
"5673","",""
"5674","",""
"5675","",""
"5676","2026-06-16","2026-07-16"
"5677","",""
"5678","2026-06-30","2026-07-30"
"5679","",""
"5680","",""
"5681","",""
"5682","",""
"5683","2026-06-21","2026-06-24"
"5684","2026-12-21","2027-01-20"
"5685","2026-07-19","2026-08-18"
"5686","2026-09-27","2026-10-27"
"5687","2026-06-16","2026-06-18"
"5688","2026-08-01","2026-08-31"
"5689","2026-08-01","2026-08-31"
"5690","2026-06-22","2026-06-24"
"5691","",""
"5692","",""
"5693","",""
"5694","2026-06-16","2026-07-16"
"5695","",""
"5696","",""
"5697","",""
"5698","2026-06-15","2026-07-15"
"5699","2026-06-15","2026-07-15"
"5700","",""
"5701","",""
"5702","",""
"5703","2026-06-26","2026-06-29"
"5704","2026-08-01","2026-08-31"
"5705","2026-09-02","2026-10-02"
"5706","2026-10-01","2026-10-31"
"5707","2026-11-03","2026-12-03"
"5708","",""
"5709","2026-06-28","2026-06-30"
"5710","",""
"5711","2026-06-15","2026-07-15"
"5712","2027-03-01","2027-03-31"
"5713","2026-06-17","2026-07-17"
"5714","2026-06-20","2026-07-20"
"5715","",""
"5716","2026-06-15","2026-07-15"
"5717","2026-11-01","2026-12-01"
"5718","2026-10-01","2026-10-31"
"5719","",""
"5720","2026-07-23","2026-08-22"
"5721","",""
"5722","2026-08-08","2026-09-07"
"5723","",""
"5724","2026-06-14","2026-07-14"
"5725","2026-08-01","2026-08-31"
"5726","2026-08-16","2026-12-14"
"5727","2026-06-14","2026-07-14"
"5728","2026-06-16","2026-07-16"
"5729","2026-08-15","2026-09-14"
"5730","2026-06-27","2026-07-27"
"5731","",""
"5732","",""
"5733","",""
"5734","2026-09-22","2026-10-22"
"5735","",""
"5736","",""
"5737","",""
"5738","",""
"5739","",""
"5740","2026-08-22","2026-09-22"
"5741","2026-08-31","2026-09-30"
"5742","2026-12-19","2027-01-18"
"5743","2026-06-15","2026-06-17"
"5744","",""
"5745","",""
"5746","2026-06-28","2026-06-30"
"5747","",""
"5748","2026-07-25","2026-07-27"
"5749","",""
"5750","",""
"5751","2026-06-15","2026-07-15"
"5752","2026-12-20","2027-01-19"
"5753","2026-06-17","2026-07-17"
"5754","2026-06-15","2026-07-15"
"5755","",""
"5756","",""
"5757","2026-08-02","2026-09-01"
"5758","2026-09-27","2026-10-27"
"5759","",""
"5760","2026-11-01","2026-12-01"
"5761","",""
"5762","2027-01-02","2027-02-01"
"5763","2026-06-16","2026-07-16"
"5764","2026-08-04","2026-09-03"
"5765","2026-08-23","2026-09-22"
"5766","",""
"5767","2026-11-01","2026-12-01"
"5768","",""
"5769","2027-01-01","2027-01-31"
"5770","",""
"5771","",""
"5772","",""
"5773","2026-06-15","2026-07-15"
"5774","",""
"5775","",""
"5776","",""
"5777","2026-08-03","2026-09-02"
"5778","",""
"5779","2026-06-14","2026-07-14"
"5780","2026-06-16","2026-07-16"
"5781","",""
"5782","",""
"5783","2026-06-14","2026-07-14"
"5784","",""
"5785","2026-08-01","2026-08-31"
"5786","2026-08-30","2026-09-29"
"5787","2026-06-16","2026-07-16"
"5788","",""
"5789","2026-06-24","2026-07-24"
"5790","",""
"5791","2026-06-18","2026-06-21"
"5792","2026-09-20","2026-10-20"
"5793","2026-08-01","2026-08-31"
"5794","2026-06-14","2026-07-14"
"5795","",""
"5796","2026-06-16","2026-07-16"
"5797","2026-07-03","2026-08-02"
"5798","2026-08-26","2026-09-25"
"5799","2027-01-31","2027-03-02"
"5800","2026-07-06","2026-07-09"
"5801","",""
"5802","",""
"5803","2026-12-05","2027-01-04"
"5804","",""
"5805","2026-08-31","2026-09-30"
"5806","",""
"5807","",""
"5808","2026-06-14","2026-07-14"
"5809","",""
"5810","2026-07-13","2026-07-15"
"5811","",""
"5812","2026-12-01","2026-12-31"
"5813","2026-07-27","2026-08-26"
"5814","",""
"5815","",""
"5816","",""
"5817","2026-06-15","2026-07-15"
"5818","2026-06-17","2026-06-22"
"5819","2026-08-15","2026-09-14"
"5820","2026-06-23","2026-07-23"
"5821","2026-10-31","2026-12-30"
"5822","",""
"5823","2026-06-15","2026-07-15"
"5824","2026-06-15","2026-07-15"
"5825","2026-06-15","2026-07-15"
"5826","2026-08-01","2026-08-31"
"5827","",""
"5828","2026-06-17","2026-06-21"
"5829","",""
"5830","",""
"5831","",""
"5832","",""
"5833","2026-07-13","2026-08-12"
"5834","",""
"5835","",""
"5836","2026-06-21","2026-07-21"
"5837","2027-01-05","2027-02-04"
"5838","2026-09-06","2026-10-06"
"5839","",""
"5840","2026-08-01","2026-08-31"
"5841","2026-06-18","2026-07-18"
"5842","",""
"5843","",""
"5844","",""
"5845","2026-08-01","2026-08-31"
"5846","2026-08-01","2026-08-31"
"5847","2026-08-01","2026-08-31"
"5848","2026-08-01","2026-08-31"
"5849","2026-08-07","2026-09-06"
"5850","",""
"5851","2026-12-31","2027-01-30"
"5852","",""
"5853","",""
"5854","2026-06-15","2026-07-15"
"5855","2026-06-15","2026-07-15"
"5856","2026-10-05","2026-11-04"
"5857","2026-06-15","2026-07-15"
"5858","2026-11-01","2026-12-01"
"5859","2026-07-31","2026-08-30"
"5860","2026-09-01","2026-10-01"
"5861","",""
"5862","2027-01-01","2027-01-31"
"5863","",""
"5864","2026-06-22","2026-06-23"
"5865","2026-06-15","2026-07-15"
"5866","",""
"5867","",""
"5868","2026-06-14","2026-07-14"
"5869","2026-07-01","2026-07-06"
"5870","",""
"5871","",""
"5872","",""
"5873","",""
"5874","",""
"5875","",""
"5876","",""
"5877","",""
"5878","2027-01-01","2027-04-01"
"5879","2026-09-03","2026-10-03"
"5880","2026-08-06","2026-09-05"
"5881","",""
"5882","2026-07-19","2026-08-18"
"5883","2026-10-08","2026-11-07"
"5884","",""
"5885","",""
"5886","",""
"5887","2026-06-17","2026-06-20"
"5888","2026-09-29","2026-10-29"
"5889","2026-06-16","2026-07-16"
"5890","",""
"5891","",""
"5892","2026-07-07","2026-08-06"
"5893","",""
"5894","2026-08-01","2026-08-31"
"5895","",""
"5896","2026-08-09","2026-09-08"
"5897","",""
"5898","",""
"5899","",""
"5900","",""
"5901","",""
"5902","",""
"5903","",""
"5904","2026-07-31","2026-08-07"
"5905","2026-09-01","2026-10-01"
"5906","2026-06-14","2026-07-14"
"5907","2026-07-31","2026-08-30"
"5908","2026-08-02","2026-09-01"
"5909","",""
"5910","",""
"5911","2026-10-01","2026-10-31"
"5912","",""
"5913","2026-07-05","2026-07-15"
"5914","",""
"5915","2026-06-28","2026-07-02"
"5916","2026-07-31","2026-08-30"
"5917","2026-12-24","2027-01-23"
"5918","2026-06-29","2027-04-25"
"5919","2026-11-30","2026-12-30"
"5920","2026-06-15","2026-07-15"
"5921","",""
"5922","2026-09-01","2026-10-01"
"5923","",""
"5924","",""
"5925","",""
"5926","",""
"5927","",""
"5928","2026-07-07","2026-08-06"
"5929","",""
"5930","",""
"5931","",""
"5932","",""
"5933","2026-06-16","2026-07-16"
"5934","",""
"5935","2026-08-25","2026-09-24"
"5936","2026-12-02","2027-01-01"
"5937","2026-08-12","2026-09-11"
"5938","2026-06-16","2026-07-16"
"5939","2026-08-22","2026-09-21"
"5940","2026-06-25","2026-06-28"
"5941","2026-06-15","2026-07-15"
"5942","",""
"5943","2026-11-15","2026-12-15"
"5944","",""
"5945","2026-06-29","2026-07-03"
"5946","2026-06-14","2026-07-14"
"5947","2026-09-26","2026-10-26"
"5948","",""
"5949","",""
"5950","2026-06-15","2026-07-15"
"5951","",""
"5952","2026-09-09","2026-10-09"
"5953","2026-06-17","2026-07-17"
"5954","2026-06-17","2026-07-17"
"5955","2026-06-15","2026-07-15"
"5956","2026-08-01","2026-08-31"
"5957","2026-07-05","2026-07-07"
"5958","2026-06-16","2026-06-19"
"5959","2026-07-04","2026-08-03"
"5960","",""
"5961","",""
"5962","",""
"5963","2026-07-08","2026-07-11"
"5964","2026-07-26","2026-08-25"
"5965","2026-07-24","2026-08-23"
"5966","",""
"5967","2026-06-15","2026-07-15"
"5968","",""
"5969","2026-06-17","2026-07-17"
"5970","2026-06-30","2026-07-30"
"5971","2026-11-02","2026-12-02"
"5972","",""
"5973","2026-07-13","2026-07-16"
"5974","",""
"5975","",""
"5976","",""
"5977","2026-06-16","2026-07-16"
"5978","",""
"5979","2026-07-05","2026-07-09"
"5980","2026-07-01","2026-07-31"
"5981","2026-07-25","2026-08-24"
"5982","",""
"5983","2026-07-11","2026-07-15"
"5984","",""
"5985","",""
"5986","2026-06-15","2026-07-15"
"5987","",""
"5988","",""
"5989","",""
"5990","2027-03-25","2027-05-24"
"5991","",""
"5992","",""
"5993","",""
"5994","",""
"5995","2026-08-19","2026-09-18"
"5996","2026-11-08","2026-12-08"
"5997","",""
"5998","",""
"5999","",""
"6000","2026-08-17","2026-09-13"
"6001","",""
"6002","",""
"6003","2026-06-17","2026-07-17"
"6004","2026-10-08","2026-11-08"
"6005","2026-06-15","2026-07-15"
"6006","",""
"6007","",""
"6008","",""
"6009","2026-06-15","2026-07-15"
"6010","",""
"6011","2026-07-31","2026-08-30"
"6012","",""
"6013","",""
"6014","2026-06-20","2026-06-21"
"6015","",""
"6016","",""
"6017","2026-08-31","2026-09-30"
"6018","2026-08-01","2026-08-31"
"6019","2026-08-19","2026-09-18"
"6020","2026-09-14","2026-11-13"
"6021","",""
"6022","",""
"6023","2026-07-25","2026-07-27"
"6024","",""
"6025","",""
"6026","2026-06-15","2026-06-17"
"6027","2026-06-14","2026-07-14"
"6028","2026-06-24","2026-06-25"
"6029","2026-06-30","2026-07-30"
"6030","",""
"6031","2026-06-15","2026-07-15"
"6032","",""
"6033","2026-09-15","2026-10-15"
"6034","2026-07-04","2026-08-03"
"6035","2026-08-16","2026-09-15"
"6036","2026-06-15","2026-07-15"
"6037","",""
"6038","",""
"6039","",""
"6040","",""
"6041","2026-06-18","2026-06-20"
"6042","2026-07-26","2026-08-25"
"6043","",""
"6044","2026-06-15","2026-06-17"
"6045","2026-07-25","2026-08-24"
"6046","",""
"6047","2026-06-15","2026-07-15"
"6048","2027-01-01","2027-01-31"
"6049","2026-07-26","2026-08-25"
"6050","2026-09-01","2026-12-09"
"6051","",""
"6052","2026-06-21","2026-06-22"
"6053","",""
"6054","2026-08-01","2026-08-31"
"6055","",""
"6056","",""
"6057","2026-08-20","2026-09-19"
"6058","",""
"6059","",""
"6060","2026-08-01","2026-08-31"
"6061","2026-07-03","2026-08-03"
"6062","",""
"6063","2026-07-26","2026-08-25"
"6064","2026-06-18","2026-07-18"
"6065","",""
"6066","2026-08-01","2026-08-31"
"6067","",""
"6068","2026-06-29","2026-08-28"
"6069","",""
"6070","",""
"6071","",""
"6072","2026-08-01","2026-08-31"
"6073","",""
"6074","",""
"6075","",""
"6076","2026-06-14","2026-07-14"
"6077","",""
"6078","2026-06-17","2026-07-17"
"6079","",""
"6080","2026-06-15","2026-07-15"
"6081","",""
"6082","2026-06-16","2026-07-16"
"6083","",""
"6084","",""
"6085","",""
"6086","2026-08-10","2026-09-09"
"6087","",""
"6088","",""
"6089","2026-06-15","2026-07-15"
"6090","2026-09-03","2026-10-03"
"6091","",""
"6092","",""
"6093","",""
"6094","",""
"6095","",""
"6096","",""
"6097","2026-08-09","2026-09-08"
"6098","",""
"6099","2026-07-31","2026-08-30"
"6100","2026-06-14","2026-07-14"
"6101","2026-06-14","2026-07-14"
"6102","",""
"6103","",""
"6104","",""
"6105","2026-06-22","2026-06-25"
"6106","",""
"6107","",""
"6108","",""
"6109","",""
"6110","",""
"6111","2026-08-01","2026-08-31"
"6112","",""
"6113","",""
"6114","2026-08-24","2026-09-23"
"6115","2026-06-15","2026-07-15"
"6116","",""
"6117","2026-07-20","2026-08-19"
"6118","",""
"6119","2026-10-01","2026-10-31"
"6120","",""
"6121","2026-09-02","2026-10-02"
"6122","2026-08-06","2026-09-05"
"6123","2026-07-01","2026-07-31"
"6124","",""
"6125","",""
"6126","",""
"6127","",""
"6128","2026-06-29","2026-06-30"
"6129","",""
"6130","",""
"6131","",""
"6132","",""
"6133","",""
"6134","",""
"6135","2026-07-02","2026-08-01"
"6136","2026-07-05","2026-08-04"
"6137","",""
"6138","",""
"6139","",""
"6140","",""
"6141","",""
"6142","",""
"6143","",""
"6144","",""
"6145","2026-06-22","2026-07-22"
"6146","2026-07-31","2026-08-30"
"6147","2026-12-01","2026-12-31"
"6148","",""
"6149","",""
"6150","",""
"6151","",""
"6152","",""
"6153","",""
"6154","",""
"6155","",""
"6156","",""
"6157","",""
"6158","",""
"6159","2026-06-15","2026-06-16"
"6160","",""
"6161","2026-11-01","2026-12-01"
"6162","2026-06-19","2026-06-22"
"6163","2026-08-24","2026-09-23"
"6164","",""
"6165","",""
"6166","",""
"6167","2026-07-31","2026-08-30"
"6168","",""
"6169","2026-08-08","2026-09-07"
"6170","",""
"6171","",""
"6172","2026-06-15","2026-07-15"
"6173","2026-06-21","2026-07-21"
"6174","",""
"6175","",""
"6176","2026-07-19","2026-08-18"
"6177","2026-06-14","2026-07-14"
"6178","",""
"6179","2026-08-10","2026-09-09"
"6180","",""
"6181","2026-06-30","2026-07-30"
"6182","",""
"6183","",""
"6184","",""
"6185","",""
"6186","2026-07-05","2026-07-06"
"6187","2026-06-27","2026-07-27"
"6188","2026-06-16","2026-07-16"
"6189","",""
"6190","",""
"6191","",""
"6192","2026-06-15","2026-07-15"
"6193","2026-08-14","2026-09-13"
"6194","",""
"6195","",""
"6196","2026-08-02","2026-09-01"
"6197","",""
"6198","2026-08-01","2026-08-31"
"6199","2027-04-19","2027-05-19"
"6200","2026-08-01","2026-08-31"
"6201","",""
"6202","2026-06-18","2026-07-18"
"6203","",""
"6204","",""
"6205","2026-10-31","2026-11-30"
"6206","2026-06-15","2026-07-15"
"6207","2026-11-14","2026-12-14"
"6208","",""
"6209","2026-06-15","2026-07-15"
"6210","2026-07-01","2026-07-31"
"6211","",""
"6212","2026-09-19","2026-10-20"
"6213","2026-09-28","2026-10-29"
"6214","",""
"6215","",""
"6216","2026-08-09","2026-09-08"
"6217","2026-10-07","2026-11-06"
"6218","",""
"6219","",""
"6220","2026-06-14","2026-12-16"
"6221","",""
"6222","",""
"6223","2026-08-01","2026-08-31"
"6224","2026-06-14","2026-06-15"
"6225","",""
"6226","2027-01-31","2027-03-02"
"6227","2026-12-26","2027-01-25"
"6228","2026-06-14","2026-07-14"
"6229","2026-10-03","2026-11-02"
"6230","",""
"6231","",""
"6232","",""
"6233","2026-07-05","2026-08-04"
"6234","2026-08-05","2026-08-07"
"6235","",""
"6236","",""
"6237","",""
"6238","2026-06-24","2026-06-25"
"6239","2026-06-14","2026-07-14"
"6240","2026-06-21","2026-07-22"
"6241","",""
"6242","",""
"6243","2026-07-21","2026-08-20"
"6244","",""
"6245","2026-11-15","2026-12-15"
"6246","2026-06-29","2026-07-02"
"6247","2026-07-19","2026-08-18"
"6248","2026-06-14","2026-07-14"
"6249","",""
"6250","",""
"6251","",""
"6252","",""
"6253","",""
"6254","",""
"6255","2026-06-28","2026-07-05"
"6256","",""
"6257","2026-09-01","2026-10-01"
"6258","",""
"6259","2026-07-03","2026-07-04"
"6260","",""
"6261","",""
"6262","",""
"6263","2026-09-07","2026-10-07"
"6264","2026-06-15","2026-07-15"
"6265","",""
"6266","2026-06-15","2026-07-15"
"6267","",""
"6268","2027-03-15","2027-04-14"
"6269","2026-09-02","2026-10-02"
"6270","",""
"6271","",""
"6272","2026-09-02","2026-10-02"
"6273","",""
"6274","",""
"6275","",""
"6276","",""
"6277","2026-06-23","2026-07-23"
"6278","2026-09-13","2026-10-13"
"6279","2026-06-15","2026-07-15"
"6280","",""
"6281","2026-11-08","2026-12-08"
"6282","2026-08-01","2026-08-31"
"6283","",""
"6284","2026-06-26","2026-07-26"
"6285","",""
"6286","2026-10-02","2026-11-01"
"6287","2026-08-06","2026-09-05"
"6288","",""
"6289","2026-06-15","2026-06-16"
"6290","2026-07-06","2026-07-11"
"6291","2026-07-09","2026-08-08"
"6292","",""
"6293","2026-08-05","2026-09-04"
"6294","",""
"6295","",""
"6296","",""
"6297","2026-07-23","2026-07-27"
"6298","2026-08-01","2026-08-31"
"6299","2026-07-02","2026-08-01"
"6300","",""
"6301","2026-07-25","2026-08-24"
"6302","2026-06-25","2026-07-25"
"6303","2026-12-20","2027-01-19"
"6304","",""
"6305","",""
"6306","",""
"6307","2026-12-02","2027-01-01"
"6308","2026-06-16","2026-07-16"
"6309","2026-08-10","2026-09-09"
"6310","2026-06-21","2026-07-21"
"6311","",""
"6312","2026-06-16","2026-07-16"
"6313","",""
"6314","",""
"6315","",""
"6316","2026-10-10","2026-11-09"
"6317","",""
"6318","2026-08-04","2026-09-03"
"6319","",""
"6320","2026-11-01","2026-12-01"
"6321","",""
"6322","2026-07-11","2026-08-10"
"6323","2026-07-26","2026-08-25"
"6324","",""
"6325","",""
"6326","2026-06-15","2026-06-16"
"6327","2026-07-02","2026-08-01"
"6328","",""
"6329","2026-07-07","2026-07-09"
"6330","2026-10-01","2026-10-31"
"6331","2027-03-01","2027-03-31"
"6332","2026-07-01","2026-07-31"
"6333","2026-07-31","2026-08-30"
"6334","",""
"6335","2026-08-01","2026-08-31"
"6336","2026-08-01","2026-08-31"
"6337","2026-09-30","2026-10-30"
"6338","2026-06-14","2026-07-14"
"6339","",""
"6340","2026-06-14","2026-07-14"
"6341","2026-06-14","2026-07-14"
"6342","2026-08-01","2026-08-31"
"6343","",""
"6344","",""
"6345","2026-06-15","2026-07-15"
"6346","",""
"6347","2026-06-15","2026-07-15"
"6348","2026-08-09","2026-09-08"
"6349","2026-06-15","2026-07-15"
"6350","2026-07-05","2026-08-04"
"6351","2026-06-16","2026-07-16"
"6352","2026-07-01","2026-07-02"
"6353","",""
"6354","2026-06-15","2026-07-15"
"6355","",""
"6356","2026-06-14","2026-07-14"
"6357","2026-08-04","2026-09-03"
"6358","2026-08-31","2026-09-30"
"6359","2026-06-14","2026-07-14"
"6360","2026-07-04","2026-08-03"
"6361","2026-10-01","2026-11-01"
"6362","2026-09-11","2026-10-11"
"6363","2026-06-19","2026-06-22"
"6364","2026-06-23","2026-08-27"
"6365","2026-06-24","2026-07-24"
"6366","",""
"6367","2027-02-01","2027-03-03"
"6368","",""
"6369","2026-07-01","2026-07-31"
"6370","",""
"6371","",""
"6372","2026-06-16","2026-06-18"
"6373","2026-12-01","2026-12-31"
"6374","2026-06-16","2026-07-16"
"6375","",""
"6376","",""
"6377","2026-06-19","2026-06-22"
"6378","",""
"6379","2026-06-15","2026-06-18"
"6380","",""
"6381","",""
"6382","2026-08-31","2026-09-30"
"6383","",""
"6384","",""
"6385","",""
"6386","2026-09-30","2026-10-30"
"6387","2026-08-04","2026-09-03"
"6388","",""
"6389","",""
"6390","",""
"6391","",""
"6392","2026-11-02","2026-12-02"
"6393","2026-06-16","2026-06-18"
"6394","",""
"6395","",""
"6396","2026-07-12","2026-08-11"
"6397","",""
"6398","",""
"6399","",""
"6400","2026-12-19","2027-01-18"
"6401","2026-06-17","2026-07-17"
"6402","2026-08-12","2026-09-11"
"6403","",""
"6404","2026-09-01","2026-10-01"
"6405","",""
"6406","",""
"6407","2026-06-30","2026-07-30"
"6408","2026-07-01","2026-07-31"
"6409","2026-06-15","2026-07-15"
"6410","",""
"6411","",""
"6412","2026-08-02","2026-09-01"
"6413","2026-08-04","2026-09-03"
"6414","",""
"6415","2026-08-01","2026-08-31"
"6416","",""
"6417","",""
"6418","",""
"6419","",""
"6420","",""
"6421","",""
"6422","2026-07-03","2026-07-05"
"6423","",""
"6424","",""
"6425","2026-08-16","2026-09-15"
"6426","2026-08-16","2026-09-15"
"6427","2026-10-12","2026-11-11"
"6428","2026-06-14","2026-07-14"
"6429","",""
"6430","",""
"6431","",""
"6432","",""
"6433","",""
"6434","",""
"6435","2026-06-30","2026-07-30"
"6436","",""
"6437","2026-06-16","2026-07-16"
"6438","",""
"6439","2026-07-15","2026-08-14"
"6440","2026-07-01","2026-07-03"
"6441","2026-07-25","2026-08-24"
"6442","2026-06-21","2026-07-21"
"6443","2026-10-31","2026-11-30"
"6444","2026-10-21","2026-11-20"
"6445","2026-06-15","2026-06-18"
"6446","2026-07-04","2026-08-03"
"6447","",""
"6448","",""
"6449","",""
"6450","2026-06-28","2026-07-28"
"6451","",""
"6452","2027-01-01","2027-01-31"
"6453","2026-10-01","2026-10-31"
"6454","2026-07-08","2026-07-10"
"6455","",""
"6456","2026-11-18","2026-12-18"
"6457","2026-08-01","2026-08-31"
"6458","2026-06-18","2026-07-18"
"6459","",""
"6460","",""
"6461","",""
"6462","",""
"6463","",""
"6464","",""
"6465","2027-01-21","2027-02-20"
"6466","2026-07-05","2026-08-04"
"6467","",""
"6468","",""
"6469","",""
"6470","2026-11-23","2026-12-23"
"6471","",""
"6472","2026-08-19","2026-09-18"
"6473","",""
"6474","",""
"6475","2026-06-14","2026-07-14"
"6476","2026-08-01","2026-08-31"
"6477","",""
"6478","",""
"6479","2027-01-22","2027-03-23"
"6480","2026-06-15","2026-07-15"
"6481","2026-07-13","2026-08-12"
"6482","",""
"6483","",""
"6484","",""
"6485","2026-07-30","2026-08-29"
"6486","2026-06-15","2026-07-15"
"6487","2026-06-21","2026-06-22"
"6488","2026-10-24","2026-11-23"
"6489","2026-09-15","2026-10-15"
"6490","",""
"6491","",""
"6492","",""
"6493","2026-06-15","2026-07-15"
"6494","",""
"6495","",""
"6496","",""
"6497","2026-12-23","2027-01-22"
"6498","2026-06-21","2026-07-21"
"6499","",""
"6500","2026-09-01","2026-10-01"
"6501","2026-06-25","2026-07-25"
"6502","",""
"6503","",""
"6504","2026-11-22","2027-01-21"
"6505","2026-11-05","2026-12-05"
"6506","",""
"6507","2026-06-15","2026-06-17"
"6508","",""
"6509","",""
"6510","",""
"6511","2026-06-16","2026-07-17"
"6512","2026-08-27","2026-11-25"
"6513","2026-09-01","2026-10-01"
"6514","2026-06-25","2026-06-27"
"6515","2027-01-01","2027-01-31"
"6516","",""
"6517","",""
"6518","2026-06-15","2026-07-15"
"6519","",""
"6520","",""
"6521","",""
"6522","2026-06-15","2026-07-15"
"6523","",""
"6524","2026-06-17","2026-07-17"
"6525","2026-09-30","2026-12-29"
"6526","2026-10-27","2026-11-26"
"6527","",""
"6528","2026-07-17","2026-08-16"
"6529","2026-06-15","2026-07-15"
"6530","2026-06-14","2026-07-14"
"6531","",""
"6532","",""
"6533","2026-07-22","2026-08-21"
"6534","2026-06-28","2026-07-28"
"6535","2026-09-01","2026-10-01"
"6536","2026-07-01","2026-07-31"
"6537","",""
"6538","",""
"6539","2026-08-31","2026-09-30"
"6540","",""
"6541","2026-06-17","2026-07-17"
"6542","2026-07-31","2026-08-30"
"6543","2026-07-23","2026-07-25"
"6544","",""
"6545","2026-10-01","2026-10-31"
"6546","2026-08-28","2026-09-27"
"6547","2026-07-31","2026-08-30"
"6548","2026-08-07","2026-09-06"
"6549","",""
"6550","2026-11-08","2026-11-13"
"6551","",""
"6552","2026-09-01","2026-10-01"
"6553","2026-07-02","2026-08-01"
"6554","2026-06-16","2026-06-17"
"6555","",""
"6556","2026-06-15","2026-07-15"
"6557","",""
"6558","",""
"6559","2026-06-16","2026-07-16"
"6560","2026-08-03","2026-09-02"
"6561","",""
"6562","",""
"6563","",""
"6564","2026-06-15","2026-07-15"
"6565","2026-06-23","2026-07-23"
"6566","2026-06-15","2026-07-15"
"6567","2026-06-15","2026-07-15"
"6568","",""
"6569","2026-10-01","2026-10-31"
"6570","2026-07-06","2026-07-08"
"6571","",""
"6572","2026-06-21","2026-07-21"
"6573","2026-08-15","2026-09-14"
"6574","2026-10-01","2026-10-31"
"6575","",""
"6576","2026-06-16","2026-06-18"
"6577","2026-06-23","2027-06-23"
"6578","2027-01-01","2027-01-31"
"6579","2026-06-29","2026-07-02"
"6580","2026-07-01","2026-07-31"
"6581","2026-07-25","2026-08-24"
"6582","",""
"6583","",""
"6584","",""
"6585","",""
"6586","",""
"6587","",""
"6588","2026-08-17","2026-09-16"
"6589","2026-07-15","2026-08-14"
"6590","",""
"6591","",""
"6592","",""
"6593","2026-06-23","2026-08-22"
"6594","2026-06-14","2026-07-14"
"6595","",""
"6596","",""
"6597","2026-06-14","2026-07-14"
"6598","",""
"6599","2026-06-15","2026-07-15"
"6600","2026-06-15","2026-07-15"
"6601","2026-08-22","2026-09-21"
"6602","",""
"6603","",""
"6604","",""
"6605","2026-08-09","2026-09-08"
"6606","2026-08-05","2026-09-04"
"6607","2026-08-13","2026-08-14"
"6608","2026-06-21","2026-07-21"
"6609","",""
"6610","2026-06-16","2026-07-16"
"6611","2026-06-23","2026-07-23"
"6612","",""
"6613","",""
"6614","2026-06-16","2026-06-17"
"6615","",""
"6616","",""
"6617","2026-06-15","2026-07-15"
"6618","",""
"6619","2026-08-31","2026-09-30"
"6620","2026-06-17","2026-07-17"
"6621","",""
"6622","",""
"6623","",""
"6624","2026-07-13","2026-08-12"
"6625","2026-07-22","2026-07-24"
"6626","2026-08-15","2026-09-14"
"6627","2026-08-19","2026-09-18"
"6628","2026-06-18","2026-06-19"
"6629","",""
"6630","",""
"6631","2026-06-28","2026-07-03"
"6632","2026-08-07","2026-09-06"
"6633","2026-06-29","2026-07-29"
"6634","2026-08-09","2026-09-09"
"6635","2026-06-14","2026-07-14"
"6636","",""
"6637","2026-07-18","2026-08-17"
"6638","",""
"6639","2026-07-15","2026-08-14"
"6640","2027-03-24","2027-04-23"
"6641","",""
"6642","2026-06-15","2026-07-15"
"6643","",""
"6644","2026-07-03","2026-08-02"
"6645","2026-06-29","2026-07-29"
"6646","2026-08-09","2026-09-08"
"6647","",""
"6648","2026-10-31","2026-11-30"
"6649","",""
"6650","2026-06-28","2026-07-28"
"6651","2026-07-31","2026-08-30"
"6652","2026-12-31","2027-01-30"
"6653","2026-06-14","2026-08-03"
"6654","",""
"6655","",""
"6656","2026-07-31","2026-08-30"
"6657","",""
"6658","2026-06-25","2026-08-24"
"6659","2026-08-01","2026-08-31"
"6660","2027-01-01","2027-01-31"
"6661","2026-09-23","2026-10-23"
"6662","2026-08-08","2026-09-07"
"6663","",""
"6664","2026-06-21","2026-07-21"
"6665","2026-06-16","2026-07-16"
"6666","",""
"6667","",""
"6668","",""
"6669","",""
"6670","2026-08-01","2026-08-31"
"6671","2026-06-24","2026-07-24"
"6672","2026-08-03","2026-09-02"
"6673","",""
"6674","",""
"6675","2026-10-01","2026-10-31"
"6676","2026-09-01","2026-10-01"
"6677","",""
"6678","2026-06-14","2026-07-14"
"6679","",""
"6680","",""
"6681","2026-08-10","2026-09-09"
"6682","2027-01-01","2027-01-31"
"6683","",""
"6684","2026-06-17","2026-07-17"
"6685","2026-08-12","2026-09-11"
"6686","2026-06-15","2026-07-16"
"6687","2026-11-08","2026-12-08"
"6688","2026-10-01","2026-10-31"
"6689","",""
"6690","2026-06-15","2026-07-15"
"6691","",""
"6692","2026-08-01","2026-08-31"
"6693","",""
"6694","2026-06-15","2026-07-15"
"6695","2026-07-25","2026-08-24"
"6696","",""
"6697","2026-09-05","2026-09-07"
"6698","",""
"6699","2026-11-01","2026-12-11"
"6700","2026-06-16","2026-07-16"
"6701","2026-06-20","2026-07-20"
"6702","",""
"6703","2026-09-22","2026-10-22"
"6704","2026-07-02","2026-08-01"
"6705","2026-06-21","2026-07-21"
"6706","",""
"6707","2026-07-03","2026-08-02"
"6708","",""
"6709","2026-07-01","2026-07-31"
"6710","",""
"6711","",""
"6712","2026-07-31","2026-08-30"
"6713","",""
"6714","2026-06-15","2026-06-18"
"6715","2026-06-23","2026-07-23"
"6716","",""
"6717","2026-07-25","2026-08-24"
"6718","",""
"6719","2026-06-15","2026-07-15"
"6720","",""
"6721","2027-01-31","2027-03-02"
"6722","2026-06-20","2026-06-22"
"6723","",""
"6724","2026-09-02","2026-10-02"
"6725","",""
"6726","2026-07-30","2026-08-29"
"6727","2026-07-02","2026-08-01"
"6728","2026-07-20","2026-08-19"
"6729","2026-06-15","2026-06-18"
"6730","2026-12-11","2027-01-10"
"6731","2026-08-10","2026-08-12"
"6732","",""
"6733","",""
"6734","",""
"6735","2026-11-01","2026-12-01"
"6736","",""
"6737","2026-09-02","2026-10-02"
"6738","2026-11-01","2026-12-01"
"6739","",""
"6740","2026-07-31","2026-08-30"
"6741","2026-06-30","2026-07-04"
"6742","",""
"6743","2026-07-06","2026-08-05"
"6744","",""
"6745","",""
"6746","2026-06-24","2026-07-24"
"6747","2026-06-16","2026-07-16"
"6748","",""
"6749","",""
"6750","2026-07-22","2026-08-21"
"6751","",""
"6752","",""
"6753","2026-08-15","2026-09-14"
"6754","",""
"6755","2026-08-04","2026-09-03"
"6756","",""
"6757","2026-06-25","2026-06-26"
"6758","",""
"6759","2026-06-30","2026-07-30"
"6760","2027-01-01","2027-01-31"
"6761","",""
"6762","",""
"6763","2026-06-15","2026-06-18"
"6764","2026-06-16","2026-06-19"
"6765","2027-01-01","2027-01-31"
"6766","2026-11-16","2027-01-15"
"6767","2026-06-23","2026-07-23"
"6768","",""
"6769","2026-12-31","2027-01-30"
"6770","2026-06-22","2026-06-24"
"6771","2026-06-30","2026-07-02"
"6772","",""
"6773","",""
"6774","2026-06-27","2026-06-29"
"6775","",""
"6776","2026-07-29","2026-07-31"
"6777","2026-08-01","2026-08-31"
"6778","2026-06-15","2026-07-15"
"6779","",""
"6780","2026-06-14","2026-07-14"
"6781","",""
"6782","2027-03-08","2027-04-07"
"6783","2026-07-01","2026-07-31"
"6784","",""
"6785","",""
"6786","2026-07-26","2026-08-25"
"6787","2026-08-08","2026-09-07"
"6788","",""
"6789","",""
"6790","2026-06-16","2026-07-16"
"6791","",""
"6792","2026-06-16","2026-06-18"
"6793","2026-06-14","2026-06-15"
"6794","2026-09-10","2026-10-10"
"6795","",""
"6796","2026-07-31","2026-08-30"
"6797","2026-06-15","2026-07-15"
"6798","",""
"6799","2026-07-31","2026-08-30"
"6800","",""
"6801","2026-06-15","2026-07-15"
"6802","2026-06-21","2026-06-26"
"6803","",""
"6804","",""
"6805","",""
"6806","2026-08-21","2026-09-20"
"6807","",""
"6808","",""
"6809","",""
"6810","",""
"6811","2026-06-15","2026-07-15"
"6812","2026-07-09","2026-08-08"
"6813","",""
"6814","2026-06-14","2026-07-14"
"6815","2026-06-15","2026-07-15"
"6816","2026-07-21","2026-08-20"
"6817","2026-10-12","2026-11-11"
"6818","2026-10-31","2026-11-30"
"6819","",""
"6820","",""
"6821","2026-06-14","2026-07-14"
"6822","",""
"6823","2026-06-14","2026-07-14"
"6824","2026-11-28","2026-12-01"
"6825","",""
"6826","",""
"6827","",""
"6828","2026-06-17","2026-07-17"
"6829","2026-07-01","2026-07-31"
"6830","",""
"6831","",""
"6832","2026-07-01","2026-07-31"
"6833","",""
"6834","2026-06-15","2026-07-15"
"6835","2026-09-16","2026-10-16"
"6836","",""
"6837","",""
"6838","",""
"6839","2026-06-30","2026-07-30"
"6840","2026-07-05","2026-07-07"
"6841","",""
"6842","2026-07-31","2026-08-30"
"6843","",""
"6844","2026-06-15","2026-07-16"
"6845","2026-06-17","2026-07-17"
"6846","2026-08-24","2026-09-23"
"6847","2026-08-10","2026-09-09"
"6848","",""
"6849","",""
"6850","",""
"6851","2026-08-01","2026-08-31"
"6852","2026-06-30","2026-07-30"
"6853","2026-06-21","2026-07-21"
"6854","",""
"6855","",""
"6856","2027-02-02","2027-03-04"
"6857","",""
"6858","2026-07-02","2026-08-01"
"6859","",""
"6860","",""
"6861","2026-06-16","2026-07-16"
"6862","2026-08-03","2026-09-02"
"6863","2026-06-15","2026-07-15"
"6864","",""
"6865","2026-07-17","2026-08-16"
"6866","2026-07-06","2026-08-05"
"6867","",""
"6868","2026-06-15","2026-07-15"
"6869","2026-06-29","2026-06-30"
"6870","2027-05-02","2027-06-01"
"6871","2026-07-15","2026-08-24"
"6872","2026-06-14","2026-06-15"
"6873","",""
"6874","2026-06-17","2026-06-20"
"6875","2026-08-06","2026-09-05"
"6876","",""
"6877","",""
"6878","2026-06-16","2026-07-16"
"6879","2026-07-22","2026-07-29"
"6880","",""
"6881","",""
"6882","",""
"6883","",""
"6884","2026-07-01","2026-07-31"
"6885","2026-09-01","2026-10-01"
"6886","2026-09-01","2026-10-01"
"6887","2026-09-01","2026-10-01"
"6888","2026-09-01","2026-10-01"
"6889","2026-09-01","2026-10-01"
"6890","2026-09-01","2026-10-01"
"6891","",""
"6892","2026-06-21","2026-06-23"
"6893","2027-05-22","2027-06-21"
"6894","2026-08-02","2026-09-01"
"6895","2026-08-10","2026-09-09"
"6896","2026-07-31","2026-08-30"
"6897","2026-07-31","2026-08-30"
"6898","2026-06-14","2026-07-14"
"6899","",""
"6900","2026-07-06","2026-08-05"
"6901","2026-06-21","2026-07-21"
"6902","",""
"6903","",""
"6904","",""
"6905","2026-08-01","2026-08-31"
"6906","2026-07-24","2026-08-23"
"6907","",""
"6908","2026-06-26","2026-07-26"
"6909","2026-06-15","2026-07-15"
"6910","2026-06-15","2026-07-14"
"6911","2026-06-15","2026-06-22"
"6912","2026-06-15","2026-06-22"
"6913","2026-06-15","2026-06-22"
"6914","2026-06-15","2026-07-14"
"6915","2026-06-15","2026-06-25"
"6916","",""
"6917","",""
"6918","",""
"6919","2026-06-27","2026-07-04"
"6920","2026-06-27","2026-07-26"
"6921","2026-06-15","2026-07-14"
"6922","2026-06-16","2026-06-23"
"6923","2026-06-15","2026-07-14"
"6924","2026-06-17","2026-06-18"
"6925","",""
"6926","",""
"6927","2027-02-01","2027-03-03"
"6928","",""
"6929","2026-07-06","2026-08-05"
"6930","2026-06-30","2026-07-30"
"6931","",""
"6932","",""
"6933","2026-09-01","2026-10-02"
"6934","",""
"6935","",""
"6936","2026-07-20","2026-08-19"
"6937","2026-08-06","2026-08-08"
"6938","",""
"6939","",""
"6940","2026-09-30","2026-10-30"
"6941","",""
"6942","",""
"6943","2026-08-09","2026-09-08"
"6944","2026-11-04","2026-12-04"
"6945","2026-10-01","2026-10-31"
"6946","2026-07-01","2026-07-31"
"6947","",""
"6948","",""
"6949","",""
"6950","2026-06-15","2026-07-15"
"6951","2026-06-15","2026-07-15"
"6952","2026-07-11","2026-08-10"
"6953","",""
"6954","2026-06-16","2026-07-16"
"6955","",""
"6956","",""
"6957","2026-06-16","2026-07-16"
"6958","2026-07-08","2026-08-07"
"6959","2026-08-09","2026-09-08"
"6960","2026-07-07","2026-08-06"
"6961","2026-08-01","2026-08-31"
"6962","2026-07-29","2026-08-28"
"6963","2026-06-15","2026-07-15"
"6964","2026-09-22","2026-10-22"
"6965","2026-06-21","2026-06-22"
"6966","2026-06-21","2026-06-22"
"6967","",""
"6968","2026-10-04","2026-11-03"
"6969","2026-09-09","2026-10-09"
"6970","",""
"6971","2026-10-01","2026-10-31"
"6972","2026-08-22","2026-09-21"
"6973","2026-06-22","2026-07-23"
"6974","2027-01-01","2027-01-31"
"6975","2026-07-02","2026-08-01"
"6976","2026-06-17","2026-07-17"
"6977","",""
"6978","2026-10-31","2026-11-30"
"6979","2026-07-19","2026-08-18"
"6980","2026-07-19","2026-08-18"
"6981","2026-06-30","2026-07-01"
"6982","",""
"6983","2026-09-03","2026-10-03"
"6984","2026-07-29","2026-08-28"
"6985","2026-07-29","2026-08-28"
"6986","2027-04-08","2027-05-08"
"6987","",""
"6988","2026-06-14","2026-07-14"
"6989","",""
"6990","2026-06-26","2026-07-26"
"6991","",""
"6992","",""
"6993","",""
"6994","2026-08-10","2026-09-09"
"6995","",""
"6996","2026-07-20","2026-08-19"
"6997","",""
"6998","2026-06-24","2026-07-24"
"6999","",""
"7000","2027-01-01","2027-01-31"
"7001","2026-07-14","2026-08-13"
"7002","",""
"7003","",""
"7004","2026-06-21","2026-07-21"
"7005","",""
"7006","2026-07-31","2026-08-30"
"7007","",""
"7008","",""
"7009","",""
"7010","",""
"7011","2027-04-06","2027-05-06"
"7012","2026-07-02","2026-08-01"
"7013","2026-06-15","2026-07-15"
"7014","",""
"7015","2027-01-01","2027-01-31"
"7016","",""
"7017","2026-08-02","2026-09-01"
"7018","2026-11-01","2026-12-01"
"7019","2026-06-22","2026-06-23"
"7020","",""
"7021","",""
"7022","",""
"7023","",""
"7024","2026-08-30","2026-09-29"
"7025","2026-08-10","2026-09-09"
"7026","2026-07-16","2026-08-15"
"7027","",""
"7028","2026-07-16","2026-08-15"
"7029","",""
"7030","",""
"7031","",""
"7032","2026-06-15","2026-07-15"
"7033","2026-08-01","2026-08-31"
"7034","2026-09-01","2026-10-01"
"7035","2026-06-17","2026-06-19"
"7036","2026-06-16","2026-06-17"
"7037","2026-06-15","2026-07-15"
"7038","2026-07-30","2026-08-29"
"7039","",""
"7040","2026-06-15","2026-07-15"
"7041","2026-06-21","2026-06-23"
"7042","2026-06-21","2026-06-23"
"7043","2026-06-15","2026-07-15"
"7044","2026-06-16","2026-07-16"
"7045","",""
"7046","2026-09-15","2026-10-15"
"7047","",""
"7048","",""
"7049","2026-07-01","2026-07-31"
"7050","",""
"7051","2026-06-15","2026-07-15"
"7052","2026-09-30","2026-10-30"
"7053","2026-06-15","2026-07-15"
"7054","2026-08-05","2026-09-04"
"7055","2027-01-01","2027-01-31"
"7056","2027-01-27","2027-02-26"
"7057","2026-07-18","2026-07-23"
"7058","2026-07-25","2026-08-24"
"7059","",""
"7060","2026-07-01","2026-07-31"
"7061","2027-02-01","2027-03-03"
"7062","",""
"7063","2026-07-04","2026-07-07"
"7064","2026-07-25","2026-08-24"
"7065","2026-09-01","2026-10-01"
"7066","",""
"7067","2026-07-31","2026-08-30"
"7068","",""
"7069","2026-06-14","2026-07-14"
"7070","",""
"7071","2026-11-10","2026-12-10"
"7072","2026-06-17","2026-07-17"
"7073","",""
"7074","",""
"7075","2026-10-01","2026-11-01"
"7076","2026-08-01","2026-08-31"
"7077","",""
"7078","",""
"7079","",""
"7080","",""
"7081","2026-06-25","2026-08-24"
"7082","2026-06-18","2026-07-18"
"7083","2026-06-15","2026-07-15"
"7084","",""
"7085","2026-08-16","2026-09-15"
"7086","",""
"7087","2026-08-22","2026-09-21"
"7088","2026-12-02","2027-01-01"
"7089","",""
"7090","",""
"7091","",""
"7092","",""
"7093","2026-07-01","2026-07-31"
"7094","2026-07-18","2026-08-17"
"7095","2026-07-05","2026-08-04"
"7096","2026-07-06","2026-07-11"
"7097","",""
"7098","",""
"7099","2026-06-14","2026-07-14"
"7100","2026-10-09","2026-11-08"
"7101","2026-06-16","2026-07-16"
"7102","2026-06-23","2026-06-24"
"7103","",""
"7104","2026-06-29","2026-07-29"
"7105","",""
"7106","2026-06-19","2026-07-19"
"7107","2026-07-13","2026-08-12"
"7108","",""
"7109","",""
"7110","2026-06-15","2026-06-16"
"7111","2026-06-25","2026-06-26"
"7112","",""
"7113","2026-06-17","2026-07-17"
"7114","2026-06-19","2026-07-19"
"7115","2026-07-06","2026-08-05"
"7116","",""
"7117","2026-08-08","2026-09-07"
"7118","",""
"7119","",""
"7120","2026-08-10","2026-09-09"
"7121","2026-08-15","2026-09-14"
"7122","2026-06-17","2026-07-17"
"7123","2026-06-17","2026-07-17"
"7124","2026-11-11","2026-12-11"
"7125","",""
"7126","2026-07-01","2026-07-31"
"7127","",""
"7128","2026-08-31","2026-09-30"
"7129","2026-08-17","2026-09-16"
"7130","2026-08-12","2026-09-11"
"7131","",""
"7132","2026-06-15","2026-07-15"
"7133","2026-08-16","2026-08-19"
"7134","",""
"7135","2026-06-21","2026-06-23"
"7136","2026-12-23","2027-01-22"
"7137","2027-01-01","2027-01-31"
"7138","2026-12-01","2026-12-31"
"7139","",""
"7140","",""
"7141","2026-06-22","2026-06-24"
"7142","",""
"7143","",""
"7144","",""
"7145","2026-06-15","2026-07-15"
"7146","",""
"7147","2026-06-15","2026-07-15"
"7148","2026-06-15","2026-07-15"
"7149","",""
"7150","2026-07-26","2026-08-25"
"7151","2026-06-24","2026-06-27"
"7152","",""
"7153","2026-07-20","2026-07-22"
"7154","2026-06-16","2026-07-16"
"7155","2026-06-15","2026-07-15"
"7156","2026-06-16","2026-07-16"
"7157","",""
"7158","",""
"7159","",""
"7160","2026-10-24","2026-11-23"
"7161","",""
"7162","2026-06-15","2026-07-15"
"7163","2026-07-10","2026-07-12"
"7164","2026-07-20","2026-07-22"
"7165","",""
"7166","",""
"7167","2026-10-07","2026-11-06"
"7168","",""
"7169","2026-06-29","2026-07-03"
"7170","2026-06-15","2026-06-16"
"7171","2026-06-15","2026-07-15"
"7172","2026-08-09","2026-08-14"
"7173","2026-11-15","2026-12-15"
"7174","",""
"7175","2026-08-03","2026-09-02"
"7176","2026-07-20","2026-08-19"
"7177","2026-11-15","2026-12-15"
"7178","2026-06-15","2026-07-15"
"7179","2026-06-30","2026-07-30"
"7180","2026-06-15","2026-06-16"
"7181","2026-06-29","2026-06-30"
"7182","",""
"7183","2026-10-19","2026-11-18"
"7184","",""
"7185","2026-06-14","2026-07-14"
"7186","2026-06-15","2026-06-16"
"7187","2027-02-19","2027-03-21"
"7188","",""
"7189","",""
"7190","",""
"7191","",""
"7192","",""
"7193","2026-06-15","2026-06-16"
"7194","",""
"7195","2026-09-01","2026-10-01"
"7196","",""
"7197","2027-01-31","2027-03-02"
"7198","",""
"7199","2027-01-01","2027-01-31"
"7200","",""
"7201","",""
"7202","",""
"7203","2026-06-16","2026-07-16"
"7204","",""
"7205","2026-07-07","2026-08-06"
"7206","2026-07-18","2026-08-17"
"7207","2026-08-03","2026-09-02"
"7208","",""
"7209","2026-09-01","2026-10-01"
"7210","2027-05-17","2027-06-16"
"7211","2026-08-09","2026-09-08"
"7212","2026-06-17","2026-07-17"
"7213","2026-08-18","2026-09-17"
"7214","2026-06-23","2026-09-21"
"7215","",""
"7216","2026-07-27","2026-07-31"
"7217","2026-08-24","2026-09-23"
"7218","",""
"7219","2027-01-02","2027-02-01"
"7220","2026-08-15","2026-09-14"
"7221","2026-06-15","2026-07-15"
"7222","2026-08-22","2026-09-21"
"7223","",""
"7224","2026-09-26","2026-10-26"
"7225","2026-08-08","2026-09-07"
"7226","",""
"7227","",""
"7228","",""
"7229","",""
"7230","2026-09-05","2026-10-05"
"7231","",""
"7232","2026-06-17","2026-07-17"
"7233","",""
"7234","2026-06-21","2026-07-21"
"7235","2027-02-28","2027-03-30"
"7236","2026-08-12","2026-09-11"
"7237","2026-06-17","2026-07-17"
"7238","2026-06-15","2026-06-16"
"7239","2026-07-06","2026-08-05"
"7240","2026-09-01","2026-10-01"
"7241","2026-11-07","2027-02-05"
"7242","",""
"7243","2026-11-01","2026-12-01"
"7244","2026-06-22","2026-06-24"
"7245","",""
"7246","2026-06-15","2026-07-15"
"7247","2026-06-15","2026-07-15"
"7248","",""
"7249","",""
"7250","2026-06-24","2026-06-27"
"7251","2026-12-10","2027-01-09"
"7252","",""
"7253","2026-06-20","2026-07-20"
"7254","2026-06-22","2026-06-26"
"7255","",""
"7256","2026-06-26","2026-07-26"
"7257","2026-06-22","2026-06-26"
"7258","",""
"7259","2026-06-30","2026-07-30"
"7260","2026-06-27","2026-06-30"
"7261","2026-06-24","2026-07-24"
"7262","",""
"7263","2026-07-01","2026-07-31"
"7264","2026-08-27","2026-09-26"
"7265","",""
"7266","2026-06-28","2026-07-01"
"7267","2026-06-16","2026-07-16"
"7268","",""
"7269","",""
"7270","2026-08-31","2026-09-30"
"7271","",""
"7272","",""
"7273","",""
"7274","2026-10-11","2026-11-10"
"7275","",""
"7276","2026-08-07","2026-09-06"
"7277","",""
"7278","2026-11-01","2026-12-01"
"7279","2026-11-19","2026-12-19"
"7280","2026-06-15","2026-07-15"
"7281","",""
"7282","",""
"7283","",""
"7284","2026-06-16","2026-07-16"
"7285","2026-06-15","2026-07-15"
"7286","",""
"7287","2026-06-15","2026-07-15"
"7288","",""
"7289","2026-07-27","2026-08-26"
"7290","2026-06-17","2026-07-17"
"7291","2026-06-14","2026-07-14"
"7292","",""
"7293","",""
"7294","",""
"7295","2027-01-11","2027-02-10"
"7296","2026-07-05","2026-08-04"
"7297","2026-06-14","2026-07-14"
"7298","2026-06-17","2026-07-17"
"7299","2026-08-16","2026-09-15"
"7300","",""
"7301","2026-06-16","2026-07-16"
"7302","2026-06-28","2026-07-28"
"7303","",""
"7304","",""
"7305","2026-08-30","2026-09-01"
"7306","2026-08-14","2026-09-13"
"7307","2026-10-07","2026-11-06"
"7308","",""
"7309","2026-06-17","2026-07-17"
"7310","2026-06-14","2026-07-14"
"7311","2026-06-14","2026-07-14"
"7312","2026-09-26","2026-10-26"
"7313","2026-10-10","2026-11-09"
"7314","",""
"7315","2026-06-29","2026-07-01"
"7316","",""
"7317","",""
"7318","",""
"7319","",""
"7320","2026-06-15","2026-07-15"
"7321","",""
"7322","",""
"7323","",""
"7324","2026-06-14","2026-07-14"
"7325","2026-07-06","2026-08-05"
"7326","",""
"7327","2026-09-01","2026-10-01"
"7328","2026-06-16","2026-07-16"
"7329","",""
"7330","2026-06-16","2026-07-16"
"7331","2026-07-12","2026-08-11"
"7332","2027-01-01","2027-01-31"
"7333","",""
"7334","",""
"7335","",""
"7336","",""
"7337","2026-08-12","2026-09-11"
"7338","",""
"7339","",""
"7340","2026-07-10","2026-08-09"
"7341","2026-06-16","2026-07-16"
"7342","2026-06-15","2026-07-15"
"7343","2026-12-01","2026-12-31"
"7344","2026-06-17","2026-07-17"
"7345","2026-09-01","2026-10-01"
"7346","2026-09-01","2026-10-01"
"7347","",""
"7348","2026-06-16","2026-07-16"
"7349","",""
"7350","2027-01-01","2027-01-31"
"7351","2026-07-21","2026-08-20"
"7352","2026-06-17","2026-07-17"
"7353","2026-08-18","2026-09-17"
"7354","2026-06-24","2026-06-25"
"7355","2026-06-27","2026-07-27"
"7356","2026-06-17","2026-06-20"
"7357","2026-12-15","2027-01-14"
"7358","",""
"7359","",""
"7360","",""
"7361","",""
"7362","",""
"7363","2026-12-28","2027-01-27"
"7364","2026-08-23","2026-09-22"
"7365","",""
"7366","2026-06-15","2026-07-15"
"7367","2026-09-30","2026-10-30"
"7368","2026-06-21","2026-06-22"
"7369","2026-07-10","2026-08-09"
"7370","2026-11-25","2026-12-25"
"7371","",""
"7372","2026-06-21","2026-06-22"
"7373","2026-08-07","2026-09-06"
"7374","2026-07-04","2026-08-03"
"7375","2026-06-27","2026-07-27"
"7376","2026-06-16","2026-07-16"
"7377","",""
"7378","",""
"7379","",""
"7380","2026-07-19","2026-08-18"
"7381","2026-10-03","2026-11-02"
"7382","2026-10-11","2026-11-10"
"7383","2026-07-10","2027-01-06"
"7384","",""
"7385","2026-06-17","2026-07-17"
"7386","2026-10-01","2026-10-31"
"7387","2026-06-15","2026-07-15"
"7388","",""
"7389","2026-08-01","2026-08-31"
"7390","2026-06-15","2026-06-16"
"7391","2027-03-01","2027-03-31"
"7392","",""
"7393","2026-11-29","2026-12-29"
"7394","",""
"7395","2026-09-26","2026-10-26"
"7396","2026-06-15","2026-07-15"
"7397","2026-07-13","2026-08-12"
"7398","",""
"7399","2026-06-16","2026-07-16"
"7400","2026-06-14","2026-07-14"
"7401","2026-11-01","2026-12-01"
"7402","",""
"7403","2026-06-14","2026-07-14"
"7404","2026-06-15","2026-07-15"
"7405","2026-06-15","2026-07-15"
"7406","2026-06-15","2026-07-15"
"7407","",""
"7408","2026-07-07","2026-08-06"
"7409","2026-10-31","2026-11-30"
"7410","2026-11-01","2026-12-01"
"7411","",""
"7412","2026-06-29","2026-07-01"
"7413","",""
"7414","2026-06-15","2026-07-15"
"7415","2026-06-17","2026-07-18"
"7416","2026-06-15","2026-07-15"
"7417","",""
"7418","",""
"7419","2026-09-05","2026-10-05"
"7420","",""
"7421","",""
"7422","",""
"7423","2026-06-14","2026-07-14"
"7424","",""
"7425","2026-08-01","2026-08-31"
"7426","2026-10-31","2026-11-30"
"7427","2026-06-22","2026-06-24"
"7428","2026-06-15","2026-06-16"
"7429","",""
"7430","",""
"7431","2026-06-16","2026-07-16"
"7432","2026-06-16","2026-07-16"
"7433","2026-06-16","2026-07-16"
"7434","2026-06-16","2026-07-16"
"7435","2026-06-16","2026-07-16"
"7436","2026-06-16","2026-07-16"
"7437","2026-06-16","2026-07-16"
"7438","2026-06-16","2026-07-16"
"7439","2026-06-16","2026-07-16"
"7440","2026-06-16","2026-07-16"
"7441","2026-07-10","2026-08-09"
"7442","2026-11-01","2026-12-01"
"7443","2026-07-26","2026-08-25"
"7444","",""
"7445","2026-07-06","2026-07-09"
"7446","2026-07-01","2026-07-31"
"7447","",""
"7448","",""
"7449","2026-06-24","2026-08-23"
"7450","",""
"7451","2026-06-30","2026-07-30"
"7452","2026-06-29","2026-07-30"
"7453","",""
"7454","",""
"7455","",""
"7456","2026-06-15","2026-07-15"
"7457","",""
"7458","2026-07-01","2026-07-31"
"7459","2027-02-10","2027-03-12"
"7460","",""
"7461","2026-06-15","2026-07-15"
"7462","2026-08-01","2026-08-31"
"7463","2026-08-02","2026-09-01"
"7464","",""
"7465","2026-06-15","2026-07-15"
"7466","2026-10-25","2026-11-24"
"7467","",""
"7468","2026-07-11","2026-08-10"
"7469","2026-07-04","2026-07-06"
"7470","2026-06-16","2026-07-16"
"7471","",""
"7472","2026-06-15","2026-07-15"
"7473","2026-10-01","2026-10-31"
"7474","2026-08-09","2026-09-08"
"7475","",""
"7476","2026-07-03","2026-08-02"
"7477","2026-07-01","2026-07-31"
"7478","",""
"7479","2026-06-14","2026-07-14"
"7480","2026-08-16","2026-09-15"
"7481","",""
"7482","",""
"7483","",""
"7484","2026-07-02","2026-07-03"
"7485","2026-12-15","2027-01-14"
"7486","2026-07-19","2026-07-21"
"7487","2026-06-15","2026-07-15"
"7488","",""
"7489","2026-07-01","2026-07-02"
"7490","2026-07-18","2026-08-17"
"7491","2026-10-01","2026-10-31"
"7492","2026-06-14","2026-07-14"
"7493","2026-09-01","2026-10-01"
"7494","2027-01-01","2027-01-31"
"7495","",""
"7496","",""
"7497","",""
"7498","",""
"7499","2026-08-01","2026-08-31"
"7500","2026-08-01","2026-08-31"
"7501","2026-07-28","2026-08-28"
"7502","",""
"7503","",""
"7504","2026-08-31","2026-09-30"
"7505","",""
"7506","2026-06-21","2026-07-21"
"7507","",""
"7508","2026-07-01","2026-07-31"
"7509","2026-07-01","2026-07-31"
"7510","2026-08-08","2026-09-07"
"7511","",""
"7512","",""
"7513","",""
"7514","2026-07-25","2026-08-24"
"7515","2026-06-15","2026-07-15"
"7516","2026-06-30","2026-07-30"
"7517","",""
"7518","2026-07-01","2026-07-31"
"7519","",""
"7520","2026-07-31","2026-08-30"
"7521","",""
"7522","2026-09-09","2026-10-09"
"7523","2026-08-19","2026-09-18"
"7524","",""
"7525","",""
"7526","2026-07-30","2026-08-29"
"7527","2026-12-22","2027-01-21"
"7528","2026-09-01","2026-10-01"
"7529","2026-07-02","2026-08-01"
"7530","",""
"7531","2026-07-01","2026-07-31"
"7532","",""
"7533","",""
"7534","2026-07-21","2026-08-20"
"7535","2027-01-16","2027-02-15"
"7536","2026-07-10","2026-08-09"
"7537","2026-06-15","2026-07-15"
"7538","",""
"7539","",""
"7540","2026-06-14","2026-07-15"
"7541","",""
"7542","2026-06-30","2026-07-30"
"7543","",""
"7544","2026-12-14","2027-01-13"
"7545","",""
"7546","2026-09-27","2026-10-27"
"7547","2026-06-15","2026-07-15"
"7548","",""
"7549","2026-07-01","2026-07-31"
"7550","2026-07-05","2026-08-04"
"7551","2026-08-23","2026-09-23"
"7552","2026-06-21","2026-07-21"
"7553","",""
"7554","",""
"7555","",""
"7556","2026-06-16","2026-06-17"
"7557","2026-08-05","2026-09-04"
"7558","2026-06-14","2026-07-14"
"7559","2026-08-22","2026-09-21"
"7560","2026-12-31","2027-01-30"
"7561","2026-08-09","2026-09-08"
"7562","2027-01-31","2027-03-02"
"7563","2027-04-10","2027-05-10"
"7564","2027-04-30","2027-05-30"
"7565","",""
"7566","2026-07-14","2026-08-13"
"7567","2026-08-20","2026-09-19"
"7568","2026-07-01","2026-07-31"
"7569","",""
"7570","2026-08-22","2026-09-21"
"7571","2026-08-03","2026-09-02"
"7572","2027-01-31","2027-03-02"
"7573","2026-09-13","2026-10-13"
"7574","2026-08-20","2026-09-19"
"7575","2026-08-08","2026-09-07"
"7576","2026-10-31","2026-11-30"
"7577","2026-08-08","2026-09-07"
"7578","2026-07-24","2026-08-23"
"7579","2026-07-11","2026-08-10"
"7580","2026-09-14","2026-10-14"
"7581","2026-08-16","2026-09-15"
"7582","2027-01-15","2027-02-14"
"7583","2026-07-07","2026-08-06"
"7584","2026-08-04","2026-09-03"
"7585","2026-12-01","2026-12-31"
"7586","2026-07-29","2026-08-28"
"7587","2026-08-16","2026-09-15"
"7588","2026-12-31","2027-01-30"
"7589","2027-05-06","2027-06-05"
"7590","2026-07-08","2026-08-07"
"7591","",""
"7592","2026-08-22","2026-09-21"
"7593","2026-07-26","2026-08-25"
"7594","2026-08-07","2026-09-06"
"7595","2026-07-11","2026-08-10"
"7596","2026-06-30","2026-07-30"
"7597","",""
"7598","2026-11-07","2026-12-07"
"7599","2027-01-31","2027-03-02"
"7600","2026-08-15","2026-09-14"
"7601","2026-07-26","2026-08-25"
"7602","2027-03-31","2027-04-30"
"7603","2027-04-18","2027-05-18"
"7604","2026-09-13","2026-10-13"
"7605","2026-11-14","2026-12-14"
"7606","",""
"7607","",""
"7608","2026-06-17","2026-07-17"
"7609","",""
"7610","2026-12-31","2027-01-30"
"7611","2026-07-17","2026-08-16"
"7612","2027-02-08","2027-03-10"
"7613","2026-08-22","2026-09-21"
"7614","2027-02-01","2027-03-03"
"7615","2026-07-18","2026-08-17"
"7616","2026-08-18","2026-09-17"
"7617","2026-06-15","2026-07-15"
"7618","2026-08-09","2026-09-08"
"7619","2026-11-02","2026-12-02"
"7620","2026-08-28","2026-09-27"
"7621","2026-07-01","2026-07-31"
"7622","2027-03-31","2027-04-30"
"7623","2026-08-02","2026-09-01"
"7624","2026-09-30","2026-10-30"
"7625","2026-08-24","2026-09-23"
"7626","",""
"7627","2026-06-15","2026-06-16"
"7628","2026-06-16","2026-07-16"
"7629","2026-09-02","2026-10-02"
"7630","",""
"7631","",""
"7632","2026-11-01","2026-12-01"
"7633","",""
"7634","",""
"7635","2027-01-01","2027-01-31"
"7636","2026-06-15","2026-06-16"
"7637","2026-06-14","2026-07-14"
"7638","",""
"7639","2026-09-17","2026-10-17"
"7640","",""
"7641","",""
"7642","",""
"7643","2026-09-19","2026-10-19"
"7644","",""
"7645","2026-07-27","2026-08-26"
"7646","",""
"7647","",""
"7648","",""
"7649","",""
"7650","2026-07-03","2026-08-02"
"7651","2026-06-14","2026-07-14"
"7652","",""
"7653","",""
"7654","",""
"7655","",""
"7656","2026-06-16","2026-07-16"
"7657","2026-06-15","2026-07-15"
"7658","2027-01-06","2027-02-05"
"7659","2026-09-15","2026-10-15"
"7660","2026-06-14","2026-07-14"
"7661","",""
"7662","",""
"7663","2026-07-22","2026-08-21"
"7664","",""
"7665","2026-06-15","2026-06-16"
"7666","2026-06-14","2026-07-14"
"7667","2026-07-31","2026-08-30"
"7668","",""
"7669","2026-12-01","2026-12-31"
"7670","2026-07-04","2026-08-03"
"7671","",""
"7672","2026-06-22","2026-07-22"
"7673","",""
"7674","2026-06-15","2026-07-15"
"7675","",""
"7676","2027-01-21","2027-02-20"
"7677","2026-08-31","2026-09-30"
"7678","",""
"7679","",""
"7680","",""
"7681","2026-09-01","2026-10-01"
"7682","2026-06-20","2026-06-22"
"7683","2026-08-04","2026-08-08"
"7684","2026-06-14","2026-07-14"
"7685","",""
"7686","2026-06-17","2026-07-17"
"7687","",""
"7688","2026-10-22","2026-11-21"
"7689","",""
"7690","",""
"7691","",""
"7692","2026-08-07","2026-09-06"
"7693","",""
"7694","2026-07-25","2026-08-24"
"7695","2027-01-01","2027-01-31"
"7696","",""
"7697","2026-07-07","2026-08-06"
"7698","2026-07-07","2026-08-06"
"7699","2026-07-04","2026-08-03"
"7700","",""
"7701","",""
"7702","2026-07-02","2026-08-01"
"7703","",""
"7704","2026-08-01","2026-08-31"
"7705","2026-08-15","2026-09-14"
"7706","2026-06-16","2026-07-16"
"7707","",""
"7708","2027-01-01","2027-01-31"
"7709","2026-07-01","2026-07-31"
"7710","",""
"7711","2026-07-12","2026-08-11"
"7712","",""
"7713","",""
"7714","",""
"7715","",""
"7716","2026-06-15","2026-07-15"
"7717","2026-07-02","2026-08-01"
"7718","2026-08-01","2026-08-31"
"7719","2026-06-21","2026-06-23"
"7720","2026-07-23","2026-08-22"
"7721","",""
"7722","2026-08-07","2026-09-06"
"7723","2026-06-16","2026-07-16"
"7724","2026-09-06","2026-10-06"
"7725","",""
"7726","2026-07-02","2026-08-01"
"7727","2026-07-20","2026-08-19"
"7728","",""
"7729","2026-09-20","2026-10-20"
"7730","2026-12-16","2027-01-15"
"7731","2026-10-01","2026-10-31"
"7732","",""
"7733","2026-10-01","2026-10-31"
"7734","",""
"7735","2026-09-01","2026-10-01"
"7736","",""
"7737","2026-07-01","2026-07-31"
"7738","",""
"7739","",""
"7740","2026-07-01","2026-07-31"
"7741","",""
"7742","",""
"7743","",""
"7744","2026-07-05","2026-07-07"
"7745","",""
"7746","2026-06-15","2026-07-15"
"7747","",""
"7748","2026-06-14","2026-06-15"
"7749","",""
"7750","",""
"7751","",""
"7752","",""
"7753","",""
"7754","",""
"7755","2026-12-09","2027-01-08"
"7756","",""
"7757","2026-06-15","2026-06-16"
"7758","2026-08-24","2026-11-21"
"7759","2026-12-19","2027-01-18"
"7760","2026-06-21","2026-07-21"
"7761","2026-06-16","2026-06-17"
"7762","2026-06-17","2026-07-17"
"7763","",""
"7764","2026-07-31","2026-08-30"
"7765","2026-08-15","2026-09-14"
"7766","",""
"7767","2026-06-14","2026-07-14"
"7768","2026-06-23","2026-09-21"
"7769","",""
"7770","",""
"7771","2026-06-14","2026-07-14"
"7772","",""
"7773","",""
"7774","2026-06-24","2026-06-25"
"7775","",""
"7776","2026-09-29","2026-10-29"
"7777","2026-08-05","2026-09-04"
"7778","2026-11-01","2026-12-01"
"7779","2026-08-08","2026-09-07"
"7780","2026-06-14","2026-07-14"
"7781","2027-01-01","2027-01-31"
"7782","2026-07-05","2026-08-04"
"7783","2026-06-15","2026-07-15"
"7784","2026-06-15","2026-07-15"
"7785","",""
"7786","",""
"7787","2026-08-29","2026-09-28"
"7788","2026-07-14","2026-08-13"
"7789","",""
"7790","2026-06-15","2026-07-15"
"7791","",""
"7792","2026-07-31","2026-08-30"
"7793","",""
"7794","",""
"7795","2026-06-16","2026-07-16"
"7796","",""
"7797","",""
"7798","2026-09-15","2026-10-15"
"7799","2026-06-14","2026-07-14"
"7800","2026-10-09","2026-12-08"
"7801","2026-06-16","2026-07-16"
"7802","2026-07-19","2026-08-18"
"7803","2026-08-22","2026-09-21"
"7804","2026-12-31","2027-01-30"
"7805","",""
"7806","2026-06-29","2026-07-29"
"7807","",""
"7808","",""
"7809","",""
"7810","2026-06-14","2026-07-14"
"7811","2026-08-16","2026-09-15"
"7812","",""
"7813","",""
"7814","",""
"7815","",""
"7816","2026-09-15","2026-10-15"
"7817","2026-07-08","2026-08-07"
"7818","",""
"7819","2026-06-15","2026-07-15"
"7820","2027-01-07","2027-02-06"
"7821","",""
"7822","2027-01-04","2027-02-03"
"7823","2026-09-01","2026-10-01"
"7824","2026-08-08","2026-09-07"
"7825","2026-10-01","2026-10-31"
"7826","2026-06-17","2026-07-17"
"7827","2026-06-14","2026-07-14"
"7828","2026-06-28","2026-07-28"
"7829","2026-06-16","2026-07-16"
"7830","2026-08-04","2026-09-03"
"7831","2026-07-19","2026-08-18"
"7832","2027-05-17","2027-06-16"
"7833","",""
"7834","2026-06-14","2026-07-14"
"7835","",""
"7836","2026-06-14","2026-07-14"
"7837","2026-07-01","2026-07-04"
"7838","",""
"7839","",""
"7840","2027-05-01","2027-05-31"
"7841","2026-06-22","2026-06-23"
"7842","2026-07-09","2026-08-08"
"7843","",""
"7844","2026-06-15","2026-06-18"
"7845","2026-06-30","2026-07-30"
"7846","2027-01-06","2027-01-11"
"7847","2026-12-16","2027-01-15"
"7848","",""
"7849","2026-06-14","2026-07-14"
"7850","",""
"7851","",""
"7852","2026-06-19","2026-06-20"
"7853","2026-07-16","2026-08-16"
"7854","",""
"7855","2026-06-14","2026-07-14"
"7856","2026-06-14","2026-07-14"
"7857","2026-11-02","2026-12-02"
"7858","2026-09-01","2026-10-01"
"7859","2026-08-15","2026-09-14"
"7860","2027-01-10","2027-01-15"
"7861","2026-09-29","2026-10-29"
"7862","",""
"7863","2026-08-17","2026-09-16"
"7864","2026-06-22","2026-06-23"
"7865","2026-06-24","2026-06-25"
"7866","",""
"7867","",""
"7868","",""
"7869","2026-06-19","2026-06-20"
"7870","2027-01-01","2027-01-31"
"7871","2026-07-30","2026-08-29"
"7872","2026-06-21","2026-07-21"
"7873","",""
"7874","2026-06-15","2026-07-15"
"7875","2026-10-14","2026-11-13"
"7876","2026-06-17","2026-07-17"
"7877","",""
"7878","2027-01-12","2027-04-12"
"7879","",""
"7880","2027-01-01","2027-01-31"
"7881","",""
"7882","",""
"7883","",""
"7884","2026-06-14","2026-07-14"
"7885","2026-07-01","2026-07-31"
"7886","",""
"7887","2026-07-11","2026-08-10"
"7888","",""
"7889","2026-09-01","2026-10-01"
"7890","2026-06-14","2026-06-16"
"7891","",""
"7892","2026-09-25","2026-10-25"
"7893","2026-06-14","2026-07-14"
"7894","2026-08-06","2026-09-05"
"7895","2026-06-21","2026-07-21"
"7896","2026-06-14","2026-06-15"
"7897","2026-08-08","2026-09-07"
"7898","",""
"7899","",""
"7900","",""
"7901","2026-11-01","2026-12-01"
"7902","",""
"7903","2026-07-10","2026-08-09"
"7904","2026-09-01","2026-10-01"
"7905","",""
"7906","",""
"7907","2026-06-14","2026-06-15"
"7908","",""
"7909","2026-09-01","2026-10-01"
"7910","2026-08-14","2026-09-13"
"7911","",""
"7912","2026-07-09","2026-08-08"
"7913","2026-07-06","2026-08-05"
"7914","",""
"7915","2026-07-09","2026-08-08"
"7916","2026-08-02","2026-09-01"
"7917","2026-06-16","2026-07-16"
"7918","",""
"7919","",""
"7920","2026-07-01","2026-07-31"
"7921","2027-03-31","2027-04-30"
"7922","",""
"7923","",""
"7924","",""
"7925","2026-06-30","2026-07-30"
"7926","",""
"7927","2026-06-18","2026-06-19"
"7928","",""
"7929","",""
"7930","2026-08-01","2026-08-31"
"7931","2026-08-09","2026-09-08"
"7932","",""
"7933","2026-07-16","2026-08-15"
"7934","2026-08-18","2026-09-17"
"7935","",""
"7936","",""
"7937","2026-06-15","2026-07-15"
"7938","",""
"7939","",""
"7940","",""
"7941","2026-10-31","2026-11-30"
"7942","",""
"7943","",""
"7944","2026-07-31","2026-08-30"
"7945","2026-09-03","2026-10-03"
"7946","2026-11-01","2026-12-01"
"7947","2026-06-15","2026-07-15"
"7948","2026-06-16","2026-06-17"
"7949","2026-07-02","2026-08-01"
"7950","2026-06-15","2026-07-15"
"7951","",""
"7952","",""
"7953","2026-07-31","2026-08-30"
"7954","",""
"7955","",""
"7956","",""
"7957","2026-07-21","2026-08-20"
"7958","2026-07-31","2026-08-30"
"7959","",""
"7960","2026-06-15","2026-07-15"
"7961","2026-11-01","2026-12-01"
"7962","",""
"7963","2026-10-03","2026-11-02"
"7964","",""
"7965","2026-06-24","2026-09-22"
"7966","2026-06-18","2026-06-19"
"7967","2026-08-10","2026-09-09"
"7968","2026-06-22","2026-07-22"
"7969","2026-07-03","2026-08-02"
"7970","",""
"7971","2026-06-27","2026-07-02"
"7972","",""
"7973","2026-09-13","2026-10-13"
"7974","",""
"7975","",""
"7976","2026-08-06","2026-09-05"
"7977","2026-06-30","2026-07-30"
"7978","2026-06-15","2026-06-16"
"7979","2026-06-22","2026-07-22"
"7980","2026-09-01","2026-10-01"
"7981","2026-06-30","2026-07-30"
"7982","",""
"7983","",""
"7984","2026-07-01","2026-07-31"
"7985","2026-08-01","2026-08-31"
"7986","2026-06-15","2026-07-15"
"7987","",""
"7988","2026-06-15","2026-07-15"
"7989","2026-07-31","2026-08-30"
"7990","2026-07-26","2026-08-25"
"7991","",""
"7992","2026-07-14","2026-08-13"
"7993","2026-06-16","2026-06-17"
"7994","",""
"7995","2026-07-14","2026-08-13"
"7996","2026-06-16","2026-07-16"
"7997","2026-06-16","2026-07-16"
"7998","",""
"7999","2026-07-09","2026-08-08"
"8000","",""
"8001","",""
"8002","",""
"8003","2026-09-25","2026-10-25"
"8004","",""
"8005","",""
"8006","",""
"8007","",""
"8008","2026-12-28","2027-01-27"
"8009","2026-08-18","2026-09-17"
"8010","2026-08-08","2026-09-07"
"8011","2026-07-12","2026-08-11"
"8012","2026-07-15","2026-07-19"
"8013","2026-07-13","2026-08-12"
"8014","2026-07-01","2026-07-31"
"8015","2026-10-29","2026-11-28"
"8016","",""
"8017","",""
"8018","",""
"8019","2026-12-20","2027-01-19"
"8020","2026-08-06","2026-09-05"
"8021","2026-07-01","2026-07-31"
"8022","",""
"8023","2026-08-09","2026-08-11"
"8024","",""
"8025","",""
"8026","2026-06-22","2026-07-22"
"8027","",""
"8028","2026-09-01","2026-10-01"
"8029","2026-08-11","2026-09-10"
"8030","2026-06-14","2026-07-14"
"8031","",""
"8032","2026-06-30","2026-07-30"
"8033","",""
"8034","2026-11-02","2026-12-02"
"8035","2026-09-01","2026-10-01"
"8036","2026-08-23","2026-08-27"
"8037","2026-10-01","2026-10-31"
"8038","2026-07-06","2026-08-05"
"8039","2026-09-30","2026-10-30"
"8040","2026-09-01","2026-10-01"
"8041","",""
"8042","2026-08-31","2026-09-30"
"8043","",""
"8044","2026-07-17","2026-08-16"
"8045","2026-06-21","2026-07-22"
"8046","2026-10-02","2026-11-01"
"8047","",""
"8048","2026-06-21","2026-07-21"
"8049","2027-01-03","2027-02-02"
"8050","",""
"8051","2027-03-01","2027-04-30"
"8052","",""
"8053","",""
"8054","2026-07-03","2026-07-07"
"8055","2026-06-19","2026-07-19"
"8056","",""
"8057","2026-06-26","2026-07-26"
"8058","2026-06-15","2026-07-15"
"8059","",""
"8060","",""
"8061","",""
"8062","",""
"8063","2026-08-02","2026-09-01"
"8064","2026-06-23","2027-01-09"
"8065","",""
"8066","",""
"8067","2026-06-22","2026-06-24"
"8068","",""
"8069","2026-11-12","2026-12-13"
"8070","2026-08-01","2026-08-03"
"8071","",""
"8072","2026-06-30","2026-07-30"
"8073","",""
"8074","2026-06-16","2026-06-17"
"8075","2026-06-19","2026-06-22"
"8076","",""
"8077","2026-06-30","2026-07-30"
"8078","2026-06-15","2026-06-16"
"8079","2026-06-17","2026-06-18"
"8080","2026-06-15","2026-06-16"
"8081","",""
"8082","",""
"8083","",""
"8084","2026-06-15","2026-07-15"
"8085","2026-07-01","2026-07-31"
"8086","",""
"8087","2026-06-14","2026-07-14"
"8088","2026-06-15","2026-07-15"
"8089","2026-07-08","2026-08-07"
"8090","2026-06-16","2026-07-16"
"8091","2026-07-14","2026-08-13"
"8092","2026-08-31","2026-09-30"
"8093","2026-06-15","2026-07-15"
"8094","",""
"8095","",""
"8096","2026-06-30","2026-07-30"
"8097","2026-06-14","2026-07-14"
"8098","2026-06-16","2026-07-16"
"8099","2026-07-01","2026-07-31"
"8100","2026-10-15","2026-11-14"
"8101","",""
"8102","2026-07-01","2026-07-03"
"8103","2026-07-01","2026-07-31"
"8104","",""
"8105","",""
"8106","2026-06-15","2026-06-16"
"8107","2027-02-13","2027-03-15"
"8108","",""
"8109","2026-08-09","2026-09-08"
"8110","2026-08-02","2026-08-06"
"8111","2026-06-23","2026-06-24"
"8112","2026-06-16","2026-07-16"
"8113","2026-10-01","2026-10-31"
"8114","2026-06-16","2026-07-16"
"8115","2026-08-09","2026-09-08"
"8116","2026-07-02","2026-07-03"
"8117","2026-07-19","2026-07-24"
"8118","2027-03-01","2027-03-31"
"8119","2026-07-08","2026-07-11"
"8120","2026-07-27","2026-08-26"
"8121","",""
"8122","2026-06-15","2026-07-15"
"8123","",""
"8124","",""
"8125","2026-07-06","2026-08-05"
"8126","2026-07-31","2026-08-30"
"8127","2026-06-20","2026-07-20"
"8128","2026-07-05","2026-08-04"
"8129","2026-06-15","2026-07-15"
"8130","2026-07-08","2026-07-09"
"8131","",""
"8132","2026-06-14","2026-07-14"
"8133","2026-06-15","2026-07-15"
"8134","",""
"8135","",""
"8136","2026-06-15","2026-07-15"
"8137","",""
"8138","2026-06-16","2026-07-16"
"8139","2026-09-20","2026-10-20"
"8140","",""
"8141","2027-01-16","2027-02-15"
"8142","2026-07-14","2026-08-13"
"8143","2026-06-15","2026-07-15"
"8144","",""
"8145","",""
"8146","2026-06-19","2026-07-19"
"8147","2026-06-15","2026-07-15"
"8148","2026-08-15","2026-09-14"
"8149","2026-06-16","2026-07-16"
"8150","",""
"8151","",""
"8152","",""
"8153","",""
"8154","2026-06-22","2026-06-25"
"8155","2026-06-18","2026-07-18"
"8156","2026-06-15","2026-07-15"
"8157","2026-06-15","2026-06-16"
"8158","",""
"8159","2027-02-06","2027-03-08"
"8160","",""
"8161","",""
"8162","",""
"8163","2026-09-30","2026-10-30"
"8164","2026-08-16","2026-09-15"
"8165","",""
"8166","",""
"8167","",""
"8168","2026-08-14","2026-09-13"
"8169","",""
"8170","2026-07-31","2026-08-30"
"8171","2026-06-16","2026-06-17"
"8172","",""
"8173","2026-07-31","2026-08-31"
"8174","",""
"8175","",""
"8176","",""
"8177","",""
"8178","2026-06-15","2026-07-15"
"8179","2026-07-29","2026-08-28"
"8180","2026-06-18","2026-06-19"
"8181","2026-06-20","2026-06-21"
"8182","2026-07-26","2026-08-05"
"8183","",""
"8184","2026-07-27","2026-08-26"
"8185","2026-06-15","2026-06-18"
"8186","2026-10-01","2026-10-31"
"8187","2026-07-31","2026-08-30"
"8188","",""
"8189","",""
"8190","2026-10-17","2026-11-16"
"8191","2026-09-02","2026-10-02"
"8192","2026-08-15","2026-09-14"
"8193","2026-06-17","2026-07-17"
"8194","2026-07-20","2026-08-19"
"8195","2026-06-15","2026-07-15"
"8196","2026-08-07","2026-09-07"
"8197","2026-06-15","2026-07-15"
"8198","2026-08-16","2026-09-15"
"8199","2026-06-16","2026-07-16"
"8200","2026-06-16","2026-07-16"
"8201","2026-06-21","2026-07-21"
"8202","2026-08-19","2026-09-18"
"8203","",""
"8204","2026-06-14","2026-07-14"
"8205","2026-08-02","2026-09-01"
"8206","2026-08-02","2026-09-01"
"8207","2026-06-15","2026-07-15"
"8208","2026-06-21","2026-07-21"
"8209","",""
"8210","",""
"8211","",""
"8212","2026-06-30","2026-07-30"
"8213","2026-08-18","2026-09-17"
"8214","2026-08-16","2026-09-15"
"8215","2026-11-02","2026-12-02"
"8216","",""
"8217","",""
"8218","",""
"8219","",""
"8220","",""
"8221","2026-08-09","2026-09-08"
"8222","2026-08-09","2026-09-08"
"8223","2026-06-21","2026-07-21"
"8224","2026-08-18","2026-09-17"
"8225","2027-02-01","2027-02-06"
"8226","",""
"8227","",""
"8228","",""
"8229","",""
"8230","",""
"8231","2026-08-06","2026-09-05"
"8232","",""
"8233","2026-06-15","2026-07-15"
"8234","",""
"8235","2026-07-18","2026-08-17"
"8236","",""
"8237","2026-06-24","2026-07-24"
"8238","2026-08-01","2026-08-31"
"8239","2026-08-20","2026-09-19"
"8240","2027-01-01","2027-01-31"
"8241","2026-06-29","2026-07-01"
"8242","",""
"8243","",""
"8244","",""
"8245","2026-06-16","2026-07-16"
"8246","2026-09-01","2026-10-01"
"8247","",""
"8248","",""
"8249","2026-07-11","2026-08-10"
"8250","2026-06-15","2026-07-15"
"8251","2026-06-16","2026-07-16"
"8252","2026-06-15","2026-07-15"
"8253","",""
"8254","2026-06-15","2026-07-15"
"8255","2026-08-15","2026-09-14"
"8256","2026-07-31","2026-08-30"
"8257","2026-12-21","2027-01-20"
"8258","2026-08-29","2026-09-28"
"8259","2026-08-07","2026-09-06"
"8260","2026-08-30","2026-09-29"
"8261","2026-09-08","2026-10-08"
"8262","2026-06-15","2026-07-15"
"8263","",""
"8264","2026-07-04","2026-08-03"
"8265","",""
"8266","",""
"8267","",""
"8268","",""
"8269","",""
"8270","",""
"8271","",""
"8272","",""
"8273","",""
"8274","",""
"8275","2027-03-06","2027-03-07"
"8276","2027-04-07","2027-04-08"
"8277","2027-03-23","2027-03-24"
"8278","",""
"8279","2027-04-07","2027-04-08"
"8280","",""
"8281","",""
"8282","",""
"8283","",""
"8284","2026-06-15","2026-07-15"
"8285","",""
"8286","2026-11-01","2026-12-01"
"8287","",""
"8288","",""
"8289","",""
"8290","",""
"8291","",""
"8292","2026-06-14","2026-07-14"
"8293","2026-07-31","2026-08-30"
"8294","2026-11-04","2026-12-04"
"8295","2026-08-09","2026-09-08"
"8296","2026-08-28","2026-09-27"
"8297","2026-09-04","2026-10-04"
"8298","2026-06-15","2026-07-15"
"8299","",""
"8300","2026-08-01","2026-08-31"
"8301","2026-08-23","2026-09-22"
"8302","2026-06-14","2026-07-14"
"8303","2026-08-09","2026-09-08"
"8304","2026-06-15","2026-07-15"
"8305","2026-06-22","2026-06-23"
"8306","2026-11-22","2026-12-22"
"8307","2026-08-16","2026-09-15"
"8308","2026-08-21","2026-09-20"
"8309","2026-06-21","2026-07-21"
"8310","2026-09-21","2026-10-21"
"8311","2026-08-01","2026-08-31"
"8312","2026-06-30","2026-07-02"
"8313","2026-08-21","2026-09-20"
"8314","2026-09-20","2026-10-20"
"8315","",""
"8316","2026-06-27","2026-07-27"
"8317","2026-08-23","2026-09-22"
"8318","2026-12-20","2027-01-19"
"8319","2026-06-15","2026-07-15"
"8320","",""
"8321","2026-08-08","2026-09-07"
"8322","2027-01-01","2027-01-31"
"8323","",""
"8324","2026-06-21","2026-06-23"
"8325","2026-08-05","2026-09-04"
"8326","2026-11-01","2026-12-01"
"8327","2026-06-16","2026-07-16"
"8328","",""
"8329","2027-04-01","2027-05-01"
"8330","2026-06-15","2026-07-15"
"8331","2026-06-28","2026-07-01"
"8332","",""
"8333","2026-06-14","2026-06-16"
"8334","",""
"8335","",""
"8336","2026-07-18","2026-08-17"
"8337","2026-08-02","2026-09-01"
"8338","2026-10-01","2026-10-31"
"8339","2026-07-18","2026-08-17"
"8340","2026-06-21","2026-07-21"
"8341","2026-06-14","2026-06-16"
"8342","2026-07-02","2026-08-01"
"8343","",""
"8344","",""
"8345","",""
"8346","2026-07-31","2026-08-30"
"8347","2026-07-31","2026-10-29"
"8348","",""
"8349","2026-07-04","2026-08-03"
"8350","",""
"8351","",""
"8352","",""
"8353","",""
"8354","2026-06-15","2026-07-15"
"8355","2026-08-01","2026-08-31"
"8356","",""
"8357","2026-07-08","2026-07-12"
"8358","",""
"8359","2026-06-17","2026-07-17"
"8360","2026-06-14","2026-06-15"
"8361","2026-06-15","2026-06-16"
"8362","2026-06-14","2026-06-15"
"8363","",""
"8364","2026-06-14","2026-06-15"
"8365","2026-06-14","2026-06-15"
"8366","2026-06-14","2026-06-15"
"8367","2026-06-14","2026-06-15"
"8368","2026-06-14","2026-06-15"
"8369","2026-06-15","2026-06-16"
"8370","2026-06-15","2026-06-16"
"8371","2026-06-15","2026-06-16"
"8372","2026-06-20","2026-06-21"
"8373","2026-06-20","2026-06-21"
"8374","2026-06-14","2026-06-15"
"8375","2026-06-14","2026-06-15"
"8376","2026-06-14","2026-06-15"
"8377","2026-07-22","2026-07-23"
"8378","",""
"8379","",""
"8380","2026-08-08","2026-09-07"
"8381","2026-11-17","2026-12-17"
"8382","",""
"8383","2026-06-21","2026-06-24"
"8384","2026-09-13","2026-10-14"
"8385","2026-06-14","2026-06-15"
"8386","",""
"8387","2026-06-15","2026-07-15"
"8388","2026-08-08","2026-09-07"
"8389","2026-06-15","2026-07-15"
"8390","2026-07-03","2026-08-02"
"8391","2026-06-15","2026-07-15"
"8392","",""
"8393","2026-12-21","2027-01-20"
"8394","2026-06-16","2026-07-16"
"8395","2026-07-07","2026-07-11"
"8396","2026-08-25","2026-09-24"
"8397","2027-04-30","2027-05-30"
"8398","",""
"8399","",""
"8400","2026-07-21","2026-08-20"
"8401","2026-09-13","2026-10-13"
"8402","2026-06-28","2026-07-28"
"8403","2026-06-14","2026-07-14"
"8404","",""
"8405","2026-11-10","2026-12-10"
"8406","2026-06-27","2026-07-27"
"8407","",""
"8408","",""
"8409","2026-08-01","2026-08-31"
"8410","2026-08-01","2026-08-31"
"8411","",""
"8412","2026-06-28","2026-07-28"
"8413","",""
"8414","2026-06-16","2026-07-16"
"8415","2026-08-16","2026-09-15"
"8416","",""
"8417","2026-06-21","2026-06-24"
"8418","2026-08-09","2026-09-08"
"8419","",""
"8420","2026-11-08","2026-12-08"
"8421","",""
"8422","2026-07-07","2026-07-08"
"8423","",""
"8424","2027-01-01","2027-01-31"
"8425","2026-06-16","2026-07-16"
"8426","2026-09-11","2026-10-11"
"8427","",""
"8428","2026-06-14","2026-06-16"
"8429","2026-07-22","2026-08-21"
"8430","2026-12-23","2027-01-22"
"8431","2026-09-09","2026-10-09"
"8432","2026-07-21","2026-08-20"
"8433","",""
"8434","",""
"8435","",""
"8436","",""
"8437","",""
"8438","",""
"8439","2026-06-15","2026-07-15"
"8440","2026-06-14","2026-07-14"
"8441","2026-07-26","2026-08-25"
"8442","2026-09-01","2026-10-01"
"8443","2026-06-25","2026-07-25"
"8444","2026-06-15","2026-07-15"
"8445","2026-06-16","2026-07-16"
"8446","2026-08-29","2026-09-28"
"8447","2026-08-29","2026-09-28"
"8448","",""
"8449","",""
"8450","2026-07-15","2026-08-14"
"8451","",""
"8452","",""
"8453","2026-07-01","2026-07-31"
"8454","2026-06-16","2026-07-16"
"8455","2026-08-01","2026-08-31"
"8456","2026-07-31","2026-08-30"
"8457","",""
"8458","2026-10-02","2026-11-01"
"8459","2026-08-02","2026-09-01"
"8460","2026-06-30","2026-07-30"
"8461","",""
"8462","",""
"8463","",""
"8464","2026-08-01","2026-08-31"
"8465","2026-08-02","2026-09-01"
"8466","2026-08-15","2026-09-14"
"8467","",""
"8468","",""
"8469","",""
"8470","2026-06-15","2026-07-15"
"8471","2026-07-31","2026-08-30"
"8472","2026-08-01","2026-08-31"
"8473","2026-08-15","2026-09-14"
"8474","2026-08-31","2026-09-30"
"8475","",""
"8476","",""
"8477","2026-08-31","2026-09-30"
"8478","2027-01-01","2027-01-31"
"8479","2026-07-11","2026-08-10"
"8480","",""
"8481","2026-06-30","2026-07-30"
"8482","2026-07-24","2026-07-26"
"8483","2026-06-25","2026-06-28"
"8484","2026-06-15","2026-07-15"
"8485","",""
"8486","2026-08-05","2026-09-04"
"8487","2026-07-03","2026-07-06"
"8488","",""
"8489","",""
"8490","",""
"8491","2026-06-20","2026-07-20"
"8492","",""
"8493","",""
"8494","",""
"8495","",""
"8496","",""
"8497","2026-09-14","2026-10-14"
"8498","",""
"8499","2026-09-12","2026-10-12"
"8500","2026-06-15","2026-07-15"
"8501","2026-06-15","2026-07-15"
"8502","2026-06-15","2026-06-16"
"8503","2026-06-15","2026-06-16"
"8504","2026-06-15","2026-06-16"
"8505","2026-06-15","2026-06-16"
"8506","2026-06-15","2026-06-16"
"8507","2026-06-16","2026-06-17"
"8508","2026-06-21","2026-06-22"
"8509","2026-06-14","2026-06-15"
"8510","2026-06-21","2026-06-22"
"8511","2026-06-14","2026-06-15"
"8512","",""
"8513","",""
"8514","2026-11-01","2026-12-01"
"8515","2026-09-01","2026-10-01"
"8516","2026-06-14","2026-07-14"
"8517","2026-07-18","2026-08-17"
"8518","2027-01-01","2027-01-31"
"8519","2026-06-28","2026-06-30"
"8520","2026-07-03","2026-08-02"
"8521","2026-07-02","2026-08-01"
"8522","",""
"8523","",""
"8524","",""
"8525","2026-06-16","2026-07-16"
"8526","2026-10-06","2026-11-05"
"8527","2026-07-25","2026-08-24"
"8528","2026-06-17","2026-06-18"
"8529","2026-06-15","2026-07-15"
"8530","2026-09-01","2026-10-01"
"8531","2026-06-15","2026-07-15"
"8532","2026-06-14","2026-07-14"
"8533","2026-08-01","2026-08-31"
"8534","",""
"8535","",""
"8536","2026-07-26","2026-08-25"
"8537","2026-07-16","2026-07-18"
"8538","2026-06-16","2026-06-19"
"8539","2026-06-14","2026-07-14"
"8540","",""
"8541","",""
"8542","",""
"8543","2026-06-15","2026-07-15"
"8544","",""
"8545","",""
"8546","2026-08-04","2026-09-03"
"8547","",""
"8548","",""
"8549","2027-06-05","2027-06-12"
"8550","2026-06-14","2026-07-14"
"8551","2026-07-01","2026-07-06"
"8552","",""
"8553","",""
"8554","",""
"8555","",""
"8556","2026-06-21","2026-06-22"
"8557","",""
"8558","",""
"8559","",""
"8560","",""
"8561","",""
"8562","2026-06-16","2026-07-16"
"8563","2026-06-16","2026-07-16"
"8564","",""
"8565","2026-06-15","2026-06-16"
"8566","2026-06-14","2026-07-14"
"8567","2026-08-01","2026-08-31"
"8568","",""
"8569","",""
"8570","",""
"8571","",""
"8572","2026-06-15","2026-07-15"
"8573","",""
"8574","2026-12-20","2027-01-19"
"8575","",""
"8576","2026-07-11","2026-08-10"
"8577","2026-09-01","2026-10-01"
"8578","2026-06-15","2026-07-15"
"8579","2026-07-21","2026-07-22"
"8580","2026-07-21","2026-07-22"
"8581","2026-07-21","2026-07-22"
"8582","",""
"8583","2027-03-01","2027-03-31"
"8584","2026-09-28","2026-10-28"
"8585","2026-12-31","2027-01-30"
"8586","2026-06-14","2026-07-14"
"8587","2026-06-14","2026-07-14"
"8588","2026-06-16","2026-07-16"
"8589","2026-06-15","2026-06-16"
"8590","2027-01-01","2027-01-02"
"8591","2026-06-15","2026-06-16"
"8592","2026-06-15","2026-06-16"
"8593","",""
"8594","2026-07-01","2026-07-02"
"8595","",""
"8596","2026-06-15","2026-06-16"
"8597","2026-06-23","2026-06-24"
"8598","2026-07-03","2026-07-04"
"8599","2026-07-01","2026-07-02"
"8600","2026-07-02","2026-07-03"
"8601","2026-07-30","2026-08-29"
"8602","",""
"8603","2026-07-03","2026-08-02"
"8604","",""
"8605","",""
"8606","2026-12-02","2027-01-01"
"8607","2026-06-25","2026-07-25"
"8608","2026-11-28","2026-12-28"
"8609","",""
"8610","2026-06-15","2026-07-15"
"8611","2026-06-15","2026-07-15"
"8612","2026-06-14","2026-07-14"
"8613","2026-06-15","2026-07-15"
"8614","2026-06-15","2026-07-15"
"8615","2026-06-14","2026-07-14"
"8616","",""
"8617","2026-07-26","2026-08-25"
"8618","",""
"8619","2026-07-15","2026-08-14"
"8620","2026-10-03","2026-11-02"
"8621","",""
"8622","",""
"8623","2026-08-27","2026-09-26"
"8624","",""
"8625","",""
"8626","",""
"8627","2026-06-14","2026-07-14"
"8628","2026-06-14","2026-07-14"
"8629","",""
"8630","2026-10-01","2026-10-31"
"8631","2026-07-06","2026-08-05"
"8632","",""
"8633","",""
"8634","2026-06-16","2026-07-16"
"8635","2026-06-15","2026-06-16"
"8636","2026-06-15","2026-06-16"
"8637","2026-06-15","2026-06-16"
"8638","",""
"8639","2026-07-15","2026-08-14"
"8640","",""
"8641","",""
"8642","",""
"8643","",""
"8644","",""
"8645","",""
"8646","2026-07-04","2026-07-09"
"8647","2026-06-15","2026-07-15"
"8648","2026-08-09","2026-09-08"
"8649","2026-06-16","2026-07-16"
"8650","2026-06-21","2026-06-22"
"8651","2026-07-15","2026-08-14"
"8652","",""
"8653","2026-06-21","2026-06-23"
"8654","",""
"8655","",""
"8656","2026-06-24","2026-06-26"
"8657","",""
"8658","2026-08-09","2026-09-08"
"8659","",""
"8660","",""
"8661","",""
"8662","2026-06-15","2026-07-15"
"8663","",""
"8664","2026-10-02","2026-11-01"
"8665","2026-08-01","2026-08-31"
"8666","",""
"8667","",""
"8668","2027-06-22","2027-06-23"
"8669","",""
"8670","2027-06-22","2027-06-23"
"8671","2026-11-22","2026-12-22"
"8672","2026-06-22","2026-06-24"
"8673","2026-10-01","2026-10-31"
"8674","2026-06-19","2026-06-21"
"8675","",""
"8676","2026-09-15","2026-10-15"
"8677","2026-12-15","2027-01-14"
"8678","",""
"8679","",""
"8680","2026-10-10","2026-11-09"
"8681","",""
"8682","2026-08-15","2026-09-14"
"8683","2026-06-15","2026-06-17"
"8684","2026-10-01","2026-10-31"
"8685","",""
"8686","2026-06-16","2026-07-16"
"8687","2026-08-22","2026-08-23"
"8688","",""
"8689","",""
"8690","2026-07-21","2026-08-20"
"8691","",""
"8692","",""
"8693","2026-06-17","2026-07-17"
"8694","",""
"8695","2026-06-15","2026-07-15"
"8696","2026-07-31","2026-08-30"
"8697","2026-06-15","2026-07-15"
"8698","",""
"8699","",""
"8700","",""
"8701","",""
"8702","",""
"8703","",""
"8704","2026-06-15","2026-07-15"
"8705","2026-06-16","2026-07-16"
"8706","",""
"8707","2026-06-15","2026-07-15"
"8708","",""
"8709","2026-06-14","2026-06-16"
"8710","2027-02-01","2027-02-04"
"8711","",""
"8712","",""
"8713","2026-06-21","2026-07-21"
"8714","2026-07-17","2026-08-16"
"8715","",""
"8716","",""
"8717","",""
"8718","",""
"8719","",""
"8720","2026-10-03","2026-11-02"
"8721","2026-06-17","2026-06-18"
"8722","",""
"8723","",""
"8724","",""
"8725","",""
"8726","",""
"8727","",""
"8728","",""
"8729","",""
"8730","2026-06-14","2026-06-15"
"8731","",""
"8732","",""
"8733","2026-06-14","2026-07-14"
"8734","2026-07-22","2026-08-21"
"8735","2026-06-21","2026-07-21"
"8736","",""
"8737","2026-07-10","2026-08-09"
"8738","2026-06-22","2026-07-23"
"8739","2026-09-10","2026-10-10"
"8740","2026-06-16","2026-06-19"
"8741","2027-01-01","2027-01-31"
"8742","",""
"8743","",""
"8744","2026-07-22","2026-08-21"
"8745","",""
"8746","",""
"8747","2026-08-12","2026-09-11"
"8748","",""
"8749","2026-08-01","2026-08-31"
"8750","2026-06-15","2026-06-16"
"8751","2026-06-29","2026-07-29"
"8752","",""
"8753","",""
"8754","2026-06-15","2026-06-17"
"8755","2026-07-01","2026-07-31"
"8756","2026-11-30","2026-12-30"
"8757","2026-08-03","2026-09-02"
"8758","",""
"8759","",""
"8760","2026-08-10","2026-09-09"
"8761","2026-07-26","2026-08-25"
"8762","",""
"8763","",""
"8764","",""
"8765","",""
"8766","",""
"8767","",""
"8768","",""
"8769","",""
"8770","",""
"8771","2026-06-15","2026-07-15"
"8772","",""
"8773","2026-06-17","2026-07-17"
"8774","2026-10-04","2026-11-03"
"8775","",""
"8776","2026-06-27","2026-06-29"
"8777","2026-09-07","2026-10-07"
"8778","",""
"8779","",""
"8780","",""
"8781","",""
"8782","",""
"8783","",""
"8784","2026-06-21","2026-06-23"
"8785","2026-08-07","2026-08-09"
"8786","2026-06-21","2026-06-23"
"8787","2026-07-31","2026-08-30"
"8788","",""
"8789","2026-09-01","2026-10-01"
"8790","2026-08-16","2026-08-17"
"8791","2026-06-15","2026-06-17"
"8792","2026-06-14","2026-07-14"
"8793","",""
"8794","2026-06-17","2026-06-18"
"8795","",""
"8796","2026-06-14","2026-06-15"
"8797","2026-06-14","2026-06-15"
"8798","2026-06-14","2026-06-15"
"8799","2026-06-14","2026-06-15"
"8800","2026-06-18","2026-06-19"
"8801","2026-06-14","2026-06-15"
"8802","2026-06-17","2026-06-18"
"8803","2026-06-14","2026-06-15"
"8804","2026-06-15","2026-06-16"
"8805","2026-06-14","2026-06-15"
"8806","2026-06-14","2026-06-15"
"8807","2026-08-15","2026-09-14"
"8808","",""
"8809","2026-09-27","2026-10-27"
"8810","2026-06-28","2026-06-29"
"8811","",""
"8812","2026-06-28","2026-07-01"
"8813","2026-06-30","2026-07-01"
"8814","2026-06-16","2026-06-18"
"8815","",""
"8816","2026-06-15","2026-06-16"
"8817","2026-06-15","2026-07-15"
"8818","2026-12-31","2027-01-30"
"8819","2026-10-01","2026-10-31"
"8820","",""
"8821","2026-08-31","2026-09-30"
"8822","2026-07-20","2026-08-19"
"8823","2026-06-14","2026-07-14"
"8824","2027-03-28","2027-04-27"
"8825","2026-06-15","2026-06-16"
"8826","",""
"8827","2026-06-15","2026-07-15"
"8828","2026-06-14","2026-07-14"
"8829","2026-07-01","2026-07-31"
"8830","",""
"8831","",""
"8832","",""
"8833","",""
"8834","",""
"8835","",""
"8836","2026-08-09","2026-09-08"
"8837","2026-08-16","2026-10-15"
"8838","",""
"8839","",""
"8840","2026-11-02","2026-12-02"
"8841","2026-08-22","2026-09-21"
"8842","",""
"8843","2026-08-21","2026-09-20"
"8844","2026-08-01","2026-08-31"
"8845","2026-07-02","2026-08-01"
"8846","2026-06-15","2026-07-15"
"8847","2026-08-02","2026-09-01"
"8848","2026-08-31","2026-09-30"
"8849","2026-06-15","2026-07-15"
"8850","2026-06-15","2026-07-15"
"8851","",""
"8852","2026-06-21","2026-07-21"
"8853","",""
"8854","2026-08-01","2026-08-31"
"8855","",""
"8856","",""
"8857","",""
"8858","2026-06-14","2026-06-15"
"8859","2026-06-24","2026-08-23"
"8860","2026-07-01","2026-07-31"
"8861","2026-06-14","2026-07-14"
"8862","2026-07-06","2026-07-08"
"8863","2026-08-16","2026-09-15"
"8864","",""
"8865","2026-08-27","2026-09-26"
"8866","2026-06-23","2026-07-23"
"8867","2026-06-24","2026-08-23"
"8868","2026-06-14","2026-08-13"
"8869","2026-06-26","2026-06-30"
"8870","2026-08-01","2026-08-31"
"8871","2026-08-01","2026-08-31"
"8872","",""
"8873","2026-08-01","2026-08-31"
"8874","",""
"8875","2026-07-31","2026-08-30"
"8876","2026-06-16","2026-06-17"
"8877","2026-08-06","2026-09-05"
"8878","2026-12-31","2027-02-28"
"8879","2026-06-15","2026-07-15"
"8880","",""
"8881","2026-06-15","2026-07-15"
"8882","2026-07-01","2026-07-31"
"8883","2026-12-01","2026-12-31"
"8884","2026-08-01","2026-08-31"
"8885","",""
"8886","",""
"8887","2026-06-15","2026-06-16"
"8888","2026-06-14","2026-06-15"
"8889","2026-06-14","2026-06-15"
"8890","2026-06-18","2026-06-19"
"8891","2026-06-15","2026-07-15"
"8892","2026-06-14","2026-06-15"
"8893","2026-06-14","2026-06-15"
"8894","2026-06-14","2026-06-15"
"8895","2026-06-15","2026-06-16"
"8896","2026-06-15","2026-06-16"
"8897","2026-06-14","2026-06-15"
"8898","2026-06-14","2026-06-15"
"8899","2026-06-14","2026-06-15"
"8900","2026-06-14","2026-06-15"
"8901","",""
"8902","",""
"8903","",""
"8904","2026-08-16","2026-09-15"
"8905","",""
"8906","2026-11-01","2026-12-30"
"8907","2026-08-21","2026-09-20"
"8908","",""
"8909","",""
"8910","",""
"8911","2026-07-10","2026-08-09"
"8912","",""
"8913","",""
"8914","",""
"8915","",""
"8916","2026-06-15","2026-07-15"
"8917","2026-09-14","2026-10-14"
"8918","2026-12-24","2027-02-21"
"8919","2026-08-04","2026-09-03"
"8920","2026-10-30","2026-11-29"
"8921","",""
"8922","2027-01-01","2027-01-31"
"8923","2026-09-02","2026-10-02"
"8924","",""
"8925","",""
"8926","2026-06-14","2026-07-14"
"8927","2026-07-31","2026-08-30"
"8928","2026-07-01","2026-07-31"
"8929","2026-07-20","2026-08-19"
"8930","2027-01-01","2027-01-31"
"8931","2026-08-28","2026-09-27"
"8932","2026-06-14","2026-07-14"
"8933","2026-09-19","2026-10-19"
"8934","2026-10-03","2026-11-02"
"8935","2026-07-07","2026-08-06"
"8936","2026-06-15","2026-07-15"
"8937","2027-01-01","2027-01-04"
"8938","2026-07-08","2026-07-10"
"8939","",""
"8940","2026-07-20","2026-08-19"
"8941","2026-06-16","2026-07-16"
"8942","2026-06-30","2026-07-30"
"8943","2026-08-02","2026-09-01"
"8944","2026-06-16","2026-07-16"
"8945","",""
"8946","2026-06-21","2026-07-21"
"8947","2026-08-28","2026-09-27"
"8948","2026-06-30","2026-07-30"
"8949","2026-06-16","2026-07-17"
"8950","2026-06-14","2026-07-14"
"8951","2026-07-31","2026-08-30"
"8952","2026-06-16","2026-07-17"
"8953","2026-06-19","2026-07-19"
"8954","2026-06-16","2026-07-16"
"8955","2026-08-01","2026-08-31"
"8956","",""
"8957","2026-06-15","2026-06-17"
"8958","2026-07-08","2026-08-07"
"8959","",""
"8960","",""
"8961","",""
"8962","",""
"8963","",""
"8964","2026-07-13","2026-07-16"
"8965","2026-10-01","2026-11-01"
"8966","2026-07-31","2026-08-30"
"8967","",""
"8968","2026-06-15","2026-07-15"
"8969","2026-07-04","2026-07-06"
"8970","",""
"8971","2026-06-15","2026-07-16"
"8972","",""
"8973","2026-06-17","2026-06-19"
"8974","2026-06-14","2026-07-14"
"8975","2026-06-14","2026-07-14"
"8976","",""
"8977","2026-06-16","2026-07-16"
"8978","2027-02-21","2027-03-23"
"8979","2026-06-15","2026-07-15"
"8980","",""
"8981","2026-06-24","2026-07-24"
"8982","",""
"8983","2026-08-16","2026-09-15"
"8984","2026-07-05","2026-08-04"
"8985","",""
"8986","2026-07-01","2026-07-31"
"8987","2026-06-14","2026-07-14"
"8988","2026-08-09","2026-09-08"
"8989","2026-08-02","2026-09-01"
"8990","2026-09-05","2026-10-05"
"8991","2026-07-13","2026-08-12"
"8992","2026-06-18","2026-06-21"
"8993","2026-07-31","2026-08-30"
"8994","2026-06-26","2026-07-26"
"8995","2026-08-09","2026-09-08"
"8996","",""
"8997","",""
"8998","2026-07-05","2026-08-04"
"8999","",""
"9000","2026-07-31","2026-08-30"
"9001","",""
"9002","2026-06-30","2026-07-30"
"9003","",""
"9004","",""
"9005","2026-06-24","2026-06-25"
"9006","2026-07-18","2026-08-17"
"9007","2026-06-15","2026-07-15"
"9008","2026-06-16","2026-06-17"
"9009","",""
"9010","",""
"9011","2026-06-14","2026-07-14"
"9012","",""
"9013","2026-06-15","2026-07-15"
"9014","2026-08-05","2026-09-04"
"9015","",""
"9016","",""
"9017","",""
"9018","2026-07-20","2026-08-19"
"9019","2026-07-08","2026-08-07"
"9020","",""
"9021","2026-07-01","2026-07-31"
"9022","2026-08-06","2026-09-05"
"9023","2026-08-20","2026-09-19"
"9024","2026-10-05","2026-11-04"
"9025","2026-06-16","2026-07-16"
"9026","",""
"9027","2026-07-15","2026-08-14"
"9028","2026-07-03","2026-08-02"
"9029","",""
"9030","2026-06-15","2026-07-15"
"9031","2026-07-31","2026-08-30"
"9032","2026-07-01","2026-07-31"
"9033","",""
"9034","2026-07-15","2026-07-16"
"9035","",""
"9036","2026-06-16","2026-07-16"
"9037","2026-06-14","2026-07-14"
"9038","2026-08-10","2026-09-09"
"9039","",""
"9040","2026-06-15","2026-07-15"
"9041","",""
"9042","2026-06-14","2026-07-14"
"9043","2026-10-01","2026-10-31"
"9044","",""
"9045","",""
"9046","2026-06-15","2026-06-16"
"9047","2026-07-25","2026-08-24"
"9048","2026-06-15","2026-07-15"
"9049","",""
"9050","2026-07-05","2026-07-07"
"9051","2026-06-28","2026-07-02"
"9052","2026-06-15","2026-07-15"
"9053","",""
"9054","2026-07-13","2026-07-15"
"9055","",""
"9056","2026-08-02","2026-09-01"
"9057","2026-10-20","2026-11-19"
"9058","",""
"9059","2026-10-01","2026-10-31"
"9060","2026-06-15","2026-07-15"
"9061","",""
"9062","2026-06-14","2026-07-14"
"9063","2026-06-28","2026-07-28"
"9064","2026-12-17","2027-01-16"
"9065","2026-06-15","2026-07-15"
"9066","2026-06-21","2026-07-21"
"9067","",""
"9068","",""
"9069","2026-07-13","2026-07-14"
"9070","",""
"9071","",""
"9072","",""
"9073","2026-07-17","2026-08-16"
"9074","2026-06-14","2026-07-14"
"9075","",""
"9076","",""
"9077","",""
"9078","2026-08-01","2026-08-31"
"9079","",""
"9080","",""
"9081","",""
"9082","",""
"9083","",""
"9084","2026-08-16","2026-09-15"
"9085","2026-06-15","2026-07-15"
"9086","2026-09-01","2026-10-01"
"9087","",""
"9088","2026-08-01","2026-08-31"
"9089","2026-06-16","2026-07-16"
"9090","2027-01-03","2027-02-02"
"9091","2026-06-15","2026-06-18"
"9092","2026-06-16","2026-07-16"
"9093","2026-06-15","2026-07-15"
"9094","2026-06-14","2026-07-14"
"9095","2026-08-01","2026-08-31"
"9096","2026-08-02","2026-09-01"
"9097","2026-07-31","2026-08-30"
"9098","",""
"9099","",""
"9100","2026-06-21","2026-06-22"
"9101","2026-06-15","2026-06-16"
"9102","",""
"9103","2026-06-15","2026-07-15"
"9104","2026-06-15","2026-06-16"
"9105","2026-07-16","2026-08-15"
"9106","2026-08-03","2026-09-02"
"9107","",""
"9108","2026-10-07","2026-11-06"
"9109","",""
"9110","2026-06-26","2026-07-26"
"9111","2026-06-15","2026-07-15"
"9112","2026-06-26","2026-07-26"
"9113","",""
"9114","2026-07-30","2026-08-29"
"9115","2026-06-15","2026-07-15"
"9116","2027-01-04","2027-02-03"
"9117","2026-06-16","2026-07-16"
"9118","2026-07-12","2026-07-15"
"9119","",""
"9120","2026-06-15","2026-07-15"
"9121","",""
"9122","2026-06-15","2026-07-15"
"9123","",""
"9124","2026-09-27","2026-10-27"
"9125","2026-09-25","2026-10-25"
"9126","2026-12-22","2027-01-21"
"9127","",""
"9128","",""
"9129","2026-06-21","2026-07-21"
"9130","2026-06-15","2026-07-15"
"9131","",""
"9132","2027-01-09","2027-02-08"
"9133","",""
"9134","",""
"9135","",""
"9136","2026-07-24","2026-07-30"
"9137","",""
"9138","2027-01-03","2027-03-29"
"9139","2026-06-15","2026-07-15"
"9140","2026-06-16","2026-07-16"
"9141","2026-12-08","2027-01-07"
"9142","",""
"9143","",""
"9144","2026-12-26","2027-01-25"
"9145","",""
"9146","2026-07-10","2026-08-09"
"9147","",""
"9148","2026-09-30","2026-10-30"
"9149","2026-06-14","2026-07-14"
"9150","2026-11-15","2026-12-15"
"9151","2026-08-04","2026-08-06"
"9152","2026-06-15","2026-07-15"
"9153","2026-11-22","2026-12-22"
"9154","2026-06-16","2026-07-16"
"9155","2027-01-03","2027-03-29"
"9156","",""
"9157","2026-09-04","2026-11-03"
"9158","2026-08-01","2026-08-31"
"9159","2026-06-14","2026-07-14"
"9160","2026-06-21","2026-07-21"
"9161","",""
"9162","2026-06-14","2026-07-14"
"9163","2026-10-03","2026-11-02"
"9164","2026-06-21","2026-07-21"
"9165","2026-08-08","2026-09-07"
"9166","2026-06-17","2026-06-20"
"9167","2026-08-29","2026-09-28"
"9168","2026-06-14","2026-07-14"
"9169","2026-06-14","2026-07-14"
"9170","2026-09-01","2026-10-01"
"9171","2026-07-21","2026-08-20"
"9172","2026-06-15","2026-07-15"
"9173","2026-06-28","2026-07-28"
"9174","2026-10-22","2026-11-21"
"9175","2026-08-13","2026-09-12"
"9176","2026-06-15","2026-07-15"
"9177","2027-01-02","2027-02-01"
"9178","2026-06-14","2026-07-14"
"9179","2026-06-14","2026-07-14"
"9180","2026-07-21","2026-08-20"
"9181","",""
"9182","2026-06-14","2026-07-14"
"9183","2026-06-14","2026-07-14"
"9184","2026-08-01","2026-08-31"
"9185","2026-06-14","2026-07-14"
"9186","",""
"9187","2026-06-15","2026-07-15"
"9188","2026-06-15","2026-07-15"
"9189","2026-06-14","2026-07-14"
"9190","",""
"9191","",""
"9192","2026-10-25","2026-11-24"
"9193","",""
"9194","2026-12-01","2027-01-30"
"9195","2026-06-15","2026-07-15"
"9196","",""
"9197","",""
"9198","2026-06-18","2026-07-18"
"9199","",""
"9200","",""
"9201","2026-12-24","2027-01-23"
"9202","",""
"9203","2026-06-15","2026-07-15"
"9204","2026-07-01","2026-07-31"
"9205","",""
"9206","2026-06-18","2026-07-18"
"9207","2026-06-16","2026-07-16"
"9208","2026-06-15","2026-06-17"
"9209","2026-08-03","2026-09-02"
"9210","2026-07-30","2026-08-29"
"9211","2026-11-01","2026-12-01"
"9212","",""
"9213","2026-07-01","2026-07-31"
"9214","2026-08-17","2026-09-16"
"9215","2026-07-23","2026-08-22"
"9216","2026-07-19","2026-07-23"
"9217","2026-08-02","2026-08-05"
"9218","2026-06-15","2026-07-15"
"9219","2026-06-15","2026-07-15"
"9220","2026-06-16","2026-07-16"
"9221","2026-08-30","2026-09-29"
"9222","2026-06-21","2026-07-21"
"9223","2026-07-11","2026-08-10"
"9224","2026-07-02","2026-08-01"
"9225","2026-08-17","2026-09-16"
"9226","",""
"9227","",""
"9228","",""
"9229","2026-11-01","2026-12-01"
"9230","2026-10-18","2026-11-17"
"9231","",""
"9232","2026-07-17","2026-08-16"
"9233","2026-06-15","2026-07-15"
"9234","2026-09-07","2026-10-07"
"9235","2026-09-17","2026-10-17"
"9236","2026-08-28","2026-09-27"
"9237","2026-06-14","2026-06-15"
"9238","2026-06-14","2026-06-15"
"9239","2026-07-21","2026-07-22"
"9240","2026-06-14","2026-06-15"
"9241","2026-08-08","2026-08-09"
"9242","2026-07-20","2026-07-21"
"9243","",""
"9244","",""
"9245","2026-07-20","2026-07-21"
"9246","",""
"9247","",""
"9248","2026-08-01","2026-08-31"
"9249","2026-07-12","2026-07-13"
"9250","",""
"9251","2026-07-25","2026-08-24"
"9252","2026-06-17","2026-07-17"
"9253","2026-06-14","2026-07-14"
"9254","2026-06-29","2026-07-29"
"9255","2026-08-04","2026-08-09"
"9256","2026-07-01","2026-07-31"
"9257","2026-06-15","2026-07-15"
"9258","2026-10-30","2026-11-30"
"9259","",""
"9260","2026-11-07","2026-12-07"
"9261","2026-06-16","2026-07-16"
"9262","2026-06-16","2026-06-18"
"9263","",""
"9264","",""
"9265","2026-08-11","2026-09-10"
"9266","",""
"9267","",""
"9268","2026-06-21","2026-07-21"
"9269","2026-07-31","2026-08-30"
"9270","2026-07-19","2026-07-23"
"9271","",""
"9272","2026-11-01","2026-12-01"
"9273","2026-08-01","2026-09-01"
"9274","2026-06-17","2026-07-17"
"9275","2026-10-24","2026-11-23"
"9276","2026-09-03","2026-10-03"
"9277","2026-06-26","2026-07-26"
"9278","",""
"9279","2026-08-09","2026-09-08"
"9280","",""
"9281","",""
"9282","2026-07-06","2026-08-05"
"9283","2026-06-30","2026-07-02"
"9284","",""
"9285","2026-06-16","2026-06-17"
"9286","",""
"9287","2026-10-15","2026-11-14"
"9288","2026-06-17","2026-07-17"
"9289","2026-06-15","2026-07-15"
"9290","2026-07-27","2026-08-26"
"9291","2026-10-15","2026-11-14"
"9292","2026-07-08","2026-07-10"
"9293","2026-08-28","2026-09-27"
"9294","",""
"9295","2026-10-01","2026-10-31"
"9296","",""
"9297","",""
"9298","",""
"9299","2026-06-15","2026-07-15"
"9300","2027-05-08","2027-06-07"
"9301","",""
"9302","",""
"9303","",""
"9304","",""
"9305","2026-06-16","2026-07-16"
"9306","2026-06-15","2026-07-15"
"9307","",""
"9308","",""
"9309","2026-06-15","2026-07-15"
"9310","2026-06-30","2026-07-30"
"9311","2026-06-15","2026-07-15"
"9312","2026-07-01","2026-07-31"
"9313","",""
"9314","2026-06-16","2026-06-18"
"9315","",""
"9316","2026-09-01","2026-10-01"
"9317","2026-09-07","2026-10-07"
"9318","",""
"9319","",""
"9320","",""
"9321","2026-06-15","2026-07-15"
"9322","",""
"9323","2026-06-30","2026-07-30"
"9324","2026-06-16","2026-07-16"
"9325","2026-10-14","2026-11-13"
"9326","2026-06-16","2026-06-17"
"9327","2026-06-30","2026-07-30"
"9328","2026-06-15","2026-06-17"
"9329","2026-06-16","2026-06-17"
"9330","2026-06-18","2026-07-18"
"9331","2026-08-30","2026-09-29"
"9332","",""
"9333","",""
"9334","2026-06-15","2026-07-15"
"9335","2026-06-15","2026-07-15"
"9336","2026-06-15","2026-07-15"
"9337","2026-06-15","2026-07-15"
"9338","2026-06-15","2026-07-15"
"9339","2026-06-15","2026-07-15"
"9340","",""
"9341","",""
"9342","",""
"9343","2026-06-15","2026-07-15"
"9344","",""
"9345","",""
"9346","2026-09-01","2026-10-01"
"9347","",""
"9348","",""
"9349","2026-07-10","2026-08-09"
"9350","2026-07-01","2026-07-31"
"9351","2026-06-21","2026-07-21"
"9352","2026-07-06","2026-07-08"
"9353","2026-06-22","2026-06-24"
"9354","2026-08-21","2026-08-24"
"9355","2026-06-22","2026-07-22"
"9356","",""
"9357","2026-06-21","2026-07-21"
"9358","2026-06-16","2026-07-16"
"9359","2026-07-18","2026-08-17"
"9360","",""
"9361","2026-06-14","2026-07-14"
"9362","",""
"9363","2026-06-23","2026-12-20"
"9364","2026-06-17","2026-07-17"
"9365","2026-06-16","2026-07-16"
"9366","",""
"9367","2026-07-31","2026-08-30"
"9368","2026-06-23","2027-04-19"
"9369","",""
"9370","2026-06-29","2026-07-29"
"9371","2026-06-14","2026-07-14"
"9372","",""
"9373","2026-09-07","2026-10-07"
"9374","2026-10-01","2026-10-31"
"9375","",""
"9376","",""
"9377","2026-08-15","2026-09-14"
"9378","2026-06-15","2026-06-16"
"9379","2026-06-15","2026-06-16"
"9380","2026-06-15","2026-06-16"
"9381","",""
"9382","",""
"9383","",""
"9384","2027-01-03","2027-03-29"
"9385","2026-06-22","2026-07-22"
"9386","",""
"9387","2026-07-14","2026-08-13"
"9388","2026-08-20","2026-09-19"
"9389","",""
"9390","2026-06-15","2026-07-15"
"9391","2026-06-22","2026-06-25"
"9392","2026-08-13","2026-09-12"
"9393","2026-06-17","2026-07-17"
"9394","",""
"9395","",""
"9396","",""
"9397","",""
"9398","2026-08-09","2026-09-08"
"9399","",""
"9400","2026-06-14","2026-07-14"
"9401","2026-06-21","2026-07-21"
"9402","2026-06-17","2026-07-17"
"9403","2026-07-23","2026-08-22"
"9404","2027-01-04","2027-02-03"
"9405","",""
"9406","2027-01-21","2027-04-21"
"9407","",""
"9408","2026-06-21","2026-06-23"
"9409","2026-06-17","2026-07-17"
"9410","",""
"9411","2026-07-27","2026-08-26"
"9412","2026-08-30","2026-09-29"
"9413","2026-06-14","2026-07-14"
"9414","2026-06-30","2026-07-30"
"9415","2026-06-15","2026-07-15"
"9416","",""
"9417","2026-12-03","2027-01-02"
"9418","2026-06-15","2026-06-18"
"9419","",""
"9420","",""
"9421","2026-09-14","2027-03-21"
"9422","2026-06-18","2026-06-19"
"9423","",""
"9424","2026-11-01","2026-12-01"
"9425","",""
"9426","",""
"9427","",""
"9428","2026-06-14","2026-07-14"
"9429","2026-07-31","2026-08-30"
"9430","2026-06-14","2026-07-14"
"9431","2026-12-13","2026-12-14"
"9432","2026-10-13","2026-10-14"
"9433","2026-12-29","2026-12-30"
"9434","2026-12-27","2026-12-28"
"9435","2026-12-29","2026-12-30"
"9436","2026-11-12","2026-11-13"
"9437","2027-04-08","2027-04-09"
"9438","2027-04-12","2027-04-13"
"9439","2026-06-14","2026-06-15"
"9440","2026-06-14","2026-06-15"
"9441","2026-06-14","2026-06-15"
"9442","2026-06-14","2026-06-15"
"9443","2026-06-14","2026-06-15"
"9444","2026-06-14","2026-06-15"
"9445","2026-06-19","2026-06-20"
"9446","2026-06-15","2026-06-16"
"9447","2026-11-20","2026-11-21"
"9448","2026-11-20","2026-11-21"
"9449","2026-06-22","2026-07-22"
"9450","",""
"9451","2026-06-14","2026-07-14"
"9452","2026-07-07","2026-08-06"
"9453","2026-08-22","2026-09-21"
"9454","2027-03-26","2027-04-25"
"9455","2026-08-08","2026-09-07"
"9456","2026-10-04","2026-11-03"
"9457","2026-06-15","2026-07-15"
"9458","2026-06-15","2026-07-15"
"9459","",""
"9460","2026-06-16","2026-07-16"
"9461","2026-06-28","2026-07-02"
"9462","2026-11-15","2027-04-09"
"9463","2026-07-15","2026-08-14"
"9464","",""
"9465","2026-08-09","2026-09-08"
"9466","2026-06-14","2026-07-14"
"9467","2026-11-02","2026-11-03"
"9468","2026-12-10","2026-12-11"
"9469","2026-12-27","2026-12-28"
"9470","2026-08-01","2026-08-02"
"9471","2027-04-03","2027-04-04"
"9472","2026-10-13","2026-10-14"
"9473","2027-04-07","2027-04-08"
"9474","2026-06-23","2026-06-24"
"9475","2026-12-10","2026-12-11"
"9476","2026-06-20","2026-06-21"
"9477","2026-07-01","2026-07-02"
"9478","2026-10-13","2026-10-14"
"9479","",""
"9480","2026-11-01","2026-11-02"
"9481","",""
"9482","",""
"9483","",""
"9484","2026-08-22","2026-09-21"
"9485","",""
"9486","2026-08-10","2026-09-09"
"9487","2026-06-14","2026-07-14"
"9488","",""
"9489","2026-10-01","2026-10-31"
"9490","2026-09-01","2026-10-01"
"9491","2027-02-01","2027-03-03"
"9492","2026-09-01","2026-10-01"
"9493","2026-06-16","2026-07-16"
"9494","",""
"9495","",""
"9496","2026-06-15","2026-07-15"
"9497","2026-06-28","2026-07-28"
"9498","2026-06-15","2026-06-16"
"9499","2026-08-01","2026-08-31"
"9500","2026-07-31","2026-08-30"
"9501","",""
"9502","",""
"9503","2026-10-01","2026-10-31"
"9504","",""
"9505","2026-07-22","2026-07-24"
"9506","",""
"9507","2026-09-19","2026-10-19"
"9508","2026-06-21","2026-07-21"
"9509","",""
"9510","",""
"9511","",""
"9512","2026-11-14","2026-12-14"
"9513","",""
"9514","2026-06-15","2026-07-15"
"9515","2026-06-28","2026-07-01"
"9516","",""
"9517","",""
"9518","",""
"9519","2026-08-03","2026-09-02"
"9520","",""
"9521","",""
"9522","",""
"9523","2026-06-15","2026-07-15"
"9524","2026-08-08","2026-09-07"
"9525","",""
"9526","2026-07-25","2026-08-24"
"9527","",""
"9528","2026-07-22","2026-07-25"
"9529","2026-06-16","2026-07-16"
"9530","2026-07-27","2026-08-05"
"9531","2026-06-21","2026-07-21"
"9532","2026-06-15","2026-07-15"
"9533","2027-01-01","2027-01-31"
"9534","",""
"9535","2026-06-15","2026-07-15"
"9536","2026-08-16","2026-09-15"
"9537","",""
"9538","2026-06-15","2026-07-15"
"9539","2026-06-17","2026-07-17"
"9540","",""
"9541","",""
"9542","2026-08-07","2026-09-06"
"9543","2026-06-22","2026-07-22"
"9544","",""
"9545","",""
"9546","",""
"9547","2026-06-21","2026-06-22"
"9548","2026-06-15","2026-07-15"
"9549","2026-06-15","2026-07-15"
"9550","2026-06-19","2026-06-20"
"9551","",""
"9552","",""
"9553","2026-12-21","2027-01-20"
"9554","",""
"9555","2027-01-01","2027-01-04"
"9556","",""
"9557","",""
"9558","2026-06-16","2026-07-16"
"9559","",""
"9560","2026-10-12","2026-11-11"
"9561","",""
"9562","",""
"9563","2026-06-14","2026-07-14"
"9564","2026-08-01","2026-08-31"
"9565","2026-09-14","2026-10-14"
"9566","2026-06-15","2026-07-15"
"9567","2026-07-09","2026-08-08"
"9568","2026-07-12","2026-08-11"
"9569","",""
"9570","2026-06-16","2026-07-16"
"9571","2026-09-25","2026-10-25"
"9572","",""
"9573","",""
"9574","2026-08-12","2026-09-11"
"9575","2026-11-06","2026-12-06"
"9576","2027-05-09","2027-06-08"
"9577","",""
"9578","2026-07-05","2026-08-04"
"9579","",""
"9580","",""
"9581","2026-06-16","2026-06-18"
"9582","",""
"9583","",""
"9584","",""
"9585","",""
"9586","",""
"9587","2026-07-18","2026-08-17"
"9588","",""
"9589","2026-06-14","2026-07-14"
"9590","",""
"9591","2026-06-14","2026-07-14"
"9592","2026-09-01","2026-10-01"
"9593","2026-10-21","2026-11-20"
"9594","",""
"9595","",""
"9596","2026-07-21","2026-08-20"
"9597","",""
"9598","2026-06-15","2026-07-15"
"9599","",""
"9600","",""
"9601","",""
"9602","",""
"9603","2026-06-15","2026-07-15"
"9604","2026-07-25","2026-08-24"
"9605","",""
"9606","",""
"9607","",""
"9608","",""
"9609","",""
"9610","",""
"9611","",""
"9612","",""
"9613","2026-07-28","2026-08-28"
"9614","",""
"9615","",""
"9616","2026-07-15","2026-08-14"
"9617","",""
"9618","",""
"9619","2026-06-15","2026-07-15"
"9620","",""
"9621","",""
"9622","2026-06-15","2026-07-15"
"9623","",""
"9624","",""
"9625","2026-08-15","2026-09-14"
"9626","2026-06-28","2026-07-02"
"9627","",""
"9628","",""
"9629","2026-06-16","2026-07-16"
"9630","2026-06-15","2026-07-15"
"9631","2026-07-21","2026-08-20"
"9632","2027-01-01","2027-01-31"
"9633","2026-06-14","2026-07-14"
"9634","2026-06-14","2026-07-14"
"9635","2026-09-01","2026-10-01"
"9636","",""
"9637","",""
"9638","",""
"9639","2026-06-30","2026-07-30"
"9640","2026-06-14","2026-07-14"
"9641","2026-06-18","2026-06-20"
"9642","",""
"9643","",""
"9644","",""
"9645","2026-08-17","2026-09-16"
"9646","",""
"9647","",""
"9648","2026-06-16","2026-07-16"
"9649","2026-06-15","2026-07-15"
"9650","2026-06-14","2026-07-14"
"9651","2026-07-31","2026-08-30"
"9652","",""
"9653","",""
"9654","2026-08-01","2026-08-31"
"9655","2026-06-17","2026-07-17"
"9656","",""
"9657","",""
"9658","2026-08-01","2026-08-31"
"9659","2026-06-15","2026-07-15"
"9660","",""
"9661","",""
"9662","2026-06-15","2026-07-15"
"9663","2026-07-04","2026-08-03"
"9664","",""
"9665","2026-08-02","2026-09-01"
"9666","2026-06-29","2026-08-28"
"9667","2026-08-17","2026-09-16"
"9668","2026-06-16","2026-07-16"
"9669","2026-11-02","2026-12-02"
"9670","",""
"9671","",""
"9672","2026-09-01","2026-10-01"
"9673","",""
"9674","",""
"9675","2026-06-27","2026-06-28"
"9676","2026-07-27","2026-08-26"
"9677","",""
"9678","",""
"9679","2026-07-01","2026-07-31"
"9680","",""
"9681","2026-10-03","2026-11-02"
"9682","",""
"9683","",""
"9684","2026-06-14","2026-07-14"
"9685","2026-09-19","2026-10-19"
"9686","",""
"9687","",""
"9688","2027-01-24","2027-02-23"
"9689","2026-08-31","2026-11-29"
"9690","",""
"9691","2026-07-19","2026-08-18"
"9692","",""
"9693","2026-07-01","2026-07-31"
"9694","",""
"9695","2026-06-16","2026-07-16"
"9696","",""
"9697","",""
"9698","",""
"9699","2026-07-22","2026-07-27"
"9700","2026-12-02","2027-01-01"
"9701","2026-12-26","2027-01-25"
"9702","",""
"9703","",""
"9704","2026-06-17","2026-07-17"
"9705","",""
"9706","2026-08-01","2026-08-31"
"9707","2026-09-07","2026-10-07"
"9708","",""
"9709","2026-08-15","2026-09-14"
"9710","",""
"9711","2026-08-31","2026-09-30"
"9712","2026-08-14","2026-09-13"
"9713","2026-08-16","2026-09-15"
"9714","",""
"9715","2026-06-14","2026-07-14"
"9716","",""
"9717","2027-04-01","2027-05-01"
"9718","",""
"9719","",""
"9720","",""
"9721","2026-07-01","2026-07-04"
"9722","2026-06-15","2026-07-15"
"9723","2026-07-05","2026-07-06"
"9724","",""
"9725","2026-06-28","2026-06-29"
"9726","",""
"9727","2026-07-02","2026-07-03"
"9728","2026-06-28","2026-06-29"
"9729","2026-06-30","2026-07-30"
"9730","2026-10-31","2026-12-01"
"9731","2026-06-19","2026-07-19"
"9732","2026-07-01","2026-07-02"
"9733","2026-06-14","2026-07-14"
"9734","2026-06-15","2026-07-15"
"9735","2026-08-01","2026-08-31"
"9736","",""
"9737","2026-06-20","2026-06-23"
"9738","2026-06-21","2026-07-21"
"9739","2026-06-23","2026-08-22"
"9740","2026-09-08","2026-10-08"
"9741","2026-06-14","2026-07-14"
"9742","2026-06-14","2026-06-15"
"9743","",""
"9744","2026-06-14","2026-07-14"
"9745","2026-06-21","2026-07-21"
"9746","",""
"9747","",""
"9748","2026-08-01","2026-08-31"
"9749","",""
"9750","2026-07-28","2026-08-27"
"9751","2026-06-15","2026-07-15"
"9752","2026-07-15","2026-08-14"
"9753","2026-08-02","2026-09-01"
"9754","2026-06-19","2026-06-21"
"9755","2026-11-01","2026-12-01"
"9756","2026-06-15","2026-07-15"
"9757","2026-07-26","2026-07-27"
"9758","2026-06-29","2026-07-03"
"9759","",""
"9760","2026-08-19","2026-09-18"
"9761","2027-01-01","2027-01-31"
"9762","2026-07-31","2026-08-30"
"9763","2026-08-18","2026-09-17"
"9764","",""
"9765","2026-10-06","2026-11-05"
"9766","",""
"9767","2026-10-01","2026-10-31"
"9768","2026-07-08","2026-07-11"
"9769","2026-10-01","2026-11-30"
"9770","2026-06-18","2026-06-25"
"9771","2026-06-23","2026-06-24"
"9772","2026-06-16","2026-06-23"
"9773","2026-06-20","2026-06-27"
"9774","",""
"9775","2026-06-20","2026-06-27"
"9776","2026-10-01","2026-10-05"
"9777","2026-08-31","2026-09-30"
"9778","2026-10-25","2026-11-24"
"9779","",""
"9780","",""
"9781","2026-08-17","2026-09-16"
"9782","2026-07-21","2026-07-22"
"9783","2027-01-01","2027-01-02"
"9784","2027-01-01","2027-01-02"
"9785","",""
"9786","2026-06-16","2026-07-16"
"9787","2026-09-16","2026-10-16"
"9788","2027-01-01","2027-01-31"
"9789","2026-06-17","2026-07-17"
"9790","2026-07-28","2026-08-28"
"9791","2026-06-15","2026-07-15"
"9792","",""
"9793","2026-06-14","2026-07-14"
"9794","2026-07-04","2026-07-07"
"9795","2026-06-27","2026-06-29"
"9796","2026-06-24","2026-06-25"
"9797","2026-06-15","2026-07-15"
"9798","",""
"9799","2026-06-15","2026-07-15"
"9800","",""
"9801","",""
"9802","2026-08-02","2026-08-05"
"9803","2026-06-22","2026-07-22"
"9804","2026-10-04","2026-11-03"
"9805","2026-12-24","2027-01-23"
"9806","2026-06-16","2026-07-16"
"9807","2026-07-05","2026-07-06"
"9808","2026-08-01","2026-08-31"
"9809","",""
"9810","2026-09-07","2026-10-07"
"9811","2026-08-01","2026-08-31"
"9812","",""
"9813","",""
"9814","2026-08-01","2026-08-31"
"9815","2026-06-15","2026-07-15"
"9816","",""
"9817","2026-08-06","2026-09-05"
"9818","",""
"9819","2026-08-15","2026-09-14"
"9820","",""
"9821","2026-08-25","2026-09-24"
"9822","2026-08-16","2026-09-15"
"9823","2026-08-15","2026-09-14"
"9824","2026-12-08","2027-01-07"
"9825","2026-06-15","2026-07-15"
"9826","2026-06-28","2026-06-29"
"9827","",""
"9828","2026-07-01","2026-07-31"
"9829","2026-06-14","2026-07-14"
"9830","2026-08-01","2026-08-31"
"9831","2026-06-14","2026-07-14"
"9832","2026-08-21","2026-08-23"
"9833","2026-06-29","2026-06-30"
"9834","2026-11-25","2026-12-25"
"9835","2026-06-22","2026-06-24"
"9836","2026-08-04","2026-09-03"
"9837","",""
"9838","",""
"9839","2026-06-15","2026-07-15"
"9840","2026-06-30","2026-07-02"
"9841","",""
"9842","2026-08-08","2026-09-07"
"9843","2026-11-01","2026-12-01"
"9844","",""
"9845","2026-06-16","2026-07-16"
"9846","2026-07-12","2026-08-11"
"9847","2026-07-02","2026-08-01"
"9848","2026-11-30","2026-12-30"
"9849","2026-08-15","2026-09-14"
"9850","2026-09-27","2026-10-27"
"9851","2026-06-15","2026-07-15"
"9852","2026-06-22","2026-06-25"
"9853","2026-08-02","2026-09-01"
"9854","",""
"9855","2027-01-01","2027-01-31"
"9856","",""
"9857","2026-07-02","2026-07-04"
"9858","",""
"9859","2026-10-01","2026-10-31"
"9860","2026-09-30","2026-10-30"
"9861","",""
"9862","2027-05-01","2027-05-31"
"9863","2026-07-31","2026-08-30"
"9864","",""
"9865","2026-07-12","2026-08-11"
"9866","2026-06-14","2026-07-14"
"9867","2026-10-01","2026-10-31"
"9868","2026-07-26","2026-08-25"
"9869","",""
"9870","2026-07-21","2026-08-20"
"9871","2026-10-02","2026-11-01"
"9872","",""
"9873","2026-07-31","2026-08-30"
"9874","2026-06-14","2026-07-14"
"9875","2026-08-28","2026-09-27"
"9876","2026-07-01","2026-07-31"
"9877","2026-06-16","2026-07-16"
"9878","2027-01-01","2027-01-31"
"9879","2026-11-04","2026-12-04"
"9880","2027-04-28","2027-05-28"
"9881","2026-07-11","2026-08-10"
"9882","2026-07-15","2026-08-14"
"9883","2027-04-03","2027-05-03"
"9884","",""
"9885","",""
"9886","2026-08-16","2026-09-15"
"9887","2026-06-15","2026-07-15"
"9888","",""
"9889","2026-06-15","2026-07-15"
"9890","2026-09-19","2026-10-19"
"9891","2026-08-14","2026-09-13"
"9892","",""
"9893","2027-01-01","2027-01-31"
"9894","2026-06-15","2026-07-15"
"9895","",""
"9896","2027-01-01","2027-01-31"
"9897","2026-12-01","2026-12-05"
"9898","2026-08-25","2026-09-24"
"9899","2026-07-15","2026-08-14"
"9900","2026-06-15","2026-07-15"
"9901","2026-07-26","2026-08-25"
"9902","2026-06-15","2026-07-15"
"9903","2026-07-25","2026-08-24"
"9904","2026-08-31","2026-09-30"
"9905","",""
"9906","2026-06-27","2026-07-27"
"9907","",""
"9908","",""
"9909","2026-06-30","2026-07-30"
"9910","",""
"9911","2026-06-15","2026-07-15"
"9912","2026-06-15","2026-07-15"
"9913","2026-08-15","2026-09-14"
"9914","",""
"9915","2026-06-15","2026-07-15"
"9916","2026-11-01","2026-12-01"
"9917","2026-06-14","2026-07-14"
"9918","2026-06-16","2026-07-16"
"9919","2026-06-16","2026-07-16"
"9920","",""
"9921","2026-08-22","2026-09-21"
"9922","2026-08-22","2026-09-21"
"9923","2026-07-25","2026-08-24"
"9924","2026-06-15","2026-07-15"
"9925","2026-07-21","2026-08-20"
"9926","2026-07-26","2026-08-01"
"9927","2026-06-15","2026-07-15"
"9928","2026-08-25","2026-09-24"
"9929","",""
"9930","2026-07-08","2026-08-07"
"9931","",""
"9932","2027-01-01","2027-01-31"
"9933","2026-07-31","2026-08-30"
"9934","2026-07-01","2026-07-31"
"9935","2026-08-04","2026-09-03"
"9936","",""
"9937","",""
"9938","",""
"9939","2026-07-07","2026-08-06"
"9940","",""
"9941","2026-06-21","2026-06-25"
"9942","2026-08-19","2026-09-18"
"9943","2026-06-15","2026-06-17"
"9944","2026-07-06","2026-08-05"
"9945","2026-07-31","2026-08-30"
"9946","2026-07-26","2026-08-25"
"9947","2026-06-14","2026-07-14"
"9948","2026-09-01","2026-10-01"
"9949","2026-07-29","2026-08-28"
"9950","2027-04-30","2027-05-30"
"9951","2026-10-16","2026-11-15"
"9952","2026-08-10","2026-09-09"
"9953","2026-07-27","2026-08-26"
"9954","2026-07-04","2026-08-03"
"9955","2026-08-05","2026-09-04"
"9956","2026-06-15","2026-07-15"
"9957","2026-07-31","2026-08-30"
"9958","",""
"9959","2027-01-02","2027-01-06"
"9960","2026-06-15","2026-07-15"
"9961","2026-06-15","2026-07-15"
"9962","",""
"9963","2026-06-15","2026-07-15"
"9964","2026-08-31","2026-09-30"
"9965","2026-06-15","2026-07-15"
"9966","",""
"9967","2026-06-21","2026-07-21"
"9968","2026-06-14","2026-07-14"
"9969","2026-08-01","2026-08-31"
"9970","2026-08-01","2026-08-31"
"9971","2026-06-14","2026-07-14"
"9972","",""
"9973","2026-06-15","2026-06-17"
"9974","2026-07-05","2026-08-04"
"9975","2026-06-16","2026-07-16"
"9976","2026-07-01","2026-07-31"
"9977","",""
"9978","2026-07-01","2026-07-31"
"9979","",""
"9980","2027-01-01","2027-01-31"
"9981","2026-08-22","2026-09-21"
"9982","",""
"9983","2026-08-09","2026-09-08"
"9984","",""
"9985","2026-11-01","2026-11-04"
"9986","",""
"9987","2026-06-20","2026-07-20"
"9988","",""
"9989","2026-08-09","2026-09-08"
"9990","2026-07-31","2026-08-30"
"9991","",""
"9992","2026-08-01","2026-08-31"
"9993","2026-07-07","2026-08-06"
"9994","2026-06-22","2026-07-22"
"9995","2026-07-31","2026-08-30"
"9996","2026-06-15","2026-06-22"
"9997","2026-06-14","2026-07-14"
"9998","2026-06-15","2026-07-15"
"9999","2026-08-31","2026-09-30"
"10000","2026-07-01","2026-07-31"
"10001","2026-10-03","2026-11-02"
"10002","2026-07-01","2026-07-31"
"10003","2026-07-01","2026-07-31"
"10004","2026-07-01","2026-07-31"
"10005","2026-06-16","2026-07-16"
"10006","2026-06-30","2026-07-30"
"10007","2026-08-02","2026-09-01"
"10008","",""
"10009","2027-01-01","2027-01-31"
"10010","2026-06-14","2026-07-14"
"10011","2026-06-24","2026-09-22"
"10012","2026-07-21","2026-07-26"
"10013","",""
"10014","2026-07-01","2026-07-31"
"10015","",""
"10016","2026-08-23","2026-09-22"
"10017","2026-06-14","2026-07-14"
"10018","2026-07-14","2026-07-16"
"10019","2026-07-31","2026-08-30"
"10020","2026-08-21","2026-09-20"
"10021","2026-10-25","2026-11-24"
"10022","2026-09-02","2026-10-02"
"10023","2026-06-21","2026-07-21"
"10024","",""
"10025","2026-06-16","2026-07-16"
"10026","2026-06-14","2026-07-14"
"10027","",""
"10028","",""
"10029","",""
"10030","2026-08-23","2026-09-22"
"10031","2026-06-14","2026-07-14"
"10032","2026-07-31","2026-08-30"
"10033","2026-10-31","2026-11-30"
"10034","2026-06-14","2026-07-14"
"10035","2026-08-15","2026-09-14"
"10036","2026-09-11","2026-10-11"
"10037","",""
"10038","2026-07-18","2026-08-17"
"10039","2026-07-01","2026-07-02"
"10040","",""
"10041","",""
"10042","",""
"10043","",""
"10044","2026-06-20","2026-07-20"
"10045","",""
"10046","",""
"10047","2026-07-01","2026-07-31"
"10048","",""
"10049","",""
"10050","",""
"10051","2026-08-09","2026-09-08"
"10052","2026-07-31","2026-08-30"
"10053","",""
"10054","",""
"10055","2026-10-31","2026-11-30"
"10056","2026-06-14","2026-07-14"
"10057","",""
"10058","2026-06-29","2026-07-01"
"10059","2026-07-22","2026-08-21"
"10060","2026-12-20","2027-01-19"
"10061","2026-08-08","2026-09-07"
"10062","2026-10-01","2026-10-31"
"10063","2026-10-08","2026-11-07"
"10064","2026-06-14","2026-07-14"
"10065","",""
"10066","2026-08-29","2026-09-28"
"10067","2026-07-15","2026-08-14"
"10068","2026-06-16","2026-07-16"
"10069","2026-07-31","2026-08-30"
"10070","",""
"10071","2027-02-01","2027-03-03"
"10072","",""
"10073","2026-08-14","2026-09-13"
"10074","",""
"10075","",""
"10076","",""
"10077","",""
"10078","2026-06-18","2026-07-18"
"10079","2026-06-18","2026-07-18"
"10080","",""
"10081","",""
"10082","",""
"10083","2026-07-04","2026-08-03"
"10084","",""
"10085","2026-06-15","2026-07-15"
"10086","2026-08-09","2026-09-08"
"10087","2026-07-01","2026-07-31"
"10088","",""
"10089","",""
"10090","",""
"10091","2026-07-22","2026-08-21"
"10092","",""
"10093","",""
"10094","",""
"10095","2026-07-01","2026-07-31"
"10096","",""
"10097","",""
"10098","",""
"10099","",""
"10100","",""
"10101","",""
"10102","",""
"10103","2026-06-16","2026-07-16"
"10104","2026-06-14","2026-07-14"
"10105","2026-07-31","2026-08-30"
"10106","2026-06-15","2026-07-15"
"10107","2026-10-01","2026-10-31"
"10108","",""
"10109","2026-06-29","2026-07-29"
"10110","2026-06-16","2026-07-16"
"10111","",""
"10112","",""
"10113","",""
"10114","2026-08-01","2026-08-31"
"10115","2026-12-23","2027-01-22"
"10116","2026-06-14","2026-07-14"
"10117","",""
"10118","",""
"10119","2026-06-14","2026-07-14"
"10120","",""
"10121","",""
"10122","2026-06-18","2026-07-18"
"10123","2026-06-14","2026-07-14"
"10124","2026-06-14","2026-07-14"
"10125","2026-06-15","2026-07-15"
"10126","2026-08-01","2026-08-31"
"10127","",""
"10128","",""
"10129","",""
"10130","",""
"10131","",""
"10132","2026-07-27","2026-08-26"
"10133","2026-07-20","2026-08-19"
"10134","2026-08-31","2026-09-30"
"10135","",""
"10136","2026-07-01","2026-07-31"
"10137","",""
"10138","2026-08-10","2026-09-09"
"10139","2026-08-31","2026-09-30"
"10140","2026-08-03","2026-09-02"
"10141","2026-06-17","2026-06-19"
"10142","2026-09-01","2026-10-01"
"10143","2026-07-22","2026-08-21"
"10144","2026-08-02","2026-09-01"
"10145","",""
"10146","2027-01-31","2027-03-02"
"10147","2026-06-26","2026-07-26"
"10148","2026-08-08","2026-09-07"
"10149","2026-06-17","2026-06-18"
"10150","2026-07-02","2026-08-01"
"10151","2026-06-16","2026-07-16"
"10152","2026-06-14","2026-07-14"
"10153","2026-10-26","2026-11-25"
"10154","2026-08-10","2026-09-09"
"10155","",""
"10156","2026-06-14","2026-07-14"
"10157","2026-06-30","2026-07-30"
"10158","2026-07-01","2026-07-31"
"10159","2027-04-02","2027-05-02"
"10160","2026-08-02","2026-09-01"
"10161","2026-08-10","2026-09-09"
"10162","2026-06-14","2026-07-14"
"10163","2026-06-17","2026-06-18"
"10164","2026-06-16","2026-07-16"
"10165","2026-08-05","2026-09-04"
"10166","2026-06-22","2026-07-22"
"10167","",""
"10168","2026-11-06","2026-12-06"
"10169","2026-07-01","2026-07-31"
"10170","",""
"10171","2026-07-31","2026-08-30"
"10172","2026-12-31","2027-01-30"
"10173","2026-07-20","2026-08-19"
"10174","2026-10-01","2026-10-31"
"10175","2026-06-24","2026-07-24"
"10176","2026-07-01","2026-07-31"
"10177","2026-08-01","2026-08-31"
"10178","2026-10-01","2026-10-31"
"10179","2026-06-15","2026-07-15"
"10180","2026-06-29","2026-07-04"
"10181","2026-07-04","2026-08-03"
"10182","2026-07-04","2026-08-03"
"10183","2026-11-16","2026-12-16"
"10184","2026-08-31","2026-09-30"
"10185","2026-08-10","2026-09-09"
"10186","2026-08-10","2026-09-09"
"10187","2026-08-30","2026-09-29"
"10188","2026-08-08","2026-09-07"
"10189","",""
"10190","2027-01-01","2027-01-31"
"10191","2026-06-20","2026-06-25"
"10192","2026-07-02","2026-07-07"
"10193","2026-06-15","2026-06-20"
"10194","2026-07-04","2026-08-03"
"10195","2026-06-15","2026-06-20"
"10196","2026-08-04","2026-09-03"
"10197","",""
"10198","",""
"10199","",""
"10200","2026-06-21","2026-06-25"
"10201","2026-06-20","2026-06-25"
"10202","",""
"10203","2026-07-05","2026-08-04"
"10204","",""
"10205","2026-06-28","2026-07-28"
"10206","",""
"10207","",""
"10208","",""
"10209","2026-07-21","2026-08-20"
"10210","2026-06-27","2026-07-02"
"10211","2026-06-15","2026-06-20"
"10212","2026-06-24","2026-06-29"
"10213","2026-06-18","2026-06-23"
"10214","2026-06-15","2026-06-20"
"10215","2026-07-01","2026-07-06"
"10216","2026-06-18","2026-06-23"
"10217","2026-06-28","2026-07-03"
"10218","2026-06-30","2026-07-05"
"10219","2026-06-23","2026-06-28"
"10220","2026-06-30","2026-07-05"
"10221","2026-06-15","2026-06-20"
"10222","2026-06-22","2026-06-27"
"10223","2026-06-30","2026-07-05"
"10224","2026-06-15","2026-06-20"
"10225","2026-06-27","2026-07-02"
"10226","2026-06-15","2026-06-20"
"10227","2026-06-30","2026-07-05"
"10228","",""
"10229","",""
"10230","",""
"10231","2026-07-31","2026-08-30"
"10232","",""
"10233","2026-11-17","2026-12-17"
"10234","2026-07-01","2026-07-31"
"10235","2026-07-12","2026-07-14"
"10236","2026-07-07","2026-08-06"
"10237","2026-06-14","2026-07-14"
"10238","2026-08-01","2026-08-31"
"10239","",""
"10240","2026-12-02","2027-01-01"
"10241","",""
"10242","",""
"10243","2026-06-30","2026-07-30"
"10244","",""
"10245","",""
"10246","2026-06-28","2026-07-28"
"10247","2026-06-23","2026-07-23"
"10248","2026-06-21","2026-07-21"
"10249","2026-06-17","2026-07-17"
"10250","2026-07-15","2026-08-14"
"10251","",""
"10252","2026-06-14","2026-07-14"
"10253","",""
"10254","2026-07-04","2026-08-03"
"10255","",""
"10256","",""
"10257","",""
"10258","2026-06-30","2026-07-30"
"10259","2026-06-14","2026-07-14"
"10260","2026-06-30","2026-07-30"
"10261","",""
"10262","2027-03-04","2027-04-03"
"10263","2026-07-02","2026-08-01"
"10264","",""
"10265","",""
"10266","",""
"10267","2026-08-30","2026-09-29"
"10268","2026-07-30","2026-08-29"
"10269","2026-10-31","2026-11-30"
"10270","",""
"10271","",""
"10272","",""
"10273","2026-11-01","2026-12-01"
"10274","2026-06-15","2026-07-15"
"10275","",""
"10276","",""
"10277","2026-08-30","2026-09-29"
"10278","",""
"10279","",""
"10280","2026-08-26","2026-09-25"
"10281","",""
"10282","2026-07-02","2026-08-01"
"10283","",""
"10284","2026-06-29","2026-07-29"
"10285","2026-06-24","2026-06-25"
"10286","2027-01-01","2027-01-31"
"10287","2026-06-15","2026-07-15"
"10288","2026-06-21","2026-06-23"
"10289","2026-08-30","2026-09-29"
"10290","2026-06-14","2026-07-14"
"10291","2026-06-15","2026-06-16"
"10292","2026-06-15","2026-07-15"
"10293","2026-06-16","2026-07-16"
"10294","2026-06-15","2026-07-15"
"10295","2026-07-31","2026-08-30"
"10296","",""
"10297","",""
"10298","2026-10-01","2026-10-31"
"10299","2026-08-01","2026-08-31"
"10300","2026-09-01","2026-10-01"
"10301","2026-12-01","2027-03-01"
"10302","",""
"10303","2026-08-01","2026-08-31"
"10304","2026-07-09","2026-08-08"
"10305","",""
"10306","",""
"10307","",""
"10308","2026-06-14","2026-07-14"
"10309","2026-06-16","2026-07-16"
"10310","2026-06-21","2026-07-21"
"10311","2026-08-01","2026-09-30"
"10312","2026-06-15","2026-07-15"
"10313","",""
"10314","2026-07-31","2026-08-30"
"10315","",""
"10316","",""
"10317","2026-07-08","2026-08-07"
"10318","",""
"10319","2026-06-22","2026-06-24"
"10320","2026-06-14","2026-06-15"
"10321","2026-09-01","2026-10-01"
"10322","2026-06-25","2026-06-26"
"10323","2026-06-26","2026-07-26"
"10324","2026-06-23","2026-06-24"
"10325","2026-07-02","2026-08-01"
"10326","",""
"10327","2026-07-24","2026-07-26"
"10328","2026-07-05","2026-08-04"
"10329","",""
"10330","2026-06-17","2026-06-18"
"10331","2026-06-18","2026-07-17"
"10332","2026-08-03","2026-09-01"
"10333","2026-06-15","2026-06-16"
"10334","2026-06-16","2026-07-16"
"10335","",""
"10336","2027-01-30","2027-03-01"
"10337","",""
"10338","2026-06-20","2026-07-19"
"10339","2026-07-26","2026-08-24"
"10340","2027-01-01","2027-01-31"
"10341","2026-06-21","2026-07-21"
"10342","2026-08-25","2026-09-24"
"10343","",""
"10344","2026-07-10","2026-08-09"
"10345","",""
"10346","2026-06-14","2026-07-15"
"10347","2026-07-31","2026-08-30"
"10348","2026-06-22","2026-06-24"
"10349","2026-06-14","2026-07-14"
"10350","",""
"10351","",""
"10352","",""
"10353","2026-06-15","2026-07-15"
"10354","2026-07-17","2026-08-16"
"10355","2026-07-06","2026-07-07"
"10356","2026-06-15","2026-06-17"
"10357","2026-06-14","2026-07-14"
"10358","2026-06-15","2026-06-17"
"10359","2026-07-01","2026-07-31"
"10360","2027-04-01","2027-05-01"
"10361","",""
"10362","2026-06-23","2026-06-24"
"10363","",""
"10364","2026-09-01","2026-10-01"
"10365","2026-08-15","2026-09-14"
"10366","2026-06-15","2026-07-15"
"10367","",""
"10368","",""
"10369","",""
"10370","2026-08-23","2026-09-22"
"10371","2026-07-28","2026-08-27"
"10372","",""
"10373","",""
"10374","",""
"10375","",""
"10376","2026-07-23","2026-08-27"
"10377","2026-07-02","2026-07-06"
"10378","2026-06-30","2026-07-30"
"10379","2026-07-31","2026-08-30"
"10380","",""
"10381","2026-12-23","2027-01-22"
"10382","2026-06-28","2026-06-30"
"10383","",""
"10384","",""
"10385","2026-08-02","2026-09-01"
"10386","",""
"10387","2026-09-30","2026-10-30"
"10388","2026-07-01","2026-07-31"
"10389","2026-08-31","2026-09-30"
"10390","",""
"10391","",""
"10392","",""
"10393","",""
"10394","",""
"10395","",""
"10396","2026-08-01","2026-08-31"
"10397","2026-07-05","2026-08-04"
"10398","2026-12-31","2027-01-30"
"10399","2027-01-23","2027-02-22"
"10400","",""
"10401","2026-07-11","2026-08-10"
"10402","2026-06-18","2026-06-23"
"10403","2026-07-26","2026-08-26"
"10404","2026-06-14","2026-07-14"
"10405","2026-06-21","2026-06-22"
"10406","",""
"10407","2026-07-31","2026-08-30"
"10408","",""
"10409","",""
"10410","",""
"10411","2026-08-22","2026-09-21"
"10412","2026-06-30","2026-07-30"
"10413","2027-02-01","2027-03-03"
"10414","2026-09-01","2026-10-01"
"10415","2026-06-14","2026-07-14"
"10416","",""
"10417","2026-07-01","2026-07-31"
"10418","",""
"10419","2026-06-16","2026-07-16"
"10420","2026-06-15","2026-07-15"
"10421","2027-04-04","2027-05-04"
"10422","2027-03-13","2027-04-12"
"10423","2026-07-01","2026-07-31"
"10424","2026-11-01","2026-12-01"
"10425","2026-06-21","2026-07-21"
"10426","2026-06-14","2026-06-15"
"10427","2026-06-19","2026-06-26"
"10428","2026-08-31","2026-09-30"
"10429","2026-08-18","2026-09-17"
"10430","2026-09-30","2026-10-30"
"10431","2026-09-05","2026-10-05"
"10432","2026-06-15","2026-06-16"
"10433","2026-07-02","2026-07-07"
"10434","2026-07-11","2026-08-10"
"10435","2026-12-24","2027-01-23"
"10436","",""
"10437","",""
"10438","2026-06-14","2026-07-14"
"10439","2026-06-14","2026-07-14"
"10440","2026-07-02","2026-08-01"
"10441","2026-08-31","2026-09-30"
"10442","2026-07-01","2026-07-31"
"10443","2026-06-15","2026-07-15"
"10444","2026-06-14","2026-07-14"
"10445","2026-08-02","2026-09-01"
"10446","2026-07-01","2026-07-31"
"10447","",""
"10448","2026-08-04","2026-09-03"
"10449","",""
"10450","2026-11-01","2026-12-01"
"10451","2026-06-28","2026-07-28"
"10452","2026-06-17","2026-07-17"
"10453","",""
"10454","",""
"10455","2026-09-02","2026-10-02"
"10456","",""
"10457","2026-06-14","2026-07-14"
"10458","",""
"10459","",""
"10460","",""
"10461","",""
"10462","",""
"10463","2026-08-29","2026-09-28"
"10464","2026-07-31","2026-08-30"
"10465","",""
"10466","2026-09-28","2026-10-28"
"10467","2026-06-14","2026-07-14"
"10468","",""
"10469","2026-09-01","2026-10-01"
"10470","",""
"10471","2026-06-19","2026-06-21"
"10472","",""
"10473","",""
"10474","2026-12-18","2027-01-17"
"10475","2026-07-01","2026-07-02"
"10476","",""
"10477","",""
"10478","",""
"10479","2027-01-01","2027-01-31"
"10480","2026-10-24","2026-11-23"
"10481","",""
"10482","2026-06-29","2026-07-29"
"10483","2026-06-14","2026-07-14"
"10484","",""
"10485","",""
"10486","2026-07-21","2026-08-20"
"10487","2027-04-01","2027-05-01"
"10488","2026-06-15","2026-07-15"
"10489","",""
"10490","2026-07-20","2026-08-19"
"10491","",""
"10492","",""
"10493","2026-08-31","2026-09-30"
"10494","",""
"10495","2026-06-14","2026-06-15"
"10496","",""
"10497","2026-06-15","2026-07-15"
"10498","2026-07-01","2026-07-31"
"10499","",""
"10500","2026-06-17","2026-07-17"
"10501","2026-08-02","2026-09-01"
"10502","2026-06-28","2026-07-28"
"10503","",""
"10504","2026-06-22","2026-07-22"
"10505","2026-07-01","2026-07-31"
"10506","2026-06-15","2026-07-15"
"10507","2026-07-18","2026-08-17"
"10508","2026-06-16","2026-07-16"
"10509","",""
"10510","2026-08-17","2026-09-16"
"10511","2026-07-31","2026-08-30"
"10512","",""
"10513","",""
"10514","2027-01-04","2027-02-15"
"10515","2026-06-17","2026-07-17"
"10516","2026-08-01","2026-08-31"
"10517","2026-08-09","2026-09-08"
"10518","",""
"10519","2026-06-17","2026-06-21"
"10520","2026-06-16","2026-07-16"
"10521","2026-06-17","2026-06-22"
"10522","2026-06-15","2026-07-15"
"10523","",""
"10524","2027-01-01","2027-01-31"
"10525","2026-08-01","2026-08-31"
"10526","2026-06-15","2026-07-15"
"10527","2026-06-15","2026-07-15"
"10528","2026-06-29","2026-08-28"
"10529","2026-07-22","2026-08-21"
"10530","2026-08-18","2026-09-18"
"10531","",""
"10532","2026-07-01","2026-07-31"
"10533","2026-06-17","2026-06-20"
"10534","2026-06-14","2026-07-14"
"10535","",""
"10536","",""
"10537","",""
"10538","2026-10-19","2026-11-18"
"10539","",""
"10540","2026-07-06","2026-07-11"
"10541","2026-07-03","2026-08-02"
"10542","2026-08-04","2026-09-03"
"10543","",""
"10544","2026-12-01","2026-12-31"
"10545","2026-06-25","2026-07-25"
"10546","",""
"10547","",""
"10548","2026-07-31","2026-08-30"
"10549","",""
"10550","2026-06-15","2026-07-15"
"10551","2026-06-14","2026-06-15"
"10552","2026-07-01","2026-07-31"
"10553","2026-06-14","2026-07-14"
"10554","2026-08-05","2026-09-04"
"10555","2026-07-08","2026-08-07"
"10556","2026-08-27","2026-09-26"
"10557","2026-06-16","2026-07-16"
"10558","2026-08-02","2026-09-01"
"10559","",""
"10560","2026-07-01","2026-07-31"
"10561","2026-07-01","2026-07-31"
"10562","",""
"10563","2026-06-16","2026-07-16"
"10564","2026-08-08","2026-09-07"
"10565","2026-12-23","2027-01-22"
"10566","2026-08-08","2026-09-07"
"10567","",""
"10568","2026-06-15","2026-07-15"
"10569","2026-06-15","2026-06-16"
"10570","2026-09-22","2026-10-22"
"10571","2026-06-16","2026-07-16"
"10572","2026-08-31","2026-09-30"
"10573","",""
"10574","2026-06-19","2026-07-19"
"10575","2026-07-02","2026-08-01"
"10576","2026-10-01","2026-10-31"
"10577","2026-12-01","2026-12-31"
"10578","",""
"10579","2026-08-05","2026-09-04"
"10580","",""
"10581","",""
"10582","",""
"10583","2026-06-30","2026-07-30"
"10584","2026-06-16","2026-07-16"
"10585","",""
"10586","",""
"10587","",""
"10588","",""
"10589","",""
"10590","2026-11-01","2026-12-01"
"10591","",""
"10592","2026-06-14","2026-06-15"
"10593","2026-06-14","2026-06-15"
"10594","2026-06-14","2026-07-14"
"10595","2026-06-15","2026-07-15"
"10596","2026-07-12","2026-07-14"
"10597","2026-06-23","2026-06-24"
"10598","",""
"10599","2026-06-14","2026-06-15"
"10600","",""
"10601","2026-06-15","2026-07-15"
"10602","2026-07-25","2026-08-24"
"10603","2026-06-16","2026-07-16"
"10604","2026-06-21","2026-07-21"
"10605","2026-08-08","2026-09-07"
"10606","",""
"10607","",""
"10608","",""
"10609","2026-10-16","2026-11-15"
"10610","2026-07-01","2026-07-31"
"10611","2026-08-16","2026-09-15"
"10612","2026-07-31","2026-08-30"
"10613","2026-08-01","2026-08-31"
"10614","2026-08-09","2026-09-08"
"10615","2026-12-31","2027-01-30"
"10616","2026-09-01","2026-10-01"
"10617","",""
"10618","2026-06-15","2026-07-15"
"10619","2027-04-26","2027-05-26"
"10620","2026-06-15","2026-07-15"
"10621","2026-07-09","2026-08-08"
"10622","",""
"10623","",""
"10624","2026-10-05","2026-11-04"
"10625","",""
"10626","",""
"10627","2026-07-29","2026-08-28"
"10628","",""
"10629","",""
"10630","2026-09-01","2026-10-01"
"10631","2026-06-16","2026-07-16"
"10632","2026-07-22","2026-08-21"
"10633","2027-01-29","2027-02-28"
"10634","",""
"10635","2027-03-31","2027-04-30"
"10636","2026-06-16","2026-07-16"
"10637","2026-07-15","2026-08-14"
"10638","",""
"10639","2026-10-01","2026-10-31"
"10640","2026-08-10","2026-09-09"
"10641","2026-06-25","2026-07-25"
"10642","2026-08-05","2026-09-04"
"10643","2026-06-25","2026-07-25"
"10644","",""
"10645","2026-08-02","2026-09-01"
"10646","2026-06-15","2026-07-15"
"10647","2026-07-02","2026-08-01"
"10648","",""
"10649","",""
"10650","",""
"10651","2026-07-14","2026-08-13"
"10652","2026-08-08","2026-09-07"
"10653","2026-09-01","2026-10-01"
"10654","2026-07-05","2026-08-04"
"10655","2026-12-27","2027-01-26"
"10656","",""
"10657","2026-10-06","2026-11-05"
"10658","2026-08-11","2026-09-10"
"10659","2026-08-19","2026-09-18"
"10660","2026-08-08","2026-10-07"
"10661","2026-08-08","2026-09-07"
"10662","2026-06-14","2026-07-14"
"10663","2026-12-16","2027-01-15"
"10664","2026-07-14","2026-08-13"
"10665","",""
"10666","2026-08-01","2026-08-31"
"10667","",""
"10668","2026-09-01","2026-10-01"
"10669","",""
"10670","2026-08-27","2026-08-29"
"10671","2026-06-16","2026-06-17"
"10672","2026-06-15","2026-06-16"
"10673","2026-10-21","2026-11-20"
"10674","2026-08-12","2026-09-11"
"10675","2026-08-05","2026-09-04"
"10676","2026-09-02","2026-10-02"
"10677","2026-07-09","2026-08-08"
"10678","2026-11-25","2026-12-25"
"10679","2026-08-03","2026-09-02"
"10680","2026-08-04","2026-09-03"
"10681","2026-06-14","2026-07-14"
"10682","2026-06-15","2026-07-15"
"10683","2026-10-18","2026-11-17"
"10684","2026-07-31","2026-08-30"
"10685","",""
"10686","2026-07-02","2026-08-01"
"10687","",""
"10688","",""
"10689","2026-09-02","2026-10-02"
"10690","2026-08-22","2026-09-21"
"10691","2026-09-02","2026-10-02"
"10692","2026-08-01","2026-08-31"
"10693","2026-11-25","2026-12-25"
"10694","2026-08-26","2026-09-25"
"10695","2026-09-10","2026-10-10"
"10696","2026-08-14","2026-09-13"
"10697","2026-06-26","2026-07-26"
"10698","2026-07-13","2026-08-12"
"10699","2026-08-05","2026-09-04"
"10700","",""
"10701","",""
"10702","2026-06-15","2026-06-20"
"10703","",""
"10704","2026-08-10","2026-09-09"
"10705","2026-06-29","2026-07-04"
"10706","2026-12-31","2027-01-30"
"10707","2026-06-22","2026-06-27"
"10708","2026-07-31","2026-08-30"
"10709","2026-06-14","2026-07-14"
"10710","2026-06-28","2026-06-29"
"10711","",""
"10712","2026-07-06","2026-07-09"
"10713","",""
"10714","2026-06-15","2026-06-17"
"10715","2026-07-01","2026-07-31"
"10716","",""
"10717","",""
"10718","2026-07-01","2026-07-31"
"10719","2026-06-24","2026-07-24"
"10720","2026-08-01","2026-08-31"
"10721","2027-01-02","2027-01-06"
"10722","2026-12-15","2027-01-14"
"10723","",""
"10724","2026-07-11","2026-08-10"
"10725","",""
"10726","",""
"10727","2026-06-30","2026-07-30"
"10728","2026-07-01","2026-07-31"
"10729","2026-06-19","2026-06-20"
"10730","",""
"10731","",""
"10732","2026-07-18","2026-08-17"
"10733","",""
"10734","2026-11-04","2026-12-04"
"10735","2026-08-05","2026-09-04"
"10736","2026-08-05","2026-09-04"
"10737","2026-08-19","2026-09-18"
"10738","2026-09-23","2026-10-23"
"10739","2026-09-23","2026-10-23"
"10740","2026-06-23","2026-06-28"
"10741","2026-12-03","2027-01-02"
"10742","2026-06-16","2026-06-21"
"10743","2026-06-17","2026-06-22"
"10744","2026-06-25","2026-07-25"
"10745","2026-06-15","2026-07-15"
"10746","2026-06-21","2026-07-21"
"10747","",""
"10748","2026-08-01","2026-08-31"
"10749","",""
"10750","2026-07-02","2026-08-01"
"10751","",""
"10752","",""
"10753","2026-07-01","2026-07-31"
"10754","2026-07-13","2026-08-12"
"10755","2026-06-22","2026-06-24"
"10756","2026-06-22","2026-06-27"
"10757","2026-12-01","2026-12-31"
"10758","2026-08-05","2026-08-07"
"10759","2026-07-20","2026-08-19"
"10760","2026-06-15","2026-06-20"
"10761","",""
"10762","2027-01-03","2027-02-02"
"10763","",""
"10764","2026-07-31","2026-08-30"
"10765","2026-06-23","2026-06-28"
"10766","2026-06-15","2026-07-15"
"10767","2026-06-27","2026-07-02"
"10768","2027-01-02","2027-01-06"
"10769","",""
"10770","",""
"10771","2026-08-31","2026-09-30"
"10772","2026-08-19","2026-09-18"
"10773","2026-10-15","2026-11-14"
"10774","2026-11-25","2026-12-25"
"10775","2026-08-12","2026-09-11"
"10776","2026-07-15","2026-08-14"
"10777","2026-07-30","2026-08-30"
"10778","2026-07-21","2026-08-20"
"10779","",""
"10780","2026-09-03","2026-10-03"
"10781","2026-07-07","2026-07-12"
"10782","2026-07-06","2026-08-05"
"10783","2026-06-15","2026-07-15"
"10784","2026-10-10","2026-11-09"
"10785","",""
"10786","",""
"10787","2026-06-16","2026-07-16"
"10788","2026-10-30","2026-11-29"
"10789","2026-06-22","2026-06-23"
"10790","",""
"10791","",""
"10792","2026-08-08","2026-09-07"
"10793","2026-08-15","2026-09-14"
"10794","2027-05-04","2027-06-03"
"10795","2026-09-30","2026-10-30"
"10796","",""
"10797","2026-10-02","2026-11-01"
"10798","",""
"10799","2026-07-05","2026-08-04"
"10800","2026-07-16","2026-08-15"
"10801","",""
"10802","2026-06-17","2026-07-17"
"10803","2026-06-30","2026-07-30"
"10804","",""
"10805","2026-06-16","2026-07-16"
"10806","2026-08-04","2026-09-03"
"10807","2026-06-30","2026-07-30"
"10808","2026-06-30","2026-07-30"
"10809","2026-09-18","2026-10-18"
"10810","",""
"10811","2026-06-20","2026-06-21"
"10812","2026-06-15","2026-07-15"
"10813","",""
"10814","",""
"10815","",""
"10816","2026-11-14","2026-12-14"
"10817","2026-08-17","2026-09-16"
"10818","",""
"10819","2026-07-02","2026-07-03"
"10820","",""
"10821","2026-07-10","2026-08-09"
"10822","2026-08-07","2026-09-06"
"10823","2026-06-15","2026-07-15"
"10824","2026-07-16","2026-08-15"
"10825","2026-06-30","2026-07-30"
"10826","2026-06-14","2026-07-14"
"10827","",""
"10828","2026-07-20","2026-08-19"
"10829","2026-06-21","2026-07-21"
"10830","",""
"10831","2026-07-14","2026-07-15"
"10832","2026-06-14","2026-07-15"
"10833","",""
"10834","2026-08-10","2026-09-09"
"10835","2026-09-01","2026-10-01"
"10836","2026-08-08","2026-09-07"
"10837","",""
"10838","2026-06-30","2026-07-30"
"10839","2026-06-17","2026-07-17"
"10840","2026-07-15","2026-08-14"
"10841","2026-06-22","2026-06-27"
"10842","",""
"10843","2026-08-01","2026-08-31"
"10844","",""
"10845","",""
"10846","2026-07-31","2026-08-30"
"10847","",""
"10848","2026-08-01","2026-08-31"
"10849","",""
"10850","2026-06-18","2026-06-21"
"10851","",""
"10852","",""
"10853","2026-08-30","2026-09-29"
"10854","2026-06-15","2026-07-15"
"10855","",""
"10856","2026-09-06","2026-10-06"
"10857","2026-06-15","2026-07-15"
"10858","",""
"10859","2026-06-16","2026-07-16"
"10860","2026-09-30","2026-10-30"
"10861","2026-06-17","2026-07-17"
"10862","2026-06-17","2026-07-17"
"10863","",""
"10864","",""
"10865","2026-12-02","2027-01-01"
"10866","",""
"10867","2026-06-14","2026-07-14"
"10868","",""
"10869","",""
"10870","2026-06-15","2026-07-16"
"10871","2026-11-02","2026-12-02"
"10872","2026-07-01","2026-07-31"
"10873","",""
"10874","2026-09-02","2026-10-02"
"10875","2026-06-15","2026-06-18"
"10876","2026-07-01","2026-07-31"
"10877","",""
"10878","",""
"10879","2026-08-01","2026-08-31"
"10880","2026-08-01","2026-08-31"
"10881","2026-08-01","2026-08-31"
"10882","2026-08-01","2026-08-31"
"10883","2026-08-01","2026-08-31"
"10884","2026-08-01","2026-08-31"
"10885","2026-08-01","2026-08-31"
"10886","2026-08-01","2026-08-31"
"10887","2026-06-19","2026-06-21"
"10888","",""
"10889","2026-08-01","2026-08-31"
"10890","2026-08-01","2026-08-31"
"10891","2026-08-01","2026-08-31"
"10892","2026-08-01","2026-08-31"
"10893","2026-08-01","2026-08-31"
"10894","2026-07-06","2026-08-05"
"10895","2026-06-30","2026-07-30"
"10896","",""
"10897","2026-06-22","2026-06-25"
"10898","2026-06-15","2026-07-15"
"10899","",""
"10900","2026-06-28","2026-07-28"
"10901","2026-07-29","2026-08-28"
"10902","2026-08-06","2026-09-05"
"10903","2026-08-05","2026-09-04"
"10904","",""
"10905","2026-07-24","2026-08-23"
"10906","",""
"10907","2026-06-14","2026-07-14"
"10908","",""
"10909","",""
"10910","",""
"10911","",""
"10912","2026-08-09","2026-09-08"
"10913","",""
"10914","2026-09-03","2026-10-03"
"10915","",""
"10916","",""
"10917","2026-09-02","2026-10-02"
"10918","2026-07-10","2026-08-09"
"10919","",""
"10920","2026-08-14","2026-09-13"
"10921","2027-01-01","2027-01-31"
"10922","",""
"10923","",""
"10924","2026-06-14","2026-07-14"
"10925","2026-06-15","2026-07-15"
"10926","2026-08-10","2026-09-09"
"10927","2026-06-14","2026-07-14"
"10928","2026-08-20","2026-09-19"
"10929","",""
"10930","2026-06-16","2026-07-16"
"10931","2026-07-19","2026-08-18"
"10932","",""
"10933","2026-06-17","2026-06-22"
"10934","2027-01-05","2027-02-04"
"10935","2026-08-05","2026-09-04"
"10936","",""
"10937","",""
"10938","2026-08-02","2026-09-01"
"10939","",""
"10940","",""
"10941","",""
"10942","",""
"10943","",""
"10944","",""
"10945","",""
"10946","",""
"10947","",""
"10948","2026-08-08","2026-09-07"
"10949","2026-07-01","2026-07-31"
"10950","",""
"10951","",""
"10952","2026-08-31","2026-09-30"
"10953","",""
"10954","",""
"10955","2026-08-31","2026-09-30"
"10956","2026-07-05","2026-08-04"
"10957","2026-06-16","2026-07-16"
"10958","2026-07-05","2026-08-04"
"10959","2026-06-14","2026-06-15"
"10960","2026-08-30","2026-09-29"
"10961","",""
"10962","",""
"10963","",""
"10964","",""
"10965","",""
"10966","",""
"10967","2026-06-15","2026-07-15"
"10968","2026-07-30","2026-08-29"
"10969","2027-01-01","2027-01-31"
"10970","2026-06-26","2026-06-28"
"10971","2026-06-15","2026-06-16"
"10972","2026-06-15","2026-07-15"
"10973","",""
"10974","2026-06-22","2026-07-22"
"10975","2026-10-06","2026-11-05"
"10976","2026-08-01","2026-08-31"
"10977","2026-06-17","2026-06-18"
"10978","",""
"10979","2026-09-01","2026-10-01"
"10980","2026-09-08","2026-10-08"
"10981","2027-01-31","2027-03-02"
"10982","2026-12-02","2027-01-01"
"10983","",""
"10984","2026-09-30","2026-10-30"
"10985","2026-07-29","2026-08-01"
"10986","",""
"10987","2026-08-20","2026-09-19"
"10988","2026-09-20","2026-10-20"
"10989","2026-08-01","2026-08-31"
"10990","",""
"10991","2026-06-15","2026-06-20"
"10992","",""
"10993","",""
"10994","",""
"10995","2026-07-20","2026-08-19"
"10996","",""
"10997","",""
"10998","",""
"10999","",""
"11000","",""
"11001","2026-06-14","2026-06-15"
"11002","",""
"11003","2026-08-31","2026-09-30"
"11004","2026-07-17","2026-08-16"
"11005","",""
"11006","2026-12-24","2027-01-23"
"11007","",""
"11008","",""
"11009","",""
"11010","2026-07-31","2026-08-30"
"11011","",""
"11012","",""
"11013","",""
"11014","2026-06-14","2026-07-14"
"11015","2026-06-14","2026-06-15"
"11016","",""
"11017","2026-08-01","2026-08-31"
"11018","",""
"11019","",""
"11020","",""
"11021","",""
"11022","",""
"11023","",""
"11024","",""
"11025","2026-10-01","2026-10-31"
"11026","2026-06-21","2026-06-24"
"11027","",""
"11028","",""
"11029","2026-08-31","2026-11-09"
"11030","",""
"11031","2026-06-23","2026-06-25"
"11032","2026-07-18","2026-08-17"
"11033","2026-08-09","2026-09-08"
"11034","",""
"11035","",""
"11036","",""
"11037","2026-07-31","2026-08-30"
"11038","2026-06-29","2026-07-02"
"11039","",""
"11040","2027-04-27","2027-05-27"
"11041","2026-06-14","2026-07-14"
"11042","2026-06-14","2026-06-15"
"11043","2026-09-01","2026-10-01"
"11044","",""
"11045","2026-06-14","2026-06-15"
"11046","2026-06-18","2026-07-18"
"11047","2026-10-01","2026-10-31"
"11048","2026-08-17","2026-09-16"
"11049","2027-01-12","2027-02-12"
"11050","2026-07-30","2026-08-29"
"11051","2026-06-15","2026-07-15"
"11052","",""
"11053","",""
"11054","2026-07-17","2026-08-16"
"11055","",""
"11056","2026-08-08","2026-09-07"
"11057","2026-07-01","2026-07-31"
"11058","2026-06-16","2026-07-16"
"11059","2026-06-14","2026-06-15"
"11060","",""
"11061","2026-06-15","2026-07-15"
"11062","2026-06-14","2026-07-14"
"11063","2026-08-09","2026-09-08"
"11064","2026-08-09","2026-09-08"
"11065","2026-07-31","2026-08-30"
"11066","2026-07-28","2026-08-27"
"11067","2026-07-11","2026-08-10"
"11068","2026-08-17","2026-09-16"
"11069","2026-06-30","2026-07-30"
"11070","2026-07-20","2026-08-19"
"11071","2026-08-09","2026-09-09"
"11072","",""
"11073","2027-01-01","2027-01-31"
"11074","2026-10-29","2026-11-29"
"11075","",""
"11076","2026-06-14","2026-06-15"
"11077","2026-07-12","2026-08-11"
"11078","2026-09-04","2026-10-04"
"11079","",""
"11080","",""
"11081","2026-12-01","2026-12-31"
"11082","2026-08-01","2026-08-31"
"11083","2026-12-12","2027-01-11"
"11084","2026-08-01","2026-08-31"
"11085","",""
"11086","2026-08-01","2026-08-31"
"11087","2026-08-01","2026-08-31"
"11088","2026-08-01","2026-08-31"
"11089","2026-08-01","2026-08-31"
"11090","2026-08-01","2026-08-31"
"11091","2026-08-01","2026-08-31"
"11092","",""
"11093","2026-06-14","2026-06-15"
"11094","",""
"11095","",""
"11096","",""
"11097","2026-07-02","2026-08-01"
"11098","2026-07-21","2026-08-20"
"11099","",""
"11100","",""
"11101","",""
"11102","",""
"11103","",""
"11104","2026-07-10","2026-08-09"
"11105","2026-06-30","2026-07-30"
"11106","2026-10-02","2026-11-01"
"11107","2026-06-15","2026-07-15"
"11108","2026-06-15","2026-07-15"
"11109","2026-06-19","2026-07-19"
"11110","2026-09-12","2026-10-12"
"11111","2026-09-06","2026-10-06"
"11112","2026-07-26","2026-08-25"
"11113","2026-07-31","2026-08-30"
"11114","2026-06-25","2026-07-25"
"11115","2026-12-31","2027-01-30"
"11116","2026-07-31","2026-08-30"
"11117","2026-06-21","2026-06-23"
"11118","2026-06-18","2026-06-19"
"11119","2026-06-16","2026-06-17"
"11120","2026-08-16","2026-09-15"
"11121","2026-06-14","2026-06-16"
"11122","2026-07-29","2026-08-28"
"11123","2026-08-01","2026-08-05"
"11124","2027-01-01","2027-01-31"
"11125","2026-09-12","2026-10-12"
"11126","2026-06-16","2026-07-16"
"11127","2026-06-16","2026-07-16"
"11128","",""
"11129","2026-08-31","2026-09-30"
"11130","",""
"11131","",""
"11132","",""
"11133","",""
"11134","",""
"11135","2026-06-30","2026-07-30"
"11136","",""
"11137","",""
"11138","",""
"11139","",""
"11140","",""
"11141","",""
"11142","2027-04-15","2027-05-15"
"11143","2026-06-14","2026-07-14"
"11144","2026-06-15","2026-06-16"
"11145","2026-07-07","2026-08-06"
"11146","2026-07-20","2026-08-19"
"11147","2026-08-14","2026-09-13"
"11148","2026-07-31","2026-08-30"
"11149","",""
"11150","",""
"11151","2026-06-18","2026-07-18"
"11152","2026-07-06","2026-07-09"
"11153","2026-08-02","2026-09-01"
"11154","2026-07-17","2026-08-16"
"11155","",""
"11156","",""
"11157","",""
"11158","2026-07-06","2026-08-05"
"11159","2026-08-03","2026-09-02"
"11160","2026-07-01","2026-07-06"
"11161","2026-07-24","2026-07-25"
"11162","2026-06-18","2026-06-19"
"11163","2026-06-26","2026-06-28"
"11164","2026-06-28","2026-06-29"
"11165","2026-07-01","2026-07-31"
"11166","2026-08-12","2026-09-11"
"11167","2026-11-25","2026-12-25"
"11168","2026-08-13","2026-09-12"
"11169","2026-08-08","2026-10-17"
"11170","",""
"11171","2026-12-18","2027-01-17"
"11172","2026-08-01","2026-08-31"
"11173","",""
"11174","2026-08-31","2026-09-30"
"11175","2026-12-21","2027-03-21"
"11176","2026-06-23","2026-07-23"
"11177","2026-10-17","2026-11-16"
"11178","2026-06-15","2026-07-15"
"11179","2026-07-07","2026-08-06"
"11180","",""
"11181","2026-07-01","2026-07-31"
"11182","2026-07-29","2026-08-28"
"11183","2026-12-14","2027-01-13"
"11184","2026-12-31","2027-01-30"
"11185","2026-06-29","2026-06-30"
"11186","2026-08-15","2026-11-13"
"11187","2026-08-13","2026-09-12"
"11188","2026-08-09","2026-09-08"
"11189","2026-07-15","2026-08-14"
"11190","2026-07-18","2026-08-17"
"11191","2026-06-30","2026-07-30"
"11192","2026-06-22","2026-06-24"
"11193","",""
"11194","",""
"11195","",""
"11196","",""
"11197","",""
"11198","",""
"11199","",""
"11200","",""
"11201","",""
"11202","2026-07-20","2026-08-19"
"11203","2026-09-21","2026-10-21"
"11204","2026-08-09","2026-09-08"
"11205","2027-01-10","2027-02-09"
"11206","2026-07-11","2026-08-10"
"11207","2026-07-22","2026-08-21"
"11208","2026-07-13","2026-08-12"
"11209","",""
"11210","",""
"11211","2026-08-28","2026-09-28"
"11212","2026-09-01","2026-10-01"
"11213","2026-06-16","2026-07-16"
"11214","2026-06-15","2026-07-15"
"11215","2026-07-20","2026-08-19"
"11216","2026-09-12","2026-10-12"
"11217","2026-06-15","2026-07-15"
"11218","",""
"11219","2026-06-15","2026-07-15"
"11220","2026-10-17","2026-11-16"
"11221","2026-06-14","2026-07-14"
"11222","2026-08-02","2026-09-01"
"11223","2026-08-01","2026-08-31"
"11224","2026-08-08","2026-09-07"
"11225","2026-06-27","2026-07-27"
"11226","2026-07-31","2026-08-30"
"11227","2026-10-10","2026-11-09"
"11228","2026-06-14","2026-07-14"
"11229","",""
"11230","",""
"11231","",""
"11232","2026-08-31","2026-09-30"
"11233","2026-06-16","2026-07-16"
"11234","2026-06-30","2026-07-30"
"11235","2026-06-22","2026-06-24"
"11236","",""
"11237","2026-08-04","2026-09-03"
"11238","2026-06-21","2026-06-22"
"11239","2026-06-15","2026-07-15"
"11240","",""
"11241","2026-07-14","2026-08-13"
"11242","2026-08-31","2026-09-30"
"11243","2026-06-15","2026-07-15"
"11244","2026-08-26","2026-09-25"
"11245","",""
"11246","2026-09-01","2026-10-01"
"11247","2026-09-01","2026-10-01"
"11248","",""
"11249","2026-06-15","2026-06-16"
"11250","",""
"11251","",""
"11252","",""
"11253","2026-08-03","2026-09-02"
"11254","2026-06-14","2026-07-14"
"11255","2026-07-01","2026-07-31"
"11256","",""
"11257","",""
"11258","2026-06-18","2026-06-19"
"11259","2026-06-18","2026-06-19"
"11260","2026-06-29","2026-06-30"
"11261","2026-06-30","2026-07-30"
"11262","2026-09-05","2026-10-05"
"11263","2026-07-06","2026-07-07"
"11264","2026-10-31","2026-11-30"
"11265","",""
"11266","2026-06-15","2026-07-15"
"11267","2027-01-01","2027-01-31"
"11268","",""
"11269","",""
"11270","",""
"11271","2026-07-14","2026-08-13"
"11272","2026-06-15","2026-06-17"
"11273","2026-08-19","2026-09-18"
"11274","2027-03-03","2027-04-02"
"11275","2026-08-31","2026-09-30"
"11276","2026-06-26","2026-06-27"
"11277","",""
"11278","2026-06-15","2026-07-15"
"11279","2026-08-01","2026-08-31"
"11280","",""
"11281","2026-06-15","2026-07-15"
"11282","",""
"11283","2026-09-01","2026-10-01"
"11284","",""
"11285","2026-07-20","2026-07-21"
"11286","",""
"11287","2026-06-15","2026-07-15"
"11288","",""
"11289","2026-06-23","2026-07-23"
"11290","",""
"11291","",""
"11292","",""
"11293","2026-06-23","2026-06-24"
"11294","2026-08-01","2026-08-31"
"11295","2026-08-31","2026-09-30"
"11296","2027-03-28","2027-04-27"
"11297","2026-11-09","2026-12-09"
"11298","2026-06-14","2026-07-14"
"11299","2026-06-15","2026-07-15"
"11300","2026-07-03","2026-08-02"
"11301","",""
"11302","",""
"11303","",""
"11304","",""
"11305","",""
"11306","",""
"11307","",""
"11308","",""
"11309","",""
"11310","",""
"11311","2026-08-01","2026-08-31"
"11312","",""
"11313","",""
"11314","2026-09-04","2026-10-04"
"11315","2026-07-03","2026-08-02"
"11316","2026-12-22","2027-01-21"
"11317","",""
"11318","2026-07-04","2026-08-03"
"11319","2026-06-16","2026-07-16"
"11320","",""
"11321","",""
"11322","2026-08-30","2026-09-29"
"11323","2026-07-23","2026-08-22"
"11324","",""
"11325","2026-09-01","2026-10-01"
"11326","",""
"11327","",""
"11328","2026-06-15","2026-07-15"
"11329","",""
"11330","",""
"11331","",""
"11332","",""
"11333","2026-06-30","2026-07-30"
"11334","",""
"11335","2026-06-19","2026-06-22"
"11336","2026-08-01","2026-08-04"
"11337","2026-08-01","2026-08-31"
"11338","2027-04-28","2027-05-28"
"11339","2026-08-21","2026-09-20"
"11340","2026-06-15","2026-07-15"
"11341","2026-06-14","2026-07-14"
"11342","",""
"11343","2026-09-11","2026-10-11"
"11344","2026-07-19","2026-08-18"
"11345","2026-07-30","2026-08-03"
"11346","",""
"11347","",""
"11348","",""
"11349","",""
"11350","",""
"11351","",""
"11352","2026-08-05","2026-09-04"
"11353","2026-07-31","2026-08-30"
"11354","2026-08-17","2026-09-16"
"11355","2026-06-17","2026-06-19"
"11356","2027-02-23","2027-03-25"
"11357","2026-06-22","2026-06-23"
"11358","2027-04-01","2027-05-01"
"11359","2026-06-14","2026-07-14"
"11360","",""
"11361","",""
"11362","2026-06-19","2026-06-24"
"11363","2026-06-16","2026-06-17"
"11364","",""
"11365","2026-06-15","2026-07-15"
"11366","2026-08-16","2026-09-15"
"11367","2026-07-01","2026-07-31"
"11368","",""
"11369","2026-07-01","2026-07-31"
"11370","2026-09-24","2026-10-24"
"11371","2026-06-15","2026-07-15"
"11372","2026-07-22","2026-08-21"
"11373","2026-09-07","2026-10-07"
"11374","2026-09-26","2026-10-26"
"11375","2027-01-03","2027-02-02"
"11376","2026-06-15","2026-07-15"
"11377","2026-07-01","2026-07-31"
"11378","",""
"11379","2026-06-22","2026-06-24"
"11380","2026-07-01","2026-07-31"
"11381","2026-08-13","2026-09-12"
"11382","2026-06-15","2026-06-16"
"11383","",""
"11384","",""
"11385","",""
"11386","2026-12-16","2027-01-15"
"11387","2026-07-20","2026-08-19"
"11388","2027-01-29","2027-02-28"
"11389","2026-07-21","2026-08-20"
"11390","2026-06-14","2026-07-14"
"11391","2027-02-01","2027-03-03"
"11392","2026-08-03","2026-09-02"
"11393","2026-08-10","2026-09-09"
"11394","2026-09-01","2026-10-01"
"11395","2026-06-15","2026-06-16"
"11396","2026-06-14","2026-07-14"
"11397","",""
"11398","2026-08-10","2026-09-09"
"11399","",""
"11400","",""
"11401","2026-08-12","2026-09-11"
"11402","2026-06-15","2026-07-15"
"11403","",""
"11404","",""
"11405","",""
"11406","",""
"11407","",""
"11408","2026-06-15","2026-07-15"
"11409","2026-10-12","2026-11-11"
"11410","2027-01-11","2027-02-10"
"11411","2026-06-14","2026-07-14"
"11412","2026-07-26","2026-08-25"
"11413","2026-06-18","2026-06-19"
"11414","",""
"11415","2026-10-01","2026-10-31"
"11416","2027-04-01","2027-05-01"
"11417","2026-08-01","2026-08-02"
"11418","2026-06-14","2026-07-14"
"11419","",""
"11420","",""
"11421","",""
"11422","2026-08-02","2026-09-01"
"11423","",""
"11424","",""
"11425","2026-07-19","2026-08-18"
"11426","2026-10-14","2026-11-13"
"11427","2026-08-23","2026-09-22"
"11428","2026-06-15","2026-07-15"
"11429","2026-06-15","2026-07-15"
"11430","2026-06-16","2026-06-19"
"11431","2026-08-30","2026-09-29"
"11432","2026-08-30","2026-09-29"
"11433","2026-11-15","2026-12-15"
"11434","",""
"11435","",""
"11436","",""
"11437","",""
"11438","2027-04-01","2027-05-01"
"11439","2026-06-17","2026-07-17"
"11440","2026-10-01","2026-10-31"
"11441","2026-06-19","2026-07-19"
"11442","2026-06-25","2026-07-25"
"11443","",""
"11444","2026-08-10","2026-08-15"
"11445","",""
"11446","2026-06-16","2026-07-16"
"11447","2026-07-01","2026-07-31"
"11448","2026-10-01","2026-12-30"
"11449","2026-12-21","2027-03-21"
"11450","2026-10-31","2026-11-30"
"11451","2026-08-08","2026-09-07"
"11452","",""
"11453","",""
"11454","",""
"11455","",""
"11456","",""
"11457","",""
"11458","",""
"11459","2026-10-24","2026-11-23"
"11460","2026-07-25","2026-08-24"
"11461","2026-06-14","2026-07-14"
"11462","",""
"11463","",""
"11464","",""
"11465","",""
"11466","",""
"11467","",""
"11468","",""
"11469","",""
"11470","",""
"11471","",""
"11472","2026-07-01","2026-07-31"
"11473","2026-06-14","2026-07-14"
"11474","2026-07-23","2026-08-22"
"11475","2026-09-01","2026-11-30"
"11476","2026-08-15","2026-09-14"
"11477","",""
"11478","",""
"11479","2026-11-20","2026-11-21"
"11480","2026-06-14","2026-07-14"
"11481","",""
"11482","2026-07-27","2026-08-26"
"11483","",""
"11484","",""
"11485","2027-01-02","2027-04-02"
"11486","2027-01-11","2027-04-11"
"11487","",""
"11488","2026-06-18","2026-07-18"
"11489","2026-11-24","2027-02-22"
"11490","2026-07-10","2026-08-09"
"11491","",""
"11492","2026-07-01","2026-07-31"
"11493","2026-07-31","2026-08-30"
"11494","2026-06-14","2026-06-15"
"11495","2026-06-14","2026-06-15"
"11496","2026-06-14","2026-06-15"
"11497","2026-06-14","2026-06-15"
"11498","2026-06-14","2026-06-15"
"11499","",""
"11500","2026-07-01","2026-07-31"
"11501","2026-08-02","2026-09-01"
"11502","2026-08-02","2026-09-01"
"11503","",""
"11504","2026-06-15","2026-07-15"
"11505","2026-07-01","2026-07-31"
"11506","",""
"11507","",""
"11508","",""
"11509","",""
"11510","",""
"11511","",""
"11512","",""
"11513","2026-08-12","2026-09-11"
"11514","",""
"11515","",""
"11516","",""
"11517","",""
"11518","2026-09-16","2026-10-16"
"11519","",""
"11520","",""
"11521","",""
"11522","",""
"11523","",""
"11524","",""
"11525","",""
"11526","",""
"11527","",""
"11528","2026-06-30","2026-07-30"
"11529","2026-06-15","2026-07-15"
"11530","2026-07-30","2026-08-29"
"11531","",""
"11532","",""
"11533","2026-06-14","2026-07-14"
"11534","",""
"11535","2026-12-19","2027-01-18"
"11536","",""
"11537","2026-10-01","2026-10-31"
"11538","",""
"11539","",""
"11540","",""
"11541","",""
"11542","",""
"11543","2026-10-09","2026-11-08"
"11544","2026-07-11","2026-08-10"
"11545","2026-07-03","2026-08-02"
"11546","2026-06-16","2026-07-16"
"11547","2026-08-21","2026-09-20"
"11548","2026-06-15","2026-07-15"
"11549","2026-06-14","2026-07-14"
"11550","",""
"11551","2026-06-16","2026-07-16"
"11552","2026-06-30","2026-07-30"
"11553","",""
"11554","2026-06-16","2026-07-16"
"11555","2026-08-09","2026-10-08"
"11556","",""
"11557","",""
"11558","2026-08-06","2026-09-05"
"11559","2026-08-07","2026-09-06"
"11560","2026-11-19","2026-12-19"
"11561","2026-09-30","2026-10-30"
"11562","",""
"11563","2026-06-26","2026-06-27"
"11564","2026-06-23","2026-06-24"
"11565","2026-06-23","2026-06-24"
"11566","2026-06-14","2026-07-14"
"11567","2027-01-01","2027-01-31"
"11568","2026-06-14","2026-07-14"
"11569","2026-06-14","2026-07-14"
"11570","2026-06-14","2026-07-14"
"11571","2026-06-14","2026-07-14"
"11572","2026-06-14","2026-07-14"
"11573","2026-06-14","2026-07-14"
"11574","2026-06-14","2026-07-14"
"11575","2026-06-14","2026-07-14"
"11576","2026-06-14","2026-07-14"
"11577","2026-06-14","2026-07-14"
"11578","2026-06-25","2026-07-25"
"11579","2026-06-16","2026-06-18"
"11580","",""
"11581","",""
"11582","",""
"11583","",""
"11584","",""
"11585","",""
"11586","",""
"11587","",""
"11588","",""
"11589","",""
"11590","",""
"11591","",""
"11592","",""
"11593","2026-11-08","2026-12-08"
"11594","2026-06-15","2026-07-15"
"11595","2026-07-05","2026-07-08"
"11596","2026-07-22","2026-08-21"
"11597","",""
"11598","2026-06-15","2026-06-17"
"11599","2026-06-15","2026-07-15"
"11600","2026-08-09","2026-09-08"
"11601","",""
"11602","2026-07-31","2026-08-30"
"11603","2026-06-14","2026-07-14"
"11604","2027-01-01","2027-01-31"
"11605","2026-08-31","2026-09-30"
"11606","",""
"11607","",""
"11608","2026-06-29","2026-07-01"
"11609","",""
"11610","2026-07-01","2026-07-31"
"11611","2026-06-29","2026-10-01"
"11612","2026-06-17","2026-07-17"
"11613","",""
"11614","2026-08-31","2026-09-30"
"11615","2026-06-29","2026-07-02"
"11616","2026-08-05","2026-09-04"
"11617","2026-11-01","2026-12-01"
"11618","2026-06-30","2026-07-30"
"11619","2026-07-12","2026-08-11"
"11620","",""
"11621","",""
"11622","2026-08-31","2026-11-29"
"11623","2026-06-22","2026-06-24"
"11624","2026-07-12","2026-07-13"
"11625","2026-06-16","2026-07-16"
"11626","2026-06-14","2026-07-14"
"11627","2026-06-26","2026-07-26"
"11628","2026-08-07","2026-09-06"
"11629","2027-01-01","2027-01-02"
"11630","2026-07-19","2026-08-18"
"11631","2027-01-01","2027-01-02"
"11632","",""
"11633","2027-01-01","2027-02-02"
"11634","2026-08-30","2026-09-29"
"11635","2026-06-15","2026-07-15"
"11636","",""
"11637","2026-12-29","2027-01-28"
"11638","2026-06-14","2026-06-15"
"11639","2026-06-15","2026-07-15"
"11640","2026-06-15","2026-07-15"
"11641","2026-08-07","2026-09-06"
"11642","2026-06-14","2026-07-14"
"11643","2026-06-14","2026-07-14"
"11644","",""
"11645","",""
"11646","",""
"11647","2026-07-01","2026-07-31"
"11648","2026-06-15","2026-07-15"
"11649","2026-09-01","2026-10-01"
"11650","2026-06-14","2026-06-15"
"11651","2026-08-08","2026-09-07"
"11652","2026-12-22","2027-03-22"
"11653","",""
"11654","2026-12-23","2027-03-23"
"11655","2027-01-19","2027-04-19"
"11656","2026-07-31","2026-08-30"
"11657","",""
"11658","2026-06-16","2026-07-16"
"11659","2026-12-24","2027-01-23"
"11660","",""
"11661","",""
"11662","",""
"11663","",""
"11664","2026-06-21","2026-07-21"
"11665","2026-06-16","2026-07-16"
"11666","2027-01-01","2027-01-31"
"11667","2026-08-19","2026-09-18"
"11668","2026-07-01","2026-07-31"
"11669","2026-09-05","2026-10-05"
"11670","2026-09-13","2026-10-13"
"11671","2026-07-03","2026-08-02"
"11672","2026-06-14","2026-07-14"
"11673","2026-06-14","2026-07-14"
"11674","",""
"11675","2026-06-25","2026-07-25"
"11676","2026-07-10","2026-08-09"
"11677","",""
"11678","2026-07-17","2026-08-16"
"11679","2026-07-23","2026-08-22"
"11680","2026-06-14","2026-07-14"
"11681","2026-09-07","2026-10-07"
"11682","2026-08-25","2026-09-24"
"11683","2026-08-05","2026-09-04"
"11684","2027-01-05","2027-02-04"
"11685","2026-07-11","2026-08-10"
"11686","2026-12-24","2027-03-24"
"11687","2026-08-04","2026-09-03"
"11688","2026-06-30","2026-07-30"
"11689","2026-10-01","2026-10-31"
"11690","2026-06-15","2026-07-15"
"11691","2026-08-19","2026-09-18"
"11692","2026-08-13","2026-09-12"
"11693","2026-08-15","2026-09-14"
"11694","2026-06-16","2026-07-16"
"11695","2026-06-20","2026-07-20"
"11696","2026-06-14","2026-06-15"
"11697","2026-06-14","2026-07-14"
"11698","2026-06-15","2026-07-15"
"11699","",""
"11700","2026-08-28","2026-09-27"
"11701","2026-06-15","2026-06-16"
"11702","2026-06-15","2026-06-17"
"11703","2027-01-01","2027-01-31"
"11704","2026-06-15","2026-06-16"
"11705","2026-06-19","2026-06-23"
"11706","2026-09-01","2026-10-01"
"11707","2026-06-14","2026-06-15"
"11708","2026-06-14","2026-06-15"
"11709","",""
"11710","",""
"11711","",""
"11712","",""
"11713","2026-06-15","2026-06-17"
"11714","2026-06-14","2026-07-14"
"11715","2026-06-14","2026-07-14"
"11716","2026-07-05","2026-08-04"
"11717","2026-06-15","2026-07-15"
"11718","2026-06-14","2026-06-15"
"11719","2026-06-14","2026-07-14"
"11720","2026-07-21","2026-08-20"
"11721","2026-06-16","2026-06-17"
"11722","2026-06-16","2026-06-17"
"11723","2026-06-16","2026-06-17"
"11724","2026-06-21","2026-06-22"
"11725","2026-06-19","2026-06-20"
"11726","2026-06-29","2026-06-30"
"11727","2026-06-17","2026-06-18"
"11728","2026-06-18","2026-06-19"
"11729","2026-06-14","2026-06-15"
"11730","2026-06-14","2026-06-15"
"11731","2026-06-28","2026-06-29"
"11732","2026-06-18","2026-06-19"
"11733","2026-06-18","2026-06-19"
"11734","2026-06-24","2026-06-25"
"11735","2026-06-14","2026-06-15"
"11736","2026-06-17","2026-06-18"
"11737","2026-06-17","2026-06-18"
"11738","2026-06-14","2026-06-15"
"11739","2026-06-22","2026-06-23"
"11740","2026-06-21","2026-06-22"
"11741","2026-06-14","2026-06-15"
"11742","2026-06-17","2026-06-18"
"11743","2026-06-21","2026-06-22"
"11744","2026-06-15","2026-06-16"
"11745","2026-08-12","2026-09-11"
"11746","2026-08-02","2026-09-01"
"11747","",""
"11748","2027-01-01","2027-01-31"
"11749","2026-06-14","2026-06-15"
"11750","2026-07-31","2026-08-30"
"11751","",""
"11752","2026-06-15","2026-06-16"
"11753","",""
"11754","",""
"11755","2026-06-15","2026-06-16"
"11756","2026-06-15","2026-06-16"
"11757","2026-06-15","2026-06-16"
"11758","",""
"11759","2026-08-01","2026-08-31"
"11760","2026-07-31","2026-08-30"
"11761","",""
"11762","",""
"11763","2026-08-01","2026-08-31"
"11764","",""
"11765","2026-07-31","2026-08-30"
"11766","2026-06-29","2026-07-29"
"11767","2026-06-15","2026-07-15"
"11768","2026-06-20","2026-07-20"
"11769","2026-09-01","2026-10-01"
"11770","",""
"11771","2026-06-15","2026-07-15"
"11772","2026-08-15","2026-09-14"
"11773","2026-07-01","2026-07-31"
"11774","2026-09-01","2026-10-01"
"11775","2026-09-30","2026-10-30"
"11776","2026-06-15","2026-07-15"
"11777","",""
"11778","2026-06-14","2026-07-14"
"11779","2026-07-08","2026-08-07"
"11780","2026-06-14","2026-07-14"
"11781","",""
"11782","2026-11-27","2026-12-27"
"11783","2026-07-01","2026-07-31"
"11784","2026-07-19","2026-08-18"
"11785","2026-10-22","2026-11-21"
"11786","2026-06-16","2026-07-16"
"11787","2026-08-01","2026-08-31"
"11788","2026-08-01","2026-08-31"
"11789","",""
"11790","2027-01-21","2027-02-20"
"11791","2026-07-01","2026-07-03"
"11792","2026-12-31","2027-01-30"
"11793","2026-06-14","2026-06-15"
"11794","",""
"11795","2026-07-22","2026-08-21"
"11796","2026-06-15","2026-06-16"
"11797","2026-06-14","2026-06-15"
"11798","2026-06-14","2026-07-14"
"11799","2026-10-24","2026-11-23"
"11800","2026-10-23","2026-11-22"
"11801","2026-12-03","2027-01-02"
"11802","",""
"11803","2026-06-17","2026-07-17"
"11804","",""
"11805","2026-07-22","2026-08-21"
"11806","2026-08-10","2026-09-09"
"11807","",""
"11808","2026-06-14","2026-06-15"
"11809","",""
"11810","2026-07-31","2026-08-30"
"11811","2026-11-01","2026-12-01"
"11812","",""
"11813","2026-09-01","2026-09-04"
"11814","2026-06-20","2026-07-20"
"11815","2026-06-16","2026-07-16"
"11816","",""
"11817","2026-06-14","2026-07-14"
"11818","2026-12-24","2027-03-24"
"11819","",""
"11820","2027-02-14","2027-05-15"
"11821","2026-08-16","2026-09-15"
"11822","2026-06-29","2026-08-10"
"11823","2026-06-17","2026-07-17"
"11824","",""
"11825","2026-08-01","2026-08-31"
"11826","2026-12-05","2027-01-04"
"11827","2026-07-03","2026-08-02"
"11828","2026-06-15","2026-07-15"
"11829","2026-08-17","2026-09-16"
"11830","2026-07-04","2026-08-03"
"11831","2026-06-25","2026-07-25"
"11832","2026-06-16","2026-07-16"
"11833","2026-09-01","2026-10-01"
"11834","2026-06-14","2026-07-14"
"11835","",""
"11836","2026-08-31","2026-11-29"
"11837","",""
"11838","2026-08-15","2026-09-14"
"11839","2026-08-10","2026-09-09"
"11840","2026-06-20","2026-07-20"
"11841","2026-06-15","2026-06-16"
"11842","2026-06-14","2026-07-14"
"11843","2026-06-14","2026-07-14"
"11844","",""
"11845","2026-09-01","2026-10-01"
"11846","2026-07-03","2026-08-02"
"11847","",""
"11848","2026-07-20","2026-08-19"
"11849","2026-11-09","2026-12-09"
"11850","2026-06-21","2026-07-21"
"11851","",""
"11852","2026-06-18","2026-06-19"
"11853","2026-11-30","2026-12-30"
"11854","",""
"11855","2026-08-10","2026-09-09"
"11856","2026-06-15","2026-07-15"
"11857","2026-08-15","2026-09-14"
"11858","2026-08-27","2026-09-26"
"11859","2026-07-21","2026-08-20"
"11860","2026-08-01","2026-08-31"
"11861","2026-06-15","2026-07-15"
"11862","2026-06-15","2026-07-15"
"11863","2026-06-15","2026-07-15"
"11864","2026-08-03","2026-09-02"
"11865","2026-06-20","2026-06-22"
"11866","2027-01-01","2027-01-31"
"11867","2026-11-07","2026-12-07"
"11868","",""
"11869","2026-09-30","2026-10-30"
"11870","",""
"11871","",""
"11872","2026-06-14","2026-07-14"
"11873","2026-06-15","2026-06-18"
"11874","2026-07-25","2026-08-24"
"11875","2026-06-15","2026-07-15"
"11876","",""
"11877","2026-08-01","2026-08-31"
"11878","",""
"11879","2026-07-05","2026-07-07"
"11880","",""
"11881","2026-08-05","2026-09-04"
"11882","",""
"11883","2026-09-06","2026-10-06"
"11884","",""
"11885","2026-06-30","2026-07-30"
"11886","2026-12-31","2027-01-30"
"11887","2026-11-01","2027-01-30"
"11888","2026-06-23","2026-09-21"
"11889","2026-09-30","2026-10-30"
"11890","2026-06-22","2026-06-24"
"11891","",""
"11892","2026-07-25","2026-08-24"
"11893","2026-08-14","2026-09-13"
"11894","",""
"11895","",""
"11896","2026-12-01","2026-12-31"
"11897","2026-06-15","2026-07-15"
"11898","2026-06-14","2026-07-14"
"11899","",""
"11900","",""
"11901","2026-07-21","2026-08-20"
"11902","2026-09-30","2026-10-30"
"11903","2026-07-08","2026-08-07"
"11904","",""
"11905","2026-06-15","2026-07-15"
"11906","",""
"11907","2026-06-15","2026-06-16"
"11908","2026-06-14","2026-07-14"
"11909","2026-06-14","2026-07-14"
"11910","",""
"11911","",""
"11912","",""
"11913","2026-09-01","2026-10-01"
"11914","2026-09-11","2026-10-11"
"11915","2026-08-12","2026-09-11"
"11916","2026-08-01","2026-09-01"
"11917","",""
"11918","2026-09-17","2026-10-17"
"11919","2026-06-15","2026-07-15"
"11920","",""
"11921","2026-08-22","2026-09-21"
"11922","",""
"11923","2026-09-19","2026-10-19"
"11924","2026-10-01","2026-10-31"
"11925","2026-06-15","2026-07-15"
"11926","2026-06-14","2026-07-14"
"11927","2026-10-10","2026-11-24"
"11928","2026-07-25","2026-07-28"
"11929","2027-01-02","2027-02-01"
"11930","2026-07-07","2026-08-06"
"11931","2026-06-30","2026-07-30"
"11932","",""
"11933","2026-06-15","2026-06-17"
"11934","",""
"11935","",""
"11936","2026-07-03","2026-08-02"
"11937","2026-11-01","2026-12-01"
"11938","",""
"11939","2026-06-15","2026-06-17"
"11940","2027-03-31","2027-04-30"
"11941","2026-08-22","2026-09-21"
"11942","2026-07-07","2026-08-06"
"11943","2026-06-22","2026-07-22"
"11944","2026-07-09","2026-08-08"
"11945","",""
"11946","",""
"11947","2026-06-17","2026-07-17"
"11948","2026-09-27","2026-10-27"
"11949","2026-07-01","2026-07-31"
"11950","2026-06-16","2026-07-16"
"11951","2026-08-01","2026-08-31"
"11952","2026-06-14","2026-07-14"
"11953","2026-06-29","2026-07-29"
"11954","2026-06-20","2026-06-22"
"11955","2026-08-23","2026-09-22"
"11956","",""
"11957","",""
"11958","",""
"11959","2026-10-05","2026-11-06"
"11960","2026-06-17","2026-07-17"
"11961","2026-06-21","2026-07-21"
"11962","2027-01-01","2027-01-31"
"11963","",""
"11964","",""
"11965","2026-07-13","2026-08-12"
"11966","2026-09-30","2026-10-30"
"11967","2026-08-01","2026-08-31"
"11968","2026-08-10","2026-09-09"
"11969","2026-06-23","2026-12-20"
"11970","2026-06-15","2026-07-15"
"11971","2026-07-21","2026-08-20"
"11972","2026-06-15","2026-07-15"
"11973","",""
"11974","2026-07-14","2026-07-16"
"11975","2026-07-17","2026-08-16"
"11976","2026-07-21","2026-08-20"
"11977","",""
"11978","2026-06-14","2026-07-14"
"11979","2026-06-21","2026-06-22"
"11980","2026-07-02","2026-08-01"
"11981","2026-08-23","2026-09-22"
"11982","2026-07-02","2026-08-01"
"11983","2026-07-07","2026-07-09"
"11984","2026-06-16","2026-07-16"
"11985","2026-08-09","2026-09-08"
"11986","2026-09-01","2026-10-01"
"11987","2026-06-26","2026-07-26"
"11988","",""
"11989","2026-09-01","2026-10-01"
"11990","2026-06-15","2026-07-15"
"11991","2026-09-24","2026-10-24"
"11992","2026-06-15","2026-07-15"
"11993","2026-06-15","2026-07-15"
"11994","2026-06-18","2026-06-19"
"11995","2026-11-06","2026-12-06"
"11996","2026-08-13","2026-10-12"
"11997","2026-12-23","2027-03-23"
"11998","2026-06-15","2026-07-15"
"11999","2026-07-23","2026-08-22"
"12000","2026-06-16","2026-06-18"
"12001","2026-06-15","2026-07-15"
"12002","2026-07-23","2026-08-22"
"12003","2026-06-25","2026-07-25"
"12004","",""
"12005","2026-06-22","2026-06-23"
"12006","2026-07-13","2026-08-12"
"12007","2026-07-31","2026-09-01"
"12008","2026-06-15","2026-07-15"
"12009","2026-08-21","2026-09-20"
"12010","2026-06-22","2026-07-22"
"12011","2026-06-16","2026-07-16"
"12012","2026-06-27","2026-07-27"
"12013","2026-06-15","2026-06-18"
"12014","2026-10-05","2026-11-04"
"12015","",""
"12016","2026-10-31","2026-11-30"
"12017","2026-07-03","2026-08-02"
"12018","2026-08-08","2026-09-07"
"12019","2026-08-09","2026-09-08"
"12020","2026-07-25","2026-08-24"
"12021","2026-06-16","2026-07-16"
"12022","",""
"12023","",""
"12024","",""
"12025","",""
"12026","2026-06-15","2026-06-17"
"12027","2026-06-17","2026-06-18"
"12028","2026-07-17","2026-08-16"
"12029","2026-10-06","2026-11-05"
"12030","2026-06-14","2026-07-14"
"12031","2026-06-15","2026-07-15"
"12032","2026-08-21","2026-09-20"
"12033","2026-06-14","2026-07-14"
"12034","2026-11-01","2026-12-01"
"12035","",""
"12036","",""
"12037","2026-06-16","2026-07-16"
"12038","",""
"12039","2026-07-25","2026-08-24"
"12040","2026-07-06","2026-07-09"
"12041","",""
"12042","2026-08-14","2026-09-13"
"12043","2026-07-27","2026-08-27"
"12044","2026-07-08","2026-07-09"
"12045","2027-01-30","2027-03-01"
"12046","",""
"12047","2026-11-01","2026-12-01"
"12048","",""
"12049","2026-06-30","2026-07-30"
"12050","2026-08-03","2026-09-02"
"12051","",""
"12052","2026-09-18","2026-10-18"
"12053","2026-06-30","2026-07-30"
"12054","",""
"12055","2026-07-30","2026-08-29"
"12056","2026-06-15","2026-06-20"
"12057","2026-07-01","2026-07-31"
"12058","",""
"12059","2026-06-17","2026-07-17"
"12060","2026-06-24","2026-07-24"
"12061","2026-10-01","2026-10-31"
"12062","",""
"12063","2026-06-14","2026-07-14"
"12064","2026-06-18","2026-07-18"
"12065","",""
"12066","2026-07-01","2026-07-31"
"12067","2026-06-30","2026-07-30"
"12068","2026-07-01","2026-07-05"
"12069","2026-07-30","2026-08-03"
"12070","2026-08-17","2026-09-16"
"12071","",""
"12072","",""
"12073","2026-09-30","2026-10-30"
"12074","2027-04-26","2027-05-26"
"12075","",""
"12076","2026-08-08","2026-09-07"
"12077","2026-10-31","2026-11-30"
"12078","2026-06-17","2026-07-17"
"12079","",""
"12080","2026-06-15","2026-07-15"
"12081","",""
"12082","2026-12-24","2027-01-23"
"12083","",""
"12084","2026-07-03","2026-07-05"
"12085","",""
"12086","2026-06-14","2026-06-15"
"12087","2026-07-20","2026-07-23"
"12088","",""
"12089","2026-07-01","2026-07-31"
"12090","2026-08-01","2026-08-31"
"12091","2026-07-31","2026-08-30"
"12092","2026-08-21","2026-09-20"
"12093","2026-12-19","2027-01-18"
"12094","2026-08-01","2026-08-31"
"12095","",""
"12096","2026-07-31","2026-08-30"
"12097","",""
"12098","",""
"12099","2026-07-20","2026-08-19"
"12100","",""
"12101","",""
"12102","2026-06-16","2026-07-16"
"12103","2026-07-21","2026-08-20"
"12104","",""
"12105","2026-07-08","2026-08-07"
"12106","2026-06-30","2026-07-03"
"12107","2026-07-15","2026-08-19"
"12108","",""
"12109","2026-11-02","2026-12-02"
"12110","2027-01-01","2027-01-31"
"12111","2026-08-01","2026-08-31"
"12112","2026-11-01","2026-12-01"
"12113","",""
"12114","2026-08-01","2026-09-01"
"12115","2026-08-01","2026-09-01"
"12116","2026-06-15","2026-07-15"
"12117","2026-07-25","2026-08-24"
"12118","2026-06-17","2026-06-18"
"12119","",""
"12120","2026-10-23","2026-11-22"
"12121","2026-07-07","2026-08-06"
"12122","2026-06-14","2026-07-14"
"12123","2026-06-23","2026-09-21"
"12124","2026-06-16","2026-06-20"
"12125","2026-06-23","2026-09-21"
"12126","2026-07-14","2026-08-13"
"12127","2026-06-15","2026-07-15"
"12128","2026-06-14","2026-07-14"
"12129","",""
"12130","",""
"12131","2026-06-15","2026-07-15"
"12132","2026-06-15","2026-07-15"
"12133","2026-06-15","2026-07-15"
"12134","2026-06-25","2026-07-25"
"12135","2026-06-14","2026-07-14"
"12136","2026-07-31","2026-08-30"
"12137","",""
"12138","2026-07-27","2026-07-31"
"12139","2026-06-15","2026-07-15"
"12140","2026-07-18","2026-08-17"
"12141","",""
"12142","2026-07-01","2026-07-31"
"12143","2026-06-15","2026-07-15"
"12144","2026-06-27","2026-06-30"
"12145","2026-06-15","2026-07-15"
"12146","2026-06-14","2026-07-14"
"12147","2026-06-14","2026-07-14"
"12148","2027-02-09","2027-03-11"
"12149","2026-11-14","2026-12-14"
"12150","2026-06-15","2026-07-15"
"12151","2026-06-28","2026-06-29"
"12152","",""
"12153","2027-01-08","2027-04-08"
"12154","2026-06-15","2026-06-16"
"12155","2026-06-15","2026-07-15"
"12156","2026-08-01","2026-08-31"
"12157","2026-06-15","2026-07-15"
"12158","2026-09-14","2026-10-14"
"12159","2026-06-14","2026-07-14"
"12160","",""
"12161","",""
"12162","",""
"12163","2026-06-14","2026-07-14"
"12164","2026-07-27","2026-07-29"
"12165","2026-06-21","2026-07-21"
"12166","2026-07-30","2026-08-29"
"12167","",""
"12168","2026-08-08","2026-09-07"
"12169","2027-02-05","2027-03-07"
"12170","",""
"12171","2026-06-29","2026-07-02"
"12172","2026-08-28","2026-09-27"
"12173","",""
"12174","2026-10-31","2026-11-30"
"12175","2026-09-20","2026-10-20"
"12176","2026-08-10","2026-09-09"
"12177","2026-07-06","2026-08-05"
"12178","",""
"12179","2026-08-09","2026-09-08"
"12180","2026-07-08","2026-07-09"
"12181","2026-08-15","2026-09-14"
"12182","2026-06-14","2026-07-14"
"12183","2027-04-01","2027-05-01"
"12184","2026-10-01","2026-10-31"
"12185","2026-07-15","2026-08-14"
"12186","2026-06-15","2026-07-15"
"12187","",""
"12188","",""
"12189","2026-09-01","2026-10-01"
"12190","2026-06-15","2026-06-16"
"12191","2027-01-31","2027-05-01"
"12192","2026-07-01","2026-07-31"
"12193","2026-11-01","2026-12-01"
"12194","2026-06-17","2026-06-18"
"12195","2026-06-16","2026-06-17"
"12196","2026-06-16","2026-06-17"
"12197","2026-06-17","2026-06-18"
"12198","2026-06-15","2026-06-16"
"12199","2026-06-14","2026-06-15"
"12200","2026-06-15","2026-07-15"
"12201","2026-10-01","2026-10-02"
"12202","2026-06-21","2026-06-22"
"12203","2027-01-01","2027-01-31"
"12204","",""
"12205","",""
"12206","2026-08-01","2026-08-31"
"12207","2026-07-02","2026-07-05"
"12208","2026-08-23","2026-09-22"
"12209","2026-07-14","2026-07-15"
"12210","",""
"12211","2026-08-01","2026-08-31"
"12212","",""
"12213","2026-06-15","2026-07-15"
"12214","2026-10-10","2026-11-09"
"12215","2026-08-03","2026-09-02"
"12216","2026-08-15","2026-09-14"
"12217","2026-08-15","2026-09-14"
"12218","2026-08-15","2026-09-14"
"12219","",""
"12220","2026-10-14","2026-11-13"
"12221","2026-06-22","2026-06-24"
"12222","",""
"12223","2026-06-21","2026-07-21"
"12224","2026-06-19","2026-06-20"
"12225","2026-06-18","2026-06-19"
"12226","2026-07-22","2026-08-21"
"12227","",""
"12228","2026-06-18","2026-06-20"
"12229","2026-08-15","2026-09-14"
"12230","2026-07-10","2026-08-09"
"12231","",""
"12232","2026-06-15","2026-06-16"
"12233","2026-07-08","2026-07-09"
"12234","",""
"12235","2026-08-01","2026-08-31"
"12236","2027-05-22","2027-06-21"
"12237","2026-07-07","2026-08-06"
"12238","2026-06-15","2026-07-15"
"12239","",""
"12240","2026-06-29","2026-10-27"
"12241","2026-10-01","2026-10-31"
"12242","",""
"12243","2026-09-18","2026-10-18"
"12244","",""
"12245","2026-12-21","2027-01-20"
"12246","2026-09-05","2026-10-05"
"12247","",""
"12248","2026-07-08","2026-08-07"
"12249","",""
"12250","2026-10-01","2026-10-31"
"12251","2026-08-15","2026-09-14"
"12252","2026-08-15","2026-09-14"
"12253","2026-08-19","2026-09-18"
"12254","2026-08-12","2026-09-11"
"12255","2026-06-17","2026-06-19"
"12256","2026-09-29","2026-10-29"
"12257","2026-06-20","2026-06-23"
"12258","2026-06-17","2026-06-21"
"12259","",""
"12260","",""
"12261","",""
"12262","2026-06-23","2026-06-25"
"12263","2026-06-15","2026-07-15"
"12264","",""
"12265","2027-01-01","2027-01-31"
"12266","2026-06-15","2026-07-15"
"12267","",""
"12268","2026-07-15","2026-08-14"
"12269","2027-01-31","2027-03-02"
"12270","2026-06-14","2026-07-14"
"12271","2026-07-02","2026-08-01"
"12272","2026-08-01","2026-08-31"
"12273","",""
"12274","2026-10-07","2026-11-06"
"12275","2026-06-14","2026-06-15"
"12276","",""
"12277","2027-01-31","2027-03-02"
"12278","2026-06-23","2026-07-23"
"12279","",""
"12280","2026-06-21","2026-06-22"
"12281","2026-07-04","2026-08-03"
"12282","2026-06-25","2026-06-27"
"12283","2026-12-21","2027-01-20"
"12284","2026-06-15","2026-07-15"
"12285","2026-08-20","2026-09-19"
"12286","2027-04-01","2027-05-01"
"12287","",""
"12288","2026-07-21","2026-08-20"
"12289","2026-10-21","2026-11-20"
"12290","2026-08-30","2026-09-29"
"12291","2027-03-16","2027-04-15"
"12292","2026-07-10","2026-08-09"
"12293","2026-07-20","2026-08-19"
"12294","",""
"12295","2026-08-10","2026-09-09"
"12296","2026-07-24","2026-08-24"
"12297","2026-07-25","2026-08-24"
"12298","2026-07-26","2026-08-25"
"12299","",""
"12300","",""
"12301","2026-06-15","2026-06-16"
"12302","2026-07-22","2026-08-21"
"12303","2026-12-04","2027-01-04"
"12304","2026-08-17","2026-09-16"
"12305","2026-10-05","2026-11-04"
"12306","",""
"12307","2026-06-15","2026-07-15"
"12308","2026-06-14","2026-06-15"
"12309","2026-08-22","2026-09-21"
"12310","2026-08-06","2026-09-05"
"12311","2026-06-29","2026-07-29"
"12312","2026-06-16","2026-06-18"
"12313","2027-01-01","2027-01-31"
"12314","2026-06-21","2026-06-23"
"12315","",""
"12316","2026-06-14","2026-07-14"
"12317","2026-07-31","2026-08-30"
"12318","",""
"12319","2026-06-14","2026-07-14"
"12320","2026-06-21","2026-07-22"
"12321","2026-06-23","2026-07-23"
"12322","",""
"12323","2027-05-10","2027-06-09"
"12324","2026-06-15","2026-06-16"
"12325","",""
"12326","2026-06-17","2026-06-18"
"12327","2027-01-02","2027-01-06"
"12328","2027-01-02","2027-01-05"
"12329","2026-10-20","2026-11-19"
"12330","2027-05-01","2027-05-31"
"12331","2026-06-15","2026-06-17"
"12332","2026-07-11","2026-08-10"
"12333","2026-07-04","2026-08-03"
"12334","2026-09-01","2026-10-01"
"12335","2026-07-06","2026-08-05"
"12336","",""
"12337","2026-06-17","2026-06-18"
"12338","2026-06-19","2026-07-19"
"12339","2026-06-14","2026-07-14"
"12340","",""
"12341","2026-07-07","2026-07-10"
"12342","2026-12-13","2027-01-12"
"12343","",""
"12344","2026-08-31","2026-09-30"
"12345","",""
"12346","2026-06-14","2026-07-14"
"12347","2026-07-28","2026-08-27"
"12348","",""
"12349","",""
"12350","",""
"12351","2026-06-16","2026-07-16"
"12352","2026-07-01","2026-07-31"
"12353","",""
"12354","",""
"12355","",""
"12356","",""
"12357","2027-01-01","2027-01-31"
"12358","",""
"12359","2026-09-10","2026-10-10"
"12360","2026-08-01","2026-08-31"
"12361","2026-06-15","2026-07-15"
"12362","2026-06-24","2026-07-24"
"12363","2026-07-31","2026-08-30"
"12364","",""
"12365","2026-10-17","2026-11-16"
"12366","2026-06-23","2026-12-20"
"12367","2027-01-01","2027-01-31"
"12368","",""
"12369","2026-06-14","2026-07-14"
"12370","2026-06-17","2026-07-17"
"12371","2026-07-31","2026-08-30"
"12372","2026-08-01","2026-08-31"
"12373","",""
"12374","2026-06-14","2026-07-14"
"12375","2026-09-01","2026-10-01"
"12376","2026-06-20","2026-06-22"
"12377","2026-06-25","2026-06-26"
"12378","2026-08-01","2026-08-31"
"12379","2026-06-22","2026-07-22"
"12380","2026-06-22","2026-07-22"
"12381","2026-07-04","2026-08-03"
"12382","2026-07-26","2026-08-09"
"12383","2026-08-13","2026-09-12"
"12384","",""
"12385","2026-06-22","2026-07-22"
"12386","2026-06-21","2026-06-22"
"12387","2026-07-19","2026-08-18"
"12388","",""
"12389","2026-07-01","2026-07-31"
"12390","2026-10-08","2026-11-07"
"12391","2026-06-14","2026-07-14"
"12392","2026-06-26","2026-06-27"
"12393","2026-06-14","2026-07-14"
"12394","2026-06-23","2026-07-23"
"12395","2026-06-15","2026-07-15"
"12396","",""
"12397","2026-06-29","2026-07-29"
"12398","2026-09-14","2026-10-14"
"12399","2026-06-21","2026-07-21"
"12400","",""
"12401","",""
"12402","2026-06-15","2026-07-15"
"12403","",""
"12404","2026-08-01","2026-08-31"
"12405","",""
"12406","2026-06-25","2026-07-25"
"12407","2026-06-15","2026-07-15"
"12408","2026-08-13","2026-09-12"
"12409","2026-06-16","2026-07-16"
"12410","2026-06-14","2026-07-14"
"12411","2026-06-22","2026-07-22"
"12412","",""
"12413","",""
"12414","2026-06-19","2026-07-19"
"12415","",""
"12416","2026-08-02","2026-09-01"
"12417","",""
"12418","",""
"12419","2026-08-01","2026-08-31"
"12420","2026-09-23","2026-10-23"
"12421","",""
"12422","",""
"12423","2026-08-08","2026-09-07"
"12424","",""
"12425","2026-10-07","2026-11-06"
"12426","2026-09-30","2026-10-30"
"12427","2026-06-14","2026-06-15"
"12428","",""
"12429","2026-06-17","2026-07-17"
"12430","2026-06-14","2026-07-14"
"12431","2026-06-15","2026-07-15"
"12432","2026-09-01","2026-10-01"
"12433","2027-03-12","2027-04-11"
"12434","2026-09-01","2026-10-01"
"12435","2026-06-22","2026-06-23"
"12436","2026-06-18","2026-06-19"
"12437","2026-06-16","2026-07-16"
"12438","2026-11-18","2026-12-18"
"12439","2026-06-15","2026-07-15"
"12440","2026-08-31","2026-09-30"
"12441","2026-08-01","2026-08-31"
"12442","2026-06-16","2026-07-16"
"12443","",""
"12444","2026-06-16","2026-07-16"
"12445","2026-06-14","2026-06-15"
"12446","2026-07-07","2026-08-06"
"12447","2026-06-20","2026-07-20"
"12448","2026-06-17","2026-07-17"
"12449","2026-06-14","2026-07-14"
"12450","2026-06-14","2026-07-14"
"12451","2026-06-16","2026-07-16"
"12452","2026-08-09","2026-10-08"
"12453","",""
"12454","2026-08-26","2026-09-25"
"12455","2026-08-23","2026-09-22"
"12456","2026-09-27","2026-10-27"
"12457","2026-12-20","2027-01-19"
"12458","2026-06-14","2026-07-14"
"12459","2026-08-22","2026-09-21"
"12460","2026-12-02","2027-01-01"
"12461","2026-08-04","2026-08-06"
"12462","2026-06-20","2026-06-23"
"12463","2026-08-01","2026-08-31"
"12464","2026-07-26","2026-08-25"
"12465","2026-06-25","2026-07-25"
"12466","2026-07-26","2026-08-30"
"12467","2026-06-15","2026-07-15"
"12468","2026-09-11","2026-10-11"
"12469","",""
"12470","2026-06-14","2026-07-14"
"12471","2026-08-01","2026-08-31"
"12472","2026-08-01","2026-08-31"
"12473","",""
"12474","2026-06-29","2026-07-29"
"12475","2026-12-19","2027-03-19"
"12476","",""
"12477","",""
"12478","",""
"12479","2026-06-15","2026-07-15"
"12480","2027-04-01","2027-05-01"
"12481","2027-01-01","2027-01-31"
"12482","2026-06-23","2026-06-24"
"12483","",""
"12484","2026-09-19","2026-10-19"
"12485","2026-07-31","2026-08-30"
"12486","2026-06-29","2026-07-29"
"12487","2026-07-20","2026-08-19"
"12488","2026-06-14","2026-07-14"
"12489","2026-06-14","2026-07-14"
"12490","2026-08-04","2026-09-03"
"12491","2026-08-15","2026-09-14"
"12492","2026-07-26","2026-08-25"
"12493","",""
"12494","",""
"12495","2027-04-19","2027-05-19"
"12496","2026-08-12","2026-09-11"
"12497","2026-07-27","2026-08-26"
"12498","2026-10-01","2026-10-03"
"12499","",""
"12500","2026-06-17","2026-07-17"
"12501","2026-06-21","2026-07-21"
"12502","2027-05-01","2027-05-31"
"12503","2026-10-31","2026-11-30"
"12504","2026-10-16","2026-11-15"
"12505","2027-01-01","2027-01-31"
"12506","2026-06-25","2026-07-25"
"12507","2026-06-15","2026-07-15"
"12508","2026-06-14","2026-06-15"
"12509","2026-06-16","2026-07-16"
"12510","2026-06-23","2026-09-21"
"12511","2026-06-24","2026-09-22"
"12512","2026-06-24","2026-09-22"
"12513","2026-06-24","2026-09-22"
"12514","2026-08-03","2026-09-02"
"12515","2027-01-31","2027-03-02"
"12516","2026-11-07","2026-12-07"
"12517","2026-08-13","2026-09-12"
"12518","",""
"12519","2026-06-15","2026-07-15"
"12520","2026-09-11","2026-10-11"
"12521","2026-07-01","2026-07-31"
"12522","2027-03-01","2027-03-31"
"12523","",""
"12524","2026-06-19","2026-07-19"
"12525","2026-11-05","2026-12-05"
"12526","2026-07-16","2026-08-15"
"12527","2026-10-01","2026-10-31"
"12528","2026-08-22","2026-10-21"
"12529","2026-11-28","2026-12-28"
"12530","2026-06-14","2026-07-14"
"12531","2026-08-15","2026-09-14"
"12532","2026-09-04","2026-10-04"
"12533","2026-06-14","2026-06-15"
"12534","2026-06-23","2026-08-02"
"12535","2026-06-15","2026-07-15"
"12536","",""
"12537","2026-06-15","2026-07-15"
"12538","2026-06-25","2026-07-25"
"12539","2027-01-23","2027-02-22"
"12540","",""
"12541","2026-07-27","2026-08-26"
"12542","2026-11-03","2026-12-03"
"12543","",""
"12544","2026-08-09","2026-09-08"
"12545","2026-09-01","2026-10-01"
"12546","",""
"12547","2027-04-30","2027-05-30"
"12548","2026-08-01","2026-08-31"
"12549","2026-11-20","2026-12-20"
"12550","2026-08-10","2026-09-09"
"12551","2026-06-18","2026-06-19"
"12552","",""
"12553","2026-06-15","2026-07-15"
"12554","",""
"12555","",""
"12556","2026-06-22","2026-06-23"
"12557","2026-07-27","2026-08-26"
"12558","2026-07-11","2026-08-10"
"12559","2026-09-23","2026-10-23"
"12560","2026-06-23","2026-07-23"
"12561","",""
"12562","2026-08-01","2026-08-31"
"12563","",""
"12564","2026-07-01","2026-07-31"
"12565","2026-07-12","2026-08-11"
"12566","2026-06-15","2026-06-16"
"12567","2026-06-15","2026-07-15"
"12568","2026-08-14","2026-09-13"
"12569","2026-08-01","2026-08-31"
"12570","2026-06-15","2026-07-15"
"12571","",""
"12572","2026-06-15","2026-07-15"
"12573","2026-09-10","2026-10-10"
"12574","2026-08-16","2026-09-15"
"12575","2026-06-27","2026-07-27"
"12576","2026-06-14","2026-07-14"
"12577","2026-07-04","2026-08-03"
"12578","2027-01-31","2027-03-02"
"12579","2026-06-15","2026-07-15"
"12580","2026-10-18","2026-11-17"
"12581","2026-06-21","2026-07-21"
"12582","2026-06-15","2026-07-15"
"12583","2026-06-26","2026-07-26"
"12584","2026-08-21","2026-09-20"
"12585","2026-06-15","2026-07-15"
"12586","",""
"12587","",""
"12588","",""
"12589","2026-06-30","2026-07-30"
"12590","2026-06-30","2026-07-30"
"12591","",""
"12592","2026-06-14","2026-07-14"
"12593","",""
"12594","2026-06-30","2026-07-30"
"12595","",""
"12596","",""
"12597","",""
"12598","2026-07-01","2026-07-31"
"12599","",""
"12600","",""
"12601","",""
"12602","2026-07-01","2026-07-31"
"12603","2026-07-01","2026-07-31"
"12604","",""
"12605","",""
"12606","",""
"12607","",""
"12608","2026-06-20","2026-07-20"
"12609","",""
"12610","2026-07-01","2026-07-31"
"12611","",""
"12612","",""
"12613","2026-06-17","2026-06-18"
"12614","2026-06-14","2026-06-15"
"12615","2026-06-14","2026-06-15"
"12616","2026-06-17","2026-06-18"
"12617","2026-06-14","2026-06-15"
"12618","2026-12-27","2027-01-26"
"12619","2026-06-15","2026-07-15"
"12620","2026-07-28","2026-08-27"
"12621","2026-09-08","2026-10-08"
"12622","",""
"12623","2026-07-15","2026-07-20"
"12624","2026-08-01","2026-08-31"
"12625","",""
"12626","2026-06-14","2026-07-14"
"12627","2026-06-15","2026-06-17"
"12628","2026-06-14","2026-06-15"
"12629","2026-06-17","2026-07-17"
"12630","2026-06-14","2026-06-15"
"12631","2026-07-01","2026-07-31"
"12632","2026-06-15","2026-07-15"
"12633","2026-08-31","2026-09-30"
"12634","2026-06-22","2026-07-22"
"12635","2026-07-29","2026-08-02"
"12636","2026-06-17","2026-07-17"
"12637","2026-06-15","2026-06-16"
"12638","2026-08-01","2026-08-31"
"12639","2026-08-01","2026-08-31"
"12640","",""
"12641","2026-09-30","2026-10-30"
"12642","2026-06-21","2026-07-22"
"12643","2026-06-18","2026-07-18"
"12644","2026-06-15","2026-07-15"
"12645","",""
"12646","",""
"12647","2026-06-15","2026-07-15"
"12648","2026-12-19","2027-01-18"
"12649","",""
"12650","",""
"12651","2026-06-17","2026-06-18"
"12652","2026-06-14","2026-06-15"
"12653","2026-06-14","2026-06-15"
"12654","2026-10-31","2026-11-30"
"12655","2026-08-01","2026-08-31"
"12656","2026-08-26","2026-09-25"
"12657","2026-07-31","2026-08-30"
"12658","2026-06-14","2026-07-14"
"12659","2026-06-14","2026-07-14"
"12660","2026-11-01","2026-12-01"
"12661","2026-09-01","2026-10-01"
"12662","2026-06-29","2026-06-30"
"12663","",""
"12664","2026-09-06","2026-10-06"
"12665","2026-06-23","2026-06-24"
"12666","2026-07-14","2026-07-15"
"12667","2026-07-21","2026-08-20"
"12668","2026-06-16","2026-07-16"
"12669","2026-06-14","2026-07-14"
"12670","",""
"12671","2027-01-01","2027-01-31"
"12672","",""
"12673","2026-07-20","2026-08-19"
"12674","2026-07-04","2026-07-09"
"12675","2026-06-20","2026-06-25"
"12676","2026-12-22","2027-01-21"
"12677","2026-06-15","2026-07-15"
"12678","2026-09-13","2026-10-13"
"12679","2026-07-04","2026-08-03"
"12680","2026-06-22","2026-06-24"
"12681","2026-07-25","2026-08-24"
"12682","2026-09-24","2026-10-24"
"12683","2026-09-09","2026-10-09"
"12684","2026-08-13","2026-09-12"
"12685","",""
"12686","2026-06-15","2026-07-15"
"12687","2026-09-16","2026-10-16"
"12688","2026-06-16","2026-06-18"
"12689","2026-09-28","2026-10-28"
"12690","2026-06-21","2026-06-23"
"12691","2026-09-18","2026-10-18"
"12692","2026-09-02","2026-10-02"
"12693","2026-12-20","2027-01-19"
"12694","2026-06-16","2026-07-16"
"12695","2026-07-09","2026-07-13"
"12696","2026-06-14","2026-06-15"
"12697","",""
"12698","2026-07-31","2026-08-30"
"12699","2026-10-01","2026-10-31"
"12700","2026-06-15","2026-06-16"
"12701","2026-08-10","2026-09-09"
"12702","2026-07-11","2026-07-15"
"12703","2026-09-01","2026-10-01"
"12704","2026-08-09","2026-09-08"
"12705","2026-07-01","2026-07-31"
"12706","2026-08-31","2026-09-30"
"12707","2026-07-02","2026-07-04"
"12708","2026-06-15","2026-07-15"
"12709","2026-06-16","2026-07-16"
"12710","2026-06-30","2026-07-30"
"12711","2026-07-31","2026-08-30"
"12712","",""
"12713","2026-08-01","2026-08-31"
"12714","2026-06-21","2026-06-22"
"12715","2026-06-15","2026-06-16"
"12716","2026-06-18","2026-06-19"
"12717","2026-06-14","2026-06-15"
"12718","",""
"12719","",""
"12720","2026-10-01","2026-10-31"
"12721","",""
"12722","2026-07-31","2026-08-30"
"12723","2026-07-07","2026-08-06"
"12724","2026-06-15","2026-06-16"
"12725","2026-06-15","2026-07-15"
"12726","",""
"12727","",""
"12728","2026-06-23","2026-09-21"
"12729","2026-07-05","2026-07-07"
"12730","2026-06-16","2026-07-16"
"12731","2026-06-16","2026-07-16"
"12732","2026-06-14","2026-07-14"
"12733","2026-06-15","2026-07-15"
"12734","2026-07-31","2026-08-30"
"12735","2026-06-14","2026-07-14"
"12736","2026-08-08","2026-09-07"
"12737","2026-11-01","2026-12-01"
"12738","2026-06-14","2026-06-15"
"12739","2026-06-22","2026-06-25"
"12740","2026-06-21","2026-07-21"
"12741","2026-07-24","2026-08-23"
"12742","2026-08-15","2026-09-14"
"12743","",""
"12744","2026-08-15","2026-09-14"
"12745","2026-10-31","2026-11-30"
"12746","2026-08-01","2026-08-31"
"12747","2026-07-12","2026-08-11"
"12748","2026-08-05","2026-09-04"
"12749","2026-12-01","2026-12-31"
"12750","2026-08-01","2026-08-31"
"12751","2026-07-02","2026-07-04"
"12752","2026-06-17","2026-07-17"
"12753","2026-09-02","2026-10-02"
"12754","2026-06-22","2026-07-22"
"12755","2026-07-22","2026-07-26"
"12756","",""
"12757","2026-06-16","2026-07-16"
"12758","2026-07-10","2026-08-09"
"12759","2026-06-22","2026-07-22"
"12760","2026-06-14","2026-07-14"
"12761","2026-06-30","2026-07-02"
"12762","2026-09-05","2026-10-05"
"12763","",""
"12764","",""
"12765","",""
"12766","",""
"12767","",""
"12768","2026-07-02","2026-08-01"
"12769","2026-06-25","2026-06-26"
"12770","",""
"12771","",""
"12772","2026-07-31","2026-08-30"
"12773","2026-06-17","2026-07-17"
"12774","2027-02-09","2027-03-11"
"12775","2026-06-17","2026-06-19"
"12776","2026-06-15","2026-07-15"
"12777","2026-06-21","2026-07-21"
"12778","",""
"12779","2026-06-14","2026-06-15"
"12780","",""
"12781","",""
"12782","2026-06-15","2026-07-15"
"12783","2026-06-30","2026-09-28"
"12784","2026-10-04","2026-10-05"
"12785","",""
"12786","2026-07-06","2026-08-05"
"12787","2026-08-15","2026-09-14"
"12788","2026-07-06","2026-07-08"
"12789","2026-06-14","2026-07-14"
"12790","2026-06-14","2026-07-14"
"12791","2026-07-21","2026-08-20"
"12792","2026-06-25","2026-07-25"
"12793","2026-07-27","2026-07-30"
"12794","2026-08-01","2026-08-31"
"12795","2026-06-21","2026-07-21"
"12796","",""
"12797","2026-10-02","2026-11-01"
"12798","2026-07-21","2026-07-23"
"12799","2026-08-16","2026-09-15"
"12800","2026-08-08","2026-09-07"
"12801","2026-06-30","2026-07-02"
"12802","2026-06-14","2026-07-14"
"12803","2026-06-15","2026-06-17"
"12804","2026-06-18","2026-07-18"
"12805","2026-06-15","2026-07-15"
"12806","2026-06-15","2026-07-15"
"12807","2026-06-15","2026-07-15"
"12808","",""
"12809","2026-08-22","2026-09-21"
"12810","2026-07-02","2026-08-01"
"12811","2026-11-17","2026-12-17"
"12812","2026-06-30","2026-07-04"
"12813","2026-08-22","2026-09-21"
"12814","2026-06-29","2026-07-01"
"12815","2026-07-17","2026-08-16"
"12816","2026-07-31","2026-08-30"
"12817","",""
"12818","2026-06-14","2026-07-14"
"12819","",""
"12820","",""
"12821","2026-06-17","2026-07-17"
"12822","2026-06-18","2026-06-19"
"12823","2026-06-15","2026-06-16"
"12824","2026-06-28","2026-07-28"
"12825","2026-08-01","2026-08-31"
"12826","2026-09-18","2026-10-18"
"12827","2026-08-15","2026-09-14"
"12828","2026-08-23","2026-09-22"
"12829","2026-09-14","2026-10-14"
"12830","2026-08-08","2026-09-07"
"12831","2026-12-17","2027-01-16"
"12832","2026-07-08","2026-07-09"
"12833","2026-07-10","2026-08-09"
"12834","",""
"12835","2026-06-16","2026-07-16"
"12836","2026-08-14","2026-09-13"
"12837","2026-06-15","2026-07-15"
"12838","2026-07-13","2026-08-12"
"12839","2026-06-15","2026-07-15"
"12840","2026-06-16","2026-07-16"
"12841","2026-06-15","2026-07-15"
"12842","",""
"12843","",""
"12844","2026-08-12","2026-08-15"
"12845","2026-07-16","2026-08-15"
"12846","",""
"12847","",""
"12848","",""
"12849","2026-07-05","2026-07-07"
"12850","2026-09-13","2026-10-13"
"12851","2026-06-22","2026-07-22"
"12852","2027-01-01","2027-01-31"
"12853","2026-06-14","2026-07-14"
"12854","2026-08-19","2026-11-17"
"12855","2026-07-12","2026-08-11"
"12856","2026-06-17","2026-06-18"
"12857","",""
"12858","2026-09-01","2026-10-01"
"12859","2026-06-14","2026-07-14"
"12860","",""
"12861","",""
"12862","2026-06-14","2026-06-15"
"12863","2026-06-26","2026-07-26"
"12864","2026-06-16","2026-06-17"
"12865","2026-06-18","2026-06-19"
"12866","",""
"12867","",""
"12868","",""
"12869","",""
"12870","2026-06-15","2026-07-15"
"12871","2026-10-01","2026-10-31"
"12872","2026-07-08","2026-08-07"
"12873","2026-06-23","2026-10-01"
"12874","2026-06-23","2026-06-24"
"12875","2026-06-26","2026-07-26"
"12876","2026-06-14","2026-07-14"
"12877","",""
"12878","2026-06-14","2026-07-14"
"12879","2026-11-01","2026-12-01"
"12880","2026-07-01","2026-07-31"
"12881","2026-07-01","2026-07-31"
"12882","",""
"12883","2026-06-27","2026-06-30"
"12884","2026-08-05","2026-09-04"
"12885","2026-07-10","2026-08-09"
"12886","2027-03-01","2027-03-31"
"12887","2026-07-27","2026-08-26"
"12888","2026-07-08","2026-08-07"
"12889","2026-09-01","2026-10-01"
"12890","2026-06-21","2026-06-23"
"12891","2026-06-15","2026-07-15"
"12892","2026-06-14","2026-07-14"
"12893","2026-06-14","2026-06-15"
"12894","2026-08-01","2026-08-31"
"12895","2026-06-30","2026-07-02"
"12896","2026-08-09","2026-09-08"
"12897","2026-06-20","2026-06-22"
"12898","2026-06-15","2026-07-15"
"12899","",""
"12900","2026-06-14","2026-07-14"
"12901","2026-06-14","2026-07-14"
"12902","2026-06-15","2026-07-15"
"12903","2026-06-28","2026-07-28"
"12904","",""
"12905","2026-12-27","2027-01-26"
"12906","2026-07-28","2026-08-27"
"12907","2026-09-08","2026-10-08"
"12908","2026-06-15","2026-06-16"
"12909","2026-06-15","2026-06-16"
"12910","2026-06-15","2026-06-16"
"12911","2026-06-15","2026-07-15"
"12912","2026-06-30","2026-07-03"
"12913","2026-06-21","2026-06-22"
"12914","2026-08-03","2026-09-17"
"12915","2026-09-01","2026-10-01"
"12916","",""
"12917","",""
"12918","2026-07-11","2026-08-10"
"12919","2026-08-16","2026-09-15"
"12920","2026-08-02","2026-09-01"
"12921","2026-08-31","2026-09-30"
"12922","",""
"12923","",""
"12924","2026-06-17","2026-06-19"
"12925","2026-06-15","2026-06-16"
"12926","2026-06-17","2026-06-18"
"12927","2026-06-15","2026-07-15"
"12928","",""
"12929","2026-08-09","2026-09-08"
"12930","2026-07-31","2026-08-30"
"12931","2026-08-01","2026-08-31"
"12932","2026-09-13","2026-10-13"
"12933","",""
"12934","2026-09-01","2026-10-01"
"12935","2026-06-19","2026-06-20"
"12936","2026-12-09","2027-01-08"
"12937","2026-06-17","2026-06-18"
"12938","2026-08-16","2026-09-15"
"12939","2026-08-05","2026-09-04"
"12940","2026-06-17","2026-06-19"
"12941","2026-06-29","2026-07-29"
"12942","",""
"12943","",""
"12944","",""
"12945","2026-07-24","2026-08-23"
"12946","2026-06-18","2026-07-18"
"12947","2026-06-15","2026-06-17"
"12948","",""
"12949","2026-06-22","2026-07-22"
"12950","2026-08-15","2026-09-14"
"12951","2026-06-29","2026-07-29"
"12952","2026-06-30","2026-07-30"
"12953","",""
"12954","",""
"12955","2026-08-17","2026-09-16"
"12956","2026-09-01","2026-10-01"
"12957","2027-01-01","2027-01-31"
"12958","2026-06-28","2026-07-01"
"12959","2026-12-11","2027-01-10"
"12960","2026-06-25","2026-07-25"
"12961","2026-06-15","2026-07-15"
"12962","2026-07-01","2026-07-31"
"12963","2027-01-01","2027-01-31"
"12964","2026-06-14","2026-07-14"
"12965","",""
"12966","2026-06-15","2026-07-15"
"12967","2026-08-15","2026-09-14"
"12968","2026-06-14","2026-07-14"
"12969","2026-06-21","2026-07-21"
"12970","",""
"12971","",""
"12972","2026-06-14","2026-07-14"
"12973","2026-06-25","2026-07-25"
"12974","2026-06-14","2026-07-14"
"12975","2026-06-15","2026-07-15"
"12976","2026-08-01","2026-08-31"
"12977","2026-06-15","2026-07-15"
"12978","2026-06-17","2026-07-17"
"12979","",""
"12980","2026-07-18","2026-08-17"
"12981","2026-06-15","2026-07-15"
"12982","2026-11-19","2026-12-19"
"12983","",""
"12984","2027-01-17","2027-01-18"
"12985","2027-03-05","2027-03-06"
"12986","2026-06-27","2026-07-27"
"12987","",""
"12988","2026-06-17","2026-06-19"
"12989","2026-07-25","2026-07-29"
"12990","",""
"12991","2026-06-15","2026-06-18"
"12992","",""
"12993","2026-06-15","2026-06-16"
"12994","",""
"12995","2026-06-14","2026-07-14"
"12996","2026-07-31","2026-08-30"
"12997","2026-07-28","2026-08-27"
"12998","",""
"12999","2026-06-14","2026-07-14"
"13000","",""
"13001","",""
"13002","2026-09-01","2026-10-01"
"13003","2026-06-15","2026-07-15"
"13004","2026-07-31","2026-08-30"
"13005","2026-07-03","2026-08-02"
"13006","2026-10-13","2026-10-14"
"13007","2026-08-03","2026-09-02"
"13008","",""
"13009","2026-06-15","2026-07-15"
"13010","2026-07-10","2026-08-09"
"13011","2026-06-21","2026-07-21"
"13012","2026-10-01","2026-10-31"
"13013","2026-11-22","2026-12-22"
"13014","2026-06-14","2026-06-15"
"13015","",""
"13016","2026-10-23","2026-11-22"
"13017","2026-10-15","2026-11-14"
"13018","2026-06-21","2026-07-21"
"13019","2026-06-21","2026-07-21"
"13020","2026-07-07","2026-08-06"
"13021","2026-08-02","2026-09-01"
"13022","2026-08-12","2026-09-11"
"13023","2026-06-26","2026-07-26"
"13024","2026-07-12","2026-08-11"
"13025","2026-06-15","2026-06-16"
"13026","2026-06-15","2026-06-16"
"13027","2027-01-09","2027-02-08"
"13028","2026-06-15","2026-06-16"
"13029","2026-06-18","2026-06-19"
"13030","2026-06-17","2026-06-18"
"13031","2026-07-31","2026-08-30"
"13032","2026-06-14","2026-07-14"
"13033","",""
"13034","2027-05-01","2027-05-31"
"13035","2026-08-06","2026-09-05"
"13036","2026-06-28","2026-06-30"
"13037","2026-06-22","2026-06-24"
"13038","2026-07-20","2026-08-19"
"13039","2026-09-23","2026-10-23"
"13040","",""
"13041","2026-06-15","2026-07-15"
"13042","2026-06-15","2026-07-16"
"13043","",""
"13044","2026-06-15","2026-07-15"
"13045","2026-06-14","2026-07-14"
"13046","2026-12-12","2027-01-11"
"13047","2026-06-15","2026-07-15"
"13048","2026-12-19","2027-01-18"
"13049","2026-09-01","2026-10-01"
"13050","2026-06-18","2026-07-18"
"13051","2026-07-01","2026-07-31"
"13052","2026-10-15","2026-11-14"
"13053","",""
"13054","",""
"13055","2027-01-01","2027-01-31"
"13056","2026-06-23","2026-06-24"
"13057","2026-09-03","2026-10-03"
"13058","2026-06-15","2026-06-22"
"13059","",""
"13060","",""
"13061","2026-11-18","2026-12-18"
"13062","",""
"13063","",""
"13064","2026-06-15","2026-07-15"
"13065","2026-09-01","2026-09-02"
"13066","2026-06-15","2026-07-15"
"13067","2026-08-31","2026-09-30"
"13068","2026-06-14","2026-07-14"
"13069","2026-06-15","2026-07-15"
"13070","2026-06-15","2026-07-15"
"13071","2026-06-29","2026-07-29"
"13072","2026-06-14","2026-06-15"
"13073","2026-07-31","2026-08-30"
"13074","2026-06-28","2026-06-29"
"13075","2026-07-17","2026-08-16"
"13076","",""
"13077","",""
"13078","",""
"13079","2026-06-15","2026-06-17"
"13080","2026-11-01","2026-12-01"
"13081","",""
"13082","2026-06-14","2026-07-14"
"13083","2026-06-22","2026-07-22"
"13084","2026-07-10","2026-08-09"
"13085","2026-06-14","2026-07-14"
"13086","2026-06-29","2026-07-03"
"13087","2026-06-14","2026-07-14"
"13088","2026-08-29","2026-09-28"
"13089","2026-08-31","2026-09-30"
"13090","",""
"13091","2026-08-22","2026-09-21"
"13092","2026-06-14","2026-07-14"
"13093","2027-04-17","2027-05-17"
"13094","2026-06-14","2026-07-14"
"13095","2026-09-01","2026-10-01"
"13096","",""
"13097","2026-06-15","2026-07-15"
"13098","2026-06-22","2026-07-22"
"13099","2026-06-15","2026-07-15"
"13100","2026-06-15","2026-07-15"
"13101","2026-06-16","2026-07-16"
"13102","2026-08-18","2026-09-17"
"13103","2026-06-14","2026-07-14"
"13104","2026-06-15","2026-07-15"
"13105","2026-09-08","2026-10-08"
"13106","",""
"13107","2026-07-26","2026-08-25"
"13108","2026-06-14","2026-07-14"
"13109","2026-08-01","2026-08-31"
"13110","",""
"13111","2026-07-26","2026-08-25"
"13112","",""
"13113","2026-07-18","2026-07-20"
"13114","2026-07-20","2026-07-22"
"13115","",""
"13116","",""
"13117","2026-08-21","2026-09-20"
"13118","",""
"13119","",""
"13120","",""
"13121","2026-07-01","2026-07-30"
"13122","2027-04-22","2027-05-22"
"13123","2026-07-01","2026-07-31"
"13124","2026-06-17","2026-06-19"
"13125","2026-07-12","2026-08-11"
"13126","2027-03-16","2027-04-15"
"13127","",""
"13128","",""
"13129","",""
"13130","2026-12-31","2027-01-30"
"13131","2026-06-14","2026-07-14"
"13132","2026-07-19","2026-08-18"
"13133","2026-07-26","2026-08-25"
"13134","2026-06-22","2026-07-22"
"13135","2026-06-15","2026-07-15"
"13136","",""
"13137","2026-12-31","2027-01-30"
"13138","2026-07-24","2026-08-23"
"13139","2026-07-31","2026-08-30"
"13140","2026-07-14","2026-08-13"
"13141","",""
"13142","",""
"13143","",""
"13144","",""
"13145","",""
"13146","",""
"13147","2026-08-08","2026-09-07"
"13148","",""
"13149","",""
"13150","",""
"13151","",""
"13152","",""
"13153","2026-06-14","2026-07-14"
"13154","",""
"13155","",""
"13156","2026-06-16","2026-07-16"
"13157","2026-07-20","2026-08-19"
"13158","2026-10-01","2026-10-31"
"13159","2026-08-01","2026-08-31"
"13160","2026-06-15","2026-07-15"
"13161","2026-09-23","2026-10-23"
"13162","2026-07-13","2026-07-15"
"13163","2026-06-16","2026-07-16"
"13164","2026-09-01","2026-10-01"
"13165","",""
"13166","2027-02-28","2027-03-30"
"13167","2026-06-26","2026-07-26"
"13168","2026-08-02","2026-09-01"
"13169","",""
"13170","2026-06-15","2026-07-15"
"13171","2026-09-27","2026-10-27"
"13172","2026-08-01","2026-08-31"
"13173","2026-06-16","2026-07-16"
"13174","",""
"13175","2026-11-27","2026-12-27"
"13176","2026-07-11","2026-08-10"
"13177","2026-07-02","2026-08-01"
"13178","2026-06-15","2026-07-15"
"13179","",""
"13180","",""
"13181","2026-07-03","2026-08-02"
"13182","",""
"13183","",""
"13184","",""
"13185","2026-07-05","2026-08-04"
"13186","2026-12-20","2027-01-19"
"13187","2026-07-31","2026-10-29"
"13188","2026-09-17","2026-10-17"
"13189","2026-06-15","2026-07-15"
"13190","2026-06-16","2026-06-17"
"13191","2027-01-01","2027-01-31"
"13192","2026-06-21","2026-07-21"
"13193","2026-06-21","2026-07-21"
"13194","2026-07-29","2026-08-28"
"13195","",""
"13196","2026-08-19","2026-09-18"
"13197","2026-06-14","2026-06-15"
"13198","2026-06-15","2026-07-15"
"13199","",""
"13200","2026-06-21","2026-06-23"
"13201","",""
"13202","2026-06-16","2026-07-16"
"13203","",""
"13204","2026-07-15","2026-08-14"
"13205","2026-06-14","2026-07-14"
"13206","2026-11-20","2026-12-20"
"13207","2026-06-15","2026-07-15"
"13208","",""
"13209","2026-10-28","2026-11-27"
"13210","",""
"13211","2026-06-14","2026-07-14"
"13212","",""
"13213","",""
"13214","",""
"13215","",""
"13216","2026-08-06","2026-09-05"
"13217","2026-07-04","2026-07-06"
"13218","2026-06-16","2026-06-17"
"13219","",""
"13220","2026-06-15","2026-07-15"
"13221","",""
"13222","",""
"13223","2026-11-05","2026-12-05"
"13224","",""
"13225","2026-06-15","2026-07-15"
"13226","2026-07-10","2026-07-12"
"13227","2026-09-29","2026-10-29"
"13228","2026-08-31","2026-09-30"
"13229","2026-08-10","2026-09-09"
"13230","2026-08-12","2026-09-11"
"13231","2026-08-01","2026-08-31"
"13232","2026-06-25","2026-12-22"
"13233","",""
"13234","2026-06-30","2026-07-30"
"13235","",""
"13236","",""
"13237","",""
"13238","2026-07-03","2026-07-08"
"13239","2026-06-14","2026-07-14"
"13240","",""
"13241","2026-09-01","2026-10-01"
"13242","2026-09-01","2026-10-01"
"13243","2026-06-18","2026-06-19"
"13244","",""
"13245","2026-06-16","2026-06-17"
"13246","2026-08-29","2026-09-28"
"13247","2026-07-07","2026-07-09"
"13248","2026-06-18","2026-06-19"
"13249","2026-08-08","2026-09-07"
"13250","2026-06-21","2026-07-21"
"13251","2026-07-27","2026-10-25"
"13252","2026-07-04","2026-08-03"
"13253","2026-08-08","2026-09-07"
"13254","2026-06-14","2026-07-14"
"13255","2026-08-18","2026-09-17"
"13256","2026-09-18","2026-10-18"
"13257","2026-06-15","2026-07-15"
"13258","",""
"13259","2026-07-01","2026-07-02"
"13260","2026-09-14","2026-10-14"
"13261","2026-08-01","2026-08-31"
"13262","2026-08-15","2026-09-14"
"13263","2026-06-19","2026-06-20"
"13264","2026-06-14","2026-07-14"
"13265","2027-01-01","2027-01-31"
"13266","2026-07-08","2026-08-07"
"13267","",""
"13268","2026-06-16","2026-06-18"
"13269","2026-06-15","2026-07-15"
"13270","2026-06-14","2026-07-14"
"13271","",""
"13272","2026-12-01","2026-12-31"
"13273","",""
"13274","",""
"13275","",""
"13276","",""
"13277","",""
"13278","",""
"13279","2026-06-18","2026-06-19"
"13280","",""
"13281","",""
"13282","",""
"13283","",""
"13284","2026-10-16","2026-11-15"
"13285","2026-07-27","2026-08-26"
"13286","",""
"13287","2026-07-01","2026-07-02"
"13288","2026-06-15","2026-06-16"
"13289","2026-06-14","2026-06-15"
"13290","2026-07-03","2026-07-05"
"13291","2026-06-16","2026-07-16"
"13292","2026-07-31","2026-08-30"
"13293","",""
"13294","2026-06-30","2026-07-30"
"13295","2026-08-30","2026-09-29"
"13296","2026-08-04","2026-09-03"
"13297","",""
"13298","2027-01-01","2027-01-31"
"13299","2027-01-01","2027-01-31"
"13300","2026-08-01","2026-08-31"
"13301","",""
"13302","",""
"13303","",""
"13304","2026-08-08","2026-09-07"
"13305","",""
"13306","2026-06-14","2026-07-14"
"13307","2027-01-01","2027-01-31"
"13308","2026-07-31","2026-08-30"
"13309","2026-07-01","2026-07-31"
"13310","2027-03-01","2027-03-31"
"13311","2026-07-16","2026-08-15"
"13312","2026-06-18","2026-06-19"
"13313","2026-06-19","2026-06-20"
"13314","2026-06-19","2026-06-22"
"13315","",""
"13316","",""
"13317","2026-10-01","2026-10-31"
"13318","2026-08-01","2026-08-31"
"13319","",""
"13320","2026-08-01","2026-08-31"
"13321","2026-06-25","2026-07-25"
"13322","",""
"13323","2026-08-12","2026-08-16"
"13324","",""
"13325","",""
"13326","",""
"13327","2026-08-17","2026-09-16"
"13328","2026-06-15","2026-07-15"
"13329","2026-12-13","2027-01-12"
"13330","2026-06-15","2026-07-15"
"13331","2026-06-17","2026-06-19"
"13332","2026-06-30","2026-07-30"
"13333","2026-07-01","2026-07-31"
"13334","2026-06-15","2026-07-15"
"13335","",""
"13336","2026-09-03","2026-10-03"
"13337","2026-08-01","2026-08-31"
"13338","2026-11-01","2026-12-01"
"13339","2026-09-27","2026-10-27"
"13340","",""
"13341","2026-06-15","2026-07-15"
"13342","2026-07-06","2026-10-04"
"13343","2026-08-31","2026-09-30"
"13344","",""
"13345","2027-04-01","2027-05-01"
"13346","2026-06-15","2026-07-15"
"13347","",""
"13348","2026-08-10","2026-09-09"
"13349","",""
"13350","2026-06-15","2026-06-17"
"13351","2026-06-18","2026-06-21"
"13352","2026-11-01","2026-12-01"
"13353","",""
"13354","",""
"13355","",""
"13356","2027-01-01","2027-01-31"
"13357","2027-01-01","2027-01-31"
"13358","2026-06-17","2026-07-17"
"13359","2026-08-16","2026-09-15"
"13360","2026-06-21","2026-07-21"
"13361","2026-06-15","2026-07-15"
"13362","2026-06-15","2026-07-15"
"13363","2026-06-14","2026-07-14"
"13364","2026-08-02","2026-09-01"
"13365","",""
"13366","",""
"13367","",""
"13368","2026-11-12","2026-12-12"
"13369","2026-06-15","2026-07-15"
"13370","2026-06-15","2026-07-15"
"13371","2026-06-14","2026-06-15"
"13372","2026-06-15","2026-07-15"
"13373","2026-07-14","2026-08-13"
"13374","2026-06-25","2026-09-23"
"13375","2026-06-16","2026-07-16"
"13376","2026-07-13","2026-08-12"
"13377","2026-07-15","2026-08-14"
"13378","",""
"13379","2026-06-21","2026-07-21"
"13380","2026-10-12","2026-11-11"
"13381","2026-07-05","2026-07-07"
"13382","",""
"13383","",""
"13384","2026-06-14","2026-07-14"
"13385","2026-06-15","2026-06-16"
"13386","2026-08-02","2026-09-01"
"13387","2026-06-15","2026-07-15"
"13388","2026-06-15","2026-07-15"
"13389","2026-08-07","2026-09-06"
"13390","",""
"13391","2026-06-15","2026-07-15"
"13392","2026-07-07","2026-07-14"
"13393","2027-02-28","2027-03-30"
"13394","",""
"13395","",""
"13396","",""
"13397","2026-06-14","2026-07-14"
"13398","2026-06-16","2026-07-16"
"13399","2026-08-08","2026-09-07"
"13400","2026-06-22","2026-06-23"
"13401","2026-08-16","2026-09-15"
"13402","2026-08-07","2026-09-06"
"13403","2026-07-27","2026-08-26"
"13404","2026-07-02","2026-08-01"
"13405","2026-06-14","2026-07-14"
"13406","2027-01-01","2027-01-02"
"13407","2026-08-11","2026-08-23"
"13408","2026-06-21","2026-06-22"
"13409","2026-07-04","2026-07-07"
"13410","2026-06-15","2026-07-15"
"13411","",""
"13412","2026-06-15","2026-07-15"
"13413","2026-08-05","2026-09-04"
"13414","2026-06-15","2026-07-15"
"13415","2026-06-16","2026-07-16"
"13416","2026-06-16","2026-07-16"
"13417","2026-06-16","2026-07-16"
"13418","2026-06-16","2026-07-16"
"13419","2026-07-01","2026-07-31"
"13420","",""
"13421","2026-07-16","2026-08-15"
"13422","2026-06-14","2026-07-14"
"13423","2026-06-15","2026-07-15"
"13424","2026-06-14","2026-07-14"
"13425","",""
"13426","",""
"13427","",""
"13428","2026-06-20","2026-06-22"
"13429","2026-10-01","2026-10-31"
"13430","2026-08-31","2026-09-30"
"13431","2026-06-16","2026-07-16"
"13432","2026-08-08","2026-09-07"
"13433","2026-08-31","2026-09-30"
"13434","2026-07-04","2026-08-03"
"13435","2026-07-05","2026-07-07"
"13436","2026-11-22","2026-12-22"
"13437","2026-12-01","2026-12-31"
"13438","",""
"13439","",""
"13440","2026-06-15","2026-07-15"
"13441","2026-07-01","2026-07-31"
"13442","2026-08-01","2026-08-31"
"13443","2026-07-02","2026-07-03"
"13444","",""
"13445","2026-06-15","2026-07-15"
"13446","2026-08-03","2026-08-05"
"13447","2027-01-01","2027-01-31"
"13448","2026-08-24","2026-09-23"
"13449","2026-06-15","2026-07-15"
"13450","",""
"13451","",""
"13452","2026-06-28","2026-06-30"
"13453","",""
"13454","2026-09-02","2026-10-02"
"13455","2026-08-02","2026-09-01"
"13456","2026-06-15","2026-07-15"
"13457","2026-08-16","2026-09-15"
"13458","2026-10-31","2026-11-30"
"13459","2026-08-10","2026-09-09"
"13460","2026-06-23","2026-06-24"
"13461","2026-08-02","2026-09-01"
"13462","2026-06-15","2026-07-15"
"13463","2027-04-13","2027-05-13"
"13464","",""
"13465","",""
"13466","2026-06-15","2026-07-15"
"13467","2026-06-14","2026-07-14"
"13468","2026-07-05","2026-07-07"
"13469","2026-06-28","2026-07-01"
"13470","2026-07-08","2026-07-09"
"13471","2026-06-14","2026-07-14"
"13472","2026-06-23","2026-12-20"
"13473","2026-06-20","2026-07-20"
"13474","2026-08-05","2026-09-04"
"13475","2026-07-17","2026-08-17"
"13476","2026-12-22","2027-01-21"
"13477","2026-08-31","2026-09-30"
"13478","2027-01-02","2027-02-01"
"13479","2026-06-15","2026-07-15"
"13480","2026-08-01","2026-08-31"
"13481","",""
"13482","2026-07-06","2026-08-05"
"13483","2026-12-20","2027-01-19"
"13484","",""
"13485","2027-01-01","2027-01-31"
"13486","2026-07-21","2026-08-20"
"13487","2026-07-01","2026-07-31"
"13488","2026-06-29","2026-07-02"
"13489","",""
"13490","2026-07-31","2026-08-30"
"13491","2026-08-21","2026-09-20"
"13492","2026-06-16","2026-07-16"
"13493","2026-06-15","2026-07-15"
"13494","2026-06-15","2026-07-15"
"13495","2026-06-16","2026-07-16"
"13496","2026-06-16","2026-07-16"
"13497","2026-06-16","2026-07-16"
"13498","2026-06-16","2026-07-16"
"13499","2026-06-16","2026-07-16"
"13500","2026-06-27","2026-06-28"
"13501","",""
"13502","2026-06-14","2026-07-14"
"13503","2026-06-20","2026-06-23"
"13504","2026-08-31","2026-11-29"
"13505","2026-08-09","2026-09-08"
"13506","2026-06-20","2026-06-22"
"13507","2026-06-15","2026-07-15"
"13508","2026-06-17","2026-07-17"
"13509","2026-07-21","2026-07-24"
"13510","",""
"13511","",""
"13512","2026-06-29","2026-07-29"
"13513","2026-06-29","2026-07-29"
"13514","",""
"13515","",""
"13516","2026-07-31","2026-08-30"
"13517","2026-10-03","2026-11-02"
"13518","",""
"13519","",""
"13520","2026-09-23","2026-10-23"
"13521","2026-10-20","2026-11-19"
"13522","2026-06-20","2026-06-23"
"13523","",""
"13524","2026-06-15","2026-07-15"
"13525","2026-07-01","2026-07-02"
"13526","2026-07-02","2026-07-03"
"13527","2026-07-10","2026-08-09"
"13528","2026-06-30","2026-07-30"
"13529","",""
"13530","2026-07-06","2026-08-05"
"13531","2026-07-06","2026-08-05"
"13532","2026-06-16","2026-06-17"
"13533","",""
"13534","2026-06-14","2026-07-14"
"13535","2026-08-15","2026-09-14"
"13536","2026-08-27","2026-09-26"
"13537","2026-07-26","2026-08-25"
"13538","2026-06-30","2026-07-30"
"13539","",""
"13540","2026-06-15","2026-07-15"
"13541","2026-06-14","2026-07-14"
"13542","2026-08-15","2026-09-14"
"13543","2026-08-17","2026-09-16"
"13544","2026-06-15","2026-07-15"
"13545","2026-11-30","2026-12-30"
"13546","2026-06-30","2026-07-01"
"13547","2026-07-21","2026-08-20"
"13548","2026-06-14","2026-07-14"
"13549","2026-08-10","2026-09-09"
"13550","",""
"13551","2026-06-15","2026-07-15"
"13552","2026-06-16","2026-07-16"
"13553","2026-06-16","2026-07-16"
"13554","2026-06-16","2026-07-16"
"13555","2026-06-16","2026-07-16"
"13556","2026-06-16","2026-07-16"
"13557","2026-06-16","2026-07-16"
"13558","2026-06-14","2026-07-14"
"13559","",""
"13560","2027-01-03","2027-02-02"
"13561","2026-11-08","2026-12-08"
"13562","2026-07-31","2026-08-30"
"13563","2026-07-18","2026-08-17"
"13564","2026-06-15","2026-07-15"
"13565","2026-06-21","2026-06-22"
"13566","",""
"13567","2026-10-31","2026-11-30"
"13568","2026-06-16","2026-07-16"
"13569","2026-07-18","2026-08-17"
"13570","2027-03-01","2027-03-31"
"13571","",""
"13572","",""
"13573","2027-03-06","2027-04-05"
"13574","2026-08-02","2026-09-01"
"13575","2026-09-28","2026-12-27"
"13576","2026-07-31","2026-08-02"
"13577","",""
"13578","2026-06-15","2026-07-15"
"13579","2026-07-15","2026-08-14"
"13580","2026-08-05","2026-09-04"
"13581","2026-07-16","2026-08-15"
"13582","",""
"13583","",""
"13584","2026-08-31","2026-09-30"
"13585","2026-06-15","2026-07-15"
"13586","2026-06-16","2026-06-17"
"13587","2026-06-16","2026-06-17"
"13588","2026-08-05","2026-09-04"
"13589","2026-07-05","2026-08-04"
"13590","",""
"13591","2027-01-01","2027-01-31"
"13592","2026-07-20","2026-07-22"
"13593","2026-12-29","2027-01-28"
"13594","2026-08-03","2026-09-02"
"13595","2026-06-14","2026-07-14"
"13596","2026-06-15","2026-07-15"
"13597","2026-08-01","2026-08-31"
"13598","",""
"13599","2026-11-27","2026-12-27"
"13600","",""
"13601","2026-06-24","2026-07-24"
"13602","2026-07-11","2026-08-10"
"13603","2026-06-15","2026-07-15"
"13604","2026-07-30","2026-08-29"
"13605","",""
"13606","2026-07-31","2026-08-30"
"13607","2026-07-17","2026-08-16"
"13608","2026-06-14","2026-07-14"
"13609","2026-06-15","2026-07-15"
"13610","",""
"13611","2026-07-01","2026-07-31"
"13612","2026-07-08","2026-08-07"
"13613","2026-06-14","2026-06-15"
"13614","",""
"13615","2026-08-09","2026-09-08"
"13616","",""
"13617","2026-11-23","2026-12-23"
"13618","2026-10-01","2026-11-01"
"13619","2026-12-22","2027-01-31"
"13620","2026-06-24","2026-07-24"
"13621","2026-07-01","2026-07-31"
"13622","2026-06-24","2026-08-23"
"13623","2026-08-31","2026-09-30"
"13624","2026-06-14","2026-07-14"
"13625","2026-06-14","2026-07-14"
"13626","2026-08-02","2026-09-01"
"13627","2026-08-13","2026-09-12"
"13628","2026-07-27","2026-08-26"
"13629","2026-08-01","2026-08-31"
"13630","2026-10-31","2026-11-30"
"13631","",""
"13632","",""
"13633","2026-08-06","2026-09-05"
"13634","2026-06-15","2026-07-15"
"13635","",""
"13636","2026-07-03","2026-08-02"
"13637","2026-07-29","2026-08-28"
"13638","2026-06-14","2026-07-14"
"13639","2026-09-01","2026-10-01"
"13640","2026-07-02","2026-08-01"
"13641","2026-06-16","2026-07-16"
"13642","",""
"13643","",""
"13644","",""
"13645","2026-08-01","2026-08-31"
"13646","2027-01-03","2027-02-02"
"13647","",""
"13648","",""
"13649","2026-06-14","2026-07-14"
"13650","2026-10-10","2026-11-09"
"13651","2026-06-25","2026-07-25"
"13652","2026-07-31","2026-08-30"
"13653","2026-08-04","2026-09-03"
"13654","2026-07-31","2026-08-30"
"13655","2026-08-24","2026-09-23"
"13656","2026-07-26","2026-08-25"
"13657","2026-08-06","2026-09-05"
"13658","2026-11-29","2026-12-29"
"13659","2026-08-07","2026-09-06"
"13660","2026-07-31","2026-08-30"
"13661","2026-08-10","2026-09-09"
"13662","2026-07-15","2026-08-14"
"13663","2026-08-08","2026-09-07"
"13664","2026-08-03","2026-09-02"
"13665","2026-06-17","2026-07-17"
"13666","2026-06-14","2026-07-14"
"13667","2026-06-21","2026-07-21"
"13668","2026-06-15","2026-07-15"
"13669","2026-06-15","2026-07-15"
"13670","2026-06-21","2026-06-22"
"13671","2026-06-21","2026-06-22"
"13672","2026-06-29","2026-06-30"
"13673","2026-07-26","2026-08-25"
"13674","2026-08-16","2026-09-15"
"13675","2026-08-16","2026-09-15"
"13676","2026-08-09","2026-09-08"
"13677","2026-09-08","2026-10-08"
"13678","2026-07-31","2026-08-30"
"13679","2026-07-07","2026-08-06"
"13680","2026-07-07","2026-08-06"
"13681","2026-07-19","2026-08-18"
"13682","2026-06-17","2026-06-21"
"13683","2026-06-23","2026-07-23"
"13684","",""
"13685","2026-10-24","2026-10-27"
"13686","2026-07-16","2026-08-15"
"13687","",""
"13688","2026-06-15","2026-07-15"
"13689","2027-01-01","2027-01-05"
"13690","2026-06-14","2026-07-14"
"13691","2026-06-15","2026-06-17"
"13692","2027-01-01","2027-01-31"
"13693","",""
"13694","2026-08-07","2026-09-06"
"13695","2026-08-02","2026-09-01"
"13696","2026-07-14","2026-07-16"
"13697","2026-10-04","2026-11-03"
"13698","2026-06-17","2026-06-18"
"13699","",""
"13700","",""
"13701","2026-06-19","2026-06-21"
"13702","",""
"13703","",""
"13704","2026-06-15","2026-07-15"
"13705","",""
"13706","",""
"13707","2026-06-21","2026-07-21"
"13708","2026-06-25","2026-07-25"
"13709","2026-06-15","2026-07-15"
"13710","2026-06-19","2026-06-22"
"13711","2027-01-17","2027-02-16"
"13712","2026-07-03","2026-08-02"
"13713","2026-07-31","2026-08-30"
"13714","2026-08-15","2026-09-14"
"13715","2026-06-15","2026-07-15"
"13716","2026-09-01","2026-10-01"
"13717","2026-07-01","2026-07-31"
"13718","2026-06-24","2026-06-27"
"13719","2026-08-01","2026-08-31"
"13720","",""
"13721","",""
"13722","2026-07-25","2026-08-24"
"13723","",""
"13724","2026-06-22","2026-06-25"
"13725","",""
"13726","2026-06-15","2026-06-16"
"13727","2026-06-14","2026-07-14"
"13728","2026-11-01","2026-12-01"
"13729","2026-06-15","2026-07-15"
"13730","2026-06-15","2026-07-15"
"13731","",""
"13732","2026-07-26","2026-08-25"
"13733","2026-06-21","2026-07-21"
"13734","2026-06-15","2026-06-17"
"13735","2026-08-01","2026-08-31"
"13736","2026-08-14","2026-09-13"
"13737","2026-09-01","2026-09-03"
"13738","2026-06-18","2026-07-18"
"13739","2026-07-31","2026-08-30"
"13740","",""
"13741","2026-08-16","2026-09-15"
"13742","2027-01-01","2027-01-31"
"13743","",""
"13744","2026-10-07","2026-11-06"
"13745","2026-12-20","2027-01-19"
"13746","2026-06-15","2026-07-15"
"13747","2026-06-14","2026-07-14"
"13748","2026-06-15","2026-07-15"
"13749","2026-06-15","2026-07-15"
"13750","",""
"13751","2026-06-21","2026-06-26"
"13752","2026-06-14","2026-06-15"
"13753","2026-11-01","2026-12-01"
"13754","2027-01-10","2027-02-09"
"13755","2026-06-21","2026-06-23"
"13756","2026-06-17","2026-06-18"
"13757","2026-08-23","2026-09-22"
"13758","2026-06-15","2026-07-15"
"13759","2027-01-07","2027-02-06"
"13760","2026-08-09","2026-09-08"
"13761","2026-06-15","2026-06-16"
"13762","",""
"13763","2026-09-28","2026-10-28"
"13764","2026-09-16","2026-10-16"
"13765","2026-06-24","2027-06-19"
"13766","2026-07-30","2026-08-29"
"13767","",""
"13768","2026-06-28","2026-07-28"
"13769","2026-09-27","2026-10-27"
"13770","2026-07-31","2026-08-30"
"13771","2026-06-21","2026-07-21"
"13772","",""
"13773","2026-07-02","2026-08-01"
"13774","2026-08-12","2026-09-11"
"13775","2026-07-07","2026-08-07"
"13776","2026-08-08","2026-09-08"
"13777","",""
"13778","2026-06-30","2026-07-30"
"13779","",""
"13780","2026-07-01","2026-07-02"
"13781","2026-08-17","2026-09-16"
"13782","2026-08-15","2026-09-14"
"13783","",""
"13784","2026-07-01","2026-07-31"
"13785","2026-06-15","2026-07-15"
"13786","2026-06-14","2026-07-14"
"13787","2026-09-28","2026-10-28"
"13788","2026-07-06","2026-08-05"
"13789","2026-07-28","2026-08-27"
"13790","2027-01-30","2027-03-01"
"13791","2026-08-01","2026-08-31"
"13792","2026-08-08","2026-09-07"
"13793","2026-06-16","2026-07-16"
"13794","2026-06-15","2026-07-15"
"13795","",""
"13796","2026-06-29","2026-06-30"
"13797","2026-10-01","2026-10-31"
"13798","",""
"13799","2026-06-23","2026-07-23"
"13800","2027-01-01","2027-01-31"
"13801","2026-06-15","2026-07-15"
"13802","2026-07-10","2026-08-09"
"13803","2026-09-12","2026-10-12"
"13804","2026-09-07","2026-10-07"
"13805","2026-06-14","2026-07-14"
"13806","2026-06-14","2026-07-14"
"13807","",""
"13808","2026-06-15","2026-06-18"
"13809","2026-08-02","2026-09-01"
"13810","2026-08-14","2026-09-13"
"13811","2026-07-31","2026-08-30"
"13812","2026-08-05","2026-09-04"
"13813","2026-07-31","2026-08-30"
"13814","2026-08-18","2026-09-17"
"13815","2026-08-09","2026-09-08"
"13816","2026-07-01","2026-07-31"
"13817","2026-06-15","2026-07-15"
"13818","2026-08-01","2026-08-31"
"13819","",""
"13820","2026-06-17","2026-06-20"
"13821","2026-07-12","2026-08-11"
"13822","2026-09-25","2026-10-25"
"13823","",""
"13824","2026-06-15","2026-07-15"
"13825","2026-08-07","2026-09-06"
"13826","2026-06-15","2026-07-15"
"13827","",""
"13828","2026-06-22","2026-07-22"
"13829","",""
"13830","2026-06-15","2026-07-15"
"13831","2027-01-01","2027-01-03"
"13832","2026-12-31","2027-01-30"
"13833","2026-07-10","2026-07-13"
"13834","2026-06-15","2026-07-15"
"13835","2026-07-03","2026-07-05"
"13836","2026-06-17","2026-07-17"
"13837","2026-06-17","2026-07-17"
"13838","2026-06-17","2026-07-17"
"13839","2026-06-17","2026-07-17"
"13840","2026-06-17","2026-07-17"
"13841","2026-07-25","2026-08-24"
"13842","2026-08-01","2026-08-31"
"13843","2026-06-17","2026-07-17"
"13844","2026-11-22","2026-12-22"
"13845","2026-06-15","2026-06-17"
"13846","2026-06-15","2026-07-15"
"13847","2026-07-08","2026-08-07"
"13848","",""
"13849","2026-07-01","2026-07-31"
"13850","2026-06-15","2026-07-15"
"13851","2026-07-07","2026-07-09"
"13852","",""
"13853","",""
"13854","2026-08-07","2026-09-06"
"13855","2026-07-21","2026-08-20"
"13856","2026-08-01","2026-08-31"
"13857","2026-07-13","2026-07-15"
"13858","2026-06-21","2026-07-21"
"13859","2026-06-14","2026-07-14"
"13860","",""
"13861","2026-07-04","2026-08-03"
"13862","",""
"13863","2026-08-08","2026-09-07"
"13864","2026-06-15","2026-07-15"
"13865","2026-06-15","2026-07-15"
"13866","2026-07-31","2026-08-30"
"13867","2026-07-28","2026-08-27"
"13868","",""
"13869","",""
"13870","2026-06-15","2026-07-15"
"13871","2026-08-04","2026-11-02"
"13872","2026-09-08","2026-10-08"
"13873","2026-06-14","2026-07-14"
"13874","2026-07-05","2026-07-07"
"13875","2026-06-15","2026-07-15"
"13876","2026-08-05","2026-09-04"
"13877","2026-07-31","2026-08-30"
"13878","2026-06-15","2026-06-17"
"13879","2026-08-16","2026-09-15"
"13880","2026-08-22","2026-09-21"
"13881","2026-07-18","2026-08-17"
"13882","",""
"13883","2026-08-01","2026-08-31"
"13884","2026-08-17","2026-09-16"
"13885","2026-06-30","2026-07-30"
"13886","2026-06-15","2026-07-15"
"13887","2026-08-07","2026-09-06"
"13888","2027-01-02","2027-02-01"
"13889","2026-06-17","2026-07-17"
"13890","2026-09-19","2026-10-19"
"13891","2026-06-23","2026-06-25"
"13892","2026-07-06","2026-07-08"
"13893","2026-09-01","2026-10-01"
"13894","2026-06-15","2026-07-15"
"13895","2026-07-10","2026-08-09"
"13896","",""
"13897","2026-06-18","2026-06-19"
"13898","2027-01-14","2027-03-15"
"13899","2026-06-16","2026-07-16"
"13900","2026-06-15","2026-07-15"
"13901","2026-06-14","2026-07-14"
"13902","2026-06-16","2026-06-17"
"13903","",""
"13904","2026-11-28","2026-12-28"
"13905","2026-07-26","2026-08-25"
"13906","2026-06-14","2026-07-14"
"13907","2026-06-25","2026-07-25"
"13908","",""
"13909","",""
"13910","",""
"13911","",""
"13912","2026-06-14","2026-07-14"
"13913","2026-12-05","2027-01-04"
"13914","2026-06-29","2026-07-02"
"13915","2026-06-15","2026-07-15"
"13916","",""
"13917","2026-06-15","2026-06-17"
"13918","2026-06-14","2026-07-14"
"13919","",""
"13920","2026-06-22","2026-06-24"
"13921","2027-01-01","2027-01-31"
"13922","2026-06-15","2026-07-15"
"13923","2026-08-16","2026-09-15"
"13924","2027-05-01","2027-05-31"
"13925","",""
"13926","",""
"13927","",""
"13928","2026-06-16","2026-07-16"
"13929","2026-12-31","2027-01-30"
"13930","",""
"13931","2026-06-21","2026-06-22"
"13932","2026-06-19","2026-07-19"
"13933","",""
"13934","2026-06-17","2026-07-17"
"13935","2026-06-17","2026-06-18"
"13936","2026-06-15","2026-06-16"
"13937","2026-06-23","2026-07-23"
"13938","2026-07-20","2026-08-19"
"13939","2026-07-05","2026-08-04"
"13940","2026-08-08","2026-09-07"
"13941","2026-07-31","2026-08-30"
"13942","",""
"13943","2027-01-30","2027-03-01"
"13944","2026-06-14","2026-06-15"
"13945","2027-01-01","2027-01-31"
"13946","",""
"13947","2026-06-14","2026-06-15"
"13948","2026-08-08","2026-09-07"
"13949","",""
"13950","2026-07-01","2026-07-31"
"13951","2026-08-08","2026-09-07"
"13952","2026-12-01","2026-12-31"
"13953","2026-08-26","2026-09-25"
"13954","2026-08-01","2026-08-31"
"13955","2026-10-31","2026-11-30"
"13956","2026-07-11","2026-08-10"
"13957","2026-10-21","2026-11-20"
"13958","2026-07-09","2026-08-08"
"13959","2027-01-01","2027-01-31"
"13960","2026-08-08","2026-09-07"
"13961","2026-06-18","2026-06-19"
"13962","2026-07-31","2026-08-30"
"13963","2026-07-01","2026-07-31"
"13964","2026-07-04","2026-08-03"
"13965","2026-07-01","2026-07-31"
"13966","",""
"13967","2026-10-08","2026-11-07"
"13968","2026-06-15","2026-07-15"
"13969","2026-07-27","2026-08-26"
"13970","2026-06-15","2026-07-15"
"13971","2026-08-05","2026-09-04"
"13972","2026-06-14","2026-07-14"
"13973","",""
"13974","2026-07-04","2026-08-03"
"13975","2026-07-01","2026-07-31"
"13976","",""
"13977","2026-08-16","2026-09-15"
"13978","2026-06-14","2026-07-14"
"13979","2026-08-01","2026-08-31"
"13980","2027-01-01","2027-01-31"
"13981","2026-07-01","2026-07-31"
"13982","2026-09-30","2026-10-30"
"13983","2026-06-14","2026-07-14"
"13984","2026-06-15","2026-06-16"
"13985","2026-06-15","2026-06-16"
"13986","2026-06-15","2026-06-16"
"13987","2026-06-16","2026-06-17"
"13988","2026-06-16","2026-06-17"
"13989","2026-06-23","2027-06-22"
"13990","2026-06-15","2026-07-15"
"13991","",""
"13992","2026-06-18","2026-07-18"
"13993","2026-08-31","2026-09-30"
"13994","2026-12-01","2026-12-31"
"13995","",""
"13996","2026-06-29","2026-07-29"
"13997","2026-06-14","2026-07-14"
"13998","2026-06-22","2026-06-24"
"13999","2026-08-31","2026-09-30"
"14000","2026-06-15","2026-07-15"
"14001","2026-06-15","2026-07-15"
"14002","2026-07-07","2026-07-09"
"14003","2026-06-16","2026-07-16"
"14004","",""
"14005","2027-02-28","2027-03-30"
"14006","2026-06-29","2026-07-01"
"14007","2026-07-31","2026-08-30"
"14008","2026-06-15","2026-07-15"
"14009","2026-08-07","2026-09-06"
"14010","2026-06-23","2026-06-25"
"14011","2026-06-14","2026-07-14"
"14012","2026-07-04","2026-08-03"
"14013","2026-07-01","2026-07-31"
"14014","",""
"14015","2026-06-30","2026-07-30"
"14016","2026-06-18","2026-06-19"
"14017","2026-07-14","2026-08-13"
"14018","2026-06-22","2026-06-23"
"14019","2026-06-21","2026-06-23"
"14020","2026-07-09","2026-07-10"
"14021","2026-06-17","2026-06-18"
"14022","2026-06-14","2026-07-14"
"14023","2026-08-17","2026-09-16"
"14024","2027-01-01","2027-01-31"
"14025","2026-08-26","2026-09-25"
"14026","2026-10-01","2026-10-31"
"14027","2026-06-15","2026-06-16"
"14028","",""
"14029","",""
"14030","2026-12-17","2027-01-16"
"14031","2026-08-31","2026-09-30"
"14032","",""
"14033","2026-06-30","2026-08-28"
"14034","2026-08-15","2026-09-14"
"14035","2026-06-21","2026-06-22"
"14036","2026-07-27","2026-08-26"
"14037","2026-06-30","2026-07-30"
"14038","",""
"14039","",""
"14040","2026-06-14","2026-07-14"
"14041","2026-09-01","2026-10-01"
"14042","2026-06-19","2026-07-19"
"14043","2026-07-21","2026-08-20"
"14044","2026-06-16","2026-07-16"
"14045","2026-06-30","2026-07-30"
"14046","2026-06-15","2026-07-15"
"14047","",""
"14048","2026-06-16","2026-06-23"
"14049","2026-06-16","2026-06-23"
"14050","2026-11-30","2026-12-30"
"14051","2026-08-31","2026-09-30"
"14052","2026-06-17","2026-06-19"
"14053","2026-06-16","2026-07-16"
"14054","",""
"14055","",""
"14056","2026-07-08","2026-08-07"
"14057","2026-07-01","2026-07-31"
"14058","2027-02-04","2027-03-06"
"14059","",""
"14060","2026-12-19","2027-01-18"
"14061","",""
"14062","",""
"14063","2026-06-14","2026-07-14"
"14064","2026-06-14","2026-07-14"
"14065","2026-06-23","2026-06-25"
"14066","2026-06-16","2026-07-16"
"14067","2026-12-13","2027-01-13"
"14068","2026-06-14","2026-06-15"
"14069","2026-06-19","2026-07-19"
"14070","2026-12-17","2027-01-16"
"14071","",""
"14072","2026-06-14","2026-07-14"
"14073","2026-08-29","2026-09-28"
"14074","2026-06-15","2026-06-16"
"14075","",""
"14076","",""
"14077","2026-06-23","2026-06-24"
"14078","2026-06-15","2026-07-15"
"14079","",""
"14080","2026-07-02","2026-08-01"
"14081","2026-06-21","2026-06-23"
"14082","2026-06-15","2026-07-15"
"14083","2027-04-01","2027-05-01"
"14084","2026-07-11","2026-08-10"
"14085","2026-09-01","2026-10-01"
"14086","2026-06-15","2026-07-15"
"14087","2026-08-15","2026-09-14"
"14088","",""
"14089","2026-08-31","2026-09-30"
"14090","2026-06-14","2026-07-14"
"14091","2026-06-30","2026-07-30"
"14092","2026-06-21","2026-07-21"
"14093","2026-06-14","2026-07-14"
"14094","2026-06-17","2026-06-19"
"14095","2026-08-01","2026-08-31"
"14096","2027-01-01","2027-01-31"
"14097","2026-07-31","2026-08-30"
"14098","2026-09-01","2026-10-01"
"14099","2026-06-14","2026-07-14"
"14100","2026-06-19","2026-07-19"
"14101","2026-08-31","2026-09-30"
"14102","2026-06-15","2026-07-15"
"14103","2026-11-02","2026-12-02"
"14104","2026-08-23","2026-09-22"
"14105","2026-06-18","2026-07-18"
"14106","2026-08-31","2026-09-30"
"14107","2026-06-17","2026-07-17"
"14108","2026-06-17","2026-07-17"
"14109","2026-06-17","2026-07-17"
"14110","2026-06-17","2026-07-17"
"14111","2026-06-17","2026-07-17"
"14112","2026-06-17","2026-07-17"
"14113","2026-07-03","2026-08-02"
"14114","2026-06-16","2026-07-16"
"14115","2026-06-17","2026-07-17"
"14116","2026-06-17","2026-07-17"
"14117","",""
"14118","2026-07-30","2026-08-29"
"14119","",""
"14120","2026-08-31","2026-09-30"
"14121","2026-12-01","2026-12-31"
"14122","2026-06-15","2026-07-15"
"14123","2026-06-21","2026-06-22"
"14124","2026-06-15","2026-06-18"
"14125","",""
"14126","2026-08-10","2026-08-14"
"14127","",""
"14128","",""
"14129","2026-07-15","2026-08-14"
"14130","2026-09-18","2026-10-18"
"14131","2026-06-15","2026-07-15"
"14132","2027-03-12","2027-03-13"
"14133","2027-01-08","2027-01-09"
"14134","2027-03-12","2027-03-13"
"14135","2027-03-12","2027-03-13"
"14136","2026-06-15","2026-07-15"
"14137","2026-08-03","2026-09-02"
"14138","2026-06-17","2026-06-18"
"14139","2026-07-01","2026-07-31"
"14140","2026-06-21","2026-07-21"
"14141","2026-06-24","2026-11-01"
"14142","",""
"14143","",""
"14144","2026-10-31","2026-11-30"
"14145","2026-07-03","2026-08-02"
"14146","2026-06-22","2026-07-22"
"14147","2026-06-29","2026-07-29"
"14148","2026-09-16","2026-10-16"
"14149","2026-06-15","2026-07-15"
"14150","2026-06-20","2026-07-20"
"14151","2026-06-15","2026-07-15"
"14152","",""
"14153","2026-07-26","2026-08-25"
"14154","2026-08-31","2026-09-30"
"14155","2026-06-15","2026-06-17"
"14156","",""
"14157","2026-06-15","2026-07-15"
"14158","2026-06-16","2026-06-18"
"14159","2026-07-01","2026-07-05"
"14160","2026-08-15","2026-09-14"
"14161","2026-08-03","2026-09-02"
"14162","2026-08-31","2026-09-30"
"14163","2026-06-24","2026-10-22"
"14164","2026-08-08","2026-09-07"
"14165","2027-01-04","2027-02-03"
"14166","",""
"14167","2026-07-19","2026-08-18"
"14168","2026-08-18","2026-09-17"
"14169","",""
"14170","2026-07-03","2026-08-02"
"14171","2026-10-16","2026-11-15"
"14172","2026-08-31","2026-09-30"
"14173","2026-10-03","2026-11-03"
"14174","",""
"14175","",""
"14176","2026-09-16","2026-10-17"
"14177","2026-07-31","2026-08-30"
"14178","2026-06-15","2026-06-16"
"14179","2026-09-06","2026-10-06"
"14180","2026-09-30","2026-10-30"
"14181","2026-08-08","2026-09-07"
"14182","2026-06-14","2026-07-14"
"14183","2026-09-01","2026-10-02"
"14184","2026-06-14","2026-07-14"
"14185","2026-07-13","2026-08-12"
"14186","2027-02-01","2027-02-03"
"14187","",""
"14188","2026-06-30","2026-07-02"
"14189","2026-06-21","2026-07-21"
"14190","2026-08-31","2026-09-30"
"14191","",""
"14192","2026-06-14","2026-07-14"
"14193","2026-06-29","2026-07-02"
"14194","2026-06-17","2026-07-17"
"14195","2026-06-15","2026-07-15"
"14196","2026-08-23","2026-09-22"
"14197","2026-06-21","2026-07-21"
"14198","2026-06-28","2026-06-29"
"14199","2026-10-01","2026-10-31"
"14200","2026-11-01","2026-12-01"
"14201","2026-08-29","2026-09-28"
"14202","2026-06-16","2026-07-16"
"14203","",""
"14204","2026-10-01","2026-10-31"
"14205","2026-06-30","2026-07-30"
"14206","2026-06-17","2026-07-17"
"14207","2026-11-30","2026-12-30"
"14208","",""
"14209","2026-06-22","2026-06-23"
"14210","2027-01-01","2027-01-31"
"14211","2026-06-15","2026-07-15"
"14212","",""
"14213","",""
"14214","2026-06-14","2026-07-14"
"14215","2026-06-15","2026-07-15"
"14216","2026-06-14","2026-07-14"
"14217","2026-06-15","2026-07-15"
"14218","2026-06-22","2026-07-22"
"14219","2026-08-03","2026-09-02"
"14220","",""
"14221","",""
"14222","",""
"14223","2026-06-17","2026-07-17"
"14224","2026-11-01","2026-12-01"
"14225","2026-07-13","2026-08-12"
"14226","2026-08-02","2026-09-01"
"14227","2026-06-14","2026-07-14"
"14228","2026-07-18","2026-08-17"
"14229","",""
"14230","2026-06-15","2026-07-15"
"14231","2026-06-14","2026-07-14"
"14232","2026-09-01","2026-10-01"
"14233","2026-06-17","2026-07-17"
"14234","2026-06-14","2026-07-14"
"14235","2026-08-01","2026-08-31"
"14236","2026-10-04","2026-11-03"
"14237","2026-07-21","2026-08-20"
"14238","2027-01-11","2027-02-10"
"14239","2026-08-31","2026-09-30"
"14240","2026-09-27","2026-10-27"
"14241","2026-08-02","2026-09-01"
"14242","2026-06-15","2026-07-15"
"14243","",""
"14244","2026-06-21","2026-07-21"
"14245","2026-08-01","2026-08-31"
"14246","",""
"14247","2026-08-02","2026-09-01"
"14248","2026-08-29","2026-09-28"
"14249","2026-08-16","2026-09-15"
"14250","2027-01-01","2027-01-31"
"14251","2026-06-20","2026-06-21"
"14252","2026-06-14","2026-07-14"
"14253","2026-06-14","2026-07-14"
"14254","2026-06-17","2026-07-17"
"14255","2026-07-04","2026-08-03"
"14256","2026-06-14","2026-07-14"
"14257","",""
"14258","2026-06-22","2026-07-22"
"14259","2026-09-02","2026-09-04"
"14260","2026-06-26","2026-06-27"
"14261","2026-06-17","2026-06-18"
"14262","2026-07-01","2026-07-02"
"14263","2026-06-17","2026-06-18"
"14264","2026-06-14","2026-06-15"
"14265","2026-06-14","2026-06-15"
"14266","2026-06-18","2026-06-19"
"14267","2026-06-18","2026-06-19"
"14268","2026-07-07","2026-07-08"
"14269","2026-07-17","2026-07-18"
"14270","2026-07-31","2026-08-30"
"14271","2026-09-15","2026-10-15"
"14272","2026-11-18","2026-12-18"
"14273","2026-10-31","2026-11-30"
"14274","2026-06-21","2026-07-21"
"14275","2026-08-08","2026-09-07"
"14276","",""
"14277","2026-08-10","2026-09-09"
"14278","2026-09-20","2026-10-20"
"14279","2026-07-21","2026-07-24"
"14280","2026-06-28","2026-06-30"
"14281","2026-06-15","2026-07-15"
"14282","2026-06-16","2026-07-16"
"14283","2026-07-31","2026-08-30"
"14284","2026-07-26","2026-08-25"
"14285","2026-08-15","2026-09-14"
"14286","2026-07-04","2026-07-07"
"14287","",""
"14288","2026-09-30","2026-10-30"
"14289","2026-07-14","2026-08-13"
"14290","2026-12-01","2026-12-31"
"14291","2026-07-19","2027-06-14"
"14292","",""
"14293","2026-08-01","2026-08-31"
"14294","2026-06-14","2026-07-14"
"14295","2026-07-31","2026-08-30"
"14296","2026-07-18","2026-08-17"
"14297","2026-07-07","2026-08-06"
"14298","2026-06-15","2026-07-15"
"14299","2026-08-14","2026-09-13"
"14300","2026-12-23","2027-01-22"
"14301","2026-06-14","2026-07-14"
"14302","2026-09-19","2026-10-19"
"14303","2026-07-22","2026-08-21"
"14304","2026-11-07","2026-12-07"
"14305","2026-09-19","2026-10-19"
"14306","",""
"14307","2026-06-15","2026-07-15"
"14308","2026-06-15","2026-07-15"
"14309","2026-07-14","2026-08-13"
"14310","2026-06-21","2026-07-21"
"14311","2026-07-30","2026-08-29"
"14312","2026-07-30","2026-08-29"
"14313","2026-07-30","2026-08-29"
"14314","2026-07-30","2026-08-29"
"14315","2026-06-30","2026-07-30"
"14316","2026-08-05","2026-08-09"
"14317","2026-08-03","2026-09-02"
"14318","2026-06-16","2026-07-16"
"14319","2026-07-15","2026-08-14"
"14320","2026-06-21","2026-07-21"
"14321","2026-08-16","2026-09-15"
"14322","2026-06-14","2026-07-14"
"14323","",""
"14324","2026-06-14","2026-07-14"
"14325","2026-06-15","2026-06-16"
"14326","2026-06-21","2026-07-21"
"14327","2026-06-15","2026-06-16"
"14328","2026-07-22","2026-07-25"
"14329","",""
"14330","2026-06-14","2026-07-14"
"14331","2026-06-15","2026-06-17"
"14332","2026-08-16","2026-09-15"
"14333","2026-07-14","2026-08-13"
"14334","",""
"14335","",""
"14336","",""
"14337","2026-06-16","2026-07-16"
"14338","",""
"14339","2026-08-01","2026-08-31"
"14340","",""
"14341","2026-06-15","2026-07-15"
"14342","",""
"14343","2026-09-01","2026-10-01"
"14344","2026-07-02","2026-08-01"
"14345","",""
"14346","2026-06-21","2026-07-21"
"14347","2026-11-22","2026-12-22"
"14348","2026-06-15","2026-07-15"
"14349","",""
"14350","",""
"14351","2026-06-14","2026-07-14"
"14352","2026-06-18","2026-06-19"
"14353","2026-06-14","2026-07-14"
"14354","2026-08-31","2026-09-30"
"14355","",""
"14356","2026-06-21","2026-07-21"
"14357","2026-07-03","2026-08-02"
"14358","2026-09-23","2026-10-23"
"14359","2026-06-15","2026-07-15"
"14360","",""
"14361","2026-06-14","2026-07-14"
"14362","2026-08-30","2026-09-29"
"14363","2026-07-13","2026-08-12"
"14364","2026-06-15","2026-07-15"
"14365","2026-06-15","2026-07-15"
"14366","2026-07-31","2026-08-30"
"14367","2026-06-15","2026-07-15"
"14368","2026-06-14","2026-07-14"
"14369","2026-07-01","2026-07-31"
"14370","2026-07-01","2026-07-31"
"14371","2026-07-01","2026-07-31"
"14372","2026-07-02","2026-08-01"
"14373","2027-01-01","2027-01-31"
"14374","2026-08-20","2026-09-19"
"14375","2026-07-18","2026-08-17"
"14376","2026-07-03","2026-08-02"
"14377","",""
"14378","",""
"14379","2026-07-01","2026-07-31"
"14380","",""
"14381","2026-07-01","2026-07-31"
"14382","2026-07-01","2026-07-31"
"14383","2026-07-01","2026-07-31"
"14384","2026-07-01","2026-07-31"
"14385","2026-07-01","2026-07-31"
"14386","2026-07-01","2026-07-31"
"14387","2026-06-15","2026-06-16"
"14388","",""
"14389","",""
"14390","",""
"14391","",""
"14392","",""
"14393","",""
"14394","",""
"14395","",""
"14396","",""
"14397","",""
"14398","2026-08-01","2026-08-31"
"14399","2026-06-15","2026-07-15"
"14400","2026-06-18","2026-07-18"
"14401","2026-06-16","2026-07-16"
"14402","2026-06-15","2026-07-15"
"14403","2026-06-23","2026-08-22"
"14404","2026-08-31","2026-09-30"
"14405","2026-09-01","2026-10-01"
"14406","2026-08-01","2026-08-31"
"14407","2026-06-20","2026-06-23"
"14408","2026-12-23","2027-01-22"
"14409","2026-12-01","2026-12-31"
"14410","2026-08-01","2026-08-31"
"14411","2026-07-17","2026-08-16"
"14412","2026-07-09","2026-08-08"
"14413","",""
"14414","2026-06-15","2026-07-15"
"14415","",""
"14416","2026-08-01","2026-08-31"
"14417","2026-09-20","2026-10-20"
"14418","2026-11-17","2026-12-17"
"14419","2026-06-28","2026-06-30"
"14420","2026-06-29","2026-07-01"
"14421","2026-06-15","2026-07-15"
"14422","2026-11-30","2026-12-30"
"14423","2026-06-19","2026-07-19"
"14424","2026-12-13","2027-01-12"
"14425","2026-06-17","2026-07-17"
"14426","2026-06-15","2026-06-17"
"14427","2026-06-15","2026-07-15"
"14428","2026-06-28","2026-07-28"
"14429","2026-07-21","2026-08-20"
"14430","2026-06-14","2026-07-15"
"14431","",""
"14432","2026-07-08","2026-08-07"
"14433","",""
"14434","",""
"14435","",""
"14436","",""
"14437","2026-08-22","2026-09-21"
"14438","2026-06-15","2026-07-15"
"14439","2026-07-20","2026-08-19"
"14440","",""
"14441","2026-09-22","2026-10-22"
"14442","2026-07-31","2026-08-02"
"14443","2026-06-15","2026-07-15"
"14444","2026-08-17","2026-09-16"
"14445","2027-03-24","2027-06-22"
"14446","2026-07-14","2026-08-13"
"14447","2026-06-15","2026-07-15"
"14448","",""
"14449","2026-06-16","2026-07-16"
"14450","2026-07-18","2026-08-17"
"14451","2026-08-01","2026-08-31"
"14452","2026-06-18","2026-07-18"
"14453","2026-09-16","2026-10-16"
"14454","",""
"14455","",""
"14456","2026-06-16","2026-07-16"
"14457","2026-06-14","2026-07-14"
"14458","",""
"14459","2026-07-24","2026-08-23"
"14460","2026-06-16","2026-07-16"
"14461","2026-07-18","2026-08-17"
"14462","",""
"14463","2026-11-02","2026-12-02"
"14464","2026-07-13","2026-08-12"
"14465","2026-07-31","2026-08-30"
"14466","2026-06-15","2026-07-15"
"14467","2026-06-16","2026-06-18"
"14468","2026-06-29","2026-06-30"
"14469","2026-07-26","2026-08-25"
"14470","2026-07-31","2026-08-30"
"14471","2026-06-14","2026-07-14"
"14472","2026-07-09","2026-08-08"
"14473","2026-07-02","2026-08-01"
"14474","2026-08-21","2026-09-20"
"14475","2026-08-13","2026-09-12"
"14476","2026-06-15","2026-07-15"
"14477","2026-06-29","2026-06-30"
"14478","",""
"14479","2026-06-23","2026-07-23"
"14480","",""
"14481","2026-06-22","2026-06-23"
"14482","2026-06-15","2026-06-16"
"14483","2026-06-24","2026-07-24"
"14484","2027-03-01","2027-03-31"
"14485","2026-06-15","2026-06-17"
"14486","2026-06-15","2026-07-15"
"14487","",""
"14488","2026-07-09","2026-08-08"
"14489","2026-06-14","2026-07-14"
"14490","2026-12-14","2027-01-13"
"14491","2026-06-16","2026-07-16"
"14492","2026-06-15","2026-07-15"
"14493","2026-06-15","2026-07-15"
"14494","2026-06-14","2026-07-14"
"14495","2026-12-18","2027-01-17"
"14496","2026-06-16","2026-06-17"
"14497","2026-06-15","2026-07-15"
"14498","2026-06-15","2026-07-15"
"14499","2026-06-15","2026-07-15"
"14500","2026-06-20","2026-06-21"
"14501","",""
"14502","2026-07-15","2026-08-14"
"14503","2026-06-23","2026-09-21"
"14504","2026-06-28","2026-06-29"
"14505","2026-06-21","2026-06-25"
"14506","2026-06-14","2026-07-14"
"14507","2026-07-09","2026-08-08"
"14508","2026-12-23","2027-01-22"
"14509","2026-06-15","2026-07-15"
"14510","2026-12-31","2027-01-30"
"14511","",""
"14512","2026-08-01","2026-08-31"
"14513","",""
"14514","",""
"14515","",""
"14516","2026-08-09","2026-08-11"
"14517","2026-06-16","2026-07-16"
"14518","",""
"14519","2026-06-29","2026-07-03"
"14520","2026-06-16","2026-06-17"
"14521","",""
"14522","2026-08-03","2026-09-02"
"14523","2026-09-01","2026-10-01"
"14524","2026-08-05","2026-09-04"
"14525","",""
"14526","2027-01-09","2027-02-08"
"14527","2026-06-17","2026-07-17"
"14528","2026-06-15","2026-07-15"
"14529","",""
"14530","",""
"14531","2026-07-17","2026-08-16"
"14532","2026-07-31","2026-08-30"
"14533","",""
"14534","",""
"14535","2026-09-01","2026-10-01"
"14536","2026-09-01","2026-10-01"
"14537","2026-08-08","2026-09-07"
"14538","2026-07-31","2026-08-30"
"14539","",""
"14540","2026-06-14","2026-07-14"
"14541","2026-07-22","2026-08-21"
"14542","2026-08-01","2026-08-31"
"14543","",""
"14544","2026-08-03","2026-09-02"
"14545","2026-11-30","2026-12-30"
"14546","2026-06-30","2026-07-03"
"14547","2026-07-02","2026-08-01"
"14548","",""
"14549","2026-06-14","2026-07-14"
"14550","2026-08-23","2026-09-22"
"14551","2026-07-12","2026-07-16"
"14552","2026-11-26","2026-12-26"
"14553","2026-09-01","2026-10-01"
"14554","2026-06-14","2026-07-14"
"14555","",""
"14556","",""
"14557","2026-06-18","2026-07-18"
"14558","2026-10-01","2026-10-31"
"14559","",""
"14560","",""
"14561","2026-06-14","2026-06-15"
"14562","2026-06-16","2026-06-17"
"14563","2026-06-17","2026-06-18"
"14564","",""
"14565","2026-06-14","2026-06-15"
"14566","2026-06-17","2026-06-18"
"14567","2026-06-19","2026-06-20"
"14568","2026-06-18","2026-06-19"
"14569","2026-06-15","2026-06-16"
"14570","2026-09-01","2026-10-01"
"14571","",""
"14572","",""
"14573","2026-06-14","2026-07-14"
"14574","2026-08-08","2026-09-07"
"14575","2026-06-16","2026-07-16"
"14576","",""
"14577","2026-06-23","2026-09-21"
"14578","2026-06-21","2026-06-22"
"14579","2026-06-15","2026-07-15"
"14580","2026-06-18","2026-07-18"
"14581","2026-06-17","2026-06-18"
"14582","2026-07-09","2026-07-10"
"14583","2026-08-16","2026-09-15"
"14584","2026-06-15","2026-07-15"
"14585","2026-07-31","2026-08-30"
"14586","2026-06-14","2026-07-14"
"14587","2026-08-22","2026-09-21"
"14588","2026-06-15","2026-07-15"
"14589","",""
"14590","",""
"14591","2026-08-02","2026-09-01"
"14592","2026-06-21","2026-06-24"
"14593","",""
"14594","2026-06-15","2026-07-15"
"14595","2026-08-02","2026-08-05"
"14596","2026-06-15","2026-07-15"
"14597","2026-06-21","2026-07-21"
"14598","2026-06-15","2026-07-15"
"14599","2026-08-04","2026-09-03"
"14600","2026-06-14","2026-07-14"
"14601","2026-06-14","2026-07-14"
"14602","",""
"14603","",""
"14604","",""
"14605","2026-06-15","2026-07-15"
"14606","2026-07-01","2026-07-31"
"14607","",""
"14608","2026-06-15","2026-07-15"
"14609","",""
"14610","2026-07-05","2026-07-07"
"14611","2026-06-15","2026-07-15"
"14612","2026-11-01","2026-12-01"
"14613","",""
"14614","",""
"14615","2026-11-01","2026-12-01"
"14616","2026-06-16","2026-07-16"
"14617","",""
"14618","",""
"14619","2026-06-15","2026-07-15"
"14620","",""
"14621","",""
"14622","",""
"14623","2026-09-01","2026-10-01"
"14624","",""
"14625","",""
"14626","",""
"14627","",""
"14628","",""
"14629","",""
"14630","",""
"14631","",""
"14632","",""
"14633","",""
"14634","",""
"14635","",""
"14636","",""
"14637","",""
"14638","",""
"14639","",""
"14640","2026-06-15","2026-07-15"
"14641","",""
"14642","",""
"14643","",""
"14644","",""
"14645","",""
"14646","",""
"14647","",""
"14648","",""
"14649","",""
"14650","",""
"14651","",""
"14652","",""
"14653","",""
"14654","",""
"14655","",""
"14656","",""
"14657","",""
"14658","2026-06-15","2026-07-15"
"14659","",""
"14660","",""
"14661","",""
"14662","",""
"14663","2027-02-21","2027-03-23"
"14664","2026-07-29","2026-08-28"
"14665","2026-06-15","2026-07-15"
"14666","2026-07-13","2026-08-12"
"14667","2027-05-16","2027-06-15"
"14668","",""
"14669","2026-07-02","2026-08-01"
"14670","2026-08-01","2026-08-31"
"14671","2026-07-26","2026-08-31"
"14672","2026-06-15","2026-06-18"
"14673","2026-06-15","2026-07-15"
"14674","2026-06-19","2026-06-22"
"14675","2026-08-02","2026-09-01"
"14676","2026-06-18","2026-06-20"
"14677","2026-09-13","2026-10-13"
"14678","2026-09-30","2026-10-30"
"14679","2026-12-01","2026-12-31"
"14680","2026-12-01","2026-12-31"
"14681","2026-06-16","2026-07-16"
"14682","",""
"14683","2026-08-18","2026-09-17"
"14684","2026-08-07","2026-09-06"
"14685","2026-06-16","2026-06-18"
"14686","2026-06-14","2026-07-14"
"14687","",""
"14688","2026-07-02","2026-07-04"
"14689","2026-07-28","2026-08-27"
"14690","2026-06-30","2026-07-30"
"14691","",""
"14692","",""
"14693","2026-06-30","2026-07-30"
"14694","2026-06-22","2026-07-22"
"14695","2026-09-27","2026-10-27"
"14696","2026-06-14","2026-07-14"
"14697","",""
"14698","2026-10-04","2026-11-03"
"14699","2026-09-01","2026-10-01"
"14700","2026-09-30","2026-10-30"
"14701","2026-08-12","2026-09-11"
"14702","",""
"14703","2026-08-09","2026-09-08"
"14704","2026-06-21","2026-07-21"
"14705","2027-01-03","2027-02-02"
"14706","",""
"14707","2026-09-01","2026-10-01"
"14708","2027-04-05","2027-05-05"
"14709","",""
"14710","",""
"14711","2026-06-14","2026-07-14"
"14712","2026-07-01","2026-07-31"
"14713","2026-06-14","2026-07-14"
"14714","",""
"14715","2026-06-14","2026-06-15"
"14716","2026-06-14","2026-06-17"
"14717","2026-06-17","2026-07-17"
"14718","2026-06-14","2026-07-14"
"14719","2026-09-13","2026-10-13"
"14720","",""
"14721","2026-08-22","2026-09-21"
"14722","2026-07-06","2026-08-05"
"14723","2026-08-20","2026-09-19"
"14724","2026-06-21","2026-07-21"
"14725","2026-07-02","2026-08-01"
"14726","2026-07-08","2026-08-07"
"14727","",""
"14728","",""
"14729","2026-06-15","2026-07-15"
"14730","2026-06-15","2026-07-15"
"14731","2026-07-01","2026-07-03"
"14732","2026-08-08","2026-09-07"
"14733","2026-06-14","2026-07-15"
"14734","2026-06-16","2026-07-16"
"14735","2026-07-16","2026-08-15"
"14736","2026-10-01","2026-10-31"
"14737","2026-08-09","2026-09-08"
"14738","2027-01-01","2027-01-31"
"14739","2026-08-11","2026-09-10"
"14740","2026-09-21","2026-10-21"
"14741","2026-08-09","2026-09-09"
"14742","2026-07-26","2026-08-25"
"14743","2026-12-12","2027-01-11"
"14744","2026-06-16","2026-07-16"
"14745","",""
"14746","2026-07-01","2026-07-31"
"14747","2026-06-15","2026-07-15"
"14748","2026-08-15","2026-09-14"
"14749","2026-07-18","2026-08-17"
"14750","2026-06-14","2026-07-14"
"14751","2026-06-15","2026-07-15"
"14752","2026-06-15","2026-07-15"
"14753","2026-06-15","2026-07-15"
"14754","",""
"14755","",""
"14756","",""
"14757","",""
"14758","",""
"14759","",""
"14760","",""
"14761","2026-06-15","2026-07-15"
"14762","2026-06-14","2026-07-14"
"14763","",""
"14764","2026-06-15","2026-07-15"
"14765","",""
"14766","2026-07-02","2026-08-01"
"14767","2026-08-09","2026-09-08"
"14768","",""
"14769","2026-06-15","2026-07-15"
"14770","2026-08-07","2026-09-06"
"14771","2026-06-14","2026-07-14"
"14772","2026-06-15","2026-07-15"
"14773","2026-08-13","2026-09-12"
"14774","2026-06-15","2026-07-15"
"14775","2026-09-05","2026-10-05"
"14776","2026-07-16","2026-07-17"
"14777","",""
"14778","2026-07-06","2026-08-05"
"14779","2026-07-27","2026-08-27"
"14780","2026-06-14","2026-07-14"
"14781","2026-08-15","2026-09-14"
"14782","2026-10-21","2026-11-20"
"14783","2026-06-14","2026-07-14"
"14784","2027-01-31","2027-03-02"
"14785","2026-06-14","2026-07-14"
"14786","2026-06-15","2026-07-15"
"14787","2026-06-22","2026-06-23"
"14788","2026-06-14","2026-06-15"
"14789","2026-06-29","2026-07-29"
"14790","2026-06-16","2026-07-16"
"14791","2026-06-14","2026-07-14"
"14792","",""
"14793","2026-08-04","2026-09-03"
"14794","2026-07-01","2026-07-31"
"14795","",""
"14796","2026-11-01","2026-12-01"
"14797","2026-08-01","2026-08-31"
"14798","",""
"14799","2026-08-30","2026-09-29"
"14800","2026-07-10","2026-08-09"
"14801","2026-08-20","2026-09-19"
"14802","",""
"14803","2026-07-30","2026-08-29"
"14804","2026-09-30","2026-10-30"
"14805","2026-08-28","2026-09-27"
"14806","",""
"14807","",""
"14808","",""
"14809","",""
"14810","2026-06-15","2026-06-17"
"14811","2026-08-08","2026-09-07"
"14812","2027-01-02","2027-02-01"
"14813","2026-08-15","2026-09-14"
"14814","2026-11-01","2026-12-01"
"14815","2027-02-01","2027-03-03"
"14816","",""
"14817","2026-06-22","2026-06-23"
"14818","2026-06-15","2026-07-15"
"14819","2026-10-02","2026-11-01"
"14820","2026-06-29","2026-06-30"
"14821","2026-06-21","2026-06-22"
"14822","2026-07-29","2026-08-28"
"14823","",""
"14824","2026-06-15","2026-06-17"
"14825","2026-06-15","2026-07-15"
"14826","2026-07-27","2026-08-26"
"14827","2026-08-15","2026-09-14"
"14828","2026-06-14","2026-07-14"
"14829","2026-06-15","2026-06-17"
"14830","2026-07-13","2026-08-12"
"14831","2026-07-16","2026-08-16"
"14832","",""
"14833","",""
"14834","2026-07-14","2026-07-18"
"14835","",""
"14836","",""
"14837","2026-07-31","2026-08-30"
"14838","2026-06-15","2026-07-15"
"14839","2026-09-02","2026-10-02"
"14840","2026-06-15","2026-06-16"
"14841","2027-01-11","2027-02-10"
"14842","2026-06-15","2026-07-15"
"14843","",""
"14844","2026-07-09","2026-07-12"
"14845","",""
"14846","2026-09-01","2026-10-01"
"14847","2026-08-09","2026-09-08"
"14848","2026-08-21","2026-09-20"
"14849","",""
"14850","2026-06-16","2026-07-16"
"14851","2026-09-09","2026-10-09"
"14852","2026-06-14","2026-07-14"
"14853","",""
"14854","2026-07-15","2026-08-14"
"14855","2026-06-15","2026-07-15"
"14856","2026-07-17","2026-08-16"
"14857","2026-08-02","2026-09-01"
"14858","",""
"14859","2026-06-26","2026-07-26"
"14860","2026-06-16","2026-07-16"
"14861","2026-08-09","2026-09-08"
"14862","",""
"14863","",""
"14864","2026-06-30","2026-07-01"
"14865","2026-08-29","2026-09-28"
"14866","2026-08-03","2026-09-02"
"14867","2026-12-25","2027-03-25"
"14868","2026-08-03","2026-09-02"
"14869","",""
"14870","2026-06-15","2026-07-15"
"14871","2026-06-17","2026-06-18"
"14872","",""
"14873","2026-09-26","2026-10-26"
"14874","2026-06-15","2026-06-16"
"14875","2026-08-07","2026-09-06"
"14876","",""
"14877","",""
"14878","",""
"14879","2026-06-17","2026-07-17"
"14880","2026-07-01","2026-07-31"
"14881","2026-10-01","2026-10-31"
"14882","2026-11-30","2026-12-30"
"14883","2026-09-09","2026-10-09"
"14884","2026-07-26","2026-08-25"
"14885","2027-01-01","2027-02-01"
"14886","2027-02-01","2027-03-03"
"14887","2026-06-15","2026-06-18"
"14888","2026-10-04","2026-11-03"
"14889","2026-06-15","2026-07-15"
"14890","",""
"14891","2026-06-15","2026-06-16"
"14892","",""
"14893","2027-05-02","2027-06-01"
"14894","2026-08-17","2026-09-16"
"14895","2026-07-01","2026-08-20"
"14896","2026-07-29","2026-08-28"
"14897","2026-07-01","2026-07-31"
"14898","2026-06-15","2026-07-15"
"14899","",""
"14900","2026-07-05","2026-08-04"
"14901","2026-09-08","2026-10-08"
"14902","2026-07-31","2026-08-30"
"14903","2026-07-31","2026-08-30"
"14904","",""
"14905","",""
"14906","2026-07-15","2026-08-14"
"14907","2026-07-21","2026-08-20"
"14908","2027-01-16","2027-02-15"
"14909","2026-06-14","2026-07-14"
"14910","2026-06-23","2026-06-24"
"14911","",""
"14912","2026-08-07","2026-09-06"
"14913","2026-06-14","2026-07-14"
"14914","",""
"14915","",""
"14916","",""
"14917","2026-06-15","2026-06-16"
"14918","2026-08-01","2026-08-31"
"14919","2026-06-14","2026-07-14"
"14920","2026-06-14","2026-07-14"
"14921","",""
"14922","2026-06-15","2026-07-15"
"14923","2026-08-31","2026-09-30"
"14924","2026-09-24","2026-10-24"
"14925","2026-08-31","2026-09-30"
"14926","2026-07-01","2026-07-31"
"14927","2026-06-15","2026-07-15"
"14928","2026-06-15","2026-07-15"
"14929","2026-07-20","2026-07-23"
"14930","2026-06-28","2026-07-28"
"14931","2026-08-22","2026-10-09"
"14932","2026-06-14","2026-08-28"
"14933","2026-08-15","2026-09-14"
"14934","2026-06-14","2026-07-14"
"14935","2026-06-15","2026-06-16"
"14936","2026-07-31","2026-08-30"
"14937","2026-08-26","2026-09-26"
"14938","2026-06-15","2026-07-15"
"14939","2026-08-22","2026-09-21"
"14940","2026-06-16","2026-07-16"
"14941","2026-11-30","2026-12-30"
"14942","2026-06-15","2026-07-15"
"14943","2026-10-08","2026-11-07"
"14944","2026-08-23","2026-09-22"
"14945","2026-10-01","2026-10-31"
"14946","2026-06-15","2026-07-15"
"14947","2027-01-09","2027-02-08"
"14948","2026-10-01","2026-10-31"
"14949","2026-12-16","2027-01-15"
"14950","2026-10-01","2026-10-31"
"14951","2026-08-08","2026-09-07"
"14952","2026-06-21","2026-07-21"
"14953","2026-12-15","2027-01-14"
"14954","2026-07-11","2026-08-10"
"14955","2026-08-09","2026-09-08"
"14956","2026-06-14","2026-07-14"
"14957","2026-08-15","2026-09-14"
"14958","2026-07-07","2026-08-06"
"14959","",""
"14960","2026-06-16","2026-07-16"
"14961","2026-06-30","2026-07-03"
"14962","",""
"14963","2026-06-30","2026-11-27"
"14964","2026-06-17","2026-07-17"
"14965","2026-06-28","2026-07-28"
"14966","2026-06-23","2026-09-06"
"14967","2026-06-14","2026-07-14"
"14968","2026-12-01","2026-12-31"
"14969","",""
"14970","2026-09-01","2026-10-01"
"14971","2026-06-14","2026-07-14"
"14972","2026-09-01","2026-10-01"
"14973","2026-06-15","2026-06-17"
"14974","2026-07-17","2026-08-16"
"14975","2026-08-15","2026-09-14"
"14976","2026-10-31","2026-11-30"
"14977","2026-06-15","2026-07-15"
"14978","2026-07-22","2026-07-25"
"14979","2026-06-15","2026-06-16"
"14980","2026-06-15","2026-06-16"
"14981","2026-09-14","2026-10-14"
"14982","2026-08-10","2026-09-09"
"14983","2027-02-05","2027-03-07"
"14984","",""
"14985","2026-06-23","2026-06-25"
"14986","",""
"14987","",""
"14988","2026-06-18","2026-07-18"
"14989","2026-07-26","2026-08-25"
"14990","2026-07-26","2026-08-25"
"14991","2026-10-10","2026-11-09"
"14992","",""
"14993","2026-08-03","2026-09-02"
"14994","2026-06-14","2026-07-14"
"14995","2026-06-15","2026-07-15"
"14996","2026-07-01","2026-07-31"
"14997","2026-12-26","2027-01-25"
"14998","2026-06-14","2026-07-14"
"14999","",""
"15000","2026-11-01","2026-12-02"
"15001","2026-08-31","2026-09-30"
"15002","2026-07-27","2026-08-26"
"15003","2026-08-08","2026-09-07"
"15004","2026-08-01","2026-08-31"
"15005","2026-09-25","2026-10-25"
"15006","2026-07-26","2026-08-25"
"15007","",""
"15008","2026-06-22","2026-07-22"
"15009","2026-06-20","2026-06-21"
"15010","",""
"15011","",""
"15012","2026-06-22","2026-06-24"
"15013","2026-08-10","2026-09-12"
"15014","2026-06-15","2026-07-15"
"15015","2026-06-17","2026-07-18"
"15016","2026-06-14","2026-07-14"
"15017","2026-12-05","2027-01-04"
"15018","2026-06-15","2026-07-15"
"15019","2026-06-22","2026-06-24"
"15020","",""
"15021","2026-06-14","2026-07-14"
"15022","2026-08-24","2026-09-23"
"15023","",""
"15024","2026-07-18","2026-08-17"
"15025","",""
"15026","2026-06-16","2026-07-16"
"15027","2026-07-23","2026-08-22"
"15028","2026-06-15","2026-08-29"
"15029","2026-10-01","2026-10-03"
"15030","",""
"15031","",""
"15032","",""
"15033","2026-06-17","2026-06-18"
"15034","2026-06-14","2026-06-15"
"15035","2026-08-23","2026-09-22"
"15036","2026-06-14","2026-07-14"
"15037","2026-06-15","2026-07-15"
"15038","",""
"15039","2026-08-01","2026-08-31"
"15040","",""
"15041","2026-06-15","2026-07-15"
"15042","2026-07-26","2026-08-25"
"15043","",""
"15044","",""
"15045","",""
"15046","",""
"15047","2026-09-10","2026-10-10"
"15048","2026-06-17","2026-07-17"
"15049","2026-06-15","2026-06-18"
"15050","2026-06-14","2026-07-14"
"15051","2026-06-30","2026-07-30"
"15052","",""
"15053","2026-09-06","2026-10-06"
"15054","",""
"15055","2026-06-18","2026-06-19"
"15056","2026-07-26","2026-08-25"
"15057","2026-06-21","2026-06-24"
"15058","2026-06-14","2026-07-14"
"15059","2026-08-31","2026-09-30"
"15060","2026-08-05","2026-09-04"
"15061","2026-08-01","2026-08-31"
"15062","2026-07-17","2026-08-16"
"15063","2026-11-01","2026-12-01"
"15064","2026-06-21","2026-06-23"
"15065","2026-06-30","2026-07-02"
"15066","",""
"15067","",""
"15068","2026-07-01","2026-07-31"
"15069","2026-08-08","2026-09-07"
"15070","2027-01-30","2027-03-01"
"15071","2026-07-05","2026-08-04"
"15072","2026-06-15","2026-07-15"
"15073","2026-06-14","2026-07-14"
"15074","",""
"15075","2026-06-14","2026-07-15"
"15076","2026-06-23","2026-07-23"
"15077","2026-07-06","2026-08-05"
"15078","2026-08-15","2026-09-14"
"15079","2026-06-17","2026-06-19"
"15080","2026-06-26","2026-06-27"
"15081","2026-09-01","2026-10-01"
"15082","2026-06-16","2026-06-17"
"15083","",""
"15084","2026-06-21","2026-06-22"
"15085","2026-06-16","2026-06-17"
"15086","",""
"15087","",""
"15088","",""
"15089","",""
"15090","",""
"15091","",""
"15092","",""
"15093","2026-07-29","2026-08-28"
"15094","2026-07-23","2026-08-22"
"15095","2026-07-14","2026-08-13"
"15096","",""
"15097","2026-09-21","2026-10-21"
"15098","2026-07-31","2026-08-30"
"15099","2026-07-19","2026-08-18"
"15100","2026-06-14","2026-07-14"
"15101","2026-06-16","2026-06-17"
"15102","2026-06-14","2026-07-14"
"15103","2026-08-07","2026-09-06"
"15104","2026-06-15","2026-06-19"
"15105","2026-07-01","2026-07-31"
"15106","",""
"15107","",""
"15108","2026-06-14","2026-07-14"
"15109","",""
"15110","",""
"15111","",""
"15112","2026-06-14","2026-07-14"
"15113","2026-08-01","2026-08-31"
"15114","2026-06-23","2026-08-22"
"15115","2026-06-14","2026-07-14"
"15116","2026-06-22","2026-06-23"
"15117","2026-07-06","2026-08-05"
"15118","2026-09-07","2026-10-07"
"15119","2026-06-17","2026-07-17"
"15120","2026-08-11","2026-09-10"
"15121","2026-06-15","2026-07-15"
"15122","",""
"15123","",""
"15124","2026-06-15","2026-07-15"
"15125","2026-07-01","2026-07-31"
"15126","2026-06-14","2026-07-14"
"15127","2026-08-13","2026-09-12"
"15128","2026-08-12","2026-09-11"
"15129","2026-07-20","2026-08-19"
"15130","2026-06-15","2026-07-15"
"15131","2026-06-21","2026-07-21"
"15132","",""
"15133","2026-08-15","2026-09-14"
"15134","2026-07-31","2026-08-30"
"15135","2026-08-01","2026-08-31"
"15136","2026-11-01","2026-12-01"
"15137","2026-06-17","2026-06-18"
"15138","2026-07-16","2026-08-15"
"15139","2026-07-04","2026-08-03"
"15140","2026-08-07","2026-09-06"
"15141","",""
"15142","2026-06-21","2026-06-23"
"15143","2026-08-09","2026-09-08"
"15144","2027-02-28","2027-03-30"
"15145","2026-06-16","2026-07-16"
"15146","2026-06-14","2026-07-14"
"15147","2026-06-14","2026-07-14"
"15148","2026-11-30","2026-12-30"
"15149","2026-08-01","2026-08-03"
"15150","2026-08-29","2026-09-28"
"15151","2026-08-15","2026-09-14"
"15152","2026-12-31","2027-01-30"
"15153","2027-01-02","2027-02-01"
"15154","2026-08-16","2026-08-17"
"15155","",""
"15156","2026-07-21","2026-08-20"
"15157","2026-06-15","2026-07-15"
"15158","",""
"15159","2026-07-06","2026-07-09"
"15160","2026-08-07","2026-09-06"
"15161","",""
"15162","2026-07-02","2026-08-01"
"15163","",""
"15164","2026-06-16","2026-07-16"
"15165","2026-06-14","2026-07-14"
"15166","2026-07-14","2026-08-13"
"15167","",""
"15168","",""
"15169","2026-07-18","2026-08-17"
"15170","2026-07-25","2026-08-24"
"15171","2026-08-16","2026-09-15"
"15172","2026-06-30","2026-07-30"
"15173","2026-06-17","2026-07-17"
"15174","2026-06-14","2026-07-14"
"15175","",""
"15176","2026-06-21","2026-07-21"
"15177","",""
"15178","2026-06-22","2026-06-24"
"15179","2026-06-30","2026-07-30"
"15180","2026-06-14","2026-07-14"
"15181","2026-07-13","2026-08-12"
"15182","2026-07-31","2026-08-30"
"15183","2026-06-14","2026-07-14"
"15184","2026-08-23","2026-09-22"
"15185","2026-06-15","2026-07-15"
"15186","2026-07-02","2026-08-01"
"15187","2026-06-14","2026-07-14"
"15188","2026-06-22","2026-06-24"
"15189","2026-08-08","2026-09-07"
"15190","",""
"15191","",""
"15192","2026-06-15","2026-07-15"
"15193","",""
"15194","",""
"15195","",""
"15196","2026-07-01","2026-07-31"
"15197","2026-07-06","2026-08-05"
"15198","2026-06-14","2026-07-14"
"15199","2026-08-07","2026-09-06"
"15200","2026-06-15","2026-07-15"
"15201","2026-08-15","2026-09-14"
"15202","2026-06-14","2026-06-15"
"15203","",""
"15204","2026-06-16","2026-07-16"
"15205","",""
"15206","2026-06-14","2026-07-14"
"15207","2026-07-01","2026-07-31"
"15208","",""
"15209","",""
"15210","",""
"15211","",""
"15212","2026-07-14","2026-08-13"
"15213","2026-06-28","2026-06-29"
"15214","2026-06-28","2026-06-29"
"15215","2026-06-29","2026-06-30"
"15216","2026-08-01","2026-08-31"
"15217","2026-06-28","2026-06-29"
"15218","2026-06-15","2026-06-16"
"15219","2026-06-15","2026-07-15"
"15220","2026-06-26","2026-07-26"
"15221","2026-06-15","2026-07-15"
"15222","",""
"15223","2026-09-01","2026-10-01"
"15224","2026-08-31","2026-09-30"
"15225","2026-09-25","2026-10-25"
"15226","2026-08-01","2026-08-31"
"15227","",""
"15228","2026-06-14","2026-07-14"
"15229","2026-06-15","2026-07-15"
"15230","2026-08-18","2026-09-17"
"15231","2026-06-15","2026-07-15"
"15232","2026-06-24","2026-06-26"
"15233","2026-08-16","2026-09-15"
"15234","2026-06-14","2026-06-15"
"15235","2026-10-01","2026-10-31"
"15236","",""
"15237","2026-06-14","2026-07-16"
"15238","2026-06-18","2026-06-19"
"15239","2026-06-20","2026-06-23"
"15240","2026-06-17","2026-07-17"
"15241","",""
"15242","",""
"15243","2026-06-14","2026-07-14"
"15244","2026-09-10","2026-09-12"
"15245","",""
"15246","",""
"15247","2026-06-15","2026-07-15"
"15248","2026-08-16","2026-09-15"
"15249","2026-08-30","2026-09-29"
"15250","2027-02-20","2027-03-22"
"15251","2026-06-15","2026-07-15"
"15252","",""
"15253","2026-12-15","2027-01-14"
"15254","",""
"15255","2026-06-18","2026-06-19"
"15256","2027-04-30","2027-05-30"
"15257","",""
"15258","2026-08-30","2026-09-29"
"15259","2026-08-16","2026-09-15"
"15260","",""
"15261","2026-06-15","2026-07-15"
"15262","2026-07-19","2026-08-18"
"15263","2026-06-15","2026-07-15"
"15264","2026-06-15","2026-06-16"
"15265","",""
"15266","2026-06-15","2026-07-15"
"15267","2026-06-30","2026-07-30"
"15268","",""
"15269","2026-06-22","2026-07-22"
"15270","2026-08-14","2026-09-13"
"15271","2026-07-21","2026-08-20"
"15272","2026-12-19","2027-01-18"
"15273","",""
"15274","2026-12-17","2027-01-16"
"15275","2026-06-15","2026-07-15"
"15276","",""
"15277","2026-06-16","2026-07-16"
"15278","",""
"15279","2026-06-23","2026-07-26"
"15280","2027-01-31","2027-03-02"
"15281","2026-08-05","2026-09-04"
"15282","2026-07-06","2026-07-07"
"15283","2026-07-22","2026-08-21"
"15284","2026-06-17","2026-06-18"
"15285","2026-06-19","2026-06-20"
"15286","2026-07-23","2026-07-27"
"15287","2026-06-14","2026-07-14"
"15288","2026-06-21","2026-07-21"
"15289","2026-06-15","2026-07-15"
"15290","2026-06-14","2026-07-14"
"15291","2026-06-15","2026-07-15"
"15292","2026-09-01","2026-09-03"
"15293","2026-08-09","2026-09-08"
"15294","2026-07-05","2026-07-06"
"15295","2026-09-02","2026-10-02"
"15296","2026-06-15","2026-07-15"
"15297","2026-08-14","2026-09-13"
"15298","2026-06-15","2026-07-15"
"15299","2026-06-24","2026-12-21"
"15300","2026-06-21","2026-06-23"
"15301","2026-06-15","2026-07-15"
"15302","2027-01-31","2027-03-02"
"15303","2026-06-21","2026-06-23"
"15304","2027-03-25","2027-04-24"
"15305","2026-06-15","2026-07-15"
"15306","2026-12-01","2026-12-31"
"15307","2026-07-31","2026-08-30"
"15308","",""
"15309","2026-07-04","2026-08-03"
"15310","2026-08-01","2026-08-31"
"15311","2026-07-20","2026-08-19"
"15312","2026-06-30","2026-07-30"
"15313","2026-06-15","2026-07-15"
"15314","2026-06-15","2026-07-15"
"15315","2026-06-21","2026-07-21"
"15316","2026-08-15","2026-09-14"
"15317","2026-06-16","2026-07-16"
"15318","",""
"15319","",""
"15320","2026-06-14","2026-07-14"
"15321","",""
"15322","2026-07-22","2026-08-21"
"15323","2026-06-28","2026-07-01"
"15324","2026-06-15","2026-06-16"
"15325","2026-06-14","2026-06-15"
"15326","2026-06-18","2026-06-19"
"15327","2026-06-15","2026-06-16"
"15328","2026-06-15","2026-07-15"
"15329","",""
"15330","2026-06-19","2026-06-20"
"15331","2026-06-15","2026-06-16"
"15332","2026-06-14","2026-07-14"
"15333","2026-06-17","2026-07-17"
"15334","2026-06-15","2026-07-15"
"15335","2026-06-16","2026-07-16"
"15336","2026-06-21","2026-07-21"
"15337","2027-01-31","2027-02-02"
"15338","2026-07-02","2026-07-04"
"15339","2026-06-28","2026-07-02"
"15340","",""
"15341","2026-08-31","2026-09-30"
"15342","",""
"15343","2026-06-19","2026-06-20"
"15344","",""
"15345","2026-06-14","2026-07-14"
"15346","2026-07-31","2026-08-30"
"15347","2026-07-31","2026-08-30"
"15348","2026-07-31","2026-08-30"
"15349","2026-06-21","2026-06-22"
"15350","2026-09-30","2026-10-30"
"15351","2026-07-06","2026-08-05"
"15352","2026-06-18","2026-06-19"
"15353","2026-06-30","2026-07-01"
"15354","2026-06-30","2026-07-01"
"15355","2026-08-21","2026-09-20"
"15356","2026-06-21","2026-06-22"
"15357","2026-07-18","2026-08-17"
"15358","",""
"15359","2026-06-28","2026-07-28"
"15360","2027-01-02","2027-02-01"
"15361","2026-06-15","2026-07-16"
"15362","2026-06-15","2026-06-16"
"15363","2026-07-17","2026-07-22"
"15364","2026-06-14","2026-06-15"
"15365","2026-06-14","2026-06-15"
"15366","",""
"15367","2026-11-08","2026-12-08"
"15368","2026-06-22","2026-07-22"
"15369","2026-07-19","2026-08-18"
"15370","2026-06-15","2026-07-15"
"15371","",""
"15372","",""
"15373","2026-07-12","2026-08-11"
"15374","2026-06-15","2026-07-15"
"15375","2026-06-17","2026-07-17"
"15376","2026-06-15","2026-07-15"
"15377","2026-06-26","2026-07-26"
"15378","2026-07-31","2026-08-30"
"15379","2026-06-16","2026-07-16"
"15380","2026-06-16","2026-07-16"
"15381","2026-07-27","2026-10-25"
"15382","",""
"15383","2026-06-14","2026-07-14"
"15384","2026-11-05","2026-12-05"
"15385","2026-10-31","2027-01-29"
"15386","2026-06-17","2026-06-18"
"15387","",""
"15388","2026-08-19","2026-09-18"
"15389","2026-09-01","2026-10-01"
"15390","2026-06-15","2026-06-18"
"15391","2026-09-28","2026-10-28"
"15392","",""
"15393","2026-06-30","2026-07-01"
"15394","2026-06-15","2026-07-15"
"15395","2026-07-31","2026-08-30"
"15396","",""
"15397","2026-07-01","2026-07-04"
"15398","2026-06-23","2026-07-23"
"15399","2026-06-23","2026-06-25"
"15400","2026-08-01","2026-08-31"
"15401","2026-07-02","2026-08-01"
"15402","2026-07-24","2026-08-23"
"15403","2026-06-30","2026-07-30"
"15404","2026-11-01","2026-12-01"
"15405","2026-07-13","2026-08-12"
"15406","2026-06-15","2026-07-15"
"15407","",""
"15408","",""
"15409","2026-06-15","2026-07-15"
"15410","",""
"15411","2026-06-29","2026-07-29"
"15412","2026-06-21","2026-06-24"
"15413","2026-07-23","2026-08-22"
"15414","2026-07-01","2026-07-31"
"15415","",""
"15416","2026-06-17","2026-07-17"
"15417","2026-08-14","2026-09-13"
"15418","2026-06-17","2026-07-17"
"15419","2026-07-03","2026-08-02"
"15420","2026-06-16","2026-07-16"
"15421","2026-07-13","2026-08-12"
"15422","2026-06-15","2026-07-15"
"15423","2026-06-14","2026-07-14"
"15424","2026-08-27","2026-09-26"
"15425","2026-06-15","2026-07-15"
"15426","",""
"15427","2026-07-31","2026-08-30"
"15428","2026-06-23","2026-07-23"
"15429","2026-06-15","2026-07-15"
"15430","2026-06-14","2026-07-14"
"15431","2026-06-15","2026-07-15"
"15432","2026-12-22","2027-01-21"
"15433","",""
"15434","2026-06-30","2026-07-30"
"15435","2026-07-15","2026-08-14"
"15436","",""
"15437","2026-07-16","2026-08-15"
"15438","2026-09-30","2026-10-30"
"15439","2026-06-16","2026-07-16"
"15440","2026-06-15","2026-07-15"
"15441","2026-11-30","2026-12-30"
"15442","",""
"15443","",""
"15444","2026-10-01","2027-04-19"
"15445","2026-11-01","2026-12-01"
"15446","2026-07-16","2026-08-15"
"15447","2026-07-01","2026-07-31"
"15448","2026-06-17","2026-06-20"
"15449","2026-07-09","2026-08-08"
"15450","2026-06-15","2026-07-15"
"15451","",""
"15452","",""
"15453","",""
"15454","2026-06-15","2026-07-15"
"15455","2026-06-17","2026-06-20"
"15456","",""
"15457","2026-09-22","2026-10-22"
"15458","2026-06-15","2026-07-15"
"15459","",""
"15460","2026-08-03","2026-09-02"
"15461","2027-04-01","2027-05-01"
"15462","2026-09-09","2026-09-12"
"15463","2026-06-28","2026-07-28"
"15464","2026-06-14","2026-07-14"
"15465","",""
"15466","2026-08-01","2026-08-31"
"15467","2026-12-07","2027-01-06"
"15468","2026-08-04","2026-09-03"
"15469","2026-06-17","2026-07-17"
"15470","2026-08-01","2026-08-31"
"15471","2026-06-14","2026-07-14"
"15472","",""
"15473","2026-08-31","2026-09-30"
"15474","2026-09-20","2026-10-20"
"15475","2026-06-15","2026-07-15"
"15476","2026-06-15","2026-07-15"
"15477","2026-08-17","2026-09-16"
"15478","2026-10-12","2026-11-11"
"15479","2026-06-23","2026-06-24"
"15480","2026-06-18","2026-07-18"
"15481","2026-06-16","2026-07-16"
"15482","2026-08-01","2026-08-31"
"15483","2027-01-12","2027-02-11"
"15484","2026-09-02","2026-10-02"
"15485","2026-10-02","2026-11-01"
"15486","2026-06-15","2026-07-15"
"15487","2026-06-26","2026-07-26"
"15488","2026-07-29","2026-08-28"
"15489","2026-08-05","2026-09-04"
"15490","2026-06-23","2026-07-23"
"15491","2026-07-23","2026-08-22"
"15492","2026-07-08","2026-08-07"
"15493","",""
"15494","2026-08-06","2026-09-05"
"15495","2026-08-01","2026-08-31"
"15496","2027-02-23","2027-03-25"
"15497","2026-08-02","2026-09-01"
"15498","2026-08-02","2026-09-01"
"15499","",""
"15500","",""
"15501","",""
"15502","2026-06-14","2026-07-14"
"15503","",""
"15504","2026-06-14","2026-07-14"
"15505","2026-06-14","2026-07-14"
"15506","2026-06-15","2026-07-15"
"15507","2026-06-14","2026-07-14"
"15508","",""
"15509","2027-03-08","2027-04-07"
"15510","2026-07-01","2026-07-31"
"15511","",""
"15512","",""
"15513","2026-06-15","2026-07-15"
"15514","2026-06-17","2026-07-17"
"15515","2026-07-01","2026-07-31"
"15516","2026-08-09","2026-09-08"
"15517","2026-07-17","2026-08-16"
"15518","2026-07-29","2026-08-28"
"15519","2026-08-01","2026-08-31"
"15520","2026-06-15","2026-07-15"
"15521","2027-01-02","2027-02-01"
"15522","2026-06-15","2026-07-15"
"15523","2026-06-15","2026-07-15"
"15524","2026-11-01","2026-12-01"
"15525","2026-06-16","2026-07-16"
"15526","2026-06-14","2026-07-14"
"15527","2026-09-01","2026-10-01"
"15528","",""
"15529","2026-07-01","2026-07-31"
"15530","2026-07-09","2026-08-08"
"15531","2026-06-14","2026-07-14"
"15532","2026-07-01","2026-07-31"
"15533","",""
"15534","2026-06-16","2026-07-16"
"15535","",""
"15536","2026-06-15","2026-07-15"
"15537","",""
"15538","",""
"15539","2026-06-15","2026-07-15"
"15540","2026-10-01","2026-10-31"
"15541","2026-06-21","2026-06-23"
"15542","2026-09-06","2026-10-06"
"15543","",""
"15544","2026-07-01","2026-07-31"
"15545","",""
"15546","",""
"15547","",""
"15548","2026-06-24","2026-08-23"
"15549","2026-08-09","2026-09-08"
"15550","2026-07-03","2026-07-06"
"15551","2026-06-14","2026-07-14"
"15552","2026-08-28","2026-09-27"
"15553","2026-10-24","2026-11-23"
"15554","",""
"15555","",""
"15556","2026-10-02","2026-11-01"
"15557","2026-10-03","2026-11-02"
"15558","",""
"15559","2026-07-02","2026-08-01"
"15560","",""
"15561","2026-07-26","2026-08-25"
"15562","2026-07-31","2026-08-30"
"15563","2026-07-02","2026-07-06"
"15564","2026-06-14","2026-07-14"
"15565","2026-08-20","2026-09-19"
"15566","2026-06-29","2026-07-03"
"15567","2026-10-16","2026-11-15"
"15568","2026-06-15","2026-06-17"
"15569","2026-06-14","2026-07-14"
"15570","2026-07-04","2026-08-03"
"15571","2026-07-16","2026-07-18"
"15572","",""
"15573","2026-06-21","2026-06-22"
"15574","",""
"15575","",""
"15576","2026-07-05","2026-08-04"
"15577","2026-06-14","2026-07-14"
"15578","2026-12-09","2027-01-08"
"15579","",""
"15580","",""
"15581","",""
"15582","2026-10-01","2026-10-31"
"15583","2026-06-15","2026-07-15"
"15584","2027-01-21","2027-02-20"
"15585","2026-06-15","2026-07-15"
"15586","2026-06-15","2026-06-17"
"15587","2026-09-10","2026-10-10"
"15588","2027-04-01","2027-05-01"
"15589","2026-06-15","2026-06-17"
"15590","",""
"15591","2026-06-17","2026-07-17"
"15592","2026-06-24","2026-12-21"
"15593","2026-06-14","2026-06-15"
"15594","2026-06-14","2026-06-15"
"15595","2026-06-14","2026-06-15"
"15596","2026-09-01","2026-10-01"
"15597","2026-07-01","2026-07-31"
"15598","2026-07-01","2026-07-31"
"15599","2026-06-14","2026-07-14"
"15600","2026-07-01","2026-07-31"
"15601","",""
"15602","2026-06-15","2026-07-15"
"15603","",""
"15604","2026-07-03","2026-08-02"
"15605","2026-08-11","2026-09-10"
"15606","2026-06-15","2026-06-16"
"15607","2026-07-26","2026-08-23"
"15608","2026-06-15","2026-07-15"
"15609","2026-06-20","2026-07-20"
"15610","2026-06-20","2026-07-20"
"15611","2026-06-20","2026-07-20"
"15612","2026-06-14","2026-06-15"
"15613","2026-06-23","2026-07-23"
"15614","2026-06-15","2026-07-15"
"15615","2026-07-07","2026-08-06"
"15616","2026-07-16","2026-08-15"
"15617","2026-07-07","2026-08-06"
"15618","2026-06-30","2026-07-30"
"15619","2026-06-30","2026-07-30"
"15620","2026-06-30","2026-07-30"
"15621","2026-08-26","2026-09-25"
"15622","2026-07-18","2026-08-17"
"15623","2026-08-01","2026-08-31"
"15624","2026-06-15","2026-07-15"
"15625","2027-01-01","2027-01-31"
"15626","2026-08-08","2026-09-07"
"15627","2026-08-01","2026-08-31"
"15628","2026-08-22","2026-09-21"
"15629","2026-08-02","2026-09-01"
"15630","2026-07-12","2026-08-11"
"15631","2026-07-26","2026-08-25"
"15632","2026-08-14","2026-09-13"
"15633","2026-08-01","2026-08-03"
"15634","2026-06-15","2026-07-16"
"15635","2026-06-16","2026-06-17"
"15636","2027-01-09","2027-02-08"
"15637","",""
"15638","2026-08-21","2026-09-20"
"15639","",""
"15640","",""
"15641","2026-07-31","2026-08-30"
"15642","2026-07-14","2026-08-13"
"15643","2026-06-14","2026-07-15"
"15644","2026-08-11","2026-09-10"
"15645","",""
"15646","2026-07-18","2026-08-17"
"15647","2026-09-27","2026-10-27"
"15648","2027-01-01","2027-01-31"
"15649","",""
"15650","2026-06-14","2026-07-14"
"15651","",""
"15652","2026-10-01","2026-10-31"
"15653","",""
"15654","2026-08-04","2026-09-03"
"15655","2026-06-14","2026-07-14"
"15656","2026-10-15","2026-11-14"
"15657","2026-06-14","2026-07-14"
"15658","2026-10-26","2026-11-25"
"15659","",""
"15660","2026-06-15","2026-07-15"
"15661","2026-06-23","2026-08-07"
"15662","2026-06-14","2026-07-14"
"15663","2026-07-01","2026-07-31"
"15664","",""
"15665","",""
"15666","2026-07-31","2026-08-30"
"15667","2026-07-14","2026-08-13"
"15668","2026-07-14","2026-08-13"
"15669","2026-07-15","2026-08-14"
"15670","2026-07-31","2026-08-30"
"15671","2026-06-15","2026-07-15"
"15672","2026-07-31","2026-08-30"
"15673","2026-07-31","2026-08-30"
"15674","",""
"15675","2026-06-15","2026-07-15"
"15676","2026-07-24","2026-08-23"
"15677","2026-07-09","2026-08-08"
"15678","2026-06-16","2026-06-19"
"15679","2026-07-30","2026-08-29"
"15680","2026-08-08","2026-09-07"
"15681","2027-02-28","2027-03-30"
"15682","2026-06-15","2026-07-15"
"15683","2026-11-07","2026-12-07"
"15684","2026-06-14","2026-06-17"
"15685","2026-06-15","2026-07-15"
"15686","",""
"15687","2026-11-01","2026-12-01"
"15688","2027-01-01","2027-01-31"
"15689","2027-01-01","2027-01-31"
"15690","2027-01-01","2027-01-31"
"15691","2026-06-21","2026-06-22"
"15692","2026-06-14","2026-06-15"
"15693","2026-06-14","2026-06-15"
"15694","2026-06-15","2026-06-16"
"15695","2026-06-14","2026-06-15"
"15696","2026-08-03","2026-09-02"
"15697","2026-07-13","2026-08-12"
"15698","",""
"15699","2026-06-14","2026-07-14"
"15700","",""
"15701","2026-09-26","2026-10-26"
"15702","2026-09-09","2026-10-09"
"15703","2026-06-15","2026-06-16"
"15704","2026-08-01","2026-08-31"
"15705","2026-08-22","2026-09-21"
"15706","2026-06-15","2026-07-15"
"15707","",""
"15708","",""
"15709","",""
"15710","2026-06-21","2026-07-21"
"15711","2026-06-23","2026-06-24"
"15712","",""
"15713","2026-06-15","2026-07-15"
"15714","2026-06-15","2026-07-15"
"15715","",""
"15716","",""
"15717","",""
"15718","2026-06-30","2026-07-30"
"15719","2026-06-15","2026-07-15"
"15720","2026-06-14","2026-07-14"
"15721","",""
"15722","2026-08-14","2026-09-13"
"15723","2026-10-17","2026-11-16"
"15724","2026-06-14","2026-07-14"
"15725","2026-08-08","2026-09-07"
"15726","2026-06-16","2026-07-16"
"15727","2026-06-14","2026-07-14"
"15728","2026-06-15","2026-07-15"
"15729","2026-06-14","2026-07-15"
"15730","2026-07-07","2026-08-06"
"15731","2026-06-16","2026-07-16"
"15732","2026-06-17","2026-07-17"
"15733","",""
"15734","2026-08-22","2026-09-21"
"15735","2026-06-22","2026-06-24"
"15736","",""
"15737","2026-06-21","2026-06-24"
"15738","2026-07-16","2026-08-15"
"15739","2026-06-15","2026-07-15"
"15740","2026-07-31","2026-08-30"
"15741","2026-07-23","2026-08-22"
"15742","",""
"15743","2026-06-15","2026-07-15"
"15744","2026-06-14","2026-07-14"
"15745","2026-10-31","2026-11-30"
"15746","",""
"15747","",""
"15748","2026-06-16","2026-06-18"
"15749","2026-09-17","2026-10-17"
"15750","2026-06-14","2026-07-14"
"15751","2026-06-14","2026-06-15"
"15752","2026-06-14","2026-07-14"
"15753","2026-06-14","2026-07-14"
"15754","2027-03-12","2027-03-13"
"15755","2027-01-04","2027-02-03"
"15756","2026-11-18","2026-12-18"
"15757","2026-08-05","2026-09-04"
"15758","2026-06-15","2026-07-15"
"15759","2026-06-22","2026-06-24"
"15760","2026-08-16","2026-09-15"
"15761","2026-06-14","2026-07-14"
"15762","2026-06-14","2026-07-14"
"15763","2026-06-19","2026-07-19"
"15764","2026-06-14","2026-06-15"
"15765","2026-06-14","2026-06-15"
"15766","2026-06-15","2026-06-16"
"15767","2026-06-23","2026-06-24"
"15768","2026-08-31","2026-09-30"
"15769","2026-07-02","2026-08-01"
"15770","2026-08-30","2026-09-29"
"15771","2026-08-23","2026-09-22"
"15772","2026-08-30","2026-09-29"
"15773","2026-07-30","2026-08-29"
"15774","2026-07-21","2026-08-20"
"15775","2026-08-31","2026-09-30"
"15776","2026-06-14","2026-07-14"
"15777","",""
"15778","2026-06-20","2026-07-20"
"15779","2026-06-15","2026-07-15"
"15780","2026-07-19","2026-08-18"
"15781","2026-09-16","2026-10-16"
"15782","2026-06-15","2026-07-15"
"15783","",""
"15784","2026-08-31","2026-09-30"
"15785","2026-06-14","2026-07-14"
"15786","2027-01-01","2027-01-31"
"15787","",""
"15788","2026-06-15","2026-07-15"
"15789","2026-06-16","2026-07-16"
"15790","2026-08-14","2026-09-13"
"15791","",""
"15792","2026-06-28","2026-06-30"
"15793","2026-08-30","2026-09-29"
"15794","",""
"15795","2026-06-15","2026-07-15"
"15796","2026-07-03","2026-08-02"
"15797","",""
"15798","",""
"15799","2026-06-30","2026-07-30"
"15800","2026-08-09","2026-09-23"
"15801","2026-06-15","2026-06-17"
"15802","",""
"15803","2026-06-21","2026-07-21"
"15804","2027-03-01","2027-03-31"
"15805","2026-07-11","2026-08-10"
"15806","2026-06-15","2026-06-17"
"15807","2026-06-21","2026-06-23"
"15808","2026-07-17","2026-07-19"
"15809","",""
"15810","2026-07-09","2026-08-08"
"15811","2026-06-14","2026-07-14"
"15812","2026-09-01","2026-10-01"
"15813","2026-08-06","2026-09-05"
"15814","2026-08-31","2026-09-30"
"15815","",""
"15816","2026-07-13","2026-08-12"
"15817","2026-10-28","2026-12-12"
"15818","2026-07-10","2026-08-09"
"15819","2026-07-14","2026-08-13"
"15820","2026-06-15","2026-06-16"
"15821","2026-10-19","2026-11-18"
"15822","2026-08-09","2026-09-08"
"15823","2026-12-31","2027-01-30"
"15824","2027-01-29","2027-02-28"
"15825","2026-08-15","2026-09-14"
"15826","2026-09-30","2026-10-30"
"15827","",""
"15828","2026-08-08","2026-09-07"
"15829","2026-06-23","2026-06-24"
"15830","2026-07-25","2026-08-24"
"15831","2026-08-01","2026-08-31"
"15832","",""
"15833","",""
"15834","2026-06-15","2026-06-18"
"15835","2026-07-21","2026-07-23"
"15836","2026-06-15","2026-07-15"
"15837","2026-08-16","2026-09-15"
"15838","2026-06-21","2026-07-21"
"15839","2026-07-31","2026-08-30"
"15840","2026-06-21","2026-06-23"
"15841","2026-06-15","2026-07-15"
"15842","",""
"15843","2026-06-15","2026-07-15"
"15844","2026-06-21","2026-06-22"
"15845","2026-08-16","2026-09-15"
"15846","",""
"15847","2026-06-16","2026-06-17"
"15848","2026-06-15","2026-07-15"
"15849","2026-10-01","2026-10-31"
"15850","2026-06-23","2026-06-26"
"15851","",""
"15852","",""
"15853","2026-07-06","2026-07-08"
"15854","2026-08-08","2026-08-09"
"15855","",""
"15856","2026-06-23","2026-06-24"
"15857","2026-06-15","2026-07-15"
"15858","",""
"15859","2026-07-07","2026-07-09"
"15860","",""
"15861","2026-06-14","2026-07-14"
"15862","2026-07-07","2026-08-06"
"15863","2026-07-01","2026-07-31"
"15864","2026-06-14","2026-07-14"
"15865","2026-08-31","2026-09-30"
"15866","2026-06-19","2026-06-20"
"15867","",""
"15868","",""
"15869","2026-06-15","2026-07-15"
"15870","2026-08-19","2026-08-21"
"15871","",""
"15872","",""
"15873","",""
"15874","2026-07-06","2026-07-09"
"15875","2026-06-15","2026-07-15"
"15876","2026-06-15","2026-07-15"
"15877","2026-08-17","2026-09-16"
"15878","2026-06-20","2026-06-21"
"15879","2027-01-31","2027-03-02"
"15880","2026-06-16","2026-06-19"
"15881","2026-08-23","2026-09-22"
"15882","2026-08-01","2026-08-31"
"15883","2026-07-09","2026-07-11"
"15884","2026-06-21","2026-07-21"
"15885","2026-08-02","2026-09-01"
"15886","2026-06-29","2026-07-01"
"15887","2026-06-15","2026-07-15"
"15888","2026-06-15","2026-07-15"
"15889","2026-07-12","2026-07-13"
"15890","2026-07-06","2026-08-05"
"15891","2026-06-17","2026-06-18"
"15892","2026-06-15","2026-07-15"
"15893","",""
"15894","2026-07-20","2026-08-19"
"15895","2026-06-17","2026-07-17"
"15896","2026-07-01","2026-07-31"
"15897","2026-06-29","2026-07-29"
"15898","2026-06-15","2026-07-15"
"15899","2026-06-15","2026-07-15"
"15900","2026-08-15","2026-09-14"
"15901","2026-10-02","2026-11-01"
"15902","2026-06-16","2026-07-16"
"15903","2026-06-14","2026-07-14"
"15904","2026-06-15","2026-07-15"
"15905","",""
"15906","2026-07-06","2026-07-07"
"15907","2026-06-14","2026-07-14"
"15908","2026-06-14","2026-07-14"
"15909","2026-06-15","2026-07-15"
"15910","2026-10-01","2026-10-31"
"15911","",""
"15912","",""
"15913","2026-06-23","2026-06-26"
"15914","2026-06-22","2026-06-24"
"15915","",""
"15916","2026-06-15","2026-07-15"
"15917","2026-09-01","2026-10-01"
"15918","2026-06-16","2026-07-16"
"15919","2026-06-30","2026-07-30"
"15920","2026-07-01","2026-07-31"
"15921","2026-06-30","2026-07-01"
"15922","",""
"15923","2026-06-16","2026-07-16"
"15924","2026-07-20","2026-08-19"
"15925","2026-08-05","2026-09-04"
"15926","2026-07-05","2026-07-06"
"15927","2026-09-30","2026-10-30"
"15928","2026-06-25","2026-06-26"
"15929","2026-07-05","2026-07-06"
"15930","2026-07-05","2026-07-06"
"15931","2026-09-29","2026-09-30"
"15932","2026-07-15","2026-07-16"
"15933","2026-09-01","2026-09-02"
"15934","2026-07-25","2026-07-26"
"15935","2026-07-15","2026-07-16"
"15936","2026-07-20","2026-07-21"
"15937","2026-06-23","2026-06-24"
"15938","2026-06-15","2026-07-15"
"15939","2026-07-06","2026-08-05"
"15940","2026-06-14","2026-07-14"
"15941","2026-06-15","2026-07-15"
"15942","2026-06-15","2026-07-15"
"15943","2026-06-15","2026-07-15"
"15944","2026-06-30","2026-07-30"
"15945","2026-06-16","2026-07-16"
"15946","",""
"15947","2026-06-15","2026-06-17"
"15948","",""
"15949","2026-07-21","2026-07-22"
"15950","2026-07-21","2026-07-22"
"15951","2026-07-17","2026-07-18"
"15952","2026-07-17","2026-07-18"
"15953","2026-08-10","2026-08-11"
"15954","2026-07-15","2026-07-16"
"15955","2026-07-15","2026-07-16"
"15956","2026-06-14","2026-07-14"
"15957","2026-06-15","2026-07-15"
"15958","2026-06-30","2026-07-30"
"15959","2026-06-16","2026-06-19"
"15960","2027-02-10","2027-03-12"
"15961","2026-07-01","2026-07-31"
"15962","2026-06-20","2026-06-21"
"15963","2026-08-15","2026-09-14"
"15964","2026-08-08","2026-09-07"
"15965","2026-07-07","2026-08-06"
"15966","2026-06-15","2026-07-15"
"15967","2026-07-19","2026-08-18"
"15968","2026-06-15","2026-07-15"
"15969","2026-06-16","2026-07-16"
"15970","2026-12-31","2027-01-30"
"15971","2026-07-13","2026-08-12"
"15972","2026-06-14","2026-07-14"
"15973","",""
"15974","2026-07-31","2026-08-30"
"15975","2026-06-16","2026-06-18"
"15976","2026-06-15","2026-06-16"
"15977","2026-07-10","2026-08-09"
"15978","2026-06-15","2026-06-16"
"15979","2026-06-17","2026-07-17"
"15980","2026-08-14","2026-08-15"
"15981","",""
"15982","2026-06-15","2026-07-15"
"15983","2027-01-01","2027-01-31"
"15984","2026-08-21","2026-09-20"
"15985","2026-06-14","2026-07-14"
"15986","2026-07-28","2026-08-27"
"15987","2026-06-15","2026-07-15"
"15988","2026-10-31","2026-11-30"
"15989","2026-06-14","2026-07-14"
"15990","2026-06-16","2026-07-16"
"15991","2026-08-02","2026-09-01"
"15992","2026-07-03","2026-08-02"
"15993","2026-06-23","2027-06-23"
"15994","2026-08-01","2026-10-30"
"15995","2026-09-28","2026-10-28"
"15996","2026-06-15","2026-07-15"
"15997","2026-06-15","2026-07-15"
"15998","2026-06-17","2026-07-17"
"15999","2026-07-02","2026-08-01"
"16000","2026-06-15","2026-07-15"
"16001","2026-06-15","2026-07-15"
"16002","2026-06-15","2026-07-15"
"16003","2026-06-17","2026-07-17"
"16004","",""
"16005","2026-11-24","2026-12-24"
"16006","2026-08-23","2026-08-26"
"16007","2027-01-30","2027-03-01"
"16008","",""
"16009","2026-08-17","2026-09-16"
"16010","2026-07-06","2026-08-05"
"16011","2026-06-14","2026-07-14"
"16012","2026-06-16","2026-07-16"
"16013","2026-08-07","2026-09-06"
"16014","2026-06-14","2026-07-14"
"16015","2026-06-24","2026-07-24"
"16016","2026-07-11","2026-08-10"
"16017","",""
"16018","2026-06-21","2026-07-21"
"16019","",""
"16020","2026-08-09","2026-09-08"
"16021","2026-06-30","2026-07-30"
"16022","2026-06-22","2026-07-22"
"16023","2026-10-31","2026-11-30"
"16024","",""
"16025","2026-07-20","2026-07-21"
"16026","2026-07-05","2026-08-04"
"16027","2026-08-26","2026-09-25"
"16028","2026-06-15","2026-07-15"
"16029","2026-06-15","2026-07-15"
"16030","2026-07-27","2026-08-26"
"16031","2026-09-01","2026-10-01"
"16032","2026-12-01","2026-12-31"
"16033","2026-08-08","2026-09-07"
"16034","2026-10-31","2026-11-30"
"16035","",""
"16036","2026-07-01","2026-07-31"
"16037","2026-06-16","2026-07-16"
"16038","2026-08-18","2026-09-17"
"16039","2026-06-14","2026-07-14"
"16040","2026-06-15","2026-06-17"
"16041","2026-07-05","2026-07-06"
"16042","2026-06-24","2026-06-25"
"16043","2026-06-15","2026-07-15"
"16044","2026-06-15","2026-07-15"
"16045","2026-06-24","2026-07-24"
"16046","2026-06-16","2026-07-16"
"16047","2026-09-06","2026-10-06"
"16048","2026-06-19","2026-06-21"
"16049","2026-07-23","2026-08-22"
"16050","2026-06-14","2026-07-14"
"16051","2026-06-26","2026-07-26"
"16052","",""
"16053","2026-06-16","2026-07-16"
"16054","2026-06-17","2026-07-17"
"16055","2026-10-01","2026-10-31"
"16056","2026-06-21","2026-06-22"
"16057","2026-10-11","2026-11-11"
"16058","2026-07-29","2026-08-28"
"16059","2026-07-29","2026-08-28"
"16060","",""
"16061","2026-06-25","2026-07-28"
"16062","",""
"16063","2026-06-22","2026-07-22"
"16064","2026-06-17","2026-06-19"
"16065","2026-08-01","2026-08-31"
"16066","2026-06-15","2026-07-15"
"16067","",""
"16068","",""
"16069","",""
"16070","",""
"16071","2026-08-08","2026-09-07"
"16072","2026-06-15","2026-07-15"
"16073","2026-06-15","2026-07-15"
"16074","2026-06-15","2026-07-15"
"16075","2026-06-16","2026-07-16"
"16076","2026-06-15","2026-07-15"
"16077","2026-06-14","2026-07-14"
"16078","2026-06-17","2026-06-18"
"16079","2026-06-15","2026-06-16"
"16080","2026-06-15","2026-06-16"
"16081","2026-07-21","2026-07-25"
"16082","2027-03-25","2027-04-24"
"16083","2026-06-19","2026-06-21"
"16084","",""
"16085","2026-06-15","2026-07-15"
"16086","2026-06-15","2026-07-15"
"16087","2026-06-15","2026-07-15"
"16088","2026-08-05","2026-09-04"
"16089","2026-06-30","2026-07-30"
"16090","2027-01-01","2027-01-31"
"16091","2026-06-14","2026-06-15"
"16092","",""
"16093","2026-06-14","2026-07-14"
"16094","",""
"16095","2026-06-14","2026-07-14"
"16096","2026-06-27","2026-07-27"
"16097","2026-08-19","2026-09-18"
"16098","2026-06-30","2026-07-30"
"16099","2026-08-01","2026-08-31"
"16100","2026-08-31","2026-09-30"
"16101","2026-06-15","2026-07-15"
"16102","2026-06-15","2026-07-15"
"16103","2026-06-15","2026-07-15"
"16104","2026-06-14","2026-06-15"
"16105","2026-06-14","2026-06-15"
"16106","2026-06-30","2026-07-01"
"16107","2026-06-30","2026-07-01"
"16108","2026-06-18","2026-06-19"
"16109","2026-06-24","2026-06-25"
"16110","2026-06-24","2026-06-25"
"16111","2026-06-15","2026-06-16"
"16112","2026-06-18","2026-06-19"
"16113","2026-06-18","2026-06-19"
"16114","",""
"16115","2026-06-30","2026-07-30"
"16116","",""
"16117","",""
"16118","2026-08-04","2026-09-03"
"16119","",""
"16120","",""
"16121","",""
"16122","2026-06-15","2026-07-15"
"16123","2026-06-14","2026-07-14"
"16124","2026-06-30","2026-07-30"
"16125","2026-09-01","2026-10-01"
"16126","2026-06-18","2026-06-20"
"16127","",""
"16128","2026-07-01","2026-07-31"
"16129","2026-08-08","2026-09-07"
"16130","2026-06-15","2026-07-15"
"16131","2026-07-08","2026-07-11"
"16132","2026-08-15","2026-09-14"
"16133","2026-09-30","2026-10-30"
"16134","",""
"16135","2026-10-04","2026-11-03"
"16136","2026-09-30","2026-10-30"
"16137","2026-06-15","2026-07-15"
"16138","2026-06-15","2026-07-15"
"16139","",""
"16140","2026-06-17","2026-07-17"
"16141","",""
"16142","",""
"16143","2026-07-31","2026-08-30"
"16144","2026-10-01","2026-10-31"
"16145","2027-04-29","2027-05-29"
"16146","2026-09-01","2026-10-01"
"16147","2026-08-08","2026-09-07"
"16148","2026-06-15","2026-07-15"
"16149","2026-07-01","2026-07-31"
"16150","2026-07-19","2026-08-18"
"16151","2026-09-25","2026-10-25"
"16152","",""
"16153","2026-06-18","2026-06-19"
"16154","2026-06-18","2026-06-19"
"16155","2026-06-18","2026-06-19"
"16156","2026-11-12","2027-02-10"
"16157","2026-06-25","2026-06-26"
"16158","2026-08-01","2026-08-31"
"16159","",""
"16160","2026-06-14","2026-07-14"
"16161","2026-10-01","2026-10-31"
"16162","2026-06-15","2026-07-15"
"16163","2026-07-27","2026-08-26"
"16164","2026-11-28","2026-12-28"
"16165","2026-08-02","2026-09-01"
"16166","2026-07-13","2026-08-12"
"16167","2026-06-23","2026-07-23"
"16168","",""
"16169","",""
"16170","2026-07-19","2026-08-18"
"16171","2026-09-23","2026-10-23"
"16172","2026-06-29","2026-06-30"
"16173","",""
"16174","2026-07-10","2026-08-09"
"16175","2026-06-16","2026-07-16"
"16176","2026-11-01","2026-12-01"
"16177","",""
"16178","2026-06-19","2026-06-21"
"16179","2026-11-01","2026-12-01"
"16180","2026-06-15","2026-07-15"
"16181","2027-05-11","2027-06-10"
"16182","2026-06-21","2026-07-21"
"16183","2026-08-08","2026-09-07"
"16184","2026-09-01","2026-10-01"
"16185","2026-06-16","2026-07-16"
"16186","2026-06-18","2026-07-18"
"16187","",""
"16188","2026-08-31","2026-09-30"
"16189","2027-05-02","2027-06-01"
"16190","2026-09-26","2026-10-26"
"16191","2026-06-16","2026-07-16"
"16192","2026-06-15","2026-06-18"
"16193","2026-06-14","2026-07-14"
"16194","2026-07-12","2026-08-11"
"16195","",""
"16196","2026-06-15","2026-07-15"
"16197","2026-06-28","2026-07-28"
"16198","2026-08-01","2026-08-31"
"16199","2026-08-16","2026-09-15"
"16200","2026-06-20","2026-06-21"
"16201","2026-06-14","2026-07-14"
"16202","2026-06-14","2026-07-14"
"16203","2026-06-28","2026-07-28"
"16204","2026-08-01","2026-08-31"
"16205","2026-07-30","2026-08-29"
"16206","2026-06-23","2026-06-24"
"16207","2026-06-15","2026-07-15"
"16208","2026-09-01","2026-10-01"
"16209","2026-08-22","2026-09-21"
"16210","",""
"16211","2026-06-14","2026-07-14"
"16212","2026-06-14","2026-07-14"
"16213","",""
"16214","2026-06-14","2026-07-14"
"16215","2026-06-14","2026-07-14"
"16216","2027-05-02","2027-06-01"
"16217","2026-06-15","2026-07-15"
"16218","2026-06-16","2026-07-16"
"16219","2026-06-15","2026-07-15"
"16220","2026-06-30","2026-07-30"
"16221","2026-06-30","2026-07-30"
"16222","2026-07-03","2026-08-02"
"16223","2026-07-01","2026-07-31"
"16224","",""
"16225","2026-06-14","2026-07-14"
"16226","2026-07-09","2026-08-08"
"16227","2026-06-14","2026-07-14"
"16228","2026-11-09","2026-11-12"
"16229","2026-11-03","2026-12-03"
"16230","2027-01-20","2027-02-19"
"16231","2026-06-14","2026-06-15"
"16232","2026-06-22","2026-06-25"
"16233","2026-07-17","2026-08-16"
"16234","2026-06-15","2027-04-13"
"16235","2026-06-15","2026-07-15"
"16236","",""
"16237","2026-06-14","2026-07-14"
"16238","2026-07-30","2026-08-03"
"16239","2026-06-15","2026-07-15"
"16240","2026-06-14","2026-06-15"
"16241","2026-08-01","2026-08-31"
"16242","2026-06-15","2026-07-15"
"16243","2026-11-07","2026-12-07"
"16244","2026-07-22","2026-08-21"
"16245","",""
"16246","",""
"16247","2026-09-07","2026-10-07"
"16248","2026-06-20","2026-06-22"
"16249","2026-06-23","2026-06-24"
"16250","2026-06-16","2026-07-16"
"16251","2026-06-16","2026-07-16"
"16252","2026-06-14","2026-06-15"
"16253","2026-06-21","2026-07-21"
"16254","2026-09-01","2026-10-01"
"16255","2026-07-31","2026-08-30"
"16256","",""
"16257","2026-08-03","2026-09-02"
"16258","2026-06-14","2026-07-14"
"16259","2026-06-14","2026-07-14"
"16260","2026-06-14","2026-07-14"
"16261","2026-08-01","2026-08-31"
"16262","2026-06-21","2026-06-22"
"16263","2026-06-30","2026-07-30"
"16264","2026-06-30","2026-07-30"
"16265","2026-06-30","2026-07-30"
"16266","2026-06-30","2026-07-30"
"16267","2026-06-30","2026-07-30"
"16268","2026-06-15","2026-07-15"
"16269","2026-06-14","2026-07-14"
"16270","2026-07-04","2026-08-03"
"16271","2026-08-27","2026-09-26"
"16272","2026-08-04","2026-09-03"
"16273","2027-04-30","2027-05-30"
"16274","2026-09-02","2026-10-02"
"16275","2026-08-25","2026-09-24"
"16276","2026-06-14","2026-07-14"
"16277","2026-06-21","2026-07-21"
"16278","2026-11-10","2027-02-08"
"16279","2026-06-16","2026-07-16"
"16280","",""
"16281","2026-10-03","2026-11-02"
"16282","2026-06-16","2026-06-18"
"16283","",""
"16284","2026-07-06","2026-08-05"
"16285","",""
"16286","2026-06-15","2026-07-15"
"16287","2026-06-15","2026-07-15"
"16288","2026-06-16","2026-07-16"
"16289","2026-06-21","2026-07-21"
"16290","2026-07-25","2026-08-24"
"16291","2026-08-16","2026-09-15"
"16292","2026-07-31","2026-08-30"
"16293","2026-06-15","2026-07-15"
"16294","",""
"16295","2026-07-23","2026-08-22"
"16296","",""
"16297","2026-06-15","2026-07-15"
"16298","2027-01-01","2027-01-31"
"16299","2026-06-15","2026-07-15"
"16300","",""
"16301","2027-02-01","2027-03-03"
"16302","2026-06-15","2026-07-15"
"16303","2026-07-27","2026-08-26"
"16304","2026-06-30","2026-07-30"
"16305","2026-06-18","2026-06-19"
"16306","2026-06-14","2026-07-14"
"16307","2026-06-15","2026-06-16"
"16308","2026-06-14","2026-07-14"
"16309","2026-12-26","2027-01-25"
"16310","2026-06-25","2026-07-25"
"16311","2026-11-14","2026-11-17"
"16312","2026-06-24","2026-07-24"
"16313","",""
"16314","2026-11-20","2026-12-20"
"16315","2026-11-07","2026-12-07"
"16316","",""
"16317","2026-08-16","2026-09-15"
"16318","2026-08-31","2026-09-30"
"16319","2026-08-31","2026-09-30"
"16320","2026-06-15","2026-07-15"
"16321","2026-08-11","2026-09-10"
"16322","2026-12-31","2027-01-30"
"16323","2027-04-01","2027-05-01"
"16324","2026-12-06","2027-01-05"
"16325","2027-02-27","2027-03-29"
"16326","2026-07-25","2026-08-24"
"16327","2026-09-01","2026-10-01"
"16328","2026-06-14","2026-07-14"
"16329","2026-06-15","2026-07-15"
"16330","2026-08-05","2026-09-04"
"16331","2026-06-24","2026-07-24"
"16332","2026-06-15","2026-07-15"
"16333","",""
"16334","2026-06-14","2026-07-14"
"16335","2026-06-14","2026-07-14"
"16336","2027-02-01","2027-03-04"
"16337","2026-06-16","2026-06-17"
"16338","2026-06-15","2026-06-16"
"16339","",""
"16340","2026-06-24","2026-07-24"
"16341","2026-06-28","2026-07-28"
"16342","2026-06-21","2026-07-21"
"16343","2026-07-18","2026-08-17"
"16344","2026-06-15","2026-07-15"
"16345","2026-07-22","2026-08-21"
"16346","2026-06-14","2026-07-14"
"16347","",""
"16348","2026-06-15","2026-07-15"
"16349","2027-01-02","2027-02-01"
"16350","",""
"16351","2026-06-15","2026-06-17"
"16352","2026-06-22","2026-07-22"
"16353","2026-06-21","2026-06-26"
"16354","2026-07-02","2026-08-01"
"16355","2026-07-31","2026-08-30"
"16356","2026-07-02","2026-08-01"
"16357","",""
"16358","2026-06-17","2026-07-17"
"16359","2026-08-16","2026-09-15"
"16360","2026-08-01","2026-08-31"
"16361","2026-07-20","2026-08-19"
"16362","2026-06-14","2026-07-14"
"16363","",""
"16364","2026-08-12","2026-09-11"
"16365","2026-08-01","2026-08-31"
"16366","2026-08-08","2026-09-07"
"16367","2026-06-14","2026-07-14"
"16368","",""
"16369","",""
"16370","",""
"16371","2026-06-18","2026-06-19"
"16372","",""
"16373","2026-11-02","2026-12-02"
"16374","2026-08-09","2026-09-08"
"16375","2026-06-17","2026-07-17"
"16376","2026-09-01","2026-10-01"
"16377","2026-06-15","2026-06-17"
"16378","2026-08-07","2026-09-06"
"16379","2026-08-15","2026-09-14"
"16380","2026-07-25","2026-08-24"
"16381","2026-08-05","2026-09-04"
"16382","2026-11-09","2026-12-09"
"16383","2026-07-01","2026-07-31"
"16384","2026-08-11","2026-09-10"
"16385","2026-06-14","2026-07-14"
"16386","2026-06-14","2026-07-14"
"16387","2026-06-22","2026-07-22"
"16388","",""
"16389","2026-10-01","2026-10-31"
"16390","2026-07-01","2026-07-03"
"16391","",""
"16392","2026-12-19","2027-01-18"
"16393","2026-07-18","2026-08-17"
"16394","2027-01-01","2027-01-31"
"16395","2026-07-27","2026-08-26"
"16396","2026-06-22","2026-06-24"
"16397","2026-06-14","2026-06-15"
"16398","",""
"16399","",""
"16400","",""
"16401","2026-06-21","2026-07-21"
"16402","2026-06-30","2026-07-30"
"16403","2026-12-31","2027-01-30"
"16404","2026-06-15","2026-07-15"
"16405","2026-06-15","2026-06-22"
"16406","2026-07-12","2026-07-19"
"16407","2026-06-15","2026-07-15"
"16408","2026-06-15","2026-06-17"
"16409","",""
"16410","",""
"16411","2026-07-21","2026-08-20"
"16412","2026-06-20","2026-07-20"
"16413","",""
"16414","2026-06-14","2026-07-14"
"16415","2026-06-30","2026-07-02"
"16416","2027-01-22","2027-02-21"
"16417","2026-08-08","2026-09-07"
"16418","2026-11-16","2026-12-16"
"16419","2026-06-14","2026-07-14"
"16420","2026-06-30","2026-07-30"
"16421","2026-12-07","2027-01-06"
"16422","2026-06-16","2026-06-20"
"16423","2026-08-30","2026-09-29"
"16424","2026-06-17","2026-07-17"
"16425","2027-02-10","2027-02-12"
"16426","2026-07-27","2026-08-26"
"16427","",""
"16428","",""
"16429","2026-06-15","2026-06-16"
"16430","",""
"16431","2026-06-14","2026-07-14"
"16432","2026-07-20","2026-08-19"
"16433","2026-09-01","2026-10-01"
"16434","",""
"16435","2026-08-21","2026-09-20"
"16436","2026-07-20","2026-08-19"
"16437","2026-06-20","2026-06-23"
"16438","",""
"16439","2026-06-14","2026-07-14"
"16440","2026-08-15","2026-09-14"
"16441","",""
"16442","2026-06-14","2026-07-14"
"16443","2026-06-15","2026-07-15"
"16444","2026-09-01","2026-10-01"
"16445","2026-08-02","2026-09-01"
"16446","2026-08-08","2026-09-07"
"16447","2026-09-01","2026-10-01"
"16448","2026-08-10","2026-10-09"
"16449","2026-07-20","2026-07-23"
"16450","2026-06-14","2026-07-14"
"16451","",""
"16452","2026-07-11","2026-08-10"
"16453","2026-08-01","2026-08-31"
"16454","2026-08-01","2026-08-31"
"16455","2026-09-29","2026-10-29"
"16456","2026-10-24","2026-11-23"
"16457","",""
"16458","",""
"16459","2026-06-14","2026-06-15"
"16460","2026-06-14","2026-06-15"
"16461","2026-06-14","2026-06-15"
"16462","2026-10-13","2026-10-15"
"16463","2026-10-01","2026-10-31"
"16464","2026-06-15","2026-07-15"
"16465","2026-06-14","2026-07-14"
"16466","2026-06-14","2026-06-15"
"16467","2026-08-08","2026-09-07"
"16468","",""
"16469","2026-07-31","2026-08-30"
"16470","2026-07-10","2026-08-09"
"16471","",""
"16472","2026-08-31","2026-09-30"
"16473","2026-10-07","2026-11-06"
"16474","2026-06-28","2026-07-28"
"16475","",""
"16476","2026-11-14","2026-12-14"
"16477","2026-06-15","2026-06-18"
"16478","2026-08-08","2026-09-07"
"16479","2027-01-31","2027-03-02"
"16480","2026-06-14","2026-07-14"
"16481","2026-08-09","2026-09-08"
"16482","2027-02-01","2027-03-03"
"16483","2027-01-01","2027-01-31"
"16484","2026-10-01","2026-10-31"
"16485","",""
"16486","",""
"16487","2026-07-04","2026-08-03"
"16488","2026-06-15","2026-07-15"
"16489","2026-07-02","2026-08-01"
"16490","",""
"16491","2026-11-30","2026-12-30"
"16492","2026-08-04","2026-09-03"
"16493","",""
"16494","2026-06-14","2026-07-14"
"16495","",""
"16496","2026-06-30","2026-07-02"
"16497","2026-08-15","2026-09-14"
"16498","2026-08-01","2026-08-31"
"16499","2027-01-01","2027-01-31"
"16500","",""
"16501","2026-06-15","2026-07-15"
"16502","2026-06-14","2026-07-14"
"16503","2026-09-13","2026-10-13"
"16504","2026-06-15","2026-07-15"
"16505","2026-07-23","2026-07-24"
"16506","2026-06-23","2026-06-24"
"16507","2026-09-01","2026-10-01"
"16508","2026-07-12","2026-08-11"
"16509","2026-06-17","2026-06-18"
"16510","2026-06-29","2026-07-29"
"16511","2026-06-28","2026-06-30"
"16512","",""
"16513","",""
"16514","2026-06-14","2026-07-14"
"16515","2026-06-15","2026-07-15"
"16516","2026-06-17","2026-07-17"
"16517","",""
"16518","2026-06-14","2026-07-14"
"16519","2026-06-14","2026-07-14"
"16520","2026-07-25","2026-08-24"
"16521","2026-08-15","2026-09-14"
"16522","2026-06-28","2026-06-29"
"16523","2026-06-14","2026-07-14"
"16524","2026-06-14","2026-07-14"
"16525","2026-06-15","2026-07-15"
"16526","2026-06-24","2026-06-26"
"16527","2026-06-14","2026-06-15"
"16528","2026-06-14","2026-06-15"
"16529","",""
"16530","2026-06-15","2026-07-15"
"16531","2027-05-01","2027-05-31"
"16532","2026-06-14","2026-07-14"
"16533","2026-06-15","2026-07-15"
"16534","2026-06-14","2026-07-14"
"16535","",""
"16536","2026-06-28","2026-06-29"
"16537","2026-06-15","2026-07-15"
"16538","",""
"16539","2026-07-13","2026-08-13"
"16540","2026-09-25","2026-10-25"
"16541","2026-07-06","2026-08-05"
"16542","2026-07-25","2026-08-24"
"16543","2026-08-09","2026-09-08"
"16544","2026-06-14","2026-07-14"
"16545","2026-07-07","2026-08-06"
"16546","2026-12-21","2027-01-20"
"16547","2026-07-25","2026-08-24"
"16548","",""
"16549","2026-07-03","2026-08-02"
"16550","2026-06-14","2026-07-14"
"16551","2026-06-14","2026-07-14"
"16552","2026-08-15","2026-09-14"
"16553","2026-06-16","2026-07-16"
"16554","2026-07-16","2026-08-15"
"16555","2026-06-15","2026-07-15"
"16556","2026-06-30","2026-07-01"
"16557","2026-07-19","2026-08-18"
"16558","2026-06-15","2026-07-15"
"16559","2026-06-14","2026-07-14"
"16560","",""
"16561","2026-09-15","2026-10-15"
"16562","2026-08-01","2026-08-31"
"16563","2026-08-05","2026-09-04"
"16564","2026-06-14","2026-07-14"
"16565","2026-06-17","2026-06-18"
"16566","",""
"16567","2026-06-14","2026-07-14"
"16568","2026-06-15","2026-07-15"
"16569","2026-06-15","2026-07-15"
"16570","",""
"16571","2026-06-14","2026-07-14"
"16572","2026-07-27","2026-08-26"
"16573","2026-06-15","2026-06-18"
"16574","2026-06-14","2026-07-14"
"16575","2026-06-14","2026-07-14"
"16576","2026-06-15","2026-07-15"
"16577","2026-08-19","2026-09-18"
"16578","",""
"16579","2026-06-21","2026-07-21"
"16580","2026-06-14","2026-07-14"
"16581","",""
"16582","2026-06-21","2026-07-21"
"16583","2026-06-15","2026-07-15"
"16584","2026-06-15","2026-06-17"
"16585","2026-06-15","2026-06-17"
"16586","2026-08-20","2026-09-19"
"16587","2026-08-20","2026-09-19"
"16588","",""
"16589","2026-06-15","2026-07-15"
"16590","",""
"16591","2026-06-15","2026-07-15"
"16592","2026-09-15","2026-10-15"
"16593","2026-11-01","2026-12-01"
"16594","2026-08-02","2026-09-01"
"16595","2026-07-09","2026-08-08"
"16596","",""
"16597","",""
"16598","2026-09-20","2026-10-20"
"16599","2026-06-15","2026-07-15"
"16600","2026-06-17","2026-06-19"
"16601","2026-11-02","2026-12-02"
"16602","2026-06-19","2026-07-19"
"16603","",""
"16604","2026-07-01","2026-07-31"
"16605","2026-06-14","2026-07-14"
"16606","2026-09-30","2026-10-30"
"16607","2026-06-27","2026-07-27"
"16608","2026-06-14","2026-07-14"
"16609","2026-10-18","2026-11-17"
"16610","2026-09-03","2026-10-03"
"16611","2026-06-30","2026-07-30"
"16612","2026-07-21","2026-08-20"
"16613","2026-07-26","2026-08-25"
"16614","",""
"16615","",""
"16616","2027-05-01","2027-05-31"
"16617","2026-12-02","2027-01-02"
"16618","",""
"16619","2026-06-17","2026-07-17"
"16620","2026-08-22","2026-09-21"
"16621","2026-06-14","2026-07-14"
"16622","2026-08-01","2026-08-31"
"16623","2026-06-21","2026-07-21"
"16624","",""
"16625","",""
"16626","2026-06-20","2026-06-21"
"16627","",""
"16628","2026-06-28","2026-06-29"
"16629","2026-06-14","2026-07-14"
"16630","2027-01-05","2027-02-04"
"16631","2026-06-17","2026-06-18"
"16632","2026-06-18","2026-07-18"
"16633","2026-06-16","2026-07-16"
"16634","2026-09-01","2026-10-01"
"16635","2026-09-01","2026-10-01"
"16636","2026-06-15","2026-07-15"
"16637","2026-06-15","2026-07-15"
"16638","2026-08-01","2026-08-31"
"16639","2026-06-16","2026-07-16"
"16640","2026-06-15","2026-07-15"
"16641","",""
"16642","2026-06-30","2026-07-30"
"16643","2026-06-15","2026-06-16"
"16644","",""
"16645","",""
"16646","",""
"16647","",""
"16648","",""
"16649","",""
"16650","2026-09-02","2026-10-02"
"16651","2026-06-14","2026-07-14"
"16652","2026-06-16","2026-07-16"
"16653","2026-08-01","2026-08-31"
"16654","",""
"16655","2026-08-31","2026-09-30"
"16656","2026-12-09","2027-01-08"
"16657","2026-08-01","2026-08-31"
"16658","2026-06-29","2026-07-29"
"16659","2027-01-04","2027-02-03"
"16660","2026-06-15","2026-06-18"
"16661","2026-06-16","2026-07-16"
"16662","2026-08-09","2026-09-08"
"16663","2026-09-18","2026-10-18"
"16664","2026-07-01","2026-07-02"
"16665","2026-06-16","2026-07-16"
"16666","2026-10-20","2026-11-19"
"16667","2026-06-18","2026-07-18"
"16668","2027-02-14","2027-03-16"
"16669","2026-09-26","2026-10-26"
"16670","2027-01-01","2027-01-31"
"16671","",""
"16672","2026-06-17","2026-07-17"
"16673","2026-08-23","2026-09-22"
"16674","",""
"16675","2026-11-28","2026-12-28"
"16676","2026-06-14","2026-07-14"
"16677","2026-06-15","2026-07-15"
"16678","2026-06-15","2026-06-18"
"16679","2026-09-01","2026-10-01"
"16680","2026-06-24","2026-06-25"
"16681","2026-07-05","2026-07-07"
"16682","2026-06-17","2026-07-18"
"16683","2026-06-23","2026-06-24"
"16684","2026-06-30","2026-07-30"
"16685","",""
"16686","2026-06-15","2026-06-16"
"16687","",""
"16688","2026-06-14","2026-07-14"
"16689","2026-06-16","2026-06-17"
"16690","",""
"16691","",""
"16692","2026-06-17","2026-06-18"
"16693","2026-07-05","2026-08-04"
"16694","2026-06-28","2026-07-28"
"16695","",""
"16696","2026-06-16","2026-07-16"
"16697","",""
"16698","",""
"16699","",""
"16700","2026-06-28","2026-07-28"
"16701","2026-06-14","2026-07-14"
"16702","",""
"16703","2026-06-17","2026-07-17"
"16704","2026-08-19","2026-09-18"
"16705","2026-12-31","2027-01-30"
"16706","2026-07-24","2026-08-23"
"16707","2026-07-21","2026-08-20"
"16708","2026-07-03","2026-08-02"
"16709","2026-06-14","2026-07-14"
"16710","",""
"16711","2026-07-17","2026-08-16"
"16712","",""
"16713","2026-07-09","2026-08-08"
"16714","2026-07-01","2026-07-31"
"16715","2026-07-26","2026-08-25"
"16716","2026-06-15","2026-07-15"
"16717","2026-08-09","2026-09-08"
"16718","2026-08-16","2026-09-15"
"16719","2026-06-15","2026-07-15"
"16720","2026-09-20","2026-10-20"
"16721","2026-06-22","2026-06-25"
"16722","2026-06-15","2026-07-15"
"16723","2026-07-06","2026-08-05"
"16724","2026-07-04","2026-08-03"
"16725","2027-04-02","2027-05-02"
"16726","2026-06-15","2026-07-15"
"16727","2026-07-22","2026-07-24"
"16728","2027-01-05","2027-01-10"
"16729","2026-08-01","2026-08-31"
"16730","2026-06-15","2026-07-15"
"16731","2026-06-15","2026-07-15"
"16732","2026-06-15","2026-07-15"
"16733","2026-06-14","2026-07-14"
"16734","",""
"16735","2026-06-18","2026-07-18"
"16736","2026-06-17","2026-07-17"
"16737","2026-06-15","2026-07-15"
"16738","2026-08-03","2026-09-02"
"16739","2026-06-17","2026-07-17"
"16740","2026-07-31","2026-08-30"
"16741","2026-06-15","2026-06-19"
"16742","2026-08-01","2026-08-31"
"16743","2026-06-22","2026-06-25"
"16744","2026-09-08","2026-09-11"
"16745","2026-06-15","2026-07-15"
"16746","2026-06-15","2026-07-15"
"16747","2026-06-22","2026-06-24"
"16748","",""
"16749","2026-06-15","2026-07-15"
"16750","2026-06-15","2026-07-15"
"16751","",""
"16752","2026-08-01","2026-08-31"
"16753","2026-06-15","2026-07-15"
"16754","2026-06-19","2026-06-21"
"16755","",""
"16756","2026-07-31","2026-08-30"
"16757","2026-06-16","2026-06-18"
"16758","2026-07-24","2026-07-25"
"16759","2026-07-18","2026-08-17"
"16760","",""
"16761","2026-06-15","2026-07-15"
"16762","",""
"16763","2026-07-07","2026-10-05"
"16764","",""
"16765","2026-06-14","2026-06-15"
"16766","2026-06-14","2026-06-15"
"16767","2026-06-14","2026-06-15"
"16768","2026-06-20","2026-06-21"
"16769","2026-06-20","2026-06-21"
"16770","2026-06-22","2026-06-24"
"16771","2026-06-18","2026-06-19"
"16772","2026-06-18","2026-06-19"
"16773","2026-07-30","2026-08-29"
"16774","",""
"16775","2026-06-16","2026-07-16"
"16776","2026-06-23","2026-06-24"
"16777","2026-06-23","2026-06-24"
"16778","2026-06-17","2026-06-19"
"16779","2026-06-15","2026-06-16"
"16780","2026-06-23","2026-06-24"
"16781","2026-06-15","2026-06-16"
"16782","2026-06-15","2026-06-16"
"16783","2026-06-17","2026-06-18"
"16784","2026-06-15","2026-06-16"
"16785","2026-06-15","2026-06-16"
"16786","2026-06-14","2026-06-15"
"16787","2026-06-14","2026-06-15"
"16788","2026-06-14","2026-06-15"
"16789","2026-06-14","2026-06-15"
"16790","2026-06-14","2026-06-15"
"16791","2026-06-14","2026-06-15"
"16792","2026-06-23","2026-06-25"
"16793","2026-09-01","2026-10-01"
"16794","",""
"16795","2026-12-14","2027-01-13"
"16796","2026-06-14","2026-07-14"
"16797","2026-07-12","2026-08-11"
"16798","2026-09-03","2026-10-03"
"16799","2026-08-01","2026-08-31"
"16800","2026-09-07","2026-10-07"
"16801","2026-06-20","2026-07-20"
"16802","2026-06-19","2026-06-20"
"16803","2026-08-09","2026-09-08"
"16804","2026-06-24","2026-06-25"
"16805","2026-06-24","2026-06-25"
"16806","2026-06-18","2026-06-19"
"16807","2026-09-01","2026-10-01"
"16808","2026-06-18","2026-06-19"
"16809","2026-06-18","2026-06-19"
"16810","2026-06-18","2026-06-19"
"16811","2026-06-15","2026-07-15"
"16812","2026-09-10","2026-10-10"
"16813","2026-06-23","2026-06-24"
"16814","2026-07-26","2026-08-25"
"16815","2026-08-08","2026-09-07"
"16816","2026-08-09","2026-09-08"
"16817","2026-06-17","2026-06-18"
"16818","2026-06-27","2026-06-28"
"16819","2026-06-27","2026-06-28"
"16820","2026-06-27","2026-06-28"
"16821","2026-06-18","2026-06-19"
"16822","2026-06-18","2026-06-19"
"16823","",""
"16824","",""
"16825","2026-06-28","2026-07-01"
"16826","2026-08-27","2026-09-26"
"16827","2026-06-15","2026-07-15"
"16828","2026-06-15","2026-07-15"
"16829","2026-09-26","2026-10-26"
"16830","2026-06-15","2026-07-15"
"16831","",""
"16832","2026-07-31","2026-08-30"
"16833","2026-06-15","2026-07-15"
"16834","2026-06-15","2026-07-15"
"16835","2026-06-14","2026-07-14"
"16836","",""
"16837","2026-06-30","2026-07-30"
"16838","",""
"16839","2026-06-15","2026-07-15"
"16840","",""
"16841","2026-07-01","2026-07-31"
"16842","2026-07-01","2026-07-31"
"16843","2026-11-06","2026-12-06"
"16844","2026-08-16","2026-09-15"
"16845","2026-08-16","2026-09-15"
"16846","2026-08-22","2026-09-21"
"16847","2026-06-28","2026-07-28"
"16848","2026-07-05","2026-08-04"
"16849","",""
"16850","2026-06-17","2026-07-17"
"16851","",""
"16852","2026-06-14","2026-07-14"
"16853","2026-09-01","2026-10-01"
"16854","2026-06-21","2026-07-21"
"16855","2026-06-15","2026-06-22"
"16856","2026-06-14","2026-07-14"
"16857","2026-09-14","2026-10-14"
"16858","2027-04-10","2027-05-10"
"16859","2026-06-17","2026-07-17"
"16860","",""
"16861","2026-07-12","2026-08-11"
"16862","2026-06-16","2026-07-16"
"16863","2026-06-21","2026-07-21"
"16864","2026-09-01","2026-10-01"
"16865","2026-07-03","2026-08-02"
"16866","",""
"16867","2026-08-05","2026-09-04"
"16868","",""
"16869","2026-09-01","2026-10-01"
"16870","2026-08-16","2026-09-15"
"16871","",""
"16872","2026-07-05","2026-08-04"
"16873","2026-07-01","2026-07-31"
"16874","2026-07-18","2026-07-22"
"16875","2026-09-06","2026-10-06"
"16876","2027-01-01","2027-01-31"
"16877","2026-06-15","2026-07-15"
"16878","",""
"16879","2026-08-27","2026-09-26"
"16880","",""
"16881","",""
"16882","2026-06-14","2026-07-14"
"16883","2026-11-02","2026-12-02"
"16884","2027-02-06","2027-03-08"
"16885","2026-06-25","2026-07-25"
"16886","2027-01-02","2027-02-01"
"16887","2026-08-31","2026-09-30"
"16888","2026-07-01","2026-07-31"
"16889","2026-06-17","2026-06-18"
"16890","",""
"16891","2026-08-01","2026-08-31"
"16892","2026-06-18","2026-06-19"
"16893","2026-06-15","2026-06-16"
"16894","2026-06-15","2026-06-16"
"16895","2026-06-30","2026-07-01"
"16896","2026-06-14","2026-07-14"
"16897","2026-08-05","2026-09-04"
"16898","2026-06-18","2026-06-19"
"16899","2026-06-18","2026-06-19"
"16900","2026-06-18","2026-06-19"
"16901","2026-06-15","2026-06-16"
"16902","2026-06-16","2026-06-17"
"16903","2026-06-15","2026-06-16"
"16904","2026-06-15","2026-06-16"
"16905","2026-06-16","2026-06-17"
"16906","2026-06-15","2026-07-15"
"16907","2026-06-15","2026-07-15"
"16908","",""
"16909","2026-06-21","2026-06-23"
"16910","2026-06-14","2026-07-14"
"16911","2026-12-31","2027-01-30"
"16912","2027-01-01","2027-01-31"
"16913","",""
"16914","2026-06-17","2026-07-17"
"16915","2026-06-15","2026-06-16"
"16916","2027-01-02","2027-02-01"
"16917","2026-07-27","2026-08-26"
"16918","2026-06-15","2026-06-16"
"16919","",""
"16920","2026-06-15","2026-06-16"
"16921","2026-06-15","2026-06-16"
"16922","",""
"16923","2026-06-14","2026-06-15"
"16924","2026-06-14","2026-07-14"
"16925","2026-06-14","2026-07-14"
"16926","2026-09-02","2026-10-01"
"16927","2026-06-22","2026-06-24"
"16928","2026-06-16","2026-06-17"
"16929","2026-11-01","2026-12-01"
"16930","2026-09-15","2026-09-18"
"16931","2026-08-01","2026-08-31"
"16932","",""
"16933","2026-06-29","2026-07-04"
"16934","2026-06-15","2026-07-15"
"16935","2026-06-15","2026-07-15"
"16936","2026-06-15","2026-07-15"
"16937","2026-08-02","2026-09-01"
"16938","2026-06-22","2026-06-24"
"16939","",""
"16940","2026-06-16","2026-07-16"
"16941","2026-09-03","2026-10-03"
"16942","2026-10-17","2026-11-16"
"16943","2026-06-15","2026-07-15"
"16944","2026-06-15","2026-07-15"
"16945","2026-06-14","2026-07-14"
"16946","2026-06-15","2026-07-15"
"16947","2026-07-01","2026-07-31"
"16948","2026-06-15","2026-07-15"
"16949","2026-06-29","2026-07-29"
"16950","2026-06-14","2026-07-14"
"16951","2026-09-17","2026-10-17"
"16952","2026-06-14","2026-07-14"
"16953","2026-07-31","2026-08-30"
"16954","",""
"16955","2026-08-01","2026-08-31"
"16956","2026-06-22","2026-07-22"
"16957","2026-06-14","2026-07-14"
"16958","2026-06-15","2026-07-15"
"16959","2026-08-08","2026-09-07"
"16960","2026-08-01","2026-08-31"
"16961","2026-06-17","2026-06-22"
"16962","2026-06-16","2026-06-21"
"16963","2026-06-16","2026-06-21"
"16964","2026-06-15","2026-07-15"
"16965","",""
"16966","2026-07-27","2026-08-26"
"16967","2026-09-04","2026-10-04"
"16968","2026-07-12","2026-08-11"
"16969","2026-08-01","2026-08-31"
"16970","2026-08-15","2026-09-14"
"16971","",""
"16972","",""
"16973","2026-12-12","2027-01-12"
"16974","2026-08-01","2026-08-31"
"16975","2026-10-31","2026-11-30"
"16976","2026-08-01","2026-08-31"
"16977","2026-06-24","2026-07-24"
"16978","2026-06-15","2026-07-15"
"16979","2026-06-15","2026-07-15"
"16980","2026-09-11","2026-10-12"
"16981","2026-06-14","2026-07-14"
"16982","2026-08-01","2026-08-31"
"16983","2026-06-23","2026-07-23"
"16984","2026-06-17","2026-07-17"
"16985","2026-07-01","2026-07-31"
"16986","",""
"16987","2026-07-26","2026-09-09"
"16988","2026-08-29","2026-09-28"
"16989","2027-03-27","2027-04-26"
"16990","2026-06-15","2026-07-15"
"16991","2026-07-27","2026-08-26"
"16992","",""
"16993","",""
"16994","2026-08-31","2026-10-05"
"16995","2026-09-20","2026-10-20"
"16996","2026-10-01","2026-11-30"
"16997","2026-08-06","2026-08-07"
"16998","2026-09-05","2026-10-05"
"16999","2026-06-16","2026-07-16"
"17000","2026-07-09","2026-08-08"
"17001","2026-10-03","2026-11-02"
"17002","",""
"17003","",""
"17004","2026-06-26","2026-06-27"
"17005","",""
"17006","",""
"17007","2026-06-14","2026-07-14"
"17008","2026-06-16","2026-07-16"
"17009","2026-06-14","2026-07-14"
"17010","2026-06-14","2026-07-14"
"17011","2026-06-15","2026-07-15"
"17012","2026-08-08","2026-09-07"
"17013","2026-06-15","2026-06-17"
"17014","2026-06-15","2026-06-16"
"17015","2026-06-22","2026-06-25"
"17016","2026-11-01","2026-12-01"
"17017","2027-03-04","2027-04-03"
"17018","2026-07-03","2026-08-02"
"17019","2026-06-16","2026-07-16"
"17020","2026-06-16","2026-07-16"
"17021","",""
"17022","",""
"17023","",""
"17024","",""
"17025","2026-08-02","2026-09-01"
"17026","2026-06-15","2026-07-15"
"17027","2026-07-07","2026-08-06"
"17028","2026-08-16","2026-09-15"
"17029","2026-06-14","2026-07-14"
"17030","2026-07-12","2026-08-11"
"17031","2026-11-01","2026-12-01"
"17032","2026-06-15","2026-07-15"
"17033","2026-06-15","2026-07-15"
"17034","2026-06-15","2026-07-15"
"17035","2026-06-15","2026-07-15"
"17036","",""
"17037","2026-06-30","2026-07-30"
"17038","",""
"17039","2026-06-17","2026-07-17"
"17040","2026-06-30","2026-07-01"
"17041","2027-02-01","2027-03-03"
"17042","2026-06-15","2026-07-15"
"17043","",""
"17044","2026-07-05","2026-08-04"
"17045","",""
"17046","2026-06-16","2026-07-16"
"17047","2026-06-17","2026-07-17"
"17048","2026-06-14","2026-07-14"
"17049","2026-06-24","2026-12-21"
"17050","2026-06-15","2026-07-15"
"17051","2026-06-15","2026-07-15"
"17052","2026-08-21","2026-09-20"
"17053","",""
"17054","",""
"17055","",""
"17056","",""
"17057","2026-08-03","2026-09-02"
"17058","2026-11-01","2026-12-01"
"17059","2026-06-14","2026-07-14"
"17060","2026-08-01","2026-08-31"
"17061","2026-12-01","2026-12-31"
"17062","2026-06-14","2026-06-15"
"17063","",""
"17064","2026-06-14","2026-07-14"
"17065","2026-07-01","2026-07-31"
"17066","",""
"17067","2026-06-15","2026-07-15"
"17068","2026-08-13","2026-08-16"
"17069","2026-08-16","2026-09-15"
"17070","2026-07-02","2026-08-01"
"17071","2026-07-01","2026-07-31"
"17072","2026-09-30","2026-10-30"
"17073","2026-06-15","2026-07-15"
"17074","2026-06-21","2026-06-23"
"17075","",""
"17076","2026-06-15","2026-07-15"
"17077","2026-06-14","2026-07-14"
"17078","2026-06-15","2026-07-15"
"17079","2026-08-09","2026-09-08"
"17080","2026-10-05","2026-11-04"
"17081","2026-07-14","2026-08-13"
"17082","",""
"17083","2026-06-30","2026-07-30"
"17084","2026-06-15","2026-07-15"
"17085","",""
"17086","2026-08-09","2026-09-08"
"17087","2026-08-01","2026-08-31"
"17088","2026-06-17","2026-06-18"
"17089","2026-06-15","2026-07-15"
"17090","2026-09-08","2026-10-08"
"17091","",""
"17092","2026-08-08","2026-09-07"
"17093","2026-11-07","2026-12-08"
"17094","2026-08-01","2026-08-31"
"17095","2026-06-15","2026-07-15"
"17096","",""
"17097","",""
"17098","2026-06-30","2026-07-03"
"17099","2026-06-15","2026-07-15"
"17100","2027-01-01","2027-01-31"
"17101","2026-07-14","2026-08-13"
"17102","2026-08-03","2026-09-02"
"17103","2026-08-09","2026-09-08"
"17104","2026-08-19","2026-08-31"
"17105","2026-06-16","2026-07-16"
"17106","",""
"17107","2026-06-26","2026-07-26"
"17108","2026-08-02","2026-09-01"
"17109","2026-06-16","2026-07-16"
"17110","",""
"17111","2026-10-21","2026-11-20"
"17112","",""
"17113","",""
"17114","2026-12-23","2027-01-22"
"17115","2026-06-15","2026-07-15"
"17116","",""
"17117","2026-06-15","2026-07-15"
"17118","2026-06-21","2026-06-23"
"17119","2026-06-16","2026-07-16"
"17120","2026-07-06","2026-07-07"
"17121","2026-06-15","2026-07-15"
"17122","2026-06-30","2026-07-30"
"17123","2026-08-01","2026-08-31"
"17124","2026-07-31","2026-08-30"
"17125","2026-06-15","2026-07-15"
"17126","2026-11-13","2026-12-13"
"17127","2026-06-15","2026-07-15"
"17128","2026-06-15","2026-07-15"
"17129","2026-08-01","2026-08-31"
"17130","",""
"17131","2026-06-15","2026-07-15"
"17132","2026-09-13","2026-10-13"
"17133","2026-07-08","2026-07-09"
"17134","2026-06-17","2026-07-17"
"17135","2026-06-15","2026-07-15"
"17136","2026-08-22","2026-09-21"
"17137","",""
"17138","2026-06-15","2026-07-15"
"17139","2026-06-16","2026-07-16"
"17140","2026-06-15","2026-07-15"
"17141","2027-01-02","2027-02-01"
"17142","",""
"17143","2026-06-24","2026-09-22"
"17144","2027-03-23","2027-04-22"
"17145","",""
"17146","2026-08-03","2026-09-02"
"17147","2026-06-14","2026-07-14"
"17148","2026-07-12","2026-08-11"
"17149","",""
"17150","2026-11-29","2026-12-29"
"17151","2026-12-20","2027-01-19"
"17152","",""
"17153","2026-06-15","2026-07-15"
"17154","2026-06-15","2026-07-15"
"17155","",""
"17156","2026-07-21","2026-08-20"
"17157","2026-07-26","2026-08-25"
"17158","2026-06-15","2026-06-16"
"17159","2026-06-25","2026-07-25"
"17160","2027-01-15","2027-02-14"
"17161","2026-07-16","2026-08-15"
"17162","2026-06-27","2026-07-27"
"17163","",""
"17164","2027-03-01","2027-03-31"
"17165","2026-06-15","2026-07-15"
"17166","2026-06-21","2026-07-21"
"17167","2026-06-30","2026-07-30"
"17168","2026-06-15","2026-07-15"
"17169","2026-07-05","2026-07-06"
"17170","2027-03-28","2027-04-27"
"17171","2026-07-18","2026-08-17"
"17172","2026-06-24","2026-07-24"
"17173","2026-08-15","2026-09-14"
"17174","2027-05-08","2027-06-07"
"17175","2026-06-20","2026-07-20"
"17176","",""
"17177","2026-10-28","2026-11-27"
"17178","2026-06-18","2026-07-18"
"17179","2026-06-14","2026-06-15"
"17180","",""
"17181","",""
"17182","2026-06-16","2026-07-16"
"17183","2026-06-17","2026-07-17"
"17184","",""
"17185","2026-06-17","2026-07-17"
"17186","2026-06-29","2026-07-01"
"17187","",""
"17188","",""
"17189","2026-08-01","2026-08-31"
"17190","2026-08-18","2026-09-17"
"17191","2026-07-25","2026-08-24"
"17192","2026-07-06","2026-08-05"
"17193","2026-09-27","2026-10-27"
"17194","2027-01-10","2027-02-09"
"17195","",""
"17196","",""
"17197","2026-06-15","2026-07-15"
"17198","2026-07-06","2026-08-05"
"17199","2026-06-16","2026-07-16"
"17200","2026-08-14","2026-09-13"
"17201","2026-11-01","2026-12-01"
"17202","2026-07-22","2026-07-24"
"17203","2026-06-15","2026-07-15"
"17204","2026-06-15","2026-06-18"
"17205","",""
"17206","2026-09-07","2026-10-07"
"17207","2026-09-13","2026-09-15"
"17208","2026-08-22","2026-09-19"
"17209","2026-06-21","2026-06-22"
"17210","2026-06-21","2026-06-22"
"17211","2026-06-15","2026-06-17"
"17212","2027-01-09","2027-02-08"
"17213","2026-06-15","2026-07-15"
"17214","2026-08-01","2026-08-31"
"17215","2026-06-16","2026-07-16"
"17216","",""
"17217","2026-09-03","2026-10-03"
"17218","2027-03-01","2027-03-31"
"17219","2026-06-14","2026-07-14"
"17220","2026-06-15","2026-07-15"
"17221","2026-07-07","2026-08-06"
"17222","2026-07-26","2026-08-25"
"17223","2026-07-29","2026-07-31"
"17224","2026-06-14","2026-07-14"
"17225","2026-08-08","2026-09-07"
"17226","2026-07-30","2026-08-29"
"17227","2026-06-15","2026-07-15"
"17228","2026-06-15","2026-07-15"
"17229","2026-10-24","2026-11-23"
"17230","2026-06-15","2026-07-15"
"17231","2026-09-26","2026-10-26"
"17232","2027-01-02","2027-02-01"
"17233","2026-06-15","2026-06-17"
"17234","2026-07-01","2026-07-31"
"17235","2026-07-31","2026-08-30"
"17236","2026-08-31","2026-09-30"
"17237","2026-08-04","2026-09-03"
"17238","2027-01-01","2027-01-31"
"17239","2026-11-01","2026-12-01"
"17240","2026-06-14","2026-07-14"
"17241","2026-06-14","2026-07-14"
"17242","2026-10-18","2026-11-17"
"17243","",""
"17244","2026-12-19","2027-01-18"
"17245","2026-07-09","2026-08-08"
"17246","2026-06-19","2026-07-19"
"17247","2026-06-15","2026-06-16"
"17248","2026-06-15","2026-07-15"
"17249","2026-06-15","2026-07-15"
"17250","2026-06-29","2026-07-01"
"17251","2026-08-01","2026-08-31"
"17252","2026-06-16","2026-07-16"
"17253","",""
"17254","2026-07-21","2026-08-20"
"17255","",""
"17256","2026-06-14","2026-07-14"
"17257","2026-07-21","2026-08-20"
"17258","2026-10-01","2026-10-31"
"17259","",""
"17260","",""
"17261","2026-06-15","2026-07-15"
"17262","2027-01-30","2027-03-01"
"17263","2027-01-01","2027-01-31"
"17264","2026-06-17","2026-07-17"
"17265","2027-01-01","2027-01-31"
"17266","",""
"17267","",""
"17268","2026-06-21","2026-07-21"
"17269","2026-06-29","2026-06-30"
"17291","2026-07-27","2026-08-26"
"17270","2026-07-04","2026-08-03"
"17271","",""
"17272","",""
"17273","2026-09-05","2026-10-05"
"17274","",""
"17275","2026-08-19","2026-08-21"
"17276","2026-07-27","2026-08-26"
"17277","2026-12-19","2027-01-18"
"17278","2026-06-14","2026-07-14"
"17279","2026-06-14","2026-07-14"
"17280","2026-06-15","2026-07-15"
"17281","2026-06-16","2026-07-16"
"17282","2026-07-02","2026-08-01"
"17283","2026-06-17","2026-07-17"
"17284","2026-08-01","2026-08-31"
"17285","2026-09-01","2026-10-01"
"17286","2026-06-16","2026-07-16"
"17287","2026-07-26","2026-08-25"
"17288","2026-06-15","2026-07-15"
"17289","2026-07-31","2026-08-30"
"17290","2026-07-01","2026-07-31"
"17292","2026-06-15","2026-07-15"
"17293","2026-07-27","2026-08-26"
"17294","2026-08-01","2026-08-31"
"17295","2026-06-25","2026-07-25"
"17296","2026-06-22","2026-07-22"
"17297","2027-01-02","2027-02-02"
"17298","2026-08-03","2026-09-02"
"17299","2027-02-22","2027-03-24"
"17300","2026-10-01","2026-10-31"
"17301","2026-06-15","2026-07-15"
"17302","2026-06-30","2026-07-30"
"17303","2026-07-10","2026-08-09"
"17304","2026-06-15","2026-06-16"
"17305","2026-06-15","2026-07-15"
"17306","2026-06-14","2026-07-14"
"17307","2026-06-15","2026-07-15"
"17308","2026-06-15","2026-07-15"
"17309","2026-06-22","2026-06-23"
"17310","2026-08-08","2026-09-07"
"17311","",""
"17312","2026-06-15","2026-07-15"
"17313","2026-10-09","2026-11-08"
"17314","2026-06-15","2026-07-15"
"17315","2026-06-14","2026-07-14"
"17316","2026-09-06","2026-10-06"
"17317","2026-06-15","2026-07-15"
"17318","",""
"17319","2026-06-21","2026-07-21"
"17320","2026-08-04","2026-09-03"
"17321","2026-08-09","2026-09-08"
"17322","2026-07-19","2026-07-22"
"17323","2026-07-14","2026-07-16"
"17324","2026-07-27","2026-08-26"
"17325","2026-07-07","2026-07-10"
"17326","",""
"17327","",""
"17328","2026-08-01","2026-08-31"
"17329","2026-07-05","2026-07-07"
"17330","2026-09-04","2026-10-04"
"17331","2026-06-15","2026-07-15"
"17332","2026-07-01","2026-07-05"
"17333","2026-06-15","2026-07-15"
"17334","2026-07-28","2026-07-31"
"17335","2027-04-17","2027-05-17"
"17336","",""
"17337","2026-06-15","2026-07-15"
"17338","2026-10-14","2026-11-13"
"17339","2026-06-20","2026-07-20"
"17340","2026-06-15","2026-07-15"
"17341","2026-06-15","2026-07-15"
"17342","",""
"17343","2026-06-15","2026-06-16"
"17344","2026-06-21","2026-07-21"
"17345","",""
"17346","2026-06-14","2026-07-14"
"17347","2026-06-15","2026-07-15"
"17348","2026-06-14","2026-07-15"
"17349","2026-06-15","2026-06-17"
"17350","2026-06-15","2026-07-15"
"17351","2026-07-20","2026-07-21"
"17352","2026-06-15","2026-07-15"
"17353","2026-06-15","2026-07-15"
"17354","2026-06-23","2026-07-23"
"17355","2026-06-16","2026-07-17"
"17356","",""
"17357","2026-06-23","2026-07-23"
"17358","",""
"17359","2026-10-18","2026-11-17"
"17360","2026-06-29","2026-07-01"
"17361","",""
"17362","2026-09-13","2026-11-12"
"17363","2026-06-14","2026-07-14"
"17364","2026-06-16","2026-07-16"
"17365","2026-06-14","2026-07-14"
"17366","2026-11-20","2026-12-20"
"17367","2026-06-15","2026-07-15"
"17368","2026-10-15","2026-11-14"
"17369","2026-08-15","2026-09-14"
"17370","2026-06-21","2026-06-22"
"17371","2026-07-07","2026-08-06"
"17372","2026-06-15","2026-07-15"
"17373","2026-06-14","2026-07-14"
"17374","2026-06-15","2026-07-15"
"17375","2026-06-15","2026-07-15"
"17376","2026-08-29","2026-09-28"
"17377","2026-06-15","2026-07-15"
"17378","2026-06-15","2026-07-15"
"17379","2026-06-15","2026-07-15"
"17380","2026-06-15","2026-07-15"
"17381","2026-06-14","2026-07-14"
"17382","2026-07-25","2026-08-24"
"17383","2026-06-16","2026-07-16"
"17384","",""
"17385","2026-06-26","2026-06-27"
"17386","2026-06-15","2026-07-15"
"17387","",""
"17388","2026-09-01","2026-10-01"
"17389","",""
"17390","",""
"17391","2026-08-31","2026-09-30"
"17392","2026-10-24","2026-11-23"
"17393","2026-06-16","2026-07-16"
"17394","2026-07-21","2026-08-20"
"17395","2026-06-17","2026-07-17"
"17396","2026-10-31","2026-11-30"
"17397","2026-08-03","2026-09-02"
"17398","2026-07-03","2026-07-05"
"17399","2026-06-15","2026-07-15"
"17400","2026-07-10","2026-08-09"
"17401","2026-11-23","2026-12-23"
"17402","",""
"17403","2026-08-15","2026-09-14"
"17404","2026-07-31","2026-08-30"
"17405","2026-06-21","2026-06-22"
"17406","2026-07-01","2026-07-31"
"17407","2026-06-26","2026-07-26"
"17408","2026-07-01","2026-07-31"
"17409","2026-06-14","2026-07-14"
"17410","",""
"17411","",""
"17412","2026-07-01","2026-07-31"
"17413","2026-06-14","2026-07-14"
"17414","2026-06-27","2026-06-29"
"17415","2026-06-15","2026-07-15"
"17416","2026-06-15","2026-07-15"
"17417","2026-06-14","2026-07-14"
"17418","",""
"17419","2026-06-15","2026-06-18"
"17420","",""
"17421","",""
"17422","2026-06-30","2026-07-02"
"17423","2026-06-21","2026-07-21"
"17424","2026-06-23","2026-08-12"
"17425","2026-10-13","2026-11-12"
"17426","2026-06-16","2026-07-16"
"17427","2026-06-15","2026-07-15"
"17428","2026-07-12","2026-08-11"
"17429","2026-10-31","2026-11-30"
"17430","2026-06-15","2026-07-15"
"17431","",""
"17432","2026-08-30","2026-09-29"
"17433","2026-08-31","2026-09-30"
"17434","2026-08-15","2026-09-14"
"17435","2026-08-08","2026-09-07"
"17436","2026-06-21","2026-06-23"
"17437","",""
"17438","2026-08-10","2026-09-09"
"17439","2026-08-30","2026-09-29"
"17440","",""
"17441","2026-06-15","2026-07-15"
"17442","2026-06-15","2026-06-17"
"17443","2026-08-01","2026-08-08"
"17444","",""
"17445","2026-10-14","2026-11-13"
"17446","2026-06-14","2026-07-14"
"17447","2026-08-01","2026-08-31"
"17448","2027-05-15","2027-06-14"
"17449","2027-05-15","2027-06-14"
"17450","2027-05-15","2027-06-14"
"17451","2027-05-15","2027-06-14"
"17452","2027-05-15","2027-06-14"
"17453","2027-05-15","2027-06-14"
"17454","2027-05-15","2027-06-14"
"17455","2027-05-15","2027-06-14"
"17456","2027-05-15","2027-06-14"
"17457","2027-05-15","2027-06-14"
"17458","2027-01-02","2027-02-01"
"17459","2027-01-02","2027-02-01"
"17460","2027-01-02","2027-02-01"
"17461","2027-01-02","2027-02-01"
"17462","2027-01-02","2027-02-01"
"17463","2027-01-02","2027-02-01"
"17464","2027-01-01","2027-01-31"
"17465","2027-01-02","2027-02-01"
"17466","2027-01-02","2027-02-01"
"17467","2027-01-02","2027-02-01"
"17468","2026-10-11","2026-11-10"
"17469","2026-09-06","2026-10-06"
"17470","2026-10-11","2026-11-10"
"17471","2026-09-06","2026-10-06"
"17472","2026-10-11","2026-11-10"
"17473","2026-10-11","2026-11-10"
"17474","2026-10-11","2026-11-10"
"17475","2026-10-11","2026-11-10"
"17476","2026-09-06","2026-10-06"
"17477","2026-10-17","2026-11-16"
"17478","2026-08-14","2026-09-13"
"17479","2027-01-03","2027-02-02"
"17480","2026-08-14","2026-09-13"
"17481","2026-08-14","2026-09-13"
"17482","2026-08-14","2026-09-13"
"17483","2026-08-14","2026-09-13"
"17484","2026-08-14","2026-09-13"
"17485","2026-08-14","2026-09-13"
"17486","2026-08-14","2026-09-13"
"17487","2026-08-14","2026-09-13"
"17488","2026-07-05","2026-08-04"
"17489","2026-09-30","2026-10-30"
"17490","",""
"17491","2026-08-01","2026-08-31"
"17492","2026-06-15","2026-07-15"
"17493","2026-06-17","2026-06-19"
"17494","2026-06-15","2026-07-15"
"17495","2026-07-02","2026-07-04"
"17496","2026-10-01","2026-10-31"
"17497","2026-06-15","2026-07-15"
"17498","2026-07-26","2026-08-25"
"17499","",""
"17500","",""
"17501","2026-06-15","2026-07-15"
"17502","2026-06-15","2026-07-15"
"17503","",""
"17504","2027-01-21","2027-02-20"
"17505","2026-06-26","2026-07-26"
"17506","",""
"17507","2026-06-15","2026-06-16"
"17508","2026-06-22","2026-06-23"
"17509","2026-06-17","2026-07-17"
"17510","2026-06-16","2026-06-19"
"17511","2026-08-02","2026-09-01"
"17512","2026-08-08","2026-09-07"
"17513","2026-06-15","2026-07-15"
"17514","2026-07-01","2026-07-31"
"17515","",""
"17516","2026-06-15","2026-07-15"
"17517","2026-08-30","2026-09-29"
"17518","",""
"17519","2026-06-15","2026-07-15"
"17520","2026-07-21","2026-07-22"
"17521","2026-11-01","2026-12-01"
"17522","2026-07-01","2026-07-31"
"17523","2026-08-16","2026-09-15"
"17524","2027-05-12","2027-06-11"
"17525","2026-06-15","2026-07-15"
"17526","2026-08-16","2026-09-15"
"17527","2026-08-09","2026-09-08"
"17528","2026-09-01","2026-10-01"
"17529","2026-09-01","2026-10-01"
"17530","2026-06-30","2026-07-02"
"17531","2027-04-01","2027-05-01"
"17532","",""
"17533","",""
"17534","2026-06-24","2026-06-25"
"17535","2026-06-15","2026-07-15"
"17536","2026-06-21","2026-06-22"
"17537","2026-06-15","2026-07-15"
"17538","2026-06-15","2026-07-15"
"17539","2026-06-15","2026-06-16"
"17540","2026-12-19","2027-01-18"
"17541","2026-06-15","2026-07-15"
"17542","2026-06-15","2026-07-15"
"17543","2026-06-15","2026-07-15"
"17544","2026-06-15","2026-07-15"
"17545","2026-06-15","2026-07-15"
"17546","2026-06-23","2026-06-24"
"17547","2026-06-29","2026-06-30"
"17548","2027-01-16","2027-02-15"
"17549","2026-06-17","2026-06-18"
"17550","2026-06-14","2026-06-15"
"17551","2026-06-14","2026-06-15"
"17552","2027-01-01","2027-01-31"
"17553","2026-06-14","2026-06-15"
"17554","2026-06-18","2026-06-19"
"17555","2026-06-21","2026-06-22"
"17556","2026-06-17","2026-06-18"
"17557","2026-06-19","2026-06-20"
"17558","2027-01-02","2027-02-01"
"17559","2027-01-02","2027-02-01"
"17560","2027-01-02","2027-02-01"
"17561","2027-01-02","2027-02-01"
"17562","2027-01-02","2027-02-01"
"17563","2026-10-11","2026-11-10"
"17564","2026-09-06","2026-10-06"
"17565","2026-10-11","2026-11-10"
"17566","2026-09-06","2026-10-06"
"17567","2026-09-06","2026-10-06"
"17568","2026-08-14","2026-09-13"
"17569","2026-08-14","2026-09-13"
"17570","2027-01-03","2027-02-02"
"17571","2027-01-03","2027-02-02"
"17572","2026-08-14","2026-09-13"
"17573","2027-05-15","2027-06-14"
"17574","2027-05-15","2027-06-14"
"17575","2027-05-15","2027-06-14"
"17576","2027-05-15","2027-06-14"
"17577","2027-05-15","2027-06-14"
"17578","2026-07-01","2026-07-31"
"17579","2026-06-15","2026-07-15"
"17580","2026-10-31","2026-11-30"
"17581","2026-07-04","2026-08-03"
"17582","2026-07-08","2026-07-11"
"17583","",""
"17584","2026-08-20","2026-09-19"
"17585","2026-08-08","2026-09-07"
"17586","2026-07-20","2026-08-19"
"17587","2026-08-05","2026-09-04"
"17588","2026-08-01","2026-08-31"
"17589","",""
"17590","",""
"17591","2026-07-02","2026-08-01"
"17592","2026-06-14","2026-07-14"
"17593","",""
"17594","",""
"17595","2026-08-01","2026-08-31"
"17596","2026-06-16","2026-07-16"
"17597","2026-10-01","2026-11-30"
"17598","",""
"17599","2027-01-01","2027-01-31"
"17600","2026-08-31","2026-09-30"
"17601","2026-06-14","2026-07-14"
"17602","2026-08-21","2026-09-20"
"17603","2026-06-22","2026-06-24"
"17604","",""
"17605","",""
"17606","",""
"17607","",""
"17608","",""
"17609","2026-06-28","2026-07-01"
"17610","2026-07-07","2026-08-06"
"17611","2026-06-17","2026-07-17"
"17612","2026-06-14","2026-07-14"
"17613","2026-06-22","2026-07-22"
"17614","2026-08-09","2026-09-08"
"17615","",""
"17616","2026-08-16","2026-09-15"
"17617","2026-06-15","2026-07-15"
"17618","2026-07-31","2026-08-30"
"17619","",""
"17620","",""
"17621","2026-08-12","2026-09-11"
"17622","2026-06-16","2026-07-16"
"17623","2026-07-13","2026-08-12"
"17624","2026-11-01","2026-12-01"
"17625","",""
"17626","2026-06-17","2026-07-17"
"17627","2026-08-22","2026-09-21"
"17628","2026-08-05","2026-09-04"
"17629","2026-07-07","2026-07-08"
"17630","2026-12-21","2027-01-20"
"17631","2026-11-11","2026-12-11"
"17632","2026-07-21","2026-07-22"
"17633","2026-06-15","2026-07-15"
"17634","2026-07-12","2026-07-14"
"17635","2026-06-14","2026-06-15"
"17636","",""
"17637","2026-06-15","2026-07-16"
"17638","2026-09-05","2026-10-05"
"17639","2026-08-01","2026-08-31"
"17640","",""
"17641","2026-10-01","2026-10-31"
"17642","2026-08-20","2026-09-19"
"17643","2026-06-15","2026-07-15"
"17644","",""
"17645","2027-01-19","2027-02-18"
"17646","2026-08-02","2026-09-01"
"17647","2026-08-10","2026-09-09"
"17648","2026-09-13","2026-10-13"
"17649","2026-10-01","2026-10-31"
"17650","2026-08-20","2026-09-19"
"17651","2026-07-31","2026-08-30"
"17652","2026-07-31","2026-08-30"
"17653","2026-07-20","2026-08-19"
"17654","2026-07-27","2026-08-26"
"17655","2026-08-22","2026-09-21"
"17656","2026-06-15","2026-07-15"
"17657","2026-06-15","2026-06-17"
"17658","2026-07-04","2026-07-09"
"17659","2026-08-15","2026-09-14"
"17660","2026-09-04","2026-10-04"
"17661","2026-06-17","2026-06-18"
"17662","",""
"17663","2026-07-18","2026-08-17"
"17664","2026-06-15","2026-07-15"
"17665","2026-06-14","2026-07-14"
"17666","2026-07-01","2026-07-31"
"17667","2027-01-03","2027-01-08"
"17668","2026-06-15","2026-07-15"
"17669","2026-07-13","2026-08-12"
"17670","2026-09-01","2026-10-01"
"17671","2026-06-14","2026-07-14"
"17672","2026-06-15","2026-07-15"
"17673","2026-06-21","2026-07-22"
"17674","2026-06-15","2026-07-15"
"17675","2026-09-05","2026-10-05"
"17676","2026-09-01","2026-10-01"
"17677","",""
"17678","",""
"17679","2026-07-04","2026-08-03"
"17680","2026-07-25","2026-08-24"
"17681","2026-07-13","2026-08-12"
"17682","2026-08-01","2026-08-31"
"17683","2026-08-22","2026-09-21"
"17684","2026-09-01","2026-10-01"
"17685","2026-07-04","2026-08-03"
"17686","2026-07-03","2026-08-02"
"17687","2026-07-31","2026-08-30"
"17688","2026-06-30","2026-07-30"
"17689","2026-10-08","2026-11-07"
"17690","2026-06-30","2026-07-30"
"17691","2026-07-25","2026-08-24"
"17692","2026-08-31","2026-09-30"
"17693","2026-06-20","2026-07-20"
"17694","2026-07-19","2026-08-18"
"17695","2026-06-21","2026-07-21"
"17696","2026-08-06","2026-09-05"
"17697","2026-07-26","2026-08-25"
"17698","2026-07-26","2026-08-25"
"17699","2026-09-01","2026-10-01"
"17700","",""
"17701","2026-06-29","2026-07-29"
"17702","2026-06-14","2026-07-14"
"17703","2026-07-27","2026-08-26"
"17704","2026-10-01","2026-10-31"
"17705","2026-06-15","2026-07-15"
"17706","2026-06-16","2026-07-16"
"17707","2026-06-15","2026-07-15"
"17708","2026-08-09","2026-09-08"
"17709","2026-07-24","2026-07-26"
"17710","2026-07-01","2026-07-31"
"17711","",""
"17712","2026-09-01","2026-10-01"
"17713","2026-09-30","2026-10-30"
"17714","",""
"17715","2026-07-17","2026-08-16"
"17716","2026-06-14","2026-07-14"
"17717","",""
"17718","2027-01-01","2027-01-31"
"17719","2026-06-30","2026-07-30"
"17720","2026-07-25","2026-08-24"
"17721","2026-06-15","2026-07-15"
"17722","2026-07-31","2026-08-30"
"17723","2026-06-15","2026-06-17"
"17724","2026-07-22","2026-08-21"
"17725","2026-07-31","2026-08-30"
"17726","2026-11-01","2026-12-01"
"17727","",""
"17728","",""
"17729","2026-06-17","2026-06-19"
"17730","",""
"17731","",""
"17732","",""
"17733","2026-08-10","2026-09-09"
"17734","2026-06-15","2026-07-15"
"17735","2026-07-01","2026-09-14"
"17736","2026-09-01","2026-10-01"
"17737","2026-08-15","2026-10-29"
"17738","2026-07-18","2026-10-01"
"17739","2026-10-01","2026-10-31"
"17740","2026-09-01","2026-10-01"
"17741","2026-06-27","2026-09-10"
"17742","2026-08-08","2026-10-22"
"17743","2026-06-14","2026-07-14"
"17744","2026-06-23","2026-09-06"
"17745","2026-08-16","2026-10-30"
"17746","2026-06-15","2026-06-16"
"17747","2026-08-15","2026-10-29"
"17748","2026-07-12","2026-08-11"
"17749","",""
"17750","2026-06-14","2026-07-14"
"17751","2026-06-14","2026-07-14"
"17752","2026-07-23","2026-08-22"
"17753","2026-06-15","2026-07-15"
"17754","2027-03-28","2027-04-27"
"17755","2026-07-05","2026-08-04"
"17756","2026-08-16","2026-09-15"
"17757","2026-07-26","2026-10-09"
"17758","2026-07-01","2026-09-14"
"17759","2027-01-03","2027-02-02"
"17760","2026-07-11","2026-08-10"
"17761","2026-06-15","2026-07-15"
"17762","2027-01-01","2027-01-31"
"17763","2027-05-01","2027-05-31"
"17764","2026-11-01","2026-12-01"
"17765","2026-07-26","2026-08-25"
"17766","2027-01-02","2027-02-01"
"17767","2026-08-15","2026-10-29"
"17768","2026-08-31","2026-11-14"
"17769","2026-07-01","2026-07-31"
"17770","2026-07-01","2026-07-31"
"17771","2026-07-21","2026-08-20"
"17772","2026-07-01","2026-07-31"
"17773","2026-09-01","2026-10-01"
"17774","",""
"17775","2026-06-30","2026-07-30"
"17776","2026-07-12","2026-08-11"
"17777","2026-07-20","2026-08-19"
"17778","2026-07-15","2026-08-14"
"17779","2026-08-01","2026-08-31"
"17780","2027-01-05","2027-02-04"
"17781","2026-08-05","2026-09-04"
"17782","2026-07-01","2026-07-31"
"17783","2027-01-01","2027-01-31"
"17784","2027-01-09","2027-02-08"
"17785","2026-07-07","2026-08-06"
"17786","2026-10-02","2026-11-01"
"17787","2026-07-14","2026-08-13"
"17788","2026-08-08","2026-09-07"
"17789","2026-07-30","2026-08-29"
"17790","2026-08-01","2026-08-31"
"17791","2026-06-15","2026-07-15"
"17792","",""
"17793","2026-08-13","2026-09-12"
"17794","2026-07-03","2026-08-02"
"17795","2026-08-31","2026-09-30"
"17796","2026-09-01","2026-10-01"
"17797","2026-10-24","2026-11-23"
"17798","2026-08-15","2026-09-14"
"17799","2027-02-11","2027-02-14"
"17800","2026-12-19","2027-01-18"
"17801","2026-06-27","2026-07-27"
"17802","2026-07-30","2026-08-29"
"17803","2026-09-01","2026-10-01"
"17804","2026-09-27","2026-10-27"
"17805","2027-01-01","2027-01-31"
"17806","",""
"17807","2026-08-10","2026-09-09"
"17808","",""
"17809","2026-08-01","2026-08-31"
"17810","2026-08-16","2026-09-15"
"17811","2026-08-15","2026-09-14"
"17812","2026-06-15","2026-07-15"
"17813","2026-10-24","2026-11-23"
"17814","2026-06-25","2026-06-26"
"17815","2026-11-23","2026-12-23"
"17816","2026-06-22","2026-06-24"
"17817","",""
"17818","2026-06-17","2026-07-17"
"17819","2026-06-14","2026-07-14"
"17820","",""
"17821","2026-08-07","2026-09-06"
"17822","2026-06-14","2026-07-14"
"17823","",""
"17824","2026-07-31","2026-08-30"
"17825","2026-09-30","2026-10-30"
"17826","2026-06-14","2026-07-14"
"17827","2026-06-19","2026-06-21"
"17828","2026-08-25","2026-09-24"
"17829","2026-08-03","2026-09-02"
"17830","2026-08-12","2026-09-11"
"17831","2026-07-31","2026-08-30"
"17832","2026-06-16","2026-07-16"
"17833","2026-06-15","2026-07-15"
"17834","2026-07-01","2026-07-31"
"17835","2026-11-01","2026-12-01"
"17836","2026-07-03","2026-08-02"
"17837","2026-06-16","2026-07-16"
"17838","2027-01-17","2027-02-16"
"17839","2027-01-10","2027-02-09"
"17840","",""
"17841","2026-07-03","2026-07-06"
"17842","2026-07-01","2026-07-03"
"17843","2026-08-01","2026-08-31"
"17844","2026-08-18","2026-09-17"
"17845","2026-08-18","2026-09-17"
"17846","2026-08-04","2026-09-03"
"17847","2026-08-02","2026-09-01"
"17848","2026-08-25","2026-09-24"
"17849","2026-07-18","2026-08-17"
"17850","2026-09-08","2026-10-08"
"17851","2026-06-15","2026-07-15"
"17852","2026-07-04","2026-08-04"
"17853","2026-06-14","2026-06-15"
"17854","2026-07-25","2026-08-24"
"17855","2026-06-15","2026-07-15"
"17856","2026-07-04","2026-07-06"
"17857","2026-06-15","2026-07-15"
"17858","",""
"17859","2026-06-15","2026-07-15"
"17860","",""
"17861","2026-06-17","2026-07-17"
"17862","2026-06-15","2026-07-15"
"17863","2026-06-16","2026-07-16"
"17864","2026-08-01","2026-08-31"
"17865","2026-06-25","2026-07-25"
"17866","",""
"17867","2026-06-15","2026-07-15"
"17868","2026-06-14","2026-07-14"
"17869","2026-06-23","2026-07-23"
"17870","2026-12-24","2027-01-23"
"17871","2026-12-21","2027-01-20"
"17872","2026-08-31","2026-09-30"
"17873","2026-06-15","2026-07-15"
"17874","2026-06-30","2026-07-03"
"17875","2026-06-17","2026-07-17"
"17876","2026-07-01","2026-07-31"
"17877","2026-08-09","2026-09-08"
"17878","2026-07-15","2026-08-14"
"17879","2027-01-01","2027-01-31"
"17880","2026-08-02","2026-09-01"
"17881","2026-06-14","2026-07-14"
"17882","",""
"17883","2026-06-14","2026-07-14"
"17884","2026-06-14","2026-07-14"
"17885","",""
"17886","2026-08-22","2026-09-21"
"17887","2026-06-21","2026-07-21"
"17888","2026-06-18","2026-06-19"
"17889","2026-07-10","2026-08-09"
"17890","2026-12-31","2027-01-30"
"17891","2026-06-30","2026-07-30"
"17892","2026-08-16","2026-09-15"
"17893","2027-01-01","2027-01-04"
"17894","2026-06-15","2026-07-15"
"17895","2026-06-15","2026-07-15"
"17896","2026-07-12","2026-08-11"
"17897","",""
"17898","2026-11-20","2026-11-21"
"17899","2026-07-31","2026-08-30"
"17900","2026-08-15","2026-09-14"
"17901","2026-06-17","2026-07-17"
"17902","2026-06-15","2026-07-15"
"17903","2026-06-21","2026-07-21"
"17904","2026-07-18","2026-08-17"
"17905","2026-06-15","2026-07-15"
"17906","2026-06-30","2026-07-30"
"17907","2026-06-14","2026-07-14"
"17908","2026-07-22","2026-08-21"
"17909","2026-08-12","2026-09-11"
"17910","",""
"17911","",""
"17912","2026-06-17","2026-06-18"
"17913","2026-06-15","2026-07-15"
"17914","2026-06-14","2026-07-14"
"17915","",""
"17916","2026-11-01","2026-12-01"
"17917","2026-07-14","2026-08-13"
"17918","2026-06-14","2026-06-15"
"17919","2026-06-15","2026-07-15"
"17920","2026-06-21","2026-07-22"
"17921","2026-06-21","2026-07-22"
"17922","",""
"17923","2026-07-03","2026-08-02"
"17924","2026-07-20","2026-07-22"
"17925","2026-08-26","2026-09-25"
"17926","2026-06-14","2026-06-15"
"17927","2026-06-15","2026-07-15"
"17928","2026-08-01","2026-08-31"
"17929","",""
"17930","2026-07-29","2026-08-28"
"17931","",""
"17932","2026-06-14","2026-07-14"
"17933","",""
"17934","2026-08-09","2026-09-08"
"17935","2026-07-31","2026-08-30"
"17936","2026-06-16","2026-06-17"
"17937","2026-07-11","2026-08-10"
"17938","2026-10-12","2026-11-11"
"17939","2026-06-15","2026-07-15"
"17940","2026-06-21","2026-07-21"
"17941","",""
"17942","2026-06-16","2026-07-16"
"17943","2026-06-28","2026-07-28"
"17944","2026-06-14","2026-07-14"
"17945","2026-06-15","2026-07-15"
"17946","2026-06-18","2026-07-18"
"17947","2026-06-14","2026-07-14"
"17948","2026-06-20","2026-06-22"
"17949","2026-06-14","2026-06-15"
"17950","2026-06-14","2026-06-15"
"17951","2026-06-15","2026-06-16"
"17952","2026-06-14","2026-06-15"
"17953","2026-06-14","2026-06-15"
"17954","2026-06-14","2026-06-15"
"17955","2026-06-14","2026-06-15"
"17956","2026-06-14","2026-06-15"
"17957","2026-07-18","2026-07-19"
"17958","2026-06-14","2026-06-15"
"17959","2026-06-14","2026-06-15"
"17960","2026-06-14","2026-06-15"
"17961","2026-07-01","2026-07-04"
"17962","",""
"17963","2026-06-16","2026-07-16"
"17964","2026-06-14","2026-07-14"
"17965","2026-08-14","2026-09-13"
"17966","2026-07-01","2026-07-31"
"17967","2026-07-23","2026-08-22"
"17968","",""
"17969","2026-07-08","2026-07-09"
"17970","2026-06-16","2026-06-17"
"17971","2026-06-15","2026-07-15"
"17972","",""
"17973","2026-09-30","2026-10-30"
"17974","",""
"17975","",""
"17976","2026-07-27","2026-08-26"
"17977","2026-11-01","2026-12-01"
"17978","2026-07-10","2026-08-09"
"17979","2026-06-15","2026-07-15"
"17980","2026-09-05","2026-10-05"
"17981","2026-08-11","2026-09-10"
"17982","",""
"17983","2026-07-13","2026-08-12"
"17984","",""
"17985","2026-06-14","2026-06-15"
"17986","2026-06-14","2026-06-15"
"17987","2026-06-14","2026-06-15"
"17988","",""
"17989","2026-08-01","2026-08-31"
"17990","2026-08-06","2026-09-05"
"17991","2026-06-26","2026-09-24"
"17992","2026-06-19","2026-06-21"
"17993","2026-08-15","2026-11-13"
"17994","2026-10-31","2026-11-30"
"17995","2026-07-01","2026-07-31"
"17996","2026-06-14","2026-07-14"
"17997","2026-06-15","2026-06-17"
"17998","2026-09-01","2026-10-01"
"17999","2026-08-05","2026-09-04"
"18000","2026-06-15","2026-07-15"
"18001","2026-06-15","2026-07-15"
"18002","2026-06-15","2026-07-15"
"18003","2026-07-17","2026-08-16"
"18004","2026-08-31","2026-09-30"
"18005","2026-06-23","2026-07-23"
"18006","2026-06-15","2026-07-15"
"18007","2026-06-15","2026-07-15"
"18008","2026-06-15","2026-06-18"
"18009","2026-06-23","2026-10-21"
"18010","2026-06-23","2026-10-21"
"18011","2026-06-23","2026-10-21"
"18012","2026-10-07","2026-11-06"
"18013","2026-06-15","2026-07-15"
"18014","2026-06-28","2026-07-28"
"18015","2026-10-01","2026-10-31"
"18016","2026-06-14","2026-06-15"
"18017","2026-06-14","2026-06-15"
"18018","2026-06-14","2026-06-15"
"18019","2026-06-14","2026-06-15"
"18020","2026-06-14","2026-06-15"
"18021","2026-06-14","2026-06-15"
"18022","2026-06-14","2026-06-15"
"18023","2026-06-15","2026-06-16"
"18024","2026-06-14","2026-06-15"
"18025","2026-06-14","2026-06-15"
"18026","2026-06-14","2026-06-15"
"18027","2026-06-14","2026-06-15"
"18028","2026-06-14","2026-06-15"
"18029","2026-06-14","2026-06-15"
"18030","2026-06-14","2026-06-15"
"18031","2026-06-14","2026-06-15"
"18032","2027-01-31","2027-03-02"
"18033","2026-09-14","2026-10-14"
"18034","2026-07-04","2026-08-03"
"18035","2026-12-20","2027-01-19"
"18036","2026-06-14","2026-07-14"
"18037","2026-06-15","2026-07-15"
"18038","2026-06-15","2026-07-15"
"18039","2026-07-21","2026-08-20"
"18040","2026-09-01","2026-10-01"
"18041","2026-06-15","2026-07-15"
"18042","2026-07-10","2026-08-09"
"18043","2026-06-16","2026-06-17"
"18044","2026-06-15","2026-07-15"
"18045","2026-07-07","2026-08-06"
"18046","",""
"18047","",""
"18048","2026-06-15","2026-07-15"
"18049","2026-06-15","2026-07-15"
"18050","",""
"18051","2026-06-27","2026-06-28"
"18052","",""
"18053","2026-06-15","2026-06-18"
"18054","",""
"18055","2026-06-15","2026-07-15"
"18056","",""
"18057","",""
"18058","2026-06-15","2026-07-15"
"18059","",""
"18060","2026-10-01","2026-10-31"
"18061","2026-08-13","2026-09-12"
"18062","2026-09-01","2026-10-01"
"18063","",""
"18064","2026-06-15","2026-07-15"
"18065","",""
"18066","2026-06-28","2026-06-29"
"18067","",""
"18068","2026-07-18","2026-08-17"
"18069","2026-06-16","2026-07-16"
"18070","",""
"18071","2026-06-16","2026-07-16"
"18072","2026-06-28","2026-07-05"
"18073","",""
"18074","2026-07-20","2026-07-22"
"18075","2026-06-16","2026-06-18"
"18076","2026-07-15","2026-08-14"
"18077","2026-08-01","2026-08-31"
"18078","2026-09-30","2026-10-30"
"18079","2026-08-07","2026-09-06"
"18080","2026-06-20","2026-07-20"
"18081","2027-02-01","2027-03-03"
"18082","",""
"18083","2026-06-28","2026-07-05"
"18084","2026-06-16","2026-07-16"
"18085","",""
"18086","2026-06-14","2026-07-15"
"18087","2026-08-27","2026-09-26"
"18088","2026-06-15","2026-07-15"
"18089","2026-06-15","2026-07-15"
"18090","2026-07-28","2026-07-31"
"18091","2026-07-06","2026-08-05"
"18092","2026-10-01","2026-10-31"
"18093","2026-07-01","2026-07-31"
"18094","2026-06-21","2026-06-22"
"18095","",""
"18096","2026-07-07","2026-07-10"
"18097","2026-06-16","2026-07-16"
"18098","2026-08-01","2026-08-31"
"18099","2026-06-14","2026-07-14"
"18100","2026-09-07","2026-10-07"
"18101","2026-06-15","2026-07-15"
"18102","2026-06-15","2026-06-17"
"18103","2026-07-28","2026-08-27"
"18104","2027-01-16","2027-02-15"
"18105","2026-08-01","2026-08-31"
"18106","2026-06-15","2026-07-15"
"18107","2026-08-07","2026-08-10"
"18108","2026-07-01","2026-07-04"
"18109","2026-06-17","2026-07-17"
"18110","2026-06-16","2026-06-18"
"18111","2026-06-21","2026-06-22"
"18112","2026-06-21","2026-06-22"
"18113","2026-06-15","2026-07-15"
"18114","2026-06-15","2026-07-15"
"18115","2027-01-01","2027-01-31"
"18116","",""
"18117","2026-12-18","2027-01-17"
"18118","2026-08-01","2026-08-02"
"18119","2026-12-12","2027-01-11"
"18120","2027-01-12","2027-02-11"
"18121","2026-06-30","2026-09-28"
"18122","2026-07-12","2026-07-19"
"18123","2026-06-17","2026-07-17"
"18124","2026-06-28","2026-07-28"
"18125","",""
"18126","2026-08-01","2026-08-31"
"18127","2026-06-15","2026-07-15"
"18128","2026-11-01","2026-12-01"
"18129","2026-06-15","2026-07-15"
"18130","",""
"18131","2026-06-18","2026-07-18"
"18132","2027-03-12","2027-04-11"
"18133","2026-06-15","2026-07-15"
"18134","2026-06-15","2026-07-15"
"18135","2026-08-08","2026-08-09"
"18136","2026-10-02","2026-11-01"
"18137","2026-06-22","2026-07-22"
"18138","2026-08-17","2026-09-16"
"18139","2026-08-01","2026-08-31"
"18140","",""
"18141","2026-08-09","2026-09-08"
"18142","",""
"18143","2026-09-30","2026-10-30"
"18144","2026-09-20","2026-12-29"
"18145","2026-08-23","2026-09-22"
"18146","2026-06-15","2026-07-15"
"18147","2026-08-19","2026-09-18"
"18148","2026-07-25","2026-08-24"
"18149","2026-07-01","2026-07-31"
"18150","2026-06-16","2026-06-18"
"18151","2026-06-16","2026-06-17"
"18152","2026-06-30","2026-07-30"
"18153","2026-06-14","2026-07-14"
"18154","2026-06-30","2026-07-30"
"18155","2026-06-17","2026-07-17"
"18156","2026-06-20","2026-06-23"
"18157","2026-07-04","2026-07-06"
"18158","2026-10-06","2026-11-05"
"18159","2026-06-15","2026-07-15"
"18160","2026-06-15","2026-07-15"
"18161","2026-06-14","2026-06-17"
"18162","2026-07-01","2026-07-04"
"18163","",""
"18164","",""
"18165","",""
"18166","2026-06-14","2026-07-14"
"18167","2026-06-29","2026-07-29"
"18168","2026-06-29","2026-07-29"
"18169","2026-09-01","2026-10-01"
"18170","2026-06-14","2026-07-14"
"18171","2026-06-14","2026-07-14"
"18172","",""
"18173","",""
"18174","2026-06-15","2026-07-15"
"18175","2026-07-18","2026-08-17"
"18176","2026-06-14","2026-07-14"
"18177","2026-06-25","2026-07-25"
"18178","2026-06-21","2026-07-21"
"18179","2026-06-15","2026-07-15"
"18180","2026-06-22","2026-07-22"
"18181","2026-06-22","2026-07-22"
"18182","2026-06-15","2026-07-15"
"18183","2026-06-25","2026-07-25"
"18184","2026-06-15","2026-06-17"
"18185","2026-07-12","2026-07-14"
"18186","2026-06-15","2026-06-17"
"18187","2026-06-30","2026-07-03"
"18188","2026-06-17","2026-07-17"
"18189","2026-06-17","2026-07-17"
"18190","",""
"18191","",""
"18192","",""
"18193","2026-06-30","2026-07-30"
"18194","2027-03-22","2027-04-21"
"18195","2026-06-15","2026-06-17"
"18196","",""
"18197","",""
"18198","",""
"18199","2026-06-25","2026-09-23"
"18200","",""
"18201","",""
"18202","2027-01-02","2027-01-07"
"18203","",""
"18204","",""
"18205","2026-07-04","2026-08-03"
"18206","2026-06-15","2026-07-15"
"18207","2026-07-04","2026-08-03"
"18208","2026-08-01","2026-08-31"
"18209","2026-06-15","2026-07-15"
"18210","2026-07-01","2026-07-31"
"18211","2026-07-01","2026-07-31"
"18212","2026-07-01","2026-07-31"
"18213","2026-06-15","2026-07-15"
"18214","2026-08-02","2026-09-01"
"18215","",""
"18216","",""
"18217","",""
"18218","2026-07-03","2026-08-02"
"18219","",""
"18220","",""
"18221","2026-07-01","2026-07-31"
"18222","2026-06-15","2026-07-15"
"18223","2026-06-24","2026-07-24"
"18224","2026-07-07","2026-08-06"
"18225","2026-06-15","2026-07-15"
"18226","2026-07-27","2026-08-26"
"18227","2026-08-07","2026-08-09"
"18228","2026-06-15","2026-07-15"
"18229","2026-06-29","2026-07-01"
"18230","2026-07-06","2026-08-05"
"18231","2026-06-17","2026-07-17"
"18232","2026-08-01","2026-08-31"
"18233","2026-08-22","2026-09-21"
"18234","2026-06-14","2026-07-14"
"18235","2026-06-18","2026-06-20"
"18236","2026-07-31","2026-08-30"
"18237","2026-08-01","2026-08-31"
"18238","",""
"18239","2026-07-07","2026-08-06"
"18240","2026-07-10","2026-08-09"
"18241","2026-08-09","2026-09-08"
"18242","2026-07-15","2026-08-14"
"18243","2026-08-01","2026-08-31"
"18244","2026-08-01","2026-08-31"
"18245","",""
"18246","2026-06-29","2026-07-02"
"18247","2026-06-15","2026-07-15"
"18248","2026-06-14","2026-06-15"
"18249","2026-06-15","2026-07-15"
"18250","2026-06-20","2026-06-23"
"18251","2026-08-31","2026-09-30"
"18252","2026-12-29","2027-01-28"
"18253","2026-07-13","2026-07-14"
"18254","2026-06-15","2026-07-15"
"18255","2026-06-16","2026-06-17"
"18256","2026-12-15","2027-01-14"
"18257","2027-01-05","2027-02-04"
"18258","2026-11-01","2026-12-01"
"18259","2026-08-08","2026-09-07"
"18260","2026-06-15","2026-07-15"
"18261","",""
"18262","2026-06-30","2026-07-30"
"18263","",""
"18264","2026-08-07","2026-09-06"
"18265","2026-06-15","2026-07-15"
"18266","2026-06-17","2026-07-17"
"18267","",""
"18268","2026-07-15","2026-08-14"
"18269","2026-06-30","2026-07-30"
"18270","",""
"18271","2026-07-31","2026-08-30"
"18272","2026-06-15","2026-07-15"
"18273","2026-10-12","2026-11-11"
"18274","2026-06-15","2026-07-15"
"18275","2026-06-15","2026-07-15"
"18276","2026-06-22","2026-07-22"
"18277","2026-10-01","2026-10-31"
"18278","2026-08-13","2026-09-12"
"18279","2026-06-14","2026-07-14"
"18280","2026-06-16","2026-07-16"
"18281","2026-08-31","2026-09-30"
"18282","",""
"18283","2026-07-31","2026-08-30"
"18284","2026-08-01","2026-08-31"
"18285","2027-03-08","2027-04-07"
"18286","2026-11-01","2026-12-31"
"18287","2026-07-20","2026-08-19"
"18288","2026-08-17","2026-09-16"
"18289","2026-12-22","2027-01-21"
"18290","",""
"18291","2026-07-01","2026-07-31"
"18292","2026-06-15","2026-07-15"
"18293","2027-04-19","2027-05-19"
"18294","2026-12-10","2027-01-09"
"18295","2026-06-17","2026-06-18"
"18296","2026-06-15","2026-06-17"
"18297","2026-08-03","2026-09-02"
"18298","",""
"18299","",""
"18300","2026-06-14","2026-07-14"
"18301","2026-09-08","2026-10-08"
"18302","2026-08-19","2026-09-18"
"18303","2026-06-14","2026-07-14"
"18304","2026-07-01","2026-07-31"
"18305","2026-11-01","2026-12-01"
"18306","2026-08-08","2026-09-07"
"18307","2026-06-15","2026-07-15"
"18308","2026-06-15","2026-07-15"
"18309","2026-06-14","2026-07-14"
"18310","2026-06-14","2026-06-15"
"18311","",""
"18312","2026-06-14","2026-07-14"
"18313","2027-03-31","2027-04-30"
"18314","",""
"18315","2026-10-01","2026-10-31"
"18316","2026-06-28","2026-06-29"
"18317","2026-07-05","2026-08-04"
"18318","2026-06-15","2026-07-15"
"18319","2026-12-04","2027-01-03"
"18320","2026-07-31","2026-08-30"
"18321","2026-07-20","2026-08-20"
"18322","2026-06-17","2026-07-17"
"18323","2026-10-31","2026-11-30"
"18324","2026-06-15","2026-07-15"
"18325","2026-06-16","2026-07-16"
"18326","",""
"18327","2026-07-01","2026-07-31"
"18328","2026-08-01","2026-08-31"
"18329","2026-08-01","2026-08-31"
"18330","2026-07-27","2026-08-26"
"18331","2027-01-01","2027-01-31"
"18332","2026-08-10","2026-09-09"
"18333","2026-06-15","2026-07-15"
"18334","2026-06-18","2026-07-18"
"18335","2026-07-24","2026-08-23"
"18336","",""
"18337","",""
"18338","2026-06-15","2026-06-16"
"18339","2027-02-05","2027-03-07"
"18340","2026-06-29","2026-07-01"
"18341","2026-07-03","2026-08-02"
"18342","2026-06-16","2026-07-16"
"18343","2026-06-22","2026-07-22"
"18344","2026-06-15","2026-07-15"
"18345","2026-06-14","2026-06-15"
"18346","2026-06-17","2026-07-17"
"18347","2026-06-23","2026-07-23"
"18348","2026-07-01","2026-07-31"
"18349","",""
"18350","2026-06-30","2026-07-30"
"18351","2026-07-01","2026-07-31"
"18352","2026-07-01","2026-07-31"
"18353","",""
"18354","",""
"18355","2026-06-30","2026-07-30"
"18356","2026-06-30","2026-07-30"
"18357","2026-07-01","2026-07-31"
"18358","",""
"18359","",""
"18360","2026-06-21","2026-07-21"
"18361","",""
"18362","2026-08-16","2026-09-15"
"18363","2026-06-14","2026-06-15"
"18364","2026-11-30","2026-12-30"
"18365","2026-08-01","2026-08-31"
"18366","2026-07-13","2026-08-12"
"18367","",""
"18368","2026-10-01","2026-10-31"
"18369","2026-06-15","2026-07-15"
"18370","2026-06-14","2026-07-14"
"18371","2026-06-15","2026-07-15"
"18372","2026-08-08","2026-09-07"
"18373","2026-12-31","2027-01-30"
"18374","2026-06-14","2026-07-14"
"18375","2026-08-16","2026-09-15"
"18376","2026-08-08","2026-09-07"
"18377","2026-08-16","2026-09-15"
"18378","2026-07-27","2026-07-29"
"18379","2026-06-30","2026-07-02"
"18380","2026-07-05","2026-07-06"
"18381","2026-07-02","2026-07-05"
"18382","2026-06-29","2026-07-29"
"18383","2026-08-10","2026-09-09"
"18384","2026-07-26","2026-08-25"
"18385","2026-08-15","2026-09-14"
"18386","",""
"18387","",""
"18388","2026-08-08","2026-09-07"
"18389","2026-07-15","2026-08-14"
"18390","2026-07-03","2026-08-03"
"18391","2026-07-02","2026-07-05"
"18392","2026-06-15","2026-07-15"
"18393","2026-11-01","2027-04-30"
"18394","",""
"18395","2026-06-15","2026-07-15"
"18396","",""
"18397","2026-06-14","2026-07-14"
"18398","",""
"18399","",""
"18400","2026-07-01","2026-07-31"
"18401","2027-01-01","2027-01-31"
"18402","",""
"18403","",""
"18404","2026-06-17","2026-06-18"
"18405","",""
"18406","2026-06-14","2026-07-14"
"18407","2026-06-14","2026-07-14"
"18408","2026-11-07","2026-12-07"
"18409","2026-10-22","2026-11-21"
"18410","2026-08-08","2026-09-07"
"18411","2026-08-15","2026-09-14"
"18412","2026-10-08","2026-11-07"
"18413","2026-06-23","2026-07-23"
"18414","2026-06-14","2026-07-14"
"18415","2026-06-17","2026-06-19"
"18416","2026-06-17","2026-06-19"
"18417","2026-06-17","2026-06-19"
"18418","2026-06-22","2026-07-22"
"18419","2026-08-04","2026-09-03"
"18420","2026-06-15","2026-07-15"
"18421","2026-06-16","2026-07-16"
"18422","2026-12-17","2027-01-16"
"18423","2026-12-09","2027-01-08"
"18424","",""
"18425","",""
"18426","2026-10-01","2026-10-31"
"18427","2026-06-22","2026-06-23"
"18428","2026-06-18","2026-06-20"
"18429","2026-07-11","2026-08-10"
"18430","2026-08-09","2026-09-08"
"18431","2027-01-01","2027-01-31"
"18432","2026-06-14","2026-07-14"
"18433","",""
"18434","2026-07-09","2026-08-08"
"18435","2026-09-01","2026-10-01"
"18436","2026-06-15","2026-06-16"
"18437","2026-09-04","2026-10-04"
"18438","2026-06-30","2026-07-03"
"18439","2026-06-14","2026-06-15"
"18440","",""
"18441","2026-07-09","2026-07-12"
"18442","2026-08-01","2026-08-31"
"18443","2026-07-05","2026-07-07"
"18444","2026-06-15","2026-07-15"
"18445","2026-06-15","2026-07-15"
"18446","2026-06-15","2026-07-15"
"18447","",""
"18448","2026-06-19","2026-06-22"
"18449","2026-06-15","2026-07-15"
"18450","2026-06-15","2026-07-15"
"18451","2026-07-25","2026-08-24"
"18452","2026-06-14","2026-07-15"
"18453","",""
"18454","2026-06-15","2026-07-15"
"18455","2027-02-01","2027-03-03"
"18456","2026-06-23","2026-10-21"
"18457","2026-06-15","2026-07-15"
"18458","2026-10-21","2026-10-25"
"18459","2026-07-12","2026-08-11"
"18460","2026-06-15","2026-07-15"
"18461","2026-06-15","2026-07-15"
"18462","2026-06-15","2026-07-15"
"18463","2026-06-15","2026-07-15"
"18464","2026-06-15","2026-07-15"
"18465","2026-07-14","2026-08-13"
"18466","2026-06-23","2026-10-21"
"18467","2026-07-21","2026-07-24"
"18468","2026-08-01","2026-08-31"
"18469","2026-08-01","2026-08-31"
"18470","",""
"18471","2026-06-15","2026-07-15"
"18472","2026-06-21","2026-06-24"
"18473","2026-08-20","2026-09-19"
"18474","2026-10-01","2026-10-31"
"18475","2026-06-17","2026-07-17"
"18476","",""
"18477","2026-10-01","2026-10-31"
"18478","",""
"18479","2026-06-15","2026-06-17"
"18480","2026-06-24","2026-06-26"
"18481","2026-07-01","2026-07-31"
"18482","2026-07-19","2026-08-18"
"18483","2026-09-15","2026-10-15"
"18484","2026-08-01","2026-08-31"
"18485","2026-06-15","2026-07-15"
"18486","2026-08-31","2026-09-30"
"18487","2026-09-18","2026-10-18"
"18488","2027-01-01","2027-01-31"
"18489","",""
"18490","2026-06-21","2026-06-22"
"18491","2026-11-01","2026-12-01"
"18492","2026-08-07","2026-09-06"
"18493","2026-06-14","2026-06-15"
"18494","2027-01-07","2027-02-06"
"18495","2026-08-02","2026-09-01"
"18496","2026-07-19","2026-08-18"
"18497","2027-01-08","2027-02-07"
"18498","2026-08-15","2026-09-14"
"18499","2026-06-15","2026-07-15"
"18500","2026-06-23","2026-07-23"
"18501","2026-09-12","2026-10-12"
"18502","2026-06-17","2026-07-17"
"18503","2026-07-21","2026-08-20"
"18504","2026-07-25","2026-08-24"
"18505","2026-06-15","2026-07-15"
"18506","2026-06-15","2026-06-22"
"18507","2026-06-15","2026-07-15"
"18508","2026-06-15","2026-07-15"
"18509","2026-12-31","2027-01-30"
"18510","2026-08-01","2026-08-31"
"18511","2026-07-26","2026-08-25"
"18512","2026-07-02","2026-08-01"
"18513","2026-08-02","2026-09-01"
"18514","2026-10-18","2026-11-17"
"18515","2026-06-16","2026-06-17"
"18516","2026-09-07","2026-10-07"
"18517","2026-06-15","2026-07-15"
"18518","2026-06-15","2026-07-15"
"18519","2026-06-14","2026-07-14"
"18520","2026-06-15","2026-07-15"
"18521","",""
"18522","2026-06-21","2026-06-22"
"18523","2026-06-23","2026-06-25"
"18524","2026-08-31","2026-09-30"
"18525","2026-10-01","2026-10-31"
"18526","",""
"18527","2026-07-15","2026-08-14"
"18528","2026-07-31","2026-08-30"
"18529","2026-09-14","2026-10-14"
"18530","2026-08-16","2026-09-15"
"18531","",""
"18532","2026-07-15","2026-08-14"
"18533","2026-06-16","2026-07-16"
"18534","2026-06-16","2026-06-17"
"18535","",""
"18536","",""
"18537","2026-06-15","2026-07-15"
"18538","2026-12-01","2026-12-31"
"18539","2026-06-27","2026-07-27"
"18540","2026-06-14","2026-07-14"
"18541","2026-08-31","2026-09-30"
"18542","2026-06-30","2026-07-30"
"18543","2026-06-30","2026-07-30"
"18544","2026-06-30","2026-07-30"
"18545","2026-06-22","2026-07-22"
"18546","2026-06-16","2026-07-16"
"18547","2026-06-17","2026-07-17"
"18548","2026-06-15","2026-07-15"
"18549","2026-07-21","2026-08-20"
"18550","2026-06-16","2026-07-16"
"18551","2026-06-14","2026-07-14"
"18552","",""
"18553","2026-07-07","2026-08-06"
"18554","2026-09-09","2026-10-09"
"18555","2026-06-23","2027-06-23"
"18556","2026-12-01","2026-12-31"
"18557","2027-01-28","2027-02-27"
"18558","2026-06-23","2026-12-20"
"18559","2026-07-01","2026-07-31"
"18560","2026-07-12","2026-08-11"
"18561","2026-06-14","2026-07-14"
"18562","2026-10-01","2026-10-31"
"18563","2026-09-15","2026-10-15"
"18564","2026-06-30","2026-07-30"
"18565","2026-08-01","2026-08-31"
"18566","2026-06-15","2026-07-15"
"18567","2026-06-15","2026-07-15"
"18568","2026-06-14","2026-07-14"
"18569","2026-07-17","2026-08-16"
"18570","2026-06-28","2026-06-29"
"18571","2026-06-15","2026-07-15"
"18572","2026-06-19","2026-07-19"
"18573","2026-12-09","2027-01-08"
"18574","2026-06-14","2026-07-14"
"18575","2026-06-28","2026-07-28"
"18576","2027-01-01","2027-01-31"
"18577","",""
"18578","2026-06-16","2026-06-17"
"18579","",""
"18580","2026-06-16","2026-07-16"
"18581","2026-06-15","2026-07-15"
"18582","2026-06-15","2026-07-15"
"18583","2026-06-15","2026-07-15"
"18584","2026-07-21","2026-08-20"
"18585","2026-06-15","2026-07-15"
"18586","2026-09-30","2026-10-30"
"18587","2026-06-15","2026-06-16"
"18588","2026-06-25","2026-06-26"
"18589","",""
"18590","2026-06-15","2026-07-15"
"18591","",""
"18592","2026-06-15","2026-06-18"
"18593","2026-06-15","2026-07-15"
"18594","2026-10-25","2026-11-24"
"18595","2026-06-15","2026-07-15"
"18596","",""
"18597","2026-08-14","2026-09-13"
"18598","2026-08-01","2026-08-31"
"18599","2026-12-01","2026-12-03"
"18600","2026-06-15","2026-07-15"
"18601","2026-06-21","2026-07-21"
"18602","2026-06-16","2026-07-16"
"18603","",""
"18604","2026-08-31","2026-09-30"
"18605","2026-08-22","2026-09-21"
"18606","2026-08-16","2026-09-15"
"18607","2026-06-20","2026-07-20"
"18608","2026-06-16","2026-07-16"
"18609","2026-06-15","2026-07-15"
"18610","2026-08-21","2026-09-20"
"18611","2026-07-01","2026-07-31"
"18612","2026-08-01","2026-08-31"
"18613","2026-06-15","2026-06-16"
"18614","2026-08-01","2026-08-31"
"18615","2026-06-15","2026-06-16"
"18616","2026-11-13","2026-12-13"
"18617","2026-07-07","2026-08-06"
"18618","2026-08-01","2026-08-31"
"18619","2026-06-15","2026-07-15"
"18620","2026-06-16","2026-07-16"
"18621","2026-08-09","2026-09-08"
"18622","",""
"18623","2026-09-06","2026-10-06"
"18624","2026-08-15","2026-09-14"
"18625","2026-08-14","2026-09-13"
"18626","2026-06-22","2026-07-22"
"18627","2026-06-14","2026-07-14"
"18628","2026-06-14","2026-07-14"
"18629","2026-06-14","2026-07-14"
"18630","2026-06-15","2026-07-15"
"18631","2026-07-01","2026-07-31"
"18632","2026-06-15","2026-07-15"
"18633","2026-07-02","2026-08-01"
"18634","2026-07-20","2026-07-23"
"18635","2026-06-15","2026-07-15"
"18636","2026-07-09","2026-08-08"
"18637","",""
"18638","2026-06-14","2026-07-14"
"18639","2026-06-18","2026-06-19"
"18640","2026-07-10","2026-08-09"
"18641","",""
"18642","2026-10-02","2026-11-01"
"18643","2026-10-18","2026-11-17"
"18644","2026-06-14","2026-07-14"
"18645","2026-06-14","2026-07-14"
"18646","2026-06-16","2026-07-16"
"18647","",""
"18648","2026-06-15","2026-07-14"
"18649","2026-06-16","2026-06-23"
"18650","2026-06-16","2026-06-21"
"18651","2026-07-06","2026-07-09"
"18652","2026-06-15","2026-07-14"
"18653","2026-06-16","2026-06-23"
"18654","2026-06-15","2026-07-15"
"18655","2026-06-15","2026-07-14"
"18656","2026-06-16","2026-06-23"
"18657","2026-07-11","2026-08-09"
"18658","2026-06-18","2026-06-25"
"18659","2026-06-21","2026-07-21"
"18660","2026-06-17","2026-06-19"
"18661","2026-06-25","2026-06-27"
"18662","2026-07-20","2026-07-21"
"18663","2026-07-01","2026-07-31"
"18664","2026-06-23","2026-06-24"
"18665","",""
"18666","",""
"18667","2026-08-31","2026-09-30"
"18668","",""
"18669","",""
"18670","2026-07-27","2026-08-26"
"18671","2026-07-16","2026-08-15"
"18672","2026-07-21","2026-08-20"
"18673","2026-06-16","2026-07-16"
"18674","2026-06-15","2026-07-15"
"18675","2026-06-14","2026-06-15"
"18676","2026-06-15","2026-07-15"
"18677","2026-11-01","2026-12-01"
"18678","2026-06-27","2026-07-27"
"18679","",""
"18680","2026-06-14","2026-07-14"
"18681","2026-06-16","2026-07-16"
"18682","2026-08-19","2026-09-18"
"18683","2026-08-18","2026-09-17"
"18684","2026-08-01","2026-08-31"
"18685","2026-08-05","2026-09-04"
"18686","2026-06-15","2026-07-15"
"18687","2026-06-15","2026-07-15"
"18688","2026-06-15","2026-07-15"
"18689","2026-06-15","2026-07-15"
"18690","2026-06-15","2026-07-15"
"18691","2026-06-30","2026-07-03"
"18692","2026-09-02","2026-10-02"
"18693","2026-08-09","2026-09-08"
"18694","2026-06-22","2026-07-22"
"18695","2026-08-03","2026-09-02"
"18696","2026-12-07","2027-01-06"
"18697","",""
"18698","2027-03-28","2027-04-27"
"18699","2026-07-07","2026-08-06"
"18700","2026-07-20","2026-08-19"
"18701","2026-06-15","2026-07-15"
"18702","2026-06-24","2026-08-23"
"18703","2026-06-15","2026-07-15"
"18704","2026-11-08","2026-12-08"
"18705","2026-06-15","2026-07-15"
"18706","",""
"18707","2026-06-14","2026-07-14"
"18708","2026-08-01","2026-08-31"
"18709","2026-09-07","2026-10-07"
"18710","2027-02-11","2027-03-13"
"18711","2026-06-26","2026-07-26"
"18712","2026-09-01","2026-10-01"
"18713","",""
"18714","",""
"18715","2026-06-15","2026-07-15"
"18716","",""
"18717","2026-09-01","2026-10-01"
"18718","2026-06-14","2026-07-14"
"18719","2026-06-23","2026-07-23"
"18720","2026-06-14","2026-07-14"
"18721","2026-07-01","2026-07-06"
"18722","2026-08-31","2026-09-30"
"18723","2026-06-24","2026-06-25"
"18724","",""
"18725","",""
"18726","2026-09-22","2026-10-22"
"18727","",""
"18728","2026-06-16","2026-06-17"
"18729","2026-06-17","2026-06-18"
"18730","2026-06-21","2026-06-22"
"18731","2026-06-21","2026-06-22"
"18732","2026-12-31","2027-01-30"
"18733","2026-06-15","2026-07-15"
"18734","2026-06-16","2026-07-16"
"18735","2026-10-30","2027-03-29"
"18736","2026-06-15","2026-07-15"
"18737","2026-12-19","2027-01-18"
"18738","2026-06-15","2026-07-15"
"18739","2026-06-30","2026-08-29"
"18740","2026-06-18","2026-06-19"
"18741","2026-09-01","2026-10-01"
"18742","2026-06-15","2026-06-16"
"18743","2026-07-31","2026-08-30"
"18744","2026-08-16","2026-09-15"
"18745","2026-06-15","2026-07-15"
"18746","2026-06-16","2026-06-18"
"18747","2026-06-14","2026-07-14"
"18748","2026-06-21","2026-07-21"
"18749","2026-06-14","2026-07-14"
"18750","2026-06-16","2026-06-18"
"18751","2026-06-15","2026-07-15"
"18752","2026-08-14","2026-09-13"
"18753","2026-06-15","2026-07-15"
"18754","2026-06-14","2026-07-14"
"18755","2027-03-20","2027-04-19"
"18756","2026-08-19","2026-09-18"
"18757","2026-06-15","2026-07-15"
"18758","2026-06-14","2026-07-14"
"18759","",""
"18760","2026-08-01","2026-08-31"
"18761","2026-06-28","2026-07-28"
"18762","2026-06-15","2026-07-15"
"18763","2026-06-27","2026-07-27"
"18764","2026-06-27","2026-07-27"
"18765","2026-06-15","2026-07-15"
"18766","2026-07-01","2026-07-02"
"18767","2027-01-30","2027-03-01"
"18768","",""
"18769","2026-07-26","2026-07-30"
"18770","2026-06-15","2026-07-15"
"18771","2026-06-23","2026-07-23"
"18772","2026-08-01","2026-08-31"
"18773","2027-01-02","2027-02-01"
"18774","2026-08-31","2026-09-30"
"18775","2026-06-15","2026-07-15"
"18776","2026-08-01","2026-08-31"
"18777","2026-07-30","2026-08-29"
"18778","2026-06-21","2026-07-21"
"18779","2026-08-09","2026-09-08"
"18780","2026-07-24","2026-08-23"
"18781","2026-12-20","2027-01-19"
"18782","2026-06-20","2026-06-22"
"18783","2026-06-15","2026-07-15"
"18784","2026-06-14","2026-07-14"
"18785","2026-06-16","2026-06-17"
"18786","",""
"18787","2026-06-16","2026-07-16"
"18788","",""
"18789","",""
"18790","2026-08-16","2026-09-15"
"18791","2026-06-16","2026-06-18"
"18792","",""
"18793","2026-06-27","2026-07-27"
"18794","2026-06-14","2026-06-15"
"18795","2026-06-14","2026-07-14"
"18796","2026-06-20","2026-06-22"
"18797","",""
"18798","2026-07-31","2026-08-30"
"18799","2026-10-30","2026-11-29"
"18800","2026-08-09","2026-09-08"
"18801","2026-07-31","2026-08-30"
"18802","",""
"18803","2026-06-19","2026-06-21"
"18804","2026-06-16","2026-07-16"
"18805","2026-06-26","2026-06-27"
"18806","2026-06-17","2026-07-17"
"18807","2026-09-03","2026-10-03"
"18808","2026-06-18","2026-06-21"
"18809","2026-07-31","2026-08-30"
"18810","2026-07-01","2026-07-31"
"18811","2026-06-30","2026-07-30"
"18812","2027-04-05","2027-05-05"
"18813","2026-07-09","2026-08-08"
"18814","2026-06-14","2026-07-14"
"18815","2026-07-29","2026-08-28"
"18816","2026-07-16","2026-08-15"
"18817","2027-05-04","2027-06-03"
"18818","2026-08-01","2026-08-31"
"18819","2026-06-15","2026-07-15"
"18820","2026-07-08","2026-08-07"
"18821","",""
"18822","",""
"18823","2026-07-15","2026-08-14"
"18824","",""
"18825","2026-06-14","2026-07-14"
"18826","",""
"18827","",""
"18828","",""
"18829","",""
"18830","2026-06-14","2026-07-14"
"18831","2026-07-08","2026-08-07"
"18832","2026-06-20","2026-07-20"
"18833","2026-06-20","2026-07-20"
"18834","2026-12-14","2027-01-13"
"18835","2026-11-30","2026-12-30"
"18836","",""
"18837","2026-06-28","2026-07-28"
"18838","2026-08-16","2026-09-15"
"18839","2026-08-10","2026-09-09"
"18840","2026-08-02","2026-08-07"
"18841","2026-06-14","2026-07-14"
"18842","2026-07-05","2026-08-04"
"18843","2026-07-31","2026-08-30"
"18844","",""
"18845","2026-10-31","2026-11-30"
"18846","2026-07-31","2026-08-30"
"18847","2026-06-30","2026-07-02"
"18848","2026-06-14","2026-07-14"
"18849","",""
"18850","2026-06-25","2026-10-23"
"18851","",""
"18852","",""
"18853","2026-12-01","2026-12-31"
"18854","2027-01-03","2027-02-02"
"18855","2026-06-15","2026-06-16"
"18856","2026-06-14","2026-07-14"
"18857","2026-06-21","2026-07-21"
"18858","2026-06-16","2026-07-16"
"18859","2026-10-10","2026-11-09"
"18860","2026-06-15","2026-07-15"
"18861","",""
"18862","2026-06-15","2026-07-15"
"18863","2026-08-10","2026-09-09"
"18864","2026-06-15","2026-07-15"
"18865","2026-06-15","2026-07-15"
"18866","2026-06-15","2026-07-15"
"18867","",""
"18868","2026-07-01","2026-07-31"
"18869","2026-07-31","2026-08-30"
"18870","2026-11-21","2026-12-21"
"18871","2026-08-31","2026-09-30"
"18872","2026-07-31","2026-08-30"
"18873","2026-06-14","2026-07-14"
"18874","2026-06-15","2026-07-15"
"18875","2026-06-16","2026-06-17"
"18876","2026-08-08","2026-09-07"
"18877","2026-06-14","2026-07-14"
"18878","",""
"18879","2026-07-02","2026-08-01"
"18880","2026-06-23","2026-06-25"
"18881","2026-06-30","2026-07-30"
"18882","2027-05-01","2027-05-31"
"18883","",""
"18884","2027-01-01","2027-01-31"
"18885","2026-06-15","2026-06-17"
"18886","2026-08-01","2026-08-31"
"18887","2026-07-22","2026-08-21"
"18888","2026-08-04","2026-09-03"
"18889","2026-06-25","2026-07-25"
"18890","2026-06-18","2026-07-18"
"18891","2026-06-15","2026-06-17"
"18892","2026-12-20","2027-01-19"
"18893","2026-06-22","2026-06-23"
"18894","2026-06-15","2026-07-15"
"18895","2026-06-21","2026-06-23"
"18896","2026-07-30","2026-08-29"
"18897","2026-11-30","2027-05-29"
"18898","",""
"18899","2026-06-21","2026-07-21"
"18900","2026-07-25","2026-08-24"
"18901","2026-06-29","2026-07-29"
"18902","2026-06-27","2026-07-02"
"18903","2026-06-16","2026-06-17"
"18904","2026-06-14","2026-07-14"
"18905","2026-08-09","2026-09-08"
"18906","2026-06-15","2026-07-15"
"18907","2026-06-14","2026-07-14"
"18908","2026-06-15","2026-07-15"
"18909","2026-09-30","2026-10-30"
"18910","",""
"18911","2026-06-15","2026-07-15"
"18912","2026-08-28","2026-09-27"
"18913","2026-06-15","2026-07-15"
"18914","2026-06-15","2026-06-16"
"18915","2027-03-08","2027-04-07"
"18916","2026-06-14","2026-07-14"
"18917","2026-09-14","2026-10-14"
"18918","",""
"18919","2026-06-20","2026-06-22"
"18920","2026-06-15","2026-07-15"
"18921","2027-02-21","2027-03-23"
"18922","2026-06-15","2026-07-15"
"18923","",""
"18924","2026-08-06","2026-09-05"
"18925","2026-06-16","2026-07-16"
"18926","2026-07-16","2026-08-15"
"18927","2026-07-02","2026-08-01"
"18928","2026-07-11","2026-08-10"
"18929","2027-01-01","2027-01-31"
"18930","2026-10-01","2026-10-31"
"18931","2026-06-15","2026-07-15"
"18932","2026-08-01","2026-08-31"
"18933","2026-07-08","2026-08-07"
"18934","2026-06-17","2026-07-17"
"18935","2026-06-15","2026-07-15"
"18936","2026-08-01","2026-08-31"
"18937","2026-06-16","2026-07-16"
"18938","2026-06-17","2026-06-19"
"18939","2026-10-15","2026-11-14"
"18940","2026-06-23","2026-06-24"
"18941","2026-08-21","2026-09-20"
"18942","2026-07-25","2026-08-24"
"18943","2026-06-14","2026-07-14"
"18944","2026-06-15","2026-07-15"
"18945","2026-06-15","2026-07-15"
"18946","",""
"18947","2026-06-15","2026-06-16"
"18948","2026-06-15","2026-07-15"
"18949","2026-06-15","2026-07-15"
"18950","2026-06-16","2026-07-16"
"18951","2026-06-15","2026-07-15"
"18952","",""
"18953","2026-06-14","2026-07-14"
"18954","2026-08-14","2026-09-13"
"18955","2026-06-21","2026-06-23"
"18956","2026-06-16","2026-06-18"
"18957","2026-07-31","2026-08-30"
"18958","2026-06-14","2026-07-14"
"18959","2026-06-25","2026-07-25"
"18960","2026-07-01","2026-07-31"
"18961","2026-06-15","2026-06-16"
"18962","2026-07-06","2026-08-05"
"18963","2026-07-01","2026-07-31"
"18964","2026-07-01","2026-07-31"
"18965","2026-07-01","2026-07-31"
"18966","2026-08-08","2026-09-07"
"18967","2026-06-26","2026-07-26"
"18968","",""
"18969","",""
"18970","2026-06-30","2026-07-30"
"18971","2026-06-30","2026-07-30"
"18972","2026-06-14","2026-07-14"
"18973","2026-06-14","2026-07-14"
"18974","",""
"18975","2026-07-01","2026-07-31"
"18976","",""
"18977","",""
"18978","2026-07-13","2026-08-12"
"18979","2026-06-17","2026-07-17"
"18980","2026-06-14","2026-07-14"
"18981","2026-06-15","2026-07-15"
"18982","2026-10-26","2026-11-25"
"18983","2026-10-01","2026-10-31"
"18984","2026-06-15","2026-07-15"
"18985","",""
"18986","",""
"18987","",""
"18988","2026-06-15","2026-07-15"
"18989","2026-06-14","2026-07-14"
"18990","2026-06-24","2026-07-24"
"18991","2027-01-01","2027-01-31"
"18992","",""
"18993","2026-06-15","2026-07-15"
"18994","2026-06-14","2026-07-14"
"18995","2026-06-14","2026-07-14"
"18996","2026-06-15","2026-07-15"
"18997","2026-06-16","2026-07-16"
"18998","2026-07-25","2026-07-28"
"18999","2026-06-15","2026-06-17"
"19000","2026-06-15","2026-07-15"
"19001","2026-09-07","2026-10-07"
"19002","2026-07-31","2026-08-30"
"19003","",""
"19004","2026-07-31","2026-08-30"
"19005","2026-06-23","2026-08-22"
"19006","2026-07-19","2026-08-18"
"19007","2026-08-08","2026-09-07"
"19008","2026-06-21","2026-06-22"
"19009","2026-07-31","2026-08-04"
"19010","",""
"19011","2026-06-24","2026-06-26"
"19012","2026-06-15","2026-07-15"
"19013","2026-09-24","2026-09-28"
"19014","2027-01-02","2027-02-01"
"19015","2026-06-15","2026-07-15"
"19016","2026-08-16","2026-09-15"
"19017","",""
"19018","2027-01-02","2027-02-01"
"19019","2026-07-20","2026-07-23"
"19020","2026-06-14","2026-07-14"
"19021","2026-07-01","2026-07-31"
"19022","2026-12-19","2027-01-18"
"19023","",""
"19024","2026-08-03","2026-09-02"
"19025","2026-06-15","2026-07-15"
"19026","2026-11-30","2026-12-30"
"19027","2026-12-20","2027-01-19"
"19028","2026-06-26","2026-07-26"
"19029","2026-08-14","2026-09-13"
"19030","2026-06-30","2026-07-30"
"19031","",""
"19032","2026-07-05","2026-07-10"
"19033","2026-08-09","2026-09-08"
"19034","2026-11-01","2026-12-01"
"19035","2026-07-31","2026-08-30"
"19036","2026-06-14","2026-07-14"
"19037","2026-10-15","2026-11-14"
"19038","2026-07-31","2026-08-30"
"19039","2026-06-15","2026-07-15"
"19040","2026-09-01","2026-10-01"
"19041","",""
"19042","",""
"19043","2026-06-15","2026-07-15"
"19044","2026-08-30","2026-09-29"
"19045","2026-07-31","2026-08-30"
"19046","2026-10-20","2026-11-19"
"19047","2026-06-16","2026-07-16"
"19048","2026-12-20","2027-01-19"
"19049","2026-07-02","2026-08-01"
"19050","2026-06-14","2026-07-14"
"19051","2026-07-01","2026-07-31"
"19052","2026-07-25","2026-08-24"
"19053","2026-06-16","2026-07-16"
"19054","2026-06-14","2026-06-15"
"19055","2026-06-14","2026-07-14"
"19056","2026-06-17","2026-06-19"
"19057","2026-08-11","2026-09-10"
"19058","2026-07-31","2026-08-30"
"19059","2026-06-14","2026-07-14"
"19060","2026-07-11","2026-07-13"
"19061","2026-11-15","2026-12-15"
"19062","",""
"19063","2026-08-08","2026-08-11"
"19064","2026-06-24","2026-07-24"
"19065","2026-06-24","2026-06-25"
"19066","2026-06-24","2026-06-25"
"19067","2026-06-24","2026-06-25"
"19068","2026-06-24","2026-06-25"
"19069","2026-06-24","2026-06-25"
"19070","2026-06-24","2026-06-25"
"19071","2026-06-24","2026-06-25"
"19072","2026-06-24","2026-06-25"
"19073","2026-06-16","2026-06-17"
"19074","2026-06-15","2026-07-15"
"19075","2026-07-12","2026-07-16"
"19076","2026-12-04","2027-01-03"
"19077","",""
"19078","2026-06-15","2026-07-15"
"19079","2026-06-15","2026-07-15"
"19080","2026-06-16","2026-06-17"
"19081","2026-06-15","2026-06-16"
"19082","2026-06-15","2026-06-16"
"19083","2026-06-15","2026-06-16"
"19084","2026-06-15","2026-07-15"
"19085","2026-06-15","2026-06-16"
"19086","2026-07-13","2026-08-12"
"19087","2026-06-15","2026-07-15"
"19088","2026-07-31","2026-08-30"
"19089","",""
"19090","2026-06-15","2026-06-16"
"19091","",""
"19092","2026-06-15","2026-07-15"
"19093","2026-06-14","2026-07-14"
"19094","2026-07-13","2026-08-12"
"19095","2026-07-31","2026-08-30"
"19096","2026-06-22","2026-06-24"
"19097","2026-07-31","2026-08-30"
"19098","",""
"19099","2026-06-29","2026-07-29"
"19100","2026-06-17","2026-06-19"
"19101","2026-07-14","2026-07-15"
"19102","2026-06-15","2026-07-15"
"19103","2026-07-28","2026-08-27"
"19104","2026-07-01","2026-07-31"
"19105","2026-06-15","2026-07-15"
"19106","2026-06-23","2026-12-20"
"19107","2026-06-15","2026-06-17"
"19108","2026-07-25","2026-08-24"
"19109","2026-06-15","2026-06-17"
"19110","2026-09-01","2026-10-01"
"19111","2026-07-06","2026-08-05"
"19112","2026-07-31","2026-08-30"
"19113","2026-09-20","2026-10-20"
"19114","2026-06-15","2026-07-15"
"19115","2026-09-01","2026-10-01"
"19116","2026-12-29","2027-01-28"
"19117","2026-08-01","2026-08-31"
"19118","",""
"19119","",""
"19120","2026-06-14","2026-07-14"
"19121","2026-06-14","2026-07-14"
"19122","2026-06-15","2026-07-15"
"19123","2027-03-01","2027-03-31"
"19124","2027-02-03","2027-03-05"
"19125","2026-09-03","2026-10-03"
"19126","2026-06-15","2026-07-15"
"19127","2026-06-21","2026-06-24"
"19128","",""
"19129","2026-07-03","2026-08-02"
"19130","2026-07-04","2026-08-03"
"19131","2027-04-04","2027-05-05"
"19132","2026-06-19","2026-06-21"
"19133","2026-07-31","2026-08-30"
"19134","2026-06-16","2026-07-16"
"19135","2026-06-15","2026-07-15"
"19136","2026-10-05","2026-11-04"
"19137","2026-07-31","2026-08-30"
"19138","2026-07-23","2026-07-24"
"19139","2026-06-16","2026-07-16"
"19140","2026-07-15","2026-08-14"
"19141","2026-07-25","2026-08-24"
"19142","2026-06-29","2026-07-29"
"19143","",""
"19144","2026-08-07","2026-09-06"
"19145","2026-06-15","2026-06-17"
"19146","",""
"19147","2026-06-15","2026-07-16"
"19148","2026-12-31","2027-01-30"
"19149","2026-06-17","2026-06-18"
"19150","2026-06-21","2026-07-21"
"19151","2026-06-29","2026-07-02"
"19152","2026-08-15","2026-09-14"
"19153","2026-07-16","2026-08-15"
"19154","2026-06-15","2026-07-15"
"19155","2026-07-26","2026-08-25"
"19156","2026-06-30","2026-09-28"
"19157","2026-09-01","2026-10-01"
"19158","",""
"19159","2026-07-01","2026-07-04"
"19160","2026-08-20","2026-09-19"
"19161","2026-06-16","2026-07-16"
"19162","2026-08-31","2026-09-30"
"19163","2026-06-17","2026-07-17"
"19164","2026-09-13","2026-10-13"
"19165","2026-08-10","2026-09-09"
"19166","",""
"19167","",""
"19168","",""
"19169","2026-06-30","2026-07-01"
"19170","2026-09-01","2026-10-01"
"19171","2026-08-31","2026-09-30"
"19172","2026-06-17","2026-06-19"
"19173","2026-12-31","2027-01-30"
"19174","2026-08-19","2026-09-18"
"19175","2026-08-31","2026-09-30"
"19176","2026-08-15","2026-09-14"
"19177","",""
"19178","2026-08-07","2026-09-06"
"19179","",""
"19180","",""
"19181","2026-10-24","2026-11-23"
"19182","2026-06-16","2026-06-17"
"19183","2026-06-15","2026-07-15"
"19184","",""
"19185","2026-09-04","2026-10-04"
"19186","",""
"19187","2026-06-14","2026-07-14"
"19188","2026-06-14","2026-07-14"
"19189","2026-08-08","2026-09-07"
"19190","2026-08-15","2026-09-14"
"19191","2027-03-04","2027-04-03"
"19192","2026-06-14","2026-07-14"
"19193","2026-06-14","2026-07-14"
"19194","2026-06-15","2026-07-15"
"19195","2026-06-28","2026-07-28"
"19196","2026-08-17","2026-09-16"
"19197","2027-01-01","2027-04-01"
"19198","2026-06-17","2026-07-17"
"19199","2026-11-22","2026-12-22"
"19200","",""
"19201","2026-06-16","2026-07-16"
"19202","2026-06-26","2026-07-26"
"19203","2026-07-01","2026-07-31"
"19204","2026-06-15","2026-07-15"
"19205","2027-01-16","2027-02-15"
"19206","2026-06-30","2026-07-30"
"19207","2026-06-24","2026-06-25"
"19208","2026-06-24","2026-06-25"
"19209","2026-06-24","2026-06-25"
"19210","2026-06-24","2026-06-25"
"19211","2026-06-24","2026-06-25"
"19212","2026-06-24","2026-06-25"
"19213","2026-06-24","2026-06-25"
"19214","2026-06-24","2026-06-25"
"19215","2026-06-21","2026-07-21"
"19216","",""
"19217","2026-10-01","2026-10-31"
"19218","2026-08-01","2026-08-31"
"19219","2026-07-14","2026-07-16"
"19220","2026-08-15","2026-09-14"
"19221","",""
"19222","2026-10-11","2026-11-10"
"19223","2026-07-02","2026-08-01"
"19224","2026-06-14","2026-07-14"
"19225","2026-06-15","2026-07-15"
"19226","2026-07-25","2026-08-24"
"19227","2026-06-23","2026-12-20"
"19228","2026-06-16","2026-07-16"
"19229","2026-06-18","2026-06-19"
"19230","2026-08-22","2026-09-21"
"19231","2026-07-20","2026-08-19"
"19232","",""
"19233","",""
"19234","",""
"19235","2026-08-04","2026-09-03"
"19236","2026-08-01","2026-08-31"
"19237","2026-06-17","2026-06-19"
"19238","",""
"19239","2026-06-15","2026-07-15"
"19240","2026-11-15","2026-12-15"
"19241","2026-06-21","2026-06-22"
"19242","",""
"19243","2026-06-15","2026-07-15"
"19244","2026-12-31","2027-01-30"
"19245","2026-08-29","2026-09-28"
"19246","2026-06-15","2026-07-15"
"19247","2026-08-17","2026-09-16"
"19248","2026-08-01","2026-08-31"
"19249","2026-06-15","2026-07-15"
"19250","2026-08-12","2026-08-17"
"19251","2026-06-14","2026-07-14"
"19252","2026-06-24","2026-09-22"
"19253","2026-06-18","2026-06-19"
"19254","2026-06-15","2026-06-16"
"19255","",""
"19256","2026-10-19","2026-11-18"
"19257","2026-08-15","2026-09-14"
"19258","2026-07-20","2026-08-19"
"19259","",""
"19260","2026-06-26","2026-07-26"
"19261","2026-07-22","2026-08-21"
"19262","2026-06-14","2026-06-15"
"19263","2026-06-14","2026-06-15"
"19264","2026-06-22","2026-06-23"
"19265","2026-09-07","2026-10-07"
"19266","2026-06-22","2026-06-23"
"19267","2026-06-29","2026-06-30"
"19268","2026-06-17","2026-06-18"
"19269","2026-12-31","2027-01-30"
"19270","2026-06-18","2026-06-19"
"19271","",""
"19272","2026-07-15","2026-08-14"
"19273","2026-06-18","2026-06-20"
"19274","",""
"19275","2026-06-17","2026-07-17"
"19276","2026-06-21","2026-06-22"
"19277","2026-06-15","2026-07-15"
"19278","2026-06-15","2026-07-15"
"19279","2026-07-23","2026-08-22"
"19280","",""
"19281","",""
"19282","2027-04-01","2027-05-01"
"19283","",""
"19284","",""
"19285","",""
"19286","2026-06-14","2026-07-14"
"19287","2026-07-31","2026-08-30"
"19288","",""
"19289","",""
"19290","2026-12-19","2027-02-17"
"19291","",""
"19292","",""
"19293","2026-08-09","2026-09-08"
"19294","2026-06-16","2026-07-16"
"19295","2026-12-15","2027-01-14"
"19296","2026-07-15","2026-08-14"
"19297","2026-06-19","2026-07-19"
"19298","2026-07-21","2026-08-20"
"19299","2026-06-16","2026-07-16"
"19300","2026-06-16","2026-06-18"
"19301","2026-06-15","2026-07-15"
"19302","2026-06-15","2026-07-15"
"19303","2026-06-14","2026-07-14"
"19304","2026-07-04","2026-07-06"
"19305","2026-07-19","2026-08-18"
"19306","2026-08-08","2026-09-07"
"19307","2026-07-31","2026-08-30"
"19308","2026-10-01","2026-10-31"
"19309","2026-12-15","2027-01-14"
"19310","2026-07-21","2026-08-20"
"19311","2026-08-19","2026-09-18"
"19312","2026-09-03","2026-10-03"
"19313","2026-06-21","2026-06-22"
"19314","2026-06-15","2026-06-16"
"19315","",""
"19316","",""
"19317","2026-08-09","2026-09-08"
"19318","2026-06-16","2026-07-16"
"19319","2026-06-15","2026-07-15"
"19320","2026-06-17","2026-07-17"
"19321","2026-07-01","2026-07-31"
"19322","2026-06-14","2026-06-15"
"19323","2026-07-15","2026-08-14"
"19324","2026-07-07","2026-07-12"
"19325","2026-08-01","2026-08-31"
"19326","",""
"19327","2027-01-16","2027-02-15"
"19328","2026-09-09","2026-10-09"
"19329","2026-07-06","2026-07-08"
"19330","2026-08-01","2026-08-31"
"19331","2026-07-31","2026-08-30"
"19332","2026-12-15","2027-01-14"
"19333","2026-06-16","2026-07-16"
"19334","2026-06-15","2026-07-15"
"19335","2026-06-15","2026-07-15"
"19336","2026-06-15","2026-07-15"
"19337","2026-06-25","2026-07-25"
"19338","",""
"19339","",""
"19340","2026-07-20","2026-08-19"
"19341","",""
"19342","2026-06-30","2026-07-30"
"19343","2026-06-14","2026-07-14"
"19344","2026-07-11","2026-08-10"
"19345","",""
"19346","2026-06-15","2026-07-15"
"19347","2026-06-19","2026-06-23"
"19348","2026-09-05","2026-10-05"
"19349","2026-07-09","2026-07-11"
"19350","2026-07-19","2026-08-18"
"19351","2026-06-20","2026-06-25"
"19352","",""
"19353","2026-06-14","2026-07-14"
"19354","2026-06-16","2026-07-16"
"19355","2026-06-14","2026-07-14"
"19356","2026-06-19","2026-07-19"
"19357","2026-08-09","2026-09-08"
"19358","2026-11-11","2026-12-11"
"19359","2026-09-02","2026-10-02"
"19360","2026-06-21","2026-06-22"
"19361","2026-06-15","2026-06-18"
"19362","2026-08-08","2026-09-07"
"19363","2026-06-29","2026-07-02"
"19364","2026-06-15","2026-07-15"
"19365","2026-06-15","2026-06-16"
"19366","2026-06-14","2026-06-15"
"19367","2026-06-17","2026-06-18"
"19368","2026-08-02","2026-09-01"
"19369","2026-06-15","2026-07-15"
"19370","2026-06-20","2026-06-23"
"19371","2026-10-07","2026-11-06"
"19372","2026-08-31","2026-09-30"
"19373","2026-06-15","2026-07-15"
"19374","2026-06-15","2026-07-15"
"19375","2026-10-19","2026-11-18"
"19376","",""
"19377","2026-07-01","2026-07-31"
"19378","2026-07-01","2026-07-31"
"19379","",""
"19380","2026-06-14","2026-07-14"
"19381","",""
"19382","",""
"19383","2026-06-19","2026-07-19"
"19384","",""
"19385","",""
"19386","",""
"19387","2026-06-16","2026-07-16"
"19388","2026-06-16","2026-06-17"
"19389","2026-06-15","2026-06-17"
"19390","2026-10-07","2026-11-06"
"19391","2026-07-10","2026-08-09"
"19392","2026-06-30","2026-07-30"
"19393","",""
"19394","2026-06-16","2026-07-16"
"19395","2026-12-15","2027-01-14"
"19396","",""
"19397","2026-06-28","2026-07-08"
"19398","2026-06-15","2026-06-16"
"19399","2026-06-16","2026-06-17"
"19400","2026-06-16","2026-06-17"
"19401","2026-06-15","2026-06-16"
"19402","2026-06-15","2026-06-16"
"19403","2026-06-15","2026-06-16"
"19404","2026-06-15","2026-06-16"
"19405","2026-07-06","2026-08-05"
"19406","2026-06-15","2026-07-15"
"19407","2026-06-14","2026-06-15"
"19408","2026-08-08","2026-09-07"
"19409","2026-06-15","2026-07-15"
"19410","2026-06-29","2026-07-01"
"19411","2026-06-16","2026-06-18"
"19412","2026-11-01","2026-12-01"
"19413","2026-08-08","2026-09-07"
"19414","2026-06-30","2026-07-30"
"19415","2026-07-14","2026-08-13"
"19416","2026-11-15","2026-12-15"
"19417","2026-06-21","2026-07-21"
"19418","2026-06-14","2026-07-14"
"19419","2026-08-30","2026-09-03"
"19420","",""
"19421","2026-06-21","2026-07-21"
"19422","2026-06-16","2026-06-18"
"19423","2026-06-14","2026-06-15"
"19424","2026-07-20","2026-08-19"
"19425","2026-06-14","2026-07-14"
"19426","2026-06-15","2026-07-15"
"19427","2026-06-16","2026-07-16"
"19428","",""
"19429","",""
"19430","2026-10-11","2026-11-10"
"19431","2027-04-26","2027-05-26"
"19432","",""
"19433","",""
"19434","2026-12-22","2027-01-21"
"19435","2026-06-30","2026-07-30"
"19436","2026-06-14","2026-07-14"
"19437","2027-02-01","2027-03-03"
"19438","2026-06-15","2026-06-16"
"19439","2026-09-01","2026-10-01"
"19440","2026-07-09","2026-07-12"
"19441","2026-06-21","2026-07-21"
"19442","2026-06-14","2026-07-14"
"19443","2026-06-15","2026-06-17"
"19444","2026-06-14","2026-07-14"
"19445","2026-06-15","2026-07-15"
"19446","2026-07-02","2026-08-01"
"19447","2026-07-03","2026-08-02"
"19448","2026-08-08","2026-09-07"
"19449","2026-07-27","2026-08-26"
"19450","2027-01-29","2027-02-28"
"19451","",""
"19452","2026-06-21","2026-06-25"
"19453","2026-06-15","2026-06-17"
"19454","2026-06-14","2026-07-14"
"19455","2026-06-16","2026-07-16"
"19456","2026-06-15","2026-06-16"
"19457","",""
"19458","2026-08-19","2026-09-18"
"19459","",""
"19460","2026-06-15","2026-06-17"
"19461","2027-01-17","2027-02-16"
"19462","",""
"19463","2026-08-01","2026-08-31"
"19464","2026-06-15","2026-06-17"
"19465","",""
"19466","2027-01-04","2027-02-03"
"19467","2026-06-15","2026-07-15"
"19468","2026-06-15","2026-07-15"
"19469","2026-06-21","2026-06-22"
"19470","2026-06-15","2026-07-15"
"19471","2026-06-15","2026-07-15"
"19472","2026-07-13","2026-07-16"
"19473","2026-06-18","2026-06-19"
"19474","2026-06-15","2026-06-17"
"19475","2026-11-01","2026-12-01"
"19476","2026-06-21","2026-07-21"
"19477","2026-06-14","2026-07-14"
"19478","2026-06-30","2026-07-30"
"19479","2026-08-31","2026-09-30"
"19480","2026-06-16","2026-06-18"
"19481","2026-09-12","2026-10-12"
"19482","2026-06-23","2026-07-23"
"19483","",""
"19484","2026-11-15","2026-12-15"
"19485","2026-08-31","2026-09-30"
"19486","",""
"19487","2026-07-31","2026-10-29"
"19488","2026-11-16","2026-12-16"
"19489","2026-06-14","2026-07-14"
"19490","",""
"19491","2026-07-18","2026-08-17"
"19492","2026-07-08","2026-07-10"
"19493","2026-07-02","2026-08-02"
"19494","2026-08-02","2026-09-01"
"19495","2026-12-25","2027-01-24"
"19496","2026-06-15","2026-07-15"
"19497","2026-07-07","2026-07-10"
"19498","",""
"19499","",""
"19500","2026-09-07","2026-10-07"
"19501","2026-06-18","2026-06-19"
"19502","2026-11-01","2026-12-01"
"19503","2026-10-01","2026-10-31"
"19504","2027-01-01","2027-01-31"
"19505","2026-06-16","2026-07-16"
"19506","2026-06-27","2026-06-28"
"19507","2026-12-12","2027-02-10"
"19508","2026-07-16","2026-08-15"
"19509","2026-07-12","2026-08-11"
"19510","2026-08-21","2026-09-20"
"19511","2027-01-02","2027-02-01"
"19512","2026-07-03","2026-08-02"
"19513","2026-06-23","2026-06-24"
"19514","2026-12-01","2026-12-31"
"19515","2026-08-06","2026-09-05"
"19516","2026-10-05","2026-11-04"
"19517","2026-06-15","2026-07-15"
"19518","2026-06-14","2026-07-14"
"19519","2026-06-21","2026-07-21"
"19520","",""
"19521","2026-07-01","2026-07-31"
"19522","2026-08-31","2026-09-30"
"19523","2026-10-18","2026-11-17"
"19524","2026-09-01","2026-10-01"
"19525","2026-06-15","2026-07-15"
"19526","2026-06-15","2026-07-15"
"19527","2026-06-18","2026-07-18"
"19528","2026-06-15","2026-06-16"
"19529","2026-06-15","2026-06-17"
"19530","2026-08-01","2026-08-31"
"19531","2026-06-21","2026-07-21"
"19532","",""
"19533","2026-08-30","2026-09-29"
"19534","2026-06-26","2026-07-27"
"19535","2026-08-01","2026-08-31"
"19536","2026-08-31","2026-09-30"
"19537","2026-06-30","2026-07-30"
"19538","2026-06-15","2026-07-16"
"19539","2026-07-10","2026-08-09"
"19540","2026-07-17","2026-08-16"
"19541","2026-06-23","2026-12-20"
"19542","2026-09-01","2026-10-01"
"19543","2026-06-20","2026-06-21"
"19544","2026-06-15","2026-07-15"
"19545","2026-09-12","2026-10-12"
"19546","2026-06-15","2026-06-16"
"19547","2026-06-29","2026-07-01"
"19548","2026-06-30","2026-07-30"
"19549","2026-06-15","2026-07-15"
"19550","2026-06-14","2026-07-14"
"19551","",""
"19552","2026-06-15","2026-06-16"
"19553","2026-06-16","2026-07-16"
"19554","2026-07-01","2026-07-31"
"19555","2026-06-18","2026-07-18"
"19556","2026-06-29","2026-07-01"
"19557","2026-06-15","2026-07-15"
"19558","2027-03-01","2027-03-31"
"19559","2026-11-08","2026-12-08"
"19560","2026-08-22","2026-08-27"
"19561","",""
"19562","2027-01-29","2027-02-28"
"19563","2026-06-30","2026-07-30"
"19564","2026-07-05","2026-08-04"
"19565","2026-08-16","2026-09-15"
"19566","",""
"19567","2026-06-27","2026-06-28"
"19568","2026-06-14","2026-07-14"
"19569","2026-06-21","2026-06-22"
"19570","2026-08-01","2026-08-31"
"19571","2026-08-01","2026-08-31"
"19572","2026-06-15","2026-07-16"
"19573","2026-06-23","2026-07-23"
"19574","2026-06-15","2026-07-15"
"19575","2026-08-14","2026-09-13"
"19576","2026-06-15","2026-07-15"
"19577","2026-08-01","2026-08-31"
"19578","2026-06-14","2026-07-14"
"19579","2026-08-31","2026-09-30"
"19580","2026-06-15","2026-07-15"
"19581","",""
"19582","2026-08-02","2026-09-01"
"19583","2026-10-09","2026-11-08"
"19584","2026-08-15","2026-09-14"
"19585","2026-09-04","2026-10-04"
"19586","2026-08-09","2026-09-08"
"19587","2026-07-20","2026-08-19"
"19588","2026-08-13","2026-09-12"
"19589","2026-09-04","2026-10-04"
"19590","2026-08-02","2026-09-01"
"19591","2026-11-01","2026-12-01"
"19592","2026-12-15","2027-01-14"
"19593","2026-06-14","2026-07-14"
"19594","2026-08-20","2026-09-19"
"19595","2026-07-31","2026-08-30"
"19596","2026-08-15","2026-09-14"
"19597","2026-07-23","2026-08-22"
"19598","2026-07-13","2026-08-12"
"19599","2026-08-07","2026-09-06"
"19600","2026-06-15","2026-07-15"
"19601","2026-06-15","2026-07-15"
"19602","2026-07-27","2026-08-26"
"19603","2026-06-14","2026-06-17"
"19604","2026-07-01","2026-07-31"
"19605","2026-06-14","2026-07-14"
"19606","",""
"19607","2026-06-14","2026-06-15"
"19608","2026-06-15","2026-07-15"
"19609","2026-06-15","2026-07-15"
"19610","2026-06-15","2026-07-15"
"19611","2026-08-10","2026-09-09"
"19612","2026-07-27","2026-08-26"
"19613","2026-09-09","2026-10-09"
"19614","2026-07-02","2026-08-01"
"19615","2026-06-14","2026-07-14"
"19616","",""
"19617","2026-06-15","2026-07-15"
"19618","2027-04-26","2027-05-26"
"19619","2026-10-04","2026-11-03"
"19620","2026-06-18","2026-06-19"
"19621","2027-01-02","2027-02-01"
"19622","2026-06-15","2026-07-15"
"19623","2026-06-14","2026-06-15"
"19624","2026-06-17","2026-06-18"
"19625","2026-06-14","2026-06-15"
"19626","2026-06-16","2026-06-17"
"19627","2026-06-20","2026-06-21"
"19628","2026-06-14","2026-06-15"
"19629","2026-12-08","2027-01-07"
"19630","2026-06-16","2026-06-17"
"19631","2026-11-29","2026-12-29"
"19632","2026-08-20","2026-09-19"
"19633","2026-09-06","2026-10-06"
"19634","2026-06-17","2026-06-18"
"19635","2026-08-30","2026-09-29"
"19636","2026-07-31","2026-08-30"
"19637","2026-08-31","2026-09-30"
"19638","2026-06-30","2026-07-30"
"19639","2026-06-18","2026-06-19"
"19640","2026-06-17","2026-07-17"
"19641","2026-07-11","2026-08-10"
"19642","2026-09-01","2026-10-01"
"19643","2026-06-15","2026-07-15"
"19644","2026-07-19","2026-08-18"
"19645","2026-07-01","2026-07-31"
"19646","",""
"19647","2026-08-05","2026-09-04"
"19648","2026-06-26","2026-07-26"
"19649","2026-06-16","2026-07-16"
"19650","2026-08-22","2026-09-21"
"19651","",""
"19652","2026-12-29","2027-01-28"
"19653","2026-08-22","2026-09-21"
"19654","2026-06-15","2026-07-15"
"19655","",""
"19656","",""
"19657","2026-06-19","2026-06-20"
"19658","2026-07-05","2026-07-08"
"19659","",""
"19660","2026-07-01","2026-07-31"
"19661","2027-01-01","2027-01-31"
"19662","2026-07-14","2026-07-19"
"19663","",""
"19664","2026-06-16","2026-06-17"
"19665","2026-08-05","2026-09-04"
"19666","2026-08-27","2026-09-26"
"19667","",""
"19668","2026-08-05","2026-09-04"
"19669","2027-01-01","2027-01-31"
"19670","2026-09-01","2026-09-03"
"19671","2026-07-11","2026-08-10"
"19672","2026-06-14","2026-07-14"
"19673","2026-06-18","2026-06-19"
"19674","2027-04-01","2027-05-01"
"19675","2026-06-20","2026-06-23"
"19676","2026-06-20","2026-06-24"
"19677","2026-07-02","2026-08-01"
"19678","2026-07-12","2026-07-14"
"19679","2026-06-23","2026-06-24"
"19680","2026-06-28","2026-07-28"
"19681","2026-07-25","2026-08-24"
"19682","",""
"19683","2026-06-19","2026-06-21"
"19684","2026-07-02","2026-07-04"
"19685","2026-07-31","2026-08-30"
"19686","2026-07-20","2026-08-19"
"19687","2026-09-05","2026-10-05"
"19688","2026-06-16","2026-06-18"
"19689","2026-07-01","2026-07-08"
"19690","2026-08-02","2026-09-01"
"19691","2026-06-21","2026-07-21"
"19692","2026-06-15","2026-06-16"
"19693","2026-06-15","2026-06-16"
"19694","2026-06-15","2026-07-15"
"19695","2026-06-20","2026-07-20"
"19696","2026-07-02","2026-08-01"
"19697","2026-07-01","2026-07-31"
"19698","",""
"19699","2026-06-18","2026-06-19"
"19700","2026-06-15","2026-06-16"
"19701","2026-08-15","2026-08-16"
"19702","2026-07-01","2026-07-02"
"19703","",""
"19704","2026-08-15","2026-08-18"
"19705","2026-06-15","2026-07-16"
"19706","2026-06-14","2026-06-17"
"19707","2026-07-31","2026-08-30"
"19708","2026-06-15","2026-07-15"
"19709","2026-06-15","2026-07-15"
"19710","2026-06-18","2026-06-20"
"19711","2026-09-01","2026-10-01"
"19712","2026-07-01","2026-07-31"
"19713","2026-06-26","2026-07-26"
"19714","2026-06-17","2026-07-17"
"19715","2026-07-31","2026-08-30"
"19716","2026-06-15","2026-07-15"
"19717","",""
"19718","2026-07-25","2026-08-24"
"19719","2026-06-14","2026-06-16"
"19720","2026-11-01","2026-12-01"
"19721","2026-06-15","2026-06-16"
"19722","2026-06-16","2026-07-16"
"19723","2026-07-12","2026-08-11"
"19724","",""
"19725","2026-06-14","2026-07-14"
"19726","2026-06-24","2026-06-25"
"19727","2026-06-24","2026-06-25"
"19728","2026-06-24","2026-06-25"
"19729","2026-06-24","2026-06-25"
"19730","2026-06-24","2026-06-25"
"19731","2026-06-24","2026-06-25"
"19732","2026-06-24","2026-06-25"
"19733","2026-06-24","2026-06-25"
"19734","2026-06-24","2026-06-25"
"19735","2026-06-24","2026-06-25"
"19736","2026-06-24","2026-06-25"
"19737","2026-06-24","2026-06-25"
"19738","2026-06-24","2026-06-25"
"19739","2026-06-24","2026-06-25"
"19740","2026-06-24","2026-06-25"
"19741","2026-06-24","2026-06-25"
"19742","2026-06-24","2026-06-25"
"19743","",""
"19744","2026-06-14","2026-07-14"
"19745","2026-06-15","2026-07-15"
"19746","2026-06-15","2026-07-15"
"19747","2026-06-14","2026-07-14"
"19748","2026-06-15","2026-07-15"
"19749","2026-07-02","2026-08-01"
"19750","2026-07-03","2026-07-04"
"19751","2026-07-31","2026-08-30"
"19752","2026-06-16","2026-07-16"
"19753","2027-01-01","2027-01-31"
"19754","2026-08-07","2026-09-06"
"19755","2026-06-15","2026-06-16"
"19756","",""
"19757","2027-01-01","2027-01-31"
"19758","2026-07-20","2026-07-21"
"19759","2027-04-03","2027-05-03"
"19760","",""
"19761","2026-06-16","2026-07-16"
"19762","2026-06-15","2026-06-18"
"19763","2026-06-15","2026-07-15"
"19764","2026-06-15","2026-07-15"
"19765","2026-06-15","2026-07-15"
"19766","2026-06-15","2026-07-15"
"19767","2026-06-15","2026-07-15"
"19768","2026-06-16","2026-07-16"
"19769","2026-06-15","2026-07-15"
"19770","2026-06-16","2026-06-18"
"19771","2026-09-20","2026-10-20"
"19772","2026-06-17","2026-07-17"
"19773","2026-06-15","2026-07-15"
"19774","2026-06-15","2026-07-15"
"19775","2026-08-06","2026-09-05"
"19776","2026-08-30","2026-09-29"
"19777","2026-08-08","2026-09-07"
"19778","",""
"19779","2026-06-15","2026-06-16"
"19780","2026-12-31","2027-01-30"
"19781","2026-08-23","2026-09-22"
"19782","2026-06-25","2026-07-25"
"19783","2026-06-15","2026-07-15"
"19784","2026-06-30","2026-07-01"
"19785","2026-06-15","2026-07-15"
"19786","2026-06-15","2026-07-15"
"19787","2026-06-15","2026-07-15"
"19788","2026-06-15","2026-07-15"
"19789","2026-07-19","2026-07-21"
"19790","2026-06-17","2026-07-17"
"19791","2026-06-24","2026-10-02"
"19792","2026-06-18","2026-07-18"
"19793","2026-07-31","2026-08-30"
"19794","2026-06-21","2026-07-21"
"19795","2026-06-21","2026-06-23"
"19796","2026-06-16","2026-06-17"
"19797","2026-06-15","2026-07-15"
"19798","2026-06-14","2026-07-14"
"19799","2026-06-15","2026-07-15"
"19800","2026-06-16","2026-06-18"
"19801","",""
"19802","2027-01-01","2027-01-31"
"19803","2026-06-15","2026-07-15"
"19804","2026-06-15","2026-07-15"
"19805","2026-07-22","2026-07-25"
"19806","2026-06-29","2026-06-30"
"19807","2026-07-01","2026-07-31"
"19808","2026-06-17","2026-07-17"
"19809","2026-06-16","2026-07-16"
"19810","2026-08-01","2026-08-31"
"19811","2026-06-22","2026-07-22"
"19812","2026-06-15","2026-07-15"
"19813","2026-06-20","2026-07-20"
"19814","",""
"19815","",""
"19816","2026-07-31","2026-08-30"
"19817","2027-05-04","2027-06-03"
"19818","2026-08-15","2026-09-14"
"19819","2026-07-01","2026-07-31"
"19820","2026-06-14","2026-07-14"
"19821","2026-06-15","2026-07-15"
"19822","2026-06-15","2026-07-15"
"19823","2026-07-05","2026-07-09"
"19824","2027-03-28","2027-04-27"
"19825","2026-08-22","2026-09-21"
"19826","",""
"19827","",""
"19828","2026-06-17","2026-07-17"
"19829","2027-01-31","2027-03-02"
"19830","2026-06-28","2026-06-30"
"19831","2026-06-15","2026-07-15"
"19832","2026-08-23","2026-08-25"
"19833","2026-06-15","2026-07-15"
"19834","2026-07-28","2026-07-30"
"19835","2026-06-15","2026-07-15"
"19836","2026-07-27","2026-07-29"
"19837","2026-07-01","2026-07-31"
"19838","2026-06-23","2026-06-25"
"19839","2026-06-16","2026-06-17"
"19840","2026-07-07","2026-08-06"
"19841","2026-06-15","2026-06-16"
"19842","2026-06-21","2026-07-21"
"19843","2026-07-31","2026-08-30"
"19844","2026-06-15","2026-07-15"
"19845","2026-08-16","2026-09-15"
"19846","2026-06-26","2026-07-26"
"19847","2027-02-11","2027-03-13"
"19848","2026-12-15","2027-01-14"
"19849","2026-10-30","2026-11-29"
"19850","2026-07-07","2026-07-09"
"19851","2026-08-20","2026-09-19"
"19852","2026-06-15","2026-07-15"
"19853","2026-06-26","2026-06-27"
"19854","2026-06-27","2026-06-29"
"19855","2026-07-04","2026-07-06"
"19856","",""
"19857","2026-06-29","2026-07-29"
"19858","2026-07-14","2026-08-13"
"19859","2026-06-15","2026-07-15"
"19860","2026-06-17","2026-06-19"
"19861","2026-08-28","2026-09-27"
"19862","2026-06-30","2026-07-02"
"19863","2026-08-06","2026-08-10"
"19864","2026-06-18","2026-07-18"
"19865","2026-06-21","2026-06-24"
"19866","2026-06-15","2026-06-16"
"19867","2026-09-19","2026-10-19"
"19868","2026-09-21","2026-10-21"
"19869","2026-11-24","2026-12-24"
"19870","2026-06-14","2026-07-14"
"19871","2026-08-04","2026-09-03"
"19872","2026-10-30","2026-11-29"
"19873","",""
"19874","2026-06-15","2026-06-16"
"19875","2026-06-14","2026-07-14"
"19876","2026-06-22","2026-06-23"
"19877","",""
"19878","2026-06-15","2026-06-16"
"19879","2026-06-15","2026-07-15"
"19880","2026-12-01","2026-12-31"
"19881","2026-06-15","2026-07-15"
"19882","2026-06-15","2026-07-15"
"19883","2026-06-15","2026-07-15"
"19884","2026-06-15","2026-07-15"
"19885","2026-06-16","2026-07-16"
"19886","2026-06-20","2026-06-21"
"19887","2026-09-21","2026-10-21"
"19888","2026-10-01","2026-10-31"
"19889","2026-09-19","2026-10-19"
"19890","2026-06-23","2026-07-23"
"19891","2026-07-10","2026-07-13"
"19892","2026-11-08","2026-12-08"
"19893","2026-06-20","2026-06-22"
"19894","2026-08-01","2026-08-31"
"19895","2026-08-01","2026-08-31"
"19896","2026-06-29","2026-06-30"
"19897","2026-06-15","2026-06-16"
"19898","2026-06-15","2026-07-15"
"19899","2026-06-16","2026-07-16"
"19900","2026-06-16","2026-07-16"
"19901","2026-06-22","2026-06-24"
"19902","2026-12-15","2027-01-14"
"19903","2026-06-16","2026-06-17"
"19904","2027-02-11","2027-03-13"
"19905","2026-06-24","2026-07-24"
"19906","2026-07-19","2026-08-18"
"19907","2026-07-01","2026-07-04"
"19908","2026-06-29","2026-07-01"
"19909","2026-06-29","2026-07-01"
"19910","2026-06-15","2026-06-16"
"19911","2026-06-24","2026-06-25"
"19912","2026-06-16","2026-07-16"
"19913","2026-06-15","2026-07-15"
"19914","2026-06-15","2026-06-16"
"19915","2026-07-08","2026-08-07"
"19916","2026-06-14","2026-07-14"
"19917","2026-06-15","2026-07-15"
"19918","2027-04-01","2027-05-01"
"19919","2026-06-29","2026-07-02"
"19920","2026-07-22","2026-07-25"
"19921","2026-06-15","2026-07-15"
"19922","2026-07-01","2026-07-31"
"19923","2026-06-18","2026-07-18"
"19924","2026-07-13","2026-07-15"
"19925","2026-06-30","2026-07-01"
"19926","2026-08-01","2026-08-31"
"19927","2026-10-22","2026-10-26"
"19928","2026-10-04","2026-11-03"
"19929","2026-07-21","2026-07-25"
"19930","2026-06-15","2026-07-15"
"19931","2026-07-10","2026-08-09"
"19932","2026-06-15","2026-06-18"
"19933","2026-07-29","2026-08-28"
"19934","2026-08-31","2026-09-30"
"19935","2026-08-20","2026-09-19"
"19936","2026-06-15","2026-07-15"
"19937","2026-06-15","2026-07-15"
"19938","2026-10-01","2026-10-31"
"19939","2026-08-08","2026-09-07"
"19940","2026-12-01","2026-12-31"
"19941","2026-06-22","2026-07-22"
"19942","2026-06-16","2026-07-16"
"19943","2026-06-23","2026-06-24"
"19944","2026-06-15","2026-07-15"
"19945","2026-06-21","2026-06-22"
"19946","2026-09-30","2026-10-30"
"19947","2026-06-15","2026-07-15"
"19948","2026-06-15","2026-06-16"
"19949","2026-09-01","2026-10-01"
"19950","2026-06-15","2026-07-15"
"19951","2026-06-18","2026-06-19"
"19952","2026-06-16","2026-07-16"
"19953","2026-06-14","2026-06-18"
"19954","2026-06-14","2026-06-19"
"19955","2026-06-14","2026-06-21"
"19956","2026-06-14","2026-06-20"
"19957","2026-06-15","2026-06-16"
"19958","2026-06-15","2026-07-15"
"19959","2026-07-12","2026-08-11"
"19960","2026-06-20","2026-06-21"
"19961","2026-06-15","2026-07-15"
"19962","2026-06-23","2026-06-24"
"19963","2026-06-24","2026-06-25"
"19964","2026-06-22","2026-07-22"
"19965","2026-06-15","2026-06-16"
"19966","2026-06-15","2026-07-15"
"19967","2026-08-01","2026-09-02"
"19968","2026-06-20","2026-06-22"
"19969","2026-06-15","2026-06-16"
"19970","",""
"19971","2026-07-01","2026-07-31"
"19972","2026-10-23","2026-11-22"
"19973","2026-06-15","2026-07-15"
"19974","2026-06-15","2026-07-15"
"19975","",""
"19976","2026-06-14","2026-07-14"
"19977","2026-08-02","2026-09-01"
"19978","2026-06-22","2026-06-23"
"19979","2026-06-17","2026-06-18"
"19980","2027-01-30","2027-03-01"
"19981","2026-06-20","2026-06-21"
"19982","2026-06-14","2026-07-14"
"19983","2026-06-14","2026-07-14"
"19984","2026-06-28","2026-06-30"
"19985","2026-06-21","2026-07-21"
"19986","2026-09-01","2026-10-01"
"19987","2026-06-15","2026-06-17"
"19988","",""
"19989","2026-07-21","2026-08-20"
"19990","2026-06-20","2026-06-21"
"19991","2026-06-14","2026-07-14"
"19992","2026-06-14","2026-07-14"
"19993","2026-06-14","2026-07-14"
"19994","2026-06-14","2026-07-14"
"19995","2026-06-21","2026-07-21"
"19996","2027-01-11","2027-02-10"
"19997","2026-07-31","2026-08-30"
"19998","2026-07-16","2026-08-15"
"19999","2026-06-16","2026-07-16"
"20000","2027-02-11","2027-03-13"
"20001","2026-06-15","2026-07-15"
"20002","2026-06-20","2026-06-22"
"20003","2026-06-21","2026-07-21"
"20004","2026-06-17","2026-06-22"
"20005","2026-06-16","2026-07-16"
"20006","2026-10-01","2026-10-31"
"20007","2026-06-16","2026-07-16"
"20008","2026-06-14","2026-07-14"
"20009","2026-07-01","2026-07-31"
"20010","2026-07-15","2026-07-16"
"20011","2026-06-22","2026-06-23"
"20012","2026-06-18","2026-06-19"
"20013","2026-06-19","2026-06-20"
"20014","2026-09-19","2026-10-19"
"20015","2026-06-16","2026-07-16"
"20016","2026-06-16","2026-07-16"
"20017","2026-08-22","2026-09-21"
"20018","2026-07-24","2026-08-23"
"20019","2026-08-01","2026-08-31"
"20020","2026-06-16","2026-07-16"
"20021","2026-06-30","2026-07-30"
"20022","2026-06-16","2026-07-16"
"20023","2026-06-14","2026-07-14"
"20024","2026-06-16","2026-07-16"
"20025","2026-06-14","2026-07-14"
"20026","2026-06-14","2026-07-14"
"20027","2027-01-16","2027-02-15"
"20028","2026-06-14","2026-07-14"
"20029","2026-06-14","2026-07-14"
"20030","2026-06-14","2026-07-14"
"20031","2026-07-12","2026-08-11"
"20032","2026-08-24","2026-09-23"
"20033","2026-06-24","2026-06-25"
"20034","2026-12-15","2027-01-14"
"20035","",""
"20036","2026-06-14","2026-07-14"
"20037","",""
"20038","2026-07-02","2026-07-03"
"20039","2026-06-14","2026-07-14"
"20040","",""
"20041","",""
"20042","2026-11-09","2026-12-09"
"20043","2026-07-22","2026-07-26"
"20044","",""
"20045","2026-07-01","2026-07-31"
"20046","2026-08-31","2026-09-30"
"20047","2026-07-06","2026-07-09"
"20048","2026-08-16","2026-09-15"
"20049","2027-01-01","2027-01-31"
"20050","2026-06-28","2026-06-29"
"20051","2026-06-15","2026-07-15"
"20052","",""
"20053","2026-06-17","2026-07-17"
"20054","",""
"20055","",""
"20056","2026-06-14","2026-07-14"
"20057","2026-06-15","2026-06-16"
"20058","2026-06-17","2026-06-18"
"20059","2026-06-24","2026-06-25"
"20060","2026-07-13","2026-07-15"
"20061","2026-06-15","2026-06-16"
"20062","2026-06-20","2026-06-23"
"20063","2026-08-15","2026-09-14"
"20064","2027-02-01","2027-03-03"
"20065","2026-06-15","2026-06-16"
"20066","2026-06-28","2026-07-01"
"20067","2027-01-01","2027-01-31"
"20068","",""
"20069","2026-06-21","2026-07-23"
"20070","2026-06-14","2026-07-14"
"20071","",""
"20072","2026-07-31","2026-08-30"
"20073","2026-06-23","2026-07-23"
"20074","2026-06-28","2026-07-01"
"20075","2026-07-05","2026-07-10"
"20076","2026-07-19","2026-08-18"
"20077","2026-06-16","2026-07-16"
"20078","2026-10-01","2026-10-31"
"20079","2026-06-16","2026-07-16"
"20080","2026-08-07","2026-09-06"
"20081","2026-06-30","2026-07-02"
"20082","2026-06-14","2026-07-14"
"20083","2026-10-21","2026-11-20"
"20084","2026-07-06","2026-07-09"
"20085","2026-06-22","2026-06-23"
"20086","2026-06-16","2026-06-17"
"20087","2026-07-21","2026-07-27"
"20088","2026-06-21","2026-07-21"
"20089","2026-08-08","2026-09-07"
"20090","2026-08-08","2026-09-07"
"20091","2026-06-16","2026-07-16"
"20092","2026-07-03","2026-08-02"
"20093","2026-07-21","2026-08-20"
"20094","2026-07-31","2026-08-30"
"20095","2026-06-30","2026-07-30"
"20096","2026-08-11","2026-09-10"
"20097","2026-06-15","2026-07-15"
"20098","2026-07-23","2026-08-22"
"20099","2026-06-15","2026-07-15"
"20100","2026-06-15","2026-07-15"
"20101","2026-06-14","2026-07-14"
"20102","2026-06-16","2026-07-16"
"20103","2026-06-21","2026-06-23"
"20104","",""
"20105","",""
"20106","2026-07-13","2026-08-12"
"20107","2026-12-21","2027-01-20"
"20108","2026-06-15","2026-06-17"
"20109","2026-06-15","2026-07-15"
"20110","2026-11-21","2026-12-21"
"20111","2026-06-15","2026-07-15"
"20112","2026-06-15","2026-07-15"
"20113","2026-06-15","2026-07-15"
"20114","2026-06-15","2026-07-15"
"20115","2026-06-15","2026-07-15"
"20116","2026-06-30","2026-07-30"
"20117","2026-06-15","2026-07-15"
"20118","2026-06-18","2026-06-20"
"20119","2026-06-28","2026-06-30"
"20120","2026-07-11","2026-08-10"
"20121","2026-07-07","2026-08-06"
"20122","2026-08-22","2026-09-21"
"20123","2026-06-15","2026-07-15"
"20124","2026-11-01","2026-12-01"
"20125","2026-06-15","2026-06-16"
"20126","2026-06-18","2026-06-21"
"20127","2026-06-15","2026-06-17"
"20128","2026-08-01","2026-08-02"
"20129","2026-06-15","2026-06-17"
"20130","2026-07-02","2026-07-03"
"20131","2026-06-18","2026-06-19"
"20132","",""
"20133","2026-08-16","2026-09-15"
"20134","2026-10-17","2026-11-16"
"20135","",""
"20136","",""
"20137","2026-06-23","2026-07-23"
"20138","2026-06-15","2026-07-15"
"20139","2026-06-25","2026-06-26"
"20140","2026-07-01","2026-07-03"
"20141","",""
"20142","2026-07-05","2026-07-08"
"20143","2026-06-20","2026-06-22"
"20144","2026-07-21","2026-07-23"
"20145","2026-07-07","2026-08-06"
"20146","2026-06-15","2026-07-15"
"20147","",""
"20148","",""
"20149","",""
"20150","2026-06-15","2026-07-15"
"20151","2026-07-19","2026-07-20"
"20152","",""
"20153","2026-06-14","2026-07-14"
"20154","2026-08-01","2026-08-03"
"20155","2026-06-22","2026-06-25"
"20156","2026-08-03","2026-09-03"
"20157","2026-06-17","2026-06-18"
"20158","2026-07-27","2026-08-26"
"20159","2026-06-20","2026-06-22"
"20160","2026-06-30","2026-07-30"
"20161","",""
"20162","2026-06-14","2026-07-14"
"20163","2026-07-01","2026-07-31"
"20164","",""
"20165","2026-06-24","2026-09-02"
"20166","2026-07-05","2026-07-06"
"20167","2026-08-01","2026-08-31"
"20168","2026-06-15","2026-07-15"
"20169","2026-06-16","2026-06-18"
"20170","2026-07-12","2026-08-11"
"20171","2026-07-04","2026-07-08"
"20172","2026-06-15","2026-07-15"
"20173","2026-06-15","2026-06-17"
"20174","2026-06-21","2026-06-22"
"20175","2026-08-24","2026-08-25"
"20176","2026-07-14","2026-07-16"
"20177","",""
"20178","2026-06-15","2026-06-17"
"20179","2026-06-23","2026-06-25"
"20180","2026-06-15","2026-06-16"
"20181","2026-09-27","2026-10-27"
"20182","2027-03-01","2027-03-02"
"20183","2026-09-08","2026-10-08"
"20184","2026-08-25","2026-09-24"
"20185","2026-06-16","2026-06-17"
"20186","2026-06-15","2026-06-16"
"20187","2026-06-15","2026-06-16"
"20188","2026-06-15","2026-06-17"
"20189","2026-10-11","2026-11-10"
"20190","2026-08-15","2026-08-17"
"20191","2026-06-15","2026-06-17"
"20192","2026-10-30","2026-11-29"
"20193","2026-06-15","2026-06-17"
"20194","2026-11-15","2026-11-17"
"20195","2026-06-22","2026-06-23"
"20196","2026-08-30","2026-09-29"
"20197","2026-06-19","2026-07-19"
"20198","2026-08-08","2026-09-07"
"20199","2026-06-16","2026-06-17"
"20200","2026-12-15","2027-01-14"
"20201","2027-01-31","2027-03-02"
"20202","2026-06-14","2026-06-15"
"20203","2026-07-09","2026-08-08"
"20204","2026-06-15","2026-06-18"
"20205","2026-07-14","2026-07-16"
"20206","2026-07-09","2026-07-10"
"20207","2026-08-07","2026-09-06"
"20208","2026-06-18","2026-06-21"
"20209","2026-06-15","2026-06-17"
"20210","2026-10-03","2026-11-02"
"20211","",""
"20212","2026-06-18","2026-07-18"
"20213","2026-06-15","2026-06-18"
"20214","2026-06-15","2026-06-16"
"20215","2026-06-23","2026-06-26"
"20216","2026-08-20","2026-09-19"
"20217","2026-06-26","2026-07-04"
"20218","2026-06-19","2026-06-20"
"20219","2026-06-30","2026-07-03"
"20220","2026-07-06","2026-08-05"
"20221","2026-11-10","2026-12-11"
"20222","2026-08-01","2026-08-31"
"20223","2026-06-15","2026-07-15"
"20224","2026-08-09","2026-09-08"
"20225","2026-08-31","2026-09-30"
"20226","2026-06-21","2026-07-21"
"20227","2026-06-29","2026-07-29"
"20228","2026-06-29","2026-07-29"
"20229","2026-07-02","2026-08-01"
"20230","2026-08-09","2026-09-08"
"20231","2027-02-11","2027-03-13"
"20232","2026-07-01","2026-07-31"
"20233","2027-01-01","2027-01-31"
"20234","2026-07-31","2026-08-30"
"20235","2026-06-18","2026-06-21"
"20236","",""
"20237","2026-08-08","2026-09-07"
"20238","2026-07-10","2026-08-09"
"20239","2026-06-14","2026-06-15"
"20240","2026-06-18","2026-06-20"
"20241","2026-06-21","2026-06-23"
"20242","2026-06-28","2026-06-30"
"20243","2026-06-22","2026-06-24"
"20244","2026-06-15","2026-06-16"
"20245","2026-08-01","2026-08-31"
"20246","2026-06-16","2026-06-17"
"20247","",""
"20248","2026-07-08","2026-08-07"
"20249","2026-06-15","2026-06-18"
"20250","2026-06-15","2026-06-18"
"20251","2026-06-15","2026-06-16"
"20252","",""
"20253","2026-06-21","2026-06-23"
"20254","2026-07-05","2026-07-07"
"20255","2026-07-02","2026-07-03"
"20256","",""
"20257","2026-06-15","2026-06-16"
"20258","2026-09-19","2026-10-19"
"20259","2026-06-16","2026-07-16"
"20260","2026-08-10","2026-09-07"
"20261","2026-07-11","2026-08-10"
"20262","2026-06-16","2026-07-16"
"20263","2026-06-16","2026-07-16"
"20264","2026-06-24","2026-06-26"
"20265","2026-06-23","2026-09-21"
"20266","2026-08-09","2026-09-08"
"20267","2026-10-31","2026-11-30"
"20268","2026-08-08","2026-09-07"
"20269","2026-07-25","2026-08-24"
"20270","2026-08-31","2026-09-30"
"20271","2026-08-03","2026-09-02"
"20272","2026-08-01","2026-08-31"
"20273","2026-08-04","2026-09-03"
"20274","2026-08-07","2026-09-06"
"20275","2026-06-14","2026-06-15"
"20276","2026-06-17","2026-06-18"
"20277","2026-06-14","2026-07-14"
"20278","2026-06-14","2026-07-14"
"20279","2026-06-16","2026-07-16"
"20280","2026-06-15","2026-07-15"
"20281","2026-08-01","2026-08-31"
"20282","",""
"20283","2026-06-16","2026-06-19"
"20284","2026-06-17","2026-06-20"
"20285","2026-06-15","2026-07-15"
"20286","2026-06-16","2026-06-18"
"20287","",""
"20288","",""
"20289","",""
"20290","2026-06-15","2026-06-21"
"20291","2026-06-15","2026-07-15"
"20292","2027-01-26","2027-02-25"
"20293","2026-06-17","2026-06-18"
"20294","2026-06-17","2026-06-18"
"20295","2026-06-18","2026-06-19"
"20296","2026-11-28","2026-12-28"
"20297","2026-06-30","2026-07-02"
"20298","2026-06-26","2026-07-26"
"20299","2027-03-08","2027-03-10"
"20300","2026-08-10","2026-09-09"
"20301","2026-06-20","2026-06-22"
"20302","2026-06-15","2026-07-15"
"20303","2026-06-15","2026-07-15"
"20304","2026-07-03","2026-08-02"
"20305","2026-06-15","2026-06-16"
"20306","2026-06-30","2026-07-30"
"20307","2026-06-15","2026-06-16"
"20308","2026-06-16","2026-06-19"
"20309","2026-06-20","2026-06-22"
"20310","2026-06-15","2026-06-17"
"20311","",""
"20312","2026-08-01","2026-08-31"
"20313","2026-08-03","2026-09-03"
"20314","2026-06-15","2026-07-15"
"20315","2026-07-01","2026-07-31"
"20316","2026-07-25","2026-07-29"
"20317","2026-06-16","2026-07-16"
"20318","2026-08-08","2026-09-07"
"20319","2026-09-17","2026-10-17"
"20320","2026-06-21","2026-06-24"
"20321","2027-01-01","2027-01-31"
"20322","2026-08-10","2026-09-09"
"20323","2026-12-15","2027-01-14"
"20324","2027-02-28","2027-03-30"
"20325","",""
"20326","2026-08-01","2026-08-31"
"20327","2026-10-25","2026-11-24"
"20328","2026-08-15","2026-09-14"
"20329","2026-08-01","2026-08-31"
"20330","2026-08-12","2026-09-11"
"20331","2026-06-14","2026-06-15"
"20332","2026-06-17","2026-06-18"
"20333","2026-10-26","2026-12-25"
"20334","2026-07-04","2026-07-05"
"20335","2026-07-31","2026-10-29"
"20336","2026-06-14","2026-07-14"
"20337","2026-07-27","2026-08-26"
"20338","2026-12-28","2027-01-27"
"20339","2026-06-26","2026-06-27"
"20340","2026-06-15","2026-06-17"
"20341","2026-06-15","2026-06-17"
"20342","2026-07-31","2026-08-30"
"20343","2026-07-02","2026-07-03"
"20344","",""
"20345","2026-06-15","2026-06-17"
"20346","2026-06-21","2026-07-21"
"20347","2026-12-17","2027-01-16"
"20348","2027-03-30","2027-04-29"
"20349","2026-06-23","2026-06-28"
"20350","2026-06-23","2026-07-23"
"20351","2026-06-15","2026-06-17"
"20352","2026-06-15","2026-07-15"
"20353","2026-06-15","2026-07-15"
"20354","2026-06-15","2026-07-15"
"20355","2026-07-16","2026-08-15"
"20356","2026-06-15","2026-07-15"
"20357","2026-06-15","2026-07-15"
"20358","2026-07-16","2026-07-18"
"20359","2026-06-28","2026-07-28"
"20360","2026-07-08","2026-07-10"
"20361","2026-06-15","2026-06-18"
"20362","2026-09-02","2026-10-02"
"20363","2027-05-01","2027-05-31"
"20364","2026-06-14","2026-07-14"
"20365","2026-11-03","2026-12-03"
"20366","2026-08-15","2026-09-14"
"20367","",""
"20368","2026-10-20","2026-11-19"
"20369","2026-06-15","2026-06-18"
"20370","2026-06-23","2026-06-24"
"20371","",""
"20372","2026-06-29","2026-07-04"
"20373","2026-06-22","2026-06-23"
"20374","2026-10-15","2026-11-14"
"20375","2026-06-23","2026-06-24"
"20376","2026-10-02","2026-11-01"
"20377","2027-01-04","2027-02-03"
"20378","2026-07-18","2027-01-14"
"20379","2026-08-02","2026-09-01"
"20380","2026-06-15","2026-06-17"
"20381","2026-08-17","2026-09-16"
"20382","2026-08-12","2026-09-11"
"20383","2026-08-16","2026-09-15"
"20384","2026-08-01","2026-08-31"
"20385","2026-09-01","2026-10-01"
"20386","2027-03-06","2027-04-05"
"20387","",""
"20388","",""
"20389","2026-07-04","2026-07-06"
"20390","2026-06-14","2026-07-14"
"20391","2026-08-16","2026-09-15"
"20392","2026-07-31","2026-08-30"
"20393","2026-06-16","2026-07-16"
"20394","",""
"20395","2026-06-14","2026-07-15"
"20396","2026-08-05","2026-09-04"
"20397","2026-06-15","2026-06-16"
"20398","",""
"20399","2026-06-14","2026-06-15"
"20400","",""
"20401","2026-07-14","2026-07-15"
"20402","2026-09-01","2026-10-01"
"20403","",""
"20404","",""
"20405","2027-04-09","2027-05-09"
"20406","2026-07-20","2026-07-24"
"20407","2026-06-15","2026-06-16"
"20408","2026-06-15","2026-06-16"
"20409","2026-06-15","2026-06-16"
"20410","2026-06-15","2026-06-16"
"20411","2026-06-15","2026-06-16"
"20412","2026-06-15","2026-06-16"
"20413","",""
"20414","2026-11-22","2026-12-22"
"20415","2026-06-28","2026-07-01"
"20416","2026-06-17","2026-06-20"
"20417","",""
"20418","2026-06-15","2026-07-15"
"20419","2026-08-31","2026-09-30"
"20420","2026-07-31","2026-08-30"
"20421","2027-04-30","2027-05-30"
"20422","2026-06-15","2026-07-15"
"20423","2026-09-01","2026-10-01"
"20424","2026-06-15","2026-07-15"
"20425","",""
"20426","2026-07-31","2026-08-30"
"20427","2026-06-15","2026-07-15"
"20428","2026-06-15","2026-07-15"
"20429","2026-06-15","2026-07-15"
"20430","2026-06-15","2026-07-15"
"20431","2026-06-26","2026-07-01"
"20432","2027-03-01","2027-03-31"
"20433","",""
"20434","2026-07-24","2026-08-23"
"20435","2026-07-31","2026-08-30"
"20436","2026-08-01","2026-08-31"
"20437","2026-08-02","2026-09-01"
"20438","2026-07-13","2026-07-16"
"20439","2026-07-01","2026-08-30"
"20440","2026-07-25","2026-08-24"
"20441","",""
"20442","2026-06-14","2026-06-16"
"20443","2026-08-08","2026-09-07"
"20444","2026-12-01","2027-03-06"
"20445","2026-07-19","2026-08-18"
"20446","2026-06-15","2026-07-15"
"20447","2026-09-01","2026-10-01"
"20448","2026-07-31","2026-08-30"
"20449","2026-06-15","2026-07-15"
"20450","2026-06-15","2026-07-15"
"20451","2026-06-15","2026-06-16"
"20452","2026-08-08","2026-08-15"
"20453","2026-06-16","2026-07-16"
"20454","2026-06-21","2026-06-23"
"20455","2026-07-25","2026-08-24"
"20456","2026-07-15","2026-07-16"
"20457","2026-06-28","2026-07-03"
"20458","",""
"20459","2026-07-27","2026-10-25"
"20460","2026-12-01","2026-12-31"
"20461","2026-06-14","2026-07-14"
"20462","2026-08-01","2026-08-31"
"20463","2026-06-15","2026-07-15"
"20464","2026-06-15","2026-07-15"
"20465","2026-06-15","2026-07-15"
"20466","2026-06-15","2026-07-15"
"20467","2026-07-25","2026-08-24"
"20468","2026-11-12","2026-11-13"
"20469","2026-07-09","2026-07-12"
"20470","2026-12-31","2027-01-30"
"20471","2026-08-01","2026-08-31"
"20472","2026-07-31","2026-08-30"
"20473","2026-08-21","2026-09-20"
"20474","2026-09-01","2026-10-01"
"20475","2026-09-01","2026-10-01"
"20476","2026-11-05","2026-12-05"
"20477","",""
"20478","2026-09-19","2026-10-19"
"20479","2026-06-14","2026-07-15"
"20480","2026-06-29","2026-07-29"
"20481","2026-08-05","2026-09-04"
"20482","2026-06-29","2026-07-29"
"20483","2026-06-29","2026-07-29"
"20484","2026-06-15","2026-07-15"
"20485","2026-06-15","2026-07-15"
"20486","2026-06-15","2026-06-17"
"20487","",""
"20488","2026-06-25","2026-06-27"
"20489","2026-07-31","2026-08-30"
"20490","2026-06-26","2026-06-28"
"20491","2026-07-05","2026-07-07"
"20492","2026-06-18","2026-06-19"
"20493","2026-06-15","2026-06-16"
"20494","2026-08-30","2026-09-29"
"20495","",""
"20496","2026-07-01","2026-07-03"
"20497","2026-06-15","2026-06-16"
"20498","2026-06-15","2026-07-15"
"20499","2026-06-15","2026-07-15"
"20500","2026-07-05","2026-08-04"
"20501","2026-06-28","2026-07-28"
"20502","2026-08-01","2026-08-31"
"20503","",""
"20504","2026-07-10","2026-08-09"
"20505","2026-12-31","2027-01-30"
"20506","2026-08-22","2026-09-21"
"20507","2026-11-01","2026-12-01"
"20508","2026-10-11","2026-11-10"
"20509","2026-08-08","2026-09-07"
"20510","2026-07-27","2026-08-11"
"20511","2026-09-01","2026-10-01"
"20512","2026-06-21","2026-06-22"
"20513","2026-06-17","2026-06-18"
"20514","2026-08-31","2026-09-30"
"20515","2026-06-15","2026-06-16"
"20516","",""
"20517","2026-07-07","2026-08-06"
"20518","2026-07-21","2026-07-26"
"20519","2026-06-29","2026-07-29"
"20520","",""
"20521","2026-06-23","2026-06-26"
"20522","2026-07-11","2026-07-12"
"20523","2026-08-10","2026-09-09"
"20524","2026-07-14","2026-08-13"
"20525","",""
"20526","2026-06-28","2026-07-01"
"20527","2026-07-31","2026-08-30"
"20528","2026-09-18","2026-10-18"
"20529","2026-06-17","2026-06-18"
"20530","2026-06-14","2026-06-15"
"20531","2026-06-17","2026-06-18"
"20532","2026-06-14","2026-06-15"
"20533","2026-08-01","2026-08-31"
"20534","2026-09-06","2026-10-06"
"20535","2026-12-13","2027-01-12"
"20536","2026-07-02","2026-08-01"
"20537","2026-06-17","2026-07-17"
"20538","2026-06-30","2026-07-30"
"20539","2026-07-03","2026-08-02"
"20540","2026-07-10","2026-08-09"
"20541","2026-07-09","2026-08-08"
"20542","2026-08-31","2026-09-30"
"20543","2026-07-16","2026-08-15"
"20544","2026-06-23","2026-06-24"
"20545","2026-06-24","2026-06-25"
"20546","2026-06-16","2026-06-18"
"20547","2026-07-31","2026-08-30"
"20548","2026-08-18","2026-09-17"
"20549","2026-08-11","2026-09-10"
"20550","2026-11-01","2026-12-01"
"20551","2026-08-01","2026-08-31"
"20552","2026-06-21","2026-06-26"
"20553","2026-06-17","2026-06-18"
"20554","2026-08-01","2026-08-31"
"20555","2026-07-08","2026-07-11"
"20556","2026-06-29","2026-07-02"
"20557","2026-07-12","2026-08-11"
"20558","2026-06-19","2026-07-19"
"20559","2027-05-15","2027-06-14"
"20560","2026-08-01","2026-08-31"
"20561","2026-06-15","2026-07-16"
"20562","2026-06-16","2026-06-17"
"20563","2026-07-30","2026-08-02"
"20564","",""
"20565","2026-09-30","2026-10-30"
"20566","2026-07-19","2026-08-18"
"20567","2026-12-01","2026-12-31"
"20568","2026-07-10","2026-08-09"
"20569","",""
"20570","2026-06-21","2026-07-21"
"20571","2026-07-31","2026-08-01"
"20572","2026-06-15","2026-07-15"
"20573","2026-08-02","2026-09-01"
"20574","2026-08-03","2026-08-10"
"20575","2026-06-15","2026-06-17"
"20576","2026-06-23","2026-12-20"
"20577","2026-06-15","2026-07-15"
"20578","2026-11-15","2026-12-15"
"20579","2026-06-25","2026-06-29"
"20580","2026-06-14","2026-06-15"
"20581","2026-08-08","2026-09-07"
"20582","2026-12-23","2027-01-22"
"20583","2027-01-02","2027-02-01"
"20584","2026-06-15","2026-06-18"
"20585","2026-06-18","2026-07-18"
"20586","2026-06-15","2026-06-16"
"20587","2026-09-20","2026-10-20"
"20588","2026-06-15","2026-07-15"
"20589","2026-08-19","2026-09-18"
"20590","2027-01-02","2027-02-01"
"20591","2026-07-31","2026-08-30"
"20592","2026-08-09","2026-09-08"
"20593","2026-06-14","2026-07-14"
"20594","2026-08-09","2026-09-08"
"20595","2026-06-15","2026-07-15"
"20596","2026-06-15","2026-07-15"
"20597","2026-06-14","2026-07-14"
"20598","2026-06-16","2026-06-17"
"20599","2026-06-27","2026-07-27"
"20600","2026-08-16","2026-09-15"
"20601","2026-06-18","2026-06-23"
"20602","",""
"20603","2026-06-16","2026-07-16"
"20604","2026-06-18","2026-06-21"
"20605","2026-06-14","2026-07-14"
"20606","2026-06-14","2026-07-14"
"20607","2026-06-23","2026-06-26"
"20608","2027-05-01","2027-05-31"
"20609","",""
"20610","2026-07-30","2026-08-29"
"20611","",""
"20612","2026-10-01","2026-10-31"
"20613","2026-07-31","2026-08-30"
"20614","2026-06-15","2026-06-20"
"20615","2026-07-31","2026-08-30"
"20616","2026-06-30","2026-07-30"
"20617","",""
"20618","",""
"20619","2026-06-15","2026-06-18"
"20620","2026-06-15","2026-06-16"
"20621","2026-06-15","2026-06-16"
"20622","",""
"20623","2026-09-16","2026-10-16"
"20624","2026-06-29","2026-07-29"
"20625","2026-06-29","2026-07-29"
"20626","2026-06-25","2026-07-25"
"20627","2026-06-22","2026-07-22"
"20628","2026-06-25","2026-07-25"
"20629","2026-06-25","2026-07-25"
"20630","2026-06-22","2026-07-22"
"20631","2026-06-18","2026-06-19"
"20632","2026-06-15","2026-06-17"
"20633","2026-06-17","2026-06-19"
"20634","2026-07-01","2026-07-31"
"20635","2026-08-01","2026-08-31"
"20636","2026-11-15","2026-12-15"
"20637","2026-06-14","2026-06-15"
"20638","2026-06-15","2026-07-15"
"20639","2026-07-20","2026-08-19"
"20640","2026-06-15","2026-07-15"
"20641","2026-06-14","2026-06-15"
"20642","2026-06-15","2026-07-15"
"20643","2026-06-16","2026-07-16"
"20644","2026-06-20","2026-07-20"
"20645","2026-06-30","2026-07-03"
"20646","2026-09-15","2026-10-15"
"20647","2026-06-21","2026-06-23"
"20648","2027-01-10","2027-02-09"
"20649","2026-12-23","2027-01-22"
"20650","2026-06-14","2026-07-14"
"20651","2026-07-13","2026-07-14"
"20652","2026-06-28","2026-06-29"
"20653","2026-06-17","2026-06-20"
"20654","2026-09-30","2026-10-30"
"20655","2026-06-21","2026-06-22"
"20656","2026-06-19","2026-06-20"
"20657","2026-10-10","2026-11-09"
"20658","2026-06-21","2026-07-21"
"20659","2026-06-17","2026-06-18"
"20660","2026-06-16","2026-07-16"
"20661","2027-02-11","2027-03-13"
"20662","2026-06-21","2026-06-24"
"20663","2026-06-22","2026-07-22"
"20664","2026-07-26","2026-07-28"
"20665","",""
"20666","2026-08-24","2026-09-23"
"20667","2026-06-15","2026-06-16"
"20668","2026-06-15","2026-06-16"
"20669","2026-06-17","2026-06-18"
"20670","2026-07-01","2026-07-31"
"20671","2026-11-22","2026-11-26"
"20672","2026-06-16","2026-07-16"
"20673","2026-06-28","2026-07-02"
"20674","2026-06-15","2026-06-16"
"20675","",""
"20676","2026-08-10","2026-09-09"
"20677","2026-07-31","2026-08-30"
"20678","2026-07-21","2026-07-24"
"20679","2027-03-01","2027-03-31"
"20680","2026-06-26","2026-06-27"
"20681","2026-06-29","2026-06-30"
"20682","2026-06-24","2026-06-25"
"20683","2026-06-24","2026-06-25"
"20684","2026-06-28","2026-06-29"
"20685","2026-06-24","2026-06-25"
"20686","2026-06-28","2026-06-29"
"20687","2026-06-24","2026-06-25"
"20688","2027-01-01","2027-01-02"
"20689","2026-06-24","2026-06-25"
"20690","2026-06-16","2026-07-17"
"20691","2027-01-31","2027-02-01"
"20692","2026-07-10","2026-08-09"
"20693","2026-07-15","2026-08-14"
"20694","2027-01-01","2027-01-31"
"20695","2026-06-15","2026-07-15"
"20696","2026-06-16","2026-07-16"
"20697","2026-06-22","2026-06-24"
"20698","2026-06-28","2026-07-01"
"20699","2026-06-16","2026-07-16"
"20700","2026-06-15","2026-06-17"
"20701","2026-07-13","2026-08-12"
"20702","2026-06-30","2026-07-01"
"20703","",""
"20704","2026-07-27","2026-07-28"
"20705","2026-06-16","2026-06-18"
"20706","2026-09-01","2026-10-01"
"20707","2026-06-21","2026-06-22"
"20708","",""
"20709","2026-06-22","2026-06-24"
"20710","2026-07-08","2026-07-13"
"20711","2026-07-05","2026-08-04"
"20712","",""
"20713","2026-06-18","2026-07-18"
"20714","",""
"20715","2026-07-11","2026-07-14"
"20716","2026-06-18","2026-06-19"
"20717","2026-09-17","2026-10-17"
"20718","2026-06-14","2026-06-15"
"20719","",""
"20720","",""
"20721","2026-08-05","2026-09-04"
"20722","2026-06-17","2026-06-18"
"20723","",""
"20724","2026-06-15","2026-06-22"
"20725","2026-08-13","2026-09-12"
"20726","2026-06-24","2026-06-26"
"20727","2026-06-18","2026-06-28"
"20728","2026-07-18","2026-08-17"
"20729","2026-06-28","2026-06-30"
"20730","2026-06-15","2026-06-16"
"20731","2026-07-25","2026-07-29"
"20732","2026-06-22","2026-06-23"
"20733","2026-07-11","2026-07-15"
"20734","2026-06-29","2026-07-01"
"20735","2026-07-22","2026-07-23"
"20736","2026-06-22","2026-06-23"
"20737","2026-06-15","2026-06-17"
"20738","2026-06-14","2026-07-14"
"20739","2026-07-02","2026-07-05"
"20740","2026-06-22","2026-07-22"
"20741","2026-07-31","2026-08-30"
"20742","2026-09-01","2026-10-01"
"20743","2027-05-01","2027-05-31"
"20744","2026-08-31","2026-09-30"
"20745","2026-06-14","2026-07-14"
"20746","2026-06-21","2026-06-22"
"20747","2026-07-01","2026-07-31"
"20748","2026-07-26","2026-08-25"
"20749","",""
"20750","2026-06-15","2026-06-16"
"20751","",""
"20752","2026-06-14","2026-06-15"
"20753","2026-06-14","2026-06-15"
"20754","2026-08-22","2026-08-23"
"20755","2026-09-20","2026-10-20"
"20756","2026-06-29","2026-07-02"
"20757","2026-09-01","2026-10-01"
"20758","",""
"20759","2026-08-01","2026-08-31"
"20760","2026-06-16","2026-06-17"
"20761","2027-03-31","2027-04-30"
"20762","2026-07-15","2026-08-14"
"20763","2026-06-15","2026-06-16"
"20764","2026-09-27","2026-10-27"
"20765","2027-05-06","2027-06-05"
"20766","2026-06-14","2026-07-14"
"20767","2026-06-23","2026-06-24"
"20768","",""
"20769","2026-06-17","2026-06-18"
"20770","2026-06-17","2026-06-18"
"20771","2026-06-14","2026-06-15"
"20772","2026-06-14","2026-06-15"
"20773","2026-06-16","2026-06-19"
"20774","2026-06-14","2026-06-15"
"20775","2026-06-14","2026-06-15"
"20776","2026-06-15","2026-06-16"
"20777","2026-06-28","2026-06-29"
"20778","2026-06-26","2026-07-26"
"20779","2026-06-26","2026-07-26"
"20780","2026-08-18","2026-09-17"
"20781","2026-06-22","2026-06-26"
"20782","2026-07-30","2026-08-29"
"20783","2026-06-22","2026-06-24"
"20784","2026-06-30","2026-07-01"
"20785","2026-08-02","2026-09-01"
"20786","2027-05-01","2027-05-31"
"20787","2026-07-01","2026-07-31"
"20788","2026-10-01","2026-10-31"
"20789","2026-08-05","2026-09-04"
"20790","2026-06-24","2026-06-25"
"20791","2026-08-08","2026-09-07"
"20792","2026-06-14","2026-06-15"
"20793","2026-09-04","2026-10-04"
"20794","2026-08-10","2026-09-09"
"20795","2026-10-01","2026-10-31"
"20796","2026-10-01","2026-10-31"
"20797","2026-07-22","2026-08-21"
"20798","2026-06-14","2026-07-14"
"20799","2026-11-01","2026-12-01"
"20800","2026-07-02","2026-08-01"
"20801","2026-06-14","2026-06-15"
"20802","2026-06-14","2026-07-14"
"20803","2026-06-27","2026-07-27"
"20804","2026-06-16","2026-06-19"
"20805","2026-08-23","2026-09-02"
"20806","2026-07-26","2026-07-29"
"20807","2026-07-30","2026-08-29"
"20808","2026-07-23","2026-08-22"
"20809","2026-07-04","2026-07-09"
"20810","2026-06-23","2026-06-24"
"20811","2026-08-01","2026-08-31"
"20812","2026-06-19","2026-06-20"
"20813","2026-07-05","2026-07-08"
"20814","2026-11-08","2026-12-08"
"20815","2026-06-14","2026-06-15"
"20816","2026-06-15","2026-07-15"
"20817","2026-08-16","2026-09-15"
"20818","2026-06-15","2026-06-18"
"20819","2026-06-15","2026-07-15"
"20820","2026-07-12","2026-07-14"
"20821","",""
"20822","2027-01-01","2027-01-31"
"20823","2026-06-14","2026-07-14"
"20824","2026-08-09","2026-09-08"
"20825","",""
"20826","2026-08-26","2026-09-25"
"20827","2027-03-31","2027-04-30"
"20828","2026-06-15","2026-07-15"
"20829","2026-06-20","2026-06-21"
"20830","2026-06-28","2026-06-30"
"20831","2026-07-01","2026-07-03"
"20832","2026-06-15","2026-07-15"
"20833","2026-08-03","2026-09-02"
"20834","2026-08-08","2026-09-07"
"20835","2026-06-15","2026-07-15"
"20836","",""
"20837","2026-06-15","2026-06-18"
"20838","2026-06-15","2026-06-18"
"20839","2026-06-15","2026-07-15"
"20840","2027-05-03","2027-06-02"
"20841","2026-08-09","2026-09-08"
"20842","2027-05-08","2027-06-07"
"20843","",""
"20844","",""
"20845","2027-01-01","2027-01-31"
"20846","2026-06-19","2026-06-21"
"20847","2026-06-15","2026-06-16"
"20848","2026-06-16","2026-07-16"
"20849","2026-08-09","2026-09-08"
"20850","2026-08-08","2026-08-11"
"20851","2026-06-15","2026-07-15"
"20852","2026-06-16","2026-07-16"
"20853","2027-01-24","2027-01-25"
"20854","2026-08-23","2026-09-22"
"20855","2026-12-07","2027-01-06"
"20856","2026-08-15","2026-09-14"
"20857","2026-06-30","2026-07-30"
"20858","2026-08-30","2026-09-29"
"20859","2026-07-10","2026-08-09"
"20860","2026-08-02","2026-09-01"
"20861","2026-08-20","2026-09-19"
"20862","2026-06-15","2026-07-15"
"20863","2026-06-24","2026-06-27"
"20864","2026-06-25","2026-06-28"
"20865","2026-07-21","2026-07-22"
"20866","2026-08-23","2026-08-24"
"20867","2026-07-14","2026-07-15"
"20868","2026-07-14","2026-07-15"
"20869","2026-06-15","2026-06-16"
"20870","2026-06-22","2026-06-24"
"20871","2026-06-15","2026-07-15"
"20872","",""
"20873","2026-11-02","2026-12-02"
"20874","2026-08-23","2026-09-22"
"20875","2026-08-23","2026-09-22"
"20876","2026-08-01","2026-08-31"
"20877","",""
"20878","2026-06-17","2026-06-19"
"20879","2026-06-15","2026-07-15"
"20880","2026-06-30","2026-07-30"
"20881","2026-06-30","2026-07-30"
"20882","2026-06-30","2026-07-30"
"20883","2026-06-26","2026-06-29"
"20884","2026-06-15","2026-06-17"
"20885","2026-07-15","2026-07-16"
"20886","2026-08-16","2026-08-17"
"20887","2026-07-14","2026-07-15"
"20888","2026-07-26","2026-08-25"
"20889","2026-06-14","2026-06-15"
"20890","2026-12-13","2027-01-12"
"20891","2026-06-20","2026-06-23"
"20892","2026-06-16","2026-07-16"
"20893","",""
"20894","2026-08-10","2026-08-17"
"20895","2026-10-31","2026-11-30"
"20896","2026-06-15","2026-06-16"
"20897","2026-06-21","2026-06-22"
"20898","2026-06-20","2026-06-22"
"20899","",""
"20900","2026-06-15","2026-06-18"
"20901","2026-09-14","2026-10-14"
"20902","2026-06-28","2026-07-28"
"20903","2026-07-31","2026-08-07"
"20904","2026-06-29","2026-07-01"
"20905","2026-06-23","2026-06-24"
"20906","2026-07-11","2026-08-10"
"20907","2026-06-20","2026-07-20"
"20908","2026-08-24","2026-09-23"
"20909","",""
"20910","2026-06-25","2026-06-26"
"20911","2026-06-22","2026-06-25"
"20912","2026-06-16","2026-06-17"
"20913","2026-06-15","2026-06-17"
"20914","2026-06-16","2026-06-17"
"20915","2026-08-07","2026-08-12"
"20916","2026-06-15","2026-07-15"
"20917","2026-06-17","2026-07-17"
"20918","2027-02-03","2027-02-04"
"20919","2027-04-30","2027-05-30"
"20920","2026-08-03","2026-09-02"
"20921","2026-06-29","2026-07-02"
"20922","2026-06-23","2026-06-24"
"20923","2026-06-23","2026-06-24"
"20924","2026-06-23","2026-06-24"
"20925","2026-06-24","2026-06-25"
"20926","2026-06-16","2026-07-16"
"20927","2026-06-16","2026-07-16"
"20928","",""
"20929","",""
"20930","",""
"20931","",""
"20932","",""
"20933","",""
"20934","",""
"20935","2026-07-15","2026-07-16"
"20936","2026-08-10","2026-09-09"
"20937","2026-06-30","2026-07-30"
"20938","2026-08-31","2026-09-30"
"20939","2026-08-08","2026-09-07"
"20940","2026-07-01","2026-07-31"
"20941","2027-01-31","2027-03-02"
"20942","2026-08-02","2026-09-01"
"20943","2026-08-11","2026-09-10"
"20944","2026-06-23","2026-06-24"
"20945","2026-06-23","2026-06-24"
"20946","2026-06-24","2026-06-25"
"20947","2026-06-23","2026-06-24"
"20948","",""
"20949","2026-07-07","2026-07-15"
"20950","",""
"20951","2026-07-07","2026-08-06"
"20952","2026-12-29","2027-01-28"
"20953","2026-07-15","2026-07-17"
"20954","2026-07-13","2026-07-16"
"20955","2026-06-16","2026-06-17"
"20956","2026-06-14","2026-07-14"
"20957","2026-06-19","2026-06-20"
"20958","2026-08-12","2026-09-11"
"20959","2026-12-18","2027-01-17"
"20960","2026-06-15","2026-06-17"
"20961","2026-06-16","2026-07-16"
"20962","2026-06-14","2026-06-15"
"20963","2026-07-29","2026-08-01"
"20964","2026-07-07","2026-08-06"
"20965","2026-07-31","2026-08-30"
"20966","2026-09-30","2026-10-30"
"20967","2026-06-24","2026-07-24"
"20968","",""
"20969","2026-08-10","2026-09-09"
"20970","2026-06-16","2026-07-16"
"20971","2026-06-14","2026-07-14"
"20972","2026-06-26","2026-08-25"
"20973","2026-07-18","2026-08-17"
"20974","2026-07-13","2026-07-15"
"20975","2026-07-26","2026-07-31"
"20976","2026-06-23","2026-06-24"
"20977","2026-06-24","2026-06-25"
"20978","2026-06-24","2026-06-25"
"20979","2026-06-24","2026-06-25"
"20980","2026-07-06","2026-07-07"
"20981","2026-06-25","2026-06-26"
"20982","2026-06-24","2026-06-25"
"20983","2026-06-28","2026-06-29"
"20984","2026-06-25","2026-06-26"
"20985","2026-08-31","2026-09-30"
"20986","2026-09-30","2026-10-30"
"20987","2026-08-22","2026-09-21"
"20988","2026-08-22","2026-09-21"
"20989","2026-06-16","2026-06-17"
"20990","2026-08-15","2026-09-14"
"20991","2026-07-25","2026-08-25"
"20992","",""
"20993","2026-07-11","2026-07-14"
"20994","",""
"20995","",""
"20996","2026-06-23","2026-06-24"
"20997","2026-06-29","2026-06-30"
"20998","2026-06-29","2026-06-30"
"20999","2026-06-27","2026-07-27"
"21000","2026-10-01","2026-10-31"
"21001","2026-06-26","2026-06-27"
"21002","2026-06-15","2026-07-15"
"21003","2026-06-15","2026-07-15"
"21004","2026-06-30","2026-07-30"
"21005","",""
"21006","2026-06-15","2026-07-15"
"21007","2027-01-01","2027-01-31"
"21008","2026-08-01","2026-08-31"
"21009","2026-12-04","2027-01-03"
"21010","2026-06-14","2026-07-14"
"21011","2026-06-23","2026-07-23"
"21012","2026-06-15","2026-06-16"
"21013","2026-06-14","2026-07-14"
"21014","",""
"21015","2027-02-27","2027-03-29"
"21016","2026-06-18","2026-06-19"
"21017","2026-08-07","2026-09-06"
"21018","2026-08-01","2026-08-31"
"21019","",""
"21020","2027-01-31","2027-03-02"
"21021","2026-06-18","2026-06-19"
"21022","2026-06-17","2026-06-19"
"21023","2026-06-22","2026-06-24"
"21024","2026-07-01","2026-07-31"
"21025","2026-06-17","2026-06-19"
"21026","2026-06-15","2026-06-17"
"21027","2026-06-15","2026-07-15"
"21028","2026-06-15","2026-07-15"
"21029","2026-06-30","2026-07-30"
"21030","2026-06-16","2026-07-16"
"21031","2026-06-15","2026-07-15"
"21032","2026-06-16","2026-07-16"
"21033","2026-06-16","2026-07-16"
"21034","2026-06-16","2026-07-16"
"21035","2026-06-16","2026-07-16"
"21036","2026-08-01","2026-08-31"
"21037","2026-09-06","2026-09-10"
"21038","2026-08-09","2026-09-08"
"21039","2026-08-08","2026-09-07"
"21040","",""
"21041","2026-06-30","2026-07-30"
"21042","2026-06-30","2026-07-30"
"21043","2026-06-30","2026-07-30"
"21044","2026-09-08","2026-10-08"
"21045","2026-06-16","2026-07-16"
"21046","2026-06-14","2026-07-14"
"21047","2026-08-23","2026-09-22"
"21048","",""
"21049","2026-07-25","2026-08-24"
"21050","2027-04-01","2027-05-01"
"21051","",""
"21052","2026-06-17","2026-06-18"
"21053","2026-06-29","2026-06-30"
"21054","2026-06-15","2026-07-15"
"21055","2026-07-09","2026-07-10"
"21056","",""
"21057","",""
"21058","",""
"21059","",""
"21060","",""
"21061","",""
"21062","2026-08-16","2026-09-15"
"21063","2026-08-09","2026-09-08"
"21064","2026-10-01","2026-10-31"
"21065","2026-06-14","2026-07-14"
"21066","2026-07-19","2026-08-18"
"21067","",""
"21068","2027-01-17","2027-01-18"
"21069","2026-08-15","2026-09-14"
"21070","2026-07-11","2026-08-10"
"21071","2026-08-15","2026-09-14"
"21072","2026-06-15","2026-07-16"
"21073","2027-02-28","2027-03-31"
"21074","2026-10-06","2026-11-05"
"21075","2026-07-31","2026-08-30"
"21076","2026-06-14","2026-07-15"
"21077","2026-07-18","2026-08-17"
"21078","2026-08-01","2026-08-31"
"21079","",""
"21080","2026-06-26","2026-07-01"
"21081","2026-08-01","2026-08-31"
"21082","2026-08-09","2026-09-08"
"21083","2026-07-23","2026-08-22"
"21084","2026-06-17","2026-06-18"
"21085","2026-12-31","2027-01-30"
"21086","2026-08-13","2026-09-12"
"21087","2026-06-14","2026-06-15"
"21088","2026-07-25","2026-08-24"
"21089","2026-06-20","2026-07-20"
"21090","2026-11-01","2026-12-01"
"21091","2026-08-02","2026-09-01"
"21092","2026-06-16","2026-07-16"
"21093","2027-01-01","2027-01-31"
"21094","",""
"21095","2026-11-12","2026-12-12"
"21096","2026-11-23","2026-12-23"
"21097","2026-08-07","2026-09-06"
"21098","2026-06-21","2026-07-21"
"21099","2026-07-01","2026-07-31"
"21100","2026-06-18","2026-06-19"
"21101","2026-12-31","2027-01-30"
"21102","",""
"21103","2026-06-30","2026-07-07"
"21104","2026-07-02","2026-08-01"
"21105","2026-06-24","2026-06-25"
"21106","2026-06-21","2026-06-24"
"21107","2026-06-23","2026-06-24"
"21108","2026-06-23","2026-06-26"
"21109","2026-06-29","2026-07-02"
"21110","2026-06-16","2026-07-16"
"21111","2026-09-02","2026-10-02"
"21112","2026-06-15","2026-07-15"
"21113","2026-06-28","2026-06-29"
"21114","2026-06-17","2026-06-18"
"21115","2026-06-15","2026-06-16"
"21116","2026-06-14","2026-06-18"
"21117","2026-07-12","2026-08-11"
"21118","2026-07-03","2026-07-04"
"21119","2026-09-09","2026-10-09"
"21120","2026-07-31","2026-08-30"
"21121","2026-06-15","2026-07-15"
"21122","2026-06-14","2026-07-15"
"21123","2026-08-02","2026-09-01"
"21124","",""
"21125","2026-06-23","2026-07-23"
"21126","",""
"21127","2026-07-09","2026-08-08"
"21128","2026-07-21","2026-07-23"
"21129","2026-06-22","2026-06-23"
"21130","2026-06-16","2026-07-16"
"21131","2026-08-05","2026-09-04"
"21132","",""
"21133","2026-06-15","2026-07-15"
"21134","2026-08-02","2026-09-01"
"21135","2026-07-01","2026-07-31"
"21136","2026-08-31","2026-09-30"
"21137","2026-09-15","2026-10-15"
"21138","2026-07-04","2026-07-06"
"21139","2026-06-15","2026-07-15"
"21140","2027-01-01","2027-01-31"
"21141","2026-11-02","2026-12-02"
"21142","2026-06-16","2026-07-16"
"21143","2026-10-01","2026-10-31"
"21144","2026-10-31","2026-11-30"
"21145","2026-06-16","2026-06-18"
"21146","2026-12-24","2027-01-23"
"21147","",""
"21148","2026-06-16","2026-06-18"
"21149","",""
"21150","2026-12-01","2026-12-31"
"21151","2026-07-12","2026-08-11"
"21152","2026-06-22","2026-06-24"
"21153","2026-06-16","2026-07-16"
"21154","2026-07-15","2026-08-14"
"21155","2026-06-28","2026-07-28"
"21156","2026-08-09","2026-09-08"
"21157","2026-06-28","2026-06-30"
"21158","2026-06-15","2026-06-17"
"21159","2026-06-15","2026-06-18"
"21160","2026-06-22","2026-06-24"
"21161","2026-07-02","2026-08-01"
"21162","2026-06-16","2026-07-16"
"21163","2026-06-28","2026-06-30"
"21164","2027-04-01","2027-05-01"
"21165","2026-06-24","2026-06-25"
"21166","2026-07-02","2026-07-03"
"21167","2026-07-06","2026-08-05"
"21168","2026-06-28","2026-06-29"
"21169","2026-06-23","2026-06-24"
"21170","2026-06-23","2026-06-24"
"21171","2026-06-15","2026-07-15"
"21172","2026-06-14","2026-07-14"
"21173","2026-08-13","2026-09-12"
"21174","",""
"21175","2026-07-27","2026-07-29"
"21176","2026-07-28","2026-08-02"
"21177","2026-06-15","2026-07-15"
"21178","2026-12-27","2026-12-29"
"21179","2026-08-09","2026-09-08"
"21180","2026-08-08","2026-09-07"
"21181","2026-06-15","2026-06-16"
"21182","2026-09-23","2026-10-23"
"21183","2026-08-22","2026-09-21"
"21184","2026-09-12","2026-10-12"
"21185","2026-06-15","2026-07-15"
"21186","2026-08-01","2026-08-31"
"21187","",""
"21188","2026-07-01","2026-07-31"
"21189","2026-07-03","2026-08-02"
"21190","2026-06-15","2026-07-15"
"21191","2026-08-01","2026-09-01"
"21192","2026-07-11","2026-08-10"
"21193","2026-06-14","2026-07-14"
"21194","2027-02-22","2027-03-24"
"21195","2026-08-10","2026-09-09"
"21196","2026-06-28","2026-06-29"
"21197","2026-06-28","2026-06-29"
"21198","2026-06-25","2026-06-26"
"21199","2026-06-25","2026-06-26"
"21200","2026-06-15","2026-07-15"
"21201","2026-08-01","2026-08-31"
"21202","2026-06-16","2026-07-16"
"21203","2026-07-31","2026-08-30"
"21204","2026-07-22","2026-08-21"
"21205","2026-11-02","2026-12-02"
"21206","2026-06-23","2026-06-24"
"21207","2026-06-21","2026-06-24"
"21208","2026-06-15","2026-07-16"
"21209","2026-08-01","2026-08-31"
"21210","2026-06-15","2026-06-16"
"21211","2026-06-15","2026-06-16"
"21212","2026-06-15","2026-06-16"
"21213","2026-06-15","2026-06-16"
"21214","2026-06-15","2026-06-16"
"21215","2026-06-15","2026-06-16"
"21216","2026-06-15","2026-06-17"
"21217","2026-06-14","2026-07-14"
"21218","2026-06-15","2026-06-17"
"21219","2026-06-16","2026-07-16"
"21220","2026-06-21","2026-07-21"
"21221","",""
"21222","2026-07-15","2026-08-14"
"21223","2026-09-11","2026-10-11"
"21224","2026-06-20","2026-07-20"
"21225","2026-06-14","2026-06-15"
"21226","2026-08-07","2026-09-06"
"21227","2027-03-26","2027-04-25"
"21228","2026-06-15","2026-06-16"
"21229","2026-06-30","2026-07-30"
"21230","",""
"21231","2026-10-31","2026-11-30"
"21232","2026-07-27","2026-08-26"
"21233","2026-08-09","2026-09-08"
"21234","2026-08-02","2026-09-01"
"21235","2026-08-10","2026-09-09"
"21236","2026-07-31","2026-08-30"
"21237","2027-03-26","2027-04-25"
"21238","2026-07-01","2026-07-31"
"21239","2027-05-15","2027-06-14"
"21240","2026-10-04","2026-11-03"
"21241","2026-12-05","2027-01-04"
"21242","",""
"21243","2027-03-03","2027-04-02"
"21244","2026-08-19","2026-09-18"
"21245","2026-12-31","2027-01-30"
"21246","2026-06-14","2026-06-15"
"21247","2026-06-14","2026-06-15"
"21248","2026-06-14","2026-06-15"
"21249","",""
"21250","2026-08-24","2026-08-25"
"21251","2026-08-24","2026-08-25"
"21252","2026-08-24","2026-08-25"
"21253","2026-08-24","2026-08-25"
"21254","2026-06-14","2026-06-17"
"21255","",""
"21256","2026-11-01","2026-12-01"
"21257","2026-06-16","2026-06-17"
"21258","",""
"21259","2026-10-10","2026-11-09"
"21260","2026-08-31","2026-09-30"
"21261","2026-06-29","2026-06-30"
"21262","2026-06-24","2026-06-25"
"21263","2026-06-24","2026-06-25"
"21264","2027-01-01","2027-01-02"
"21265","2026-06-21","2026-06-22"
"21266","",""
"21267","2026-06-14","2026-07-14"
"21268","2026-06-15","2026-06-16"
"21269","2026-06-15","2026-07-15"
"21270","2026-06-30","2026-07-30"
"21271","2026-06-21","2026-06-23"
"21272","2026-06-14","2026-06-16"
"21273","2026-06-15","2026-06-18"
"21274","2026-07-03","2026-08-02"
"21275","2026-08-01","2026-08-04"
"21276","2026-08-16","2026-09-15"
"21277","2026-07-31","2026-08-31"
"21278","2026-07-25","2026-08-24"
"21279","2026-06-30","2026-07-02"
"21280","2026-06-15","2026-06-16"
"21281","2026-06-15","2026-06-16"
"21282","2026-06-21","2026-06-23"
"21283","2026-09-01","2026-10-01"
"21284","2026-06-14","2026-06-15"
"21285","2026-08-12","2026-09-11"
"21286","2026-08-03","2026-09-02"
"21287","2026-06-19","2026-07-19"
"21288","2026-07-31","2026-08-30"
"21289","2026-07-01","2026-07-31"
"21290","2026-06-16","2026-06-17"
"21291","2026-06-20","2026-07-20"
"21292","2026-07-31","2026-08-30"
"21293","2026-08-24","2026-08-25"
"21294","2026-06-30","2026-07-30"
"21295","2026-07-04","2026-07-09"
"21296","2026-06-15","2026-06-16"
"21297","2026-06-15","2026-06-16"
"21298","2026-08-31","2026-09-30"
"21299","2026-07-02","2026-08-01"
"21300","2026-08-31","2026-09-30"
"21301","2026-08-03","2026-09-02"
"21302","2026-07-16","2026-08-15"
"21303","2026-06-26","2026-07-26"
"21304","2026-06-30","2026-07-30"
"21305","2027-02-02","2027-03-04"
"21306","",""
"21307","2026-07-01","2026-07-06"
"21308","2026-06-14","2026-07-15"
"21309","2026-12-25","2027-01-24"
"21310","2026-10-06","2026-11-05"
"21311","2026-06-14","2026-06-15"
"21312","2026-06-20","2026-06-21"
"21313","",""
"21314","",""
"21315","2026-07-05","2026-07-08"
"21316","2026-08-16","2026-09-15"
"21317","2026-06-21","2026-07-21"
"21318","",""
"21319","2026-08-19","2026-09-18"
"21320","2026-06-15","2026-07-15"
"21321","",""
"21322","",""
"21323","2026-08-19","2026-09-18"
"21324","",""
"21325","",""
"21326","",""
"21327","2026-06-15","2026-06-16"
"21328","2026-06-20","2026-06-23"
"21329","2026-06-16","2026-06-19"
"21330","2026-06-30","2026-07-30"
"21331","2026-09-01","2026-10-01"
"21332","2026-08-26","2026-09-25"
"21333","2026-07-11","2026-07-15"
"21334","2026-11-30","2026-12-30"
"21335","2026-06-15","2026-06-16"
"21336","2026-06-18","2026-07-18"
"21337","2026-06-27","2026-06-29"
"21338","2026-08-01","2026-08-31"
"21339","2026-08-01","2026-08-31"
"21340","2026-07-07","2026-08-06"
"21341","2026-08-07","2026-09-06"
"21342","",""
"21343","2026-06-18","2026-06-19"
"21344","",""
"21345","",""
"21346","",""
"21347","2026-06-15","2026-07-15"
"21348","2026-06-23","2026-06-24"
"21349","2026-06-28","2026-06-29"
"21350","2026-06-23","2026-06-24"
"21351","2026-12-01","2026-12-31"
"21352","2026-10-31","2026-11-30"
"21353","2026-06-15","2026-06-16"
"21354","2026-12-14","2027-01-13"
"21355","2026-12-12","2027-01-11"
"21356","2027-01-05","2027-02-04"
"21357","2026-06-15","2026-06-16"
"21358","2026-06-14","2026-07-14"
"21359","",""
"21360","",""
"21361","2027-03-01","2027-03-31"
"21362","",""
"21363","2026-07-01","2026-07-31"
"21364","2026-06-16","2026-06-18"
"21365","2026-06-18","2026-06-19"
"21366","2026-06-18","2026-06-19"
"21367","2026-06-25","2026-12-24"
"21368","2026-06-18","2026-06-19"
"21369","2026-06-18","2026-06-19"
"21370","2026-06-18","2026-06-19"
"21371","2026-07-31","2026-08-30"
"21372","2026-07-31","2026-08-30"
"21373","",""
"21374","",""
"21375","2026-08-08","2026-09-07"
"21376","2026-08-30","2026-09-29"
"21377","2026-06-18","2026-07-18"
"21378","2026-10-07","2026-11-06"
"21379","2026-06-19","2026-06-21"
"21380","2026-06-30","2026-07-30"
"21381","2026-07-01","2026-07-31"
"21382","2026-07-01","2026-07-31"
"21383","2026-07-01","2026-07-31"
"21384","2026-08-05","2026-09-04"
"21385","",""
"21386","",""
"21387","2026-06-19","2026-06-21"
"21388","2026-06-15","2026-07-15"
"21389","2026-06-17","2026-06-20"
"21390","2026-07-30","2026-08-03"
"21391","2026-10-02","2026-11-01"
"21392","2026-08-31","2026-09-30"
"21393","",""
"21394","2026-07-26","2026-08-25"
"21395","2026-06-29","2026-07-01"
"21396","2026-06-21","2026-07-21"
"21397","2026-06-20","2026-06-22"
"21398","2026-08-29","2026-09-28"
"21399","2026-06-16","2026-07-16"
"21400","2026-06-16","2026-07-16"
"21401","2026-07-26","2026-07-31"
"21402","2026-06-16","2026-06-17"
"21403","2026-06-27","2026-06-29"
"21404","2026-07-11","2026-08-10"
"21405","2026-06-28","2026-06-29"
"21406","2026-10-28","2026-11-27"
"21407","2026-06-18","2026-06-19"
"21408","2026-06-22","2026-06-23"
"21409","2026-06-21","2026-06-22"
"21410","",""
"21411","2026-07-02","2026-08-01"
"21412","",""
"21413","2026-07-27","2026-08-26"
"21414","2026-12-06","2027-01-05"
"21415","2026-07-18","2026-08-17"
"21416","2026-06-18","2026-06-20"
"21417","2026-08-25","2026-09-24"
"21418","2026-06-17","2026-07-17"
"21419","2026-08-09","2026-09-08"
"21420","2026-12-31","2027-01-30"
"21421","2026-08-31","2026-09-30"
"21422","2027-01-01","2027-01-02"
"21423","2026-08-15","2026-09-14"
"21424","2026-07-27","2026-08-26"
"21425","2026-07-31","2026-08-30"
"21426","2026-08-06","2026-09-05"
"21427","2026-06-16","2026-06-18"
"21428","2026-07-29","2026-08-03"
"21429","2026-06-14","2026-07-14"
"21430","2026-06-15","2026-06-16"
"21431","2026-06-17","2026-07-17"
"21432","2026-06-15","2026-07-15"
"21433","2026-08-01","2026-08-31"
"21434","2026-06-16","2026-06-17"
"21435","2026-06-17","2026-06-18"
"21436","2026-06-16","2026-06-17"
"21437","2026-06-17","2026-06-18"
"21438","2026-06-16","2026-06-17"
"21439","2026-06-16","2026-06-17"
"21440","",""
"21441","2026-06-15","2026-06-17"
"21442","2026-07-09","2026-08-08"
"21443","2026-08-22","2026-09-21"
"21444","2026-12-22","2027-01-21"
"21445","2026-06-14","2026-07-14"
"21446","2026-07-17","2026-08-16"
"21447","2026-08-05","2026-09-04"
"21448","2026-07-01","2026-07-31"
"21449","2026-06-15","2026-07-15"
"21450","2026-08-31","2026-10-01"
"21451","2026-06-15","2026-06-16"
"21452","",""
"21453","",""
"21454","2026-12-01","2026-12-31"
"21455","2026-07-06","2026-08-05"
"21456","2026-06-17","2026-07-17"
"21457","",""
"21458","2026-06-27","2026-07-27"
"21459","2026-06-21","2026-07-21"
"21460","2026-06-15","2026-07-15"
"21461","2026-08-14","2026-09-13"
"21462","2026-12-21","2027-01-20"
"21463","2026-07-04","2026-07-06"
"21464","2026-06-15","2026-07-15"
"21465","2026-06-21","2026-06-23"
"21466","2026-09-15","2026-10-15"
"21467","2026-07-06","2026-07-07"
"21468","",""
"21469","2026-06-15","2026-06-16"
"21470","2026-06-19","2026-06-22"
"21471","2026-06-20","2026-06-22"
"21472","2026-06-24","2026-06-26"
"21473","2026-10-04","2026-10-07"
"21474","2026-06-15","2026-07-15"
"21475","",""
"21476","2026-08-24","2026-09-23"
"21477","2026-06-21","2026-06-22"
"21478","2026-07-20","2026-08-19"
"21479","",""
"21480","2026-07-26","2026-08-25"
"21481","",""
"21482","2026-08-09","2026-09-08"
"21483","2026-06-18","2026-06-19"
"21484","2026-06-15","2026-06-17"
"21485","2026-07-30","2026-08-29"
"21486","2026-07-01","2026-07-31"
"21487","2026-06-22","2026-06-25"
"21488","2026-08-08","2026-09-07"
"21489","2026-06-18","2026-06-19"
"21490","",""
"21491","2026-08-24","2026-10-23"
"21492","2026-06-15","2026-07-15"
"21493","2026-09-01","2026-10-01"
"21494","2026-10-01","2026-10-31"
"21495","2026-06-23","2026-06-24"
"21496","2026-08-01","2026-08-02"
"21497","2026-06-15","2026-07-15"
"21498","2026-09-16","2026-10-17"
"21499","2027-02-28","2027-03-30"
"21500","2026-06-30","2026-07-30"
"21501","2026-09-16","2026-10-16"
"21502","2026-12-28","2027-01-27"
"21503","2026-08-16","2026-09-15"
"21504","2026-06-18","2026-06-19"
"21505","2026-12-31","2027-01-30"
"21506","2026-08-22","2026-09-21"
"21507","2026-12-06","2027-01-05"
"21508","2026-06-24","2026-06-26"
"21509","2026-06-17","2026-06-18"
"21510","2026-06-15","2026-07-15"
"21511","2027-01-17","2027-01-18"
"21512","2026-06-15","2026-06-16"
"21513","",""
"21514","2026-06-14","2026-07-15"
"21515","2026-07-04","2026-07-08"
"21516","2026-08-07","2026-09-06"
"21517","2026-07-15","2026-08-14"
"21518","2026-07-14","2026-08-13"
"21519","2026-07-10","2026-08-09"
"21520","2026-08-02","2026-09-01"
"21521","2026-08-09","2026-09-08"
"21522","2026-10-31","2026-11-30"
"21523","2027-03-22","2027-04-21"
"21524","2026-08-02","2026-09-01"
"21525","2026-08-01","2026-08-31"
"21526","2026-08-07","2026-09-06"
"21527","2026-06-15","2026-07-15"
"21528","2026-06-18","2026-06-19"
"21529","2026-06-18","2026-06-19"
"21530","2026-06-15","2026-07-15"
"21531","2026-06-21","2026-06-22"
"21532","2026-09-05","2026-10-05"
"21533","2026-07-13","2026-08-12"
"21534","2027-02-01","2027-03-03"
"21535","2026-06-30","2026-07-30"
"21536","2026-12-05","2027-01-04"
"21537","2026-07-26","2026-08-25"
"21538","",""
"21539","",""
"21540","2027-02-28","2027-03-30"
"21541","2026-06-21","2026-06-23"
"21542","2026-07-31","2026-08-30"
"21543","2026-06-14","2026-07-14"
"21544","2026-07-17","2026-08-16"
"21545","2026-08-08","2026-09-07"
"21546","2026-10-01","2026-10-31"
"21547","2026-06-15","2026-07-15"
"21548","2026-06-21","2026-07-21"
"21549","2026-06-28","2026-06-29"
"21550","2026-06-22","2026-06-25"
"21551","2026-11-29","2026-12-29"
"21552","2026-11-21","2026-12-21"
"21553","2026-06-24","2026-06-25"
"21554","2026-06-30","2026-07-30"
"21555","2026-08-01","2026-08-31"
"21556","2026-06-15","2026-06-17"
"21557","2026-07-22","2026-08-22"
"21558","2026-10-31","2026-11-30"
"21559","2026-07-23","2026-08-22"
"21560","2026-08-12","2026-09-18"
"21561","",""
"21562","2026-07-07","2026-07-12"
"21563","2026-07-27","2026-08-26"
"21564","2026-06-23","2026-06-24"
"21565","2026-08-19","2026-09-18"
"21566","2026-07-26","2026-08-25"
"21567","2026-12-22","2027-01-21"
"21568","2026-06-18","2026-06-19"
"21569","2026-07-31","2026-08-30"
"21570","2026-06-15","2026-07-15"
"21571","",""
"21572","2026-06-14","2026-06-19"
"21573","2026-07-25","2026-08-24"
"21574","2026-06-15","2026-06-16"
"21575","2026-12-20","2027-01-19"
"21576","2026-06-14","2026-06-15"
"21577","2026-06-14","2026-06-15"
"21578","2026-10-01","2026-10-31"
"21579","2026-07-01","2026-07-31"
"21580","",""
"21581","2026-06-16","2026-07-16"
"21582","2026-08-23","2026-09-22"
"21583","2026-09-30","2026-11-01"
"21584","2026-07-31","2026-08-30"
"21585","2026-06-16","2026-07-16"
"21586","2026-06-17","2026-07-17"
"21587","2026-11-01","2026-12-01"
"21588","2026-06-23","2026-06-25"
"21589","2026-06-14","2026-07-14"
"21590","2026-12-22","2027-01-21"
"21591","2026-06-28","2026-07-28"
"21592","2026-09-21","2026-10-21"
"21593","2026-06-15","2026-06-16"
"21594","2026-06-15","2026-06-16"
"21595","2026-06-14","2026-06-15"
"21596","2026-06-14","2026-06-15"
"21597","2026-06-15","2026-06-16"
"21598","2026-06-15","2026-06-16"
"21599","2026-06-14","2026-06-15"
"21600","2026-06-14","2026-06-15"
"21601","2026-06-14","2026-06-15"
"21602","2026-06-14","2026-06-15"
"21603","",""
"21604","2026-06-24","2026-07-24"
"21605","",""
"21606","2026-06-15","2026-06-16"
"21607","2026-06-15","2026-06-16"
"21608","2026-06-14","2026-06-15"
"21609","2026-06-14","2026-06-15"
"21610","2026-06-15","2026-06-16"
"21611","2026-06-15","2026-06-16"
"21612","2026-06-14","2026-06-15"
"21613","2026-06-14","2026-06-15"
"21614","2026-06-26","2026-08-25"
"21615","2026-06-14","2026-06-15"
"21616","2026-06-14","2026-06-15"
"21617","2026-06-21","2026-06-22"
"21618","2026-06-21","2026-06-22"
"21619","2026-12-28","2027-01-27"
"21620","2026-06-14","2026-06-15"
"21621","2026-06-14","2026-06-15"
"21622","2026-06-22","2026-06-23"
"21623","2026-06-22","2026-06-23"
"21624","2026-06-14","2026-06-15"
"21625","2026-06-14","2026-06-15"
"21626","2026-11-16","2026-12-16"
"21627","2026-06-15","2026-06-18"
"21628","2026-10-01","2026-10-31"
"21629","2026-06-21","2026-06-24"
"21630","",""
"21631","2026-07-01","2026-07-31"
"21632","2026-06-14","2026-07-14"
"21633","",""
"21634","",""
"21635","",""
"21636","2026-07-01","2026-07-31"
"21637","2026-07-01","2026-07-31"
"21638","2026-07-01","2026-07-31"
"21639","2026-08-11","2026-09-10"
"21640","2026-06-30","2026-07-30"
"21641","2026-08-01","2026-08-31"
"21642","2026-11-17","2026-12-17"
"21643","2026-06-15","2026-06-16"
"21644","2026-08-22","2026-09-21"
"21645","2026-07-03","2026-07-05"
"21646","2026-06-17","2026-06-18"
"21647","2026-10-31","2026-11-30"
"21648","",""
"21649","2026-08-13","2026-09-12"
"21650","2026-06-30","2026-07-30"
"21651","2026-10-01","2026-10-31"
"21652","2026-06-30","2026-07-30"
"21653","2026-07-23","2026-08-22"
"21654","2026-06-15","2026-07-15"
"21655","2026-10-19","2026-11-18"
"21656","2026-06-16","2026-06-18"
"21657","2026-06-15","2026-07-15"
"21658","",""
"21659","2026-06-14","2026-07-14"
"21660","2027-01-09","2027-02-08"
"21661","2026-06-23","2026-06-24"
"21662","2026-06-23","2026-06-24"
"21663","2026-06-23","2026-06-24"
"21664","2026-06-29","2026-06-30"
"21665","2026-06-23","2026-06-24"
"21666","2026-06-24","2026-06-25"
"21667","2026-06-23","2026-06-24"
"21668","2026-06-15","2026-07-15"
"21669","2026-06-15","2026-07-15"
"21670","2026-06-15","2026-07-15"
"21671","2026-06-15","2026-07-15"
"21672","2026-07-21","2026-08-20"
"21673","2026-08-24","2026-09-23"
"21674","2026-06-23","2026-06-24"
"21675","2026-07-15","2026-08-14"
"21676","2026-06-16","2026-07-16"
"21677","2026-12-20","2027-01-19"
"21678","2026-12-18","2027-01-17"
"21679","2026-09-01","2026-10-01"
"21680","2026-06-15","2026-07-15"
"21681","",""
"21682","2026-06-21","2026-07-21"
"21683","2026-06-30","2026-07-30"
"21684","2026-06-30","2026-07-30"
"21685","2026-06-30","2026-07-30"
"21686","2026-06-17","2026-07-17"
"21687","2026-06-15","2026-07-15"
"21688","2027-05-03","2027-06-02"
"21689","2026-06-15","2026-07-15"
"21690","2026-06-15","2026-06-17"
"21691","",""
"21692","2026-07-30","2026-08-29"
"21693","2026-06-29","2026-07-02"
"21694","2026-07-18","2026-08-17"
"21695","2026-06-15","2026-07-15"
"21696","",""
"21697","2026-07-07","2026-08-06"
"21698","",""
"21699","2026-08-31","2026-09-30"
"21700","2026-07-31","2026-08-30"
"21701","2026-08-15","2026-09-14"
"21702","",""
"21703","2026-08-15","2026-10-14"
"21704","2026-06-30","2026-07-30"
"21705","2026-07-26","2026-08-25"
"21706","2026-11-25","2026-12-25"
"21707","2026-07-31","2026-08-30"
"21708","2026-08-01","2026-08-31"
"21709","2026-06-25","2026-07-25"
"21710","2026-06-15","2026-06-16"
"21711","2026-06-16","2026-06-17"
"21712","2026-06-22","2026-07-23"
"21713","2026-06-15","2026-07-15"
"21714","2026-06-16","2026-07-16"
"21715","2026-07-01","2026-07-31"
"21716","2026-07-01","2026-07-31"
"21717","",""
"21718","2026-06-15","2026-06-16"
"21719","2026-07-06","2026-08-05"
"21720","",""
"21721","",""
"21722","2026-07-17","2026-08-16"
"21723","2026-06-30","2026-07-30"
"21724","2026-06-30","2026-07-30"
"21725","",""
"21726","",""
"21727","2026-06-26","2026-07-01"
"21728","2026-06-19","2026-07-19"
"21729","",""
"21730","2026-12-10","2027-01-10"
"21731","2026-06-16","2026-07-16"
"21732","2026-08-01","2026-08-31"
"21733","",""
"21734","2026-08-01","2026-08-31"
"21735","2026-07-02","2026-07-03"
"21736","2026-06-14","2026-06-15"
"21737","2026-06-24","2026-06-25"
"21738","2026-07-12","2026-07-13"
"21739","2026-06-14","2026-06-15"
"21740","",""
"21741","2026-07-07","2026-07-09"
"21742","2026-06-21","2026-07-21"
"21743","2026-06-15","2026-06-16"
"21744","",""
"21745","2027-01-04","2027-02-03"
"21746","2026-09-01","2026-10-01"
"21747","2026-06-15","2026-07-15"
"21748","2026-06-15","2026-07-15"
"21749","2026-06-16","2026-06-17"
"21750","2026-06-17","2026-06-18"
"21751","2026-10-19","2026-11-18"
"21752","2026-08-20","2026-09-19"
"21753","2026-06-19","2026-07-19"
"21754","2026-07-01","2026-07-31"
"21755","",""
"21756","2026-09-02","2026-10-02"
"21757","2026-07-12","2026-08-11"
"21758","2026-07-15","2026-08-14"
"21759","2026-08-07","2026-09-06"
"21760","2026-08-06","2026-08-07"
"21761","2026-08-06","2026-08-07"
"21762","2026-08-08","2026-08-09"
"21763","2026-07-12","2026-07-13"
"21764","2026-09-12","2026-10-12"
"21765","2026-06-16","2026-06-18"
"21766","2026-06-28","2026-07-01"
"21767","2026-09-01","2026-10-01"
"21768","",""
"21769","",""
"21770","",""
"21771","2026-06-15","2026-07-15"
"21772","2026-06-15","2026-07-15"
"21773","2026-06-15","2026-07-15"
"21774","2026-06-15","2026-07-15"
"21775","2026-06-29","2026-07-01"
"21776","2026-06-15","2026-07-15"
"21777","2026-06-15","2026-07-15"
"21778","2026-08-03","2026-09-02"
"21779","2026-08-02","2026-09-01"
"21780","2026-06-15","2026-07-15"
"21781","2026-06-29","2026-06-30"
"21782","2026-06-23","2026-06-24"
"21783","2026-06-23","2026-06-24"
"21784","",""
"21785","",""
"21786","2026-06-23","2026-06-24"
"21787","2026-06-23","2026-06-24"
"21788","2026-06-23","2026-06-24"
"21789","",""
"21790","",""
"21791","2026-06-24","2026-06-25"
"21792","2026-06-23","2026-06-24"
"21793","2026-06-30","2026-07-01"
"21794","2026-06-24","2026-06-25"
"21795","2026-06-25","2026-06-26"
"21796","",""
"21797","2026-06-25","2026-06-26"
"21798","2026-06-23","2026-06-24"
"21799","2026-06-23","2026-06-24"
"21800","2026-06-23","2026-06-24"
"21801","2026-06-30","2026-07-01"
"21802","2026-07-31","2026-08-30"
"21803","2026-06-17","2026-07-17"
"21804","2026-07-18","2026-08-17"
"21805","2026-07-18","2026-08-17"
"21806","2026-12-20","2027-01-19"
"21807","2026-06-21","2026-06-24"
"21808","2026-07-21","2026-07-22"
"21809","2026-07-15","2026-07-16"
"21810","2026-07-16","2026-07-17"
"21811","2026-07-15","2026-07-16"
"21812","2026-06-15","2026-07-15"
"21813","2026-12-14","2027-01-13"
"21814","2026-07-01","2026-07-31"
"21815","2026-12-16","2027-01-15"
"21816","2026-09-04","2026-10-04"
"21817","2026-06-15","2026-06-17"
"21818","2026-11-01","2026-12-01"
"21819","2026-06-18","2026-06-21"
"21820","2026-06-29","2026-06-30"
"21821","2026-06-15","2026-07-15"
"21822","2026-08-02","2026-09-01"
"21823","2026-07-02","2026-07-03"
"21824","2026-08-10","2026-09-09"
"21825","2027-01-03","2027-02-02"
"21826","2026-09-02","2026-10-02"
"21827","2027-02-11","2027-03-13"
"21828","",""
"21829","2026-09-30","2026-10-30"
"21830","2026-06-17","2026-06-18"
"21831","2026-07-26","2026-08-25"
"21832","2026-06-15","2026-07-15"
"21833","2026-06-29","2026-07-02"
"21834","2026-06-15","2026-07-15"
"21835","2026-06-21","2026-07-21"
"21836","2026-06-15","2026-06-16"
"21837","2026-06-28","2026-06-29"
"21838","2026-06-17","2026-06-18"
"21839","2026-06-14","2026-06-15"
"21840","2027-05-14","2027-06-13"
"21841","2026-07-17","2026-08-16"
"21842","2026-06-19","2026-07-19"
"21843","2026-07-06","2026-07-07"
"21844","2026-08-07","2026-09-06"
"21845","2026-08-30","2026-09-29"
"21846","2026-12-12","2027-01-11"
"21847","2026-08-15","2026-09-14"
"21848","2026-06-15","2026-07-15"
"21849","2026-06-14","2026-06-15"
"21850","",""
"21851","2026-08-08","2026-09-07"
"21852","2026-07-18","2026-08-17"
"21853","2026-08-01","2026-08-31"
"21854","2026-07-30","2026-08-29"
"21855","2027-01-01","2027-01-31"
"21856","",""
"21857","2026-08-07","2026-09-06"
"21858","2026-08-08","2026-08-10"
"21859","2026-06-23","2026-06-24"
"21860","2026-06-23","2026-06-24"
"21861","2026-06-25","2026-06-26"
"21862","2026-06-23","2026-06-24"
"21863","2026-06-28","2026-06-29"
"21864","2026-08-08","2026-08-09"
"21865","2026-06-25","2026-06-26"
"21866","2026-06-23","2026-06-24"
"21867","2026-06-24","2026-06-25"
"21868","2026-06-23","2026-06-24"
"21869","2026-06-25","2026-06-26"
"21870","2026-07-07","2026-07-08"
"21871","2026-06-23","2026-06-24"
"21872","2026-06-14","2026-07-14"
"21873","2026-06-15","2026-07-15"
"21874","2026-06-15","2026-07-15"
"21875","2026-06-15","2026-07-15"
"21876","2026-06-15","2026-07-15"
"21877","",""
"21878","2026-06-21","2026-07-21"
"21879","2026-07-20","2026-08-19"
"21880","2026-06-15","2026-07-15"
"21881","2026-12-15","2027-01-14"
"21882","2026-06-17","2026-06-18"
"21883","2026-06-15","2026-07-15"
"21884","2026-07-18","2026-08-17"
"21885","2026-06-17","2026-06-19"
"21886","2026-06-14","2026-06-15"
"21887","2026-06-14","2026-06-15"
"21888","2026-06-21","2026-07-22"
"21889","2026-06-14","2026-07-14"
"21890","2026-06-14","2026-07-14"
"21891","2026-08-19","2026-09-18"
"21892","",""
"21893","2026-09-01","2026-10-01"
"21894","2027-01-02","2027-02-01"
"21895","2026-10-04","2026-11-03"
"21896","2026-08-30","2026-09-29"
"21897","2026-12-31","2027-01-30"
"21898","2026-08-02","2026-08-07"
"21899","2026-12-19","2027-01-18"
"21900","2026-06-20","2026-06-21"
"21901","2026-06-16","2026-06-17"
"21902","",""
"21903","",""
"21904","2026-06-17","2026-06-18"
"21905","2026-06-15","2026-07-15"
"21906","2026-08-08","2026-09-07"
"21907","2026-08-30","2026-09-29"
"21908","2026-06-16","2026-07-16"
"21909","2026-06-15","2026-07-16"
"21910","2026-08-26","2026-09-25"
"21911","2026-07-03","2026-07-04"
"21912","2026-07-25","2026-08-24"
"21913","",""
"21914","2026-06-19","2026-06-21"
"21915","",""
"21916","2026-06-14","2026-07-14"
"21917","2026-06-14","2026-07-14"
"21918","2026-09-23","2026-10-23"
"21919","2026-06-14","2026-07-14"
"21920","2026-06-15","2026-07-15"
"21921","2026-07-02","2026-08-01"
"21922","2026-07-29","2026-09-27"
"21923","2026-07-04","2026-08-03"
"21924","2026-06-17","2026-07-17"
"21925","2026-06-15","2026-07-15"
"21926","2026-09-28","2026-09-30"
"21927","2026-10-01","2026-11-01"
"21928","2026-06-15","2026-07-15"
"21929","2026-06-14","2026-06-15"
"21930","2026-06-14","2026-06-15"
"21931","2026-06-14","2026-06-15"
"21932","2026-06-14","2026-06-15"
"21933","2026-06-14","2026-06-15"
"21934","2026-06-14","2026-06-15"
"21935","2026-06-27","2026-06-29"
"21936","2027-04-02","2027-05-02"
"21937","2026-06-15","2026-06-16"
"21938","",""
"21939","2026-08-01","2026-08-31"
"21940","2026-07-07","2026-08-06"
"21941","2026-06-21","2026-06-22"
"21942","2026-06-14","2026-06-15"
"21943","2026-06-15","2026-06-16"
"21944","2026-06-14","2026-06-15"
"21945","2026-06-14","2026-06-15"
"21946","2026-06-14","2026-06-15"
"21947","2026-06-15","2026-07-15"
"21948","2026-06-14","2026-07-14"
"21949","2026-07-16","2026-08-15"
"21950","2026-06-14","2026-06-15"
"21951","2026-06-14","2026-06-15"
"21952","2026-06-14","2026-06-15"
"21953","2026-06-14","2026-06-15"
"21954","2026-06-14","2026-06-15"
"21955","2026-06-14","2026-06-15"
"21956","2026-06-15","2026-06-16"
"21957","2026-08-12","2026-09-11"
"21958","2026-06-14","2026-07-14"
"21959","2026-09-06","2026-10-06"
"21960","2026-06-14","2026-06-15"
"21961","2026-06-14","2026-06-15"
"21962","2026-06-14","2026-06-15"
"21963","2026-06-14","2026-06-15"
"21964","",""
"21965","2026-06-15","2026-06-16"
"21966","2026-06-17","2026-06-18"
"21967","2026-06-17","2026-06-18"
"21968","2026-06-15","2026-06-16"
"21969","",""
"21970","2026-06-14","2026-07-14"
"21971","2026-06-17","2026-06-18"
"21972","2026-06-17","2026-06-18"
"21973","2026-06-18","2026-06-19"
"21974","2026-06-18","2026-06-19"
"21975","2026-06-15","2026-06-16"
"21976","",""
"21977","",""
"21978","2026-06-15","2026-06-16"
"21979","2026-06-15","2026-06-16"
"21980","2026-06-15","2026-06-16"
"21981","2026-06-15","2026-06-16"
"21982","2026-06-15","2026-06-16"
"21983","2026-06-15","2026-06-16"
"21984","2026-06-15","2026-06-16"
"21985","2026-06-15","2026-06-16"
"21986","2026-06-18","2026-06-19"
"21987","2026-06-17","2026-06-18"
"21988","2026-06-17","2026-06-18"
"21989","2026-06-17","2026-06-18"
"21990","2026-06-17","2026-06-18"
"21991","2026-06-15","2026-06-16"
"21992","2026-06-15","2026-06-16"
"21993","2026-06-18","2026-06-19"
"21994","2026-06-18","2026-06-19"
"21995","2026-06-18","2026-06-19"
"21996","2026-06-18","2026-06-19"
"21997","2026-06-18","2026-06-19"
"21998","2026-06-17","2026-06-18"
"21999","2026-06-17","2026-06-18"
"22000","2026-06-17","2026-06-18"
"22001","2026-06-17","2026-06-18"
"22002","2026-06-28","2026-06-29"
"22003","2026-06-28","2026-06-29"
"22004","2026-06-18","2026-07-18"
"22005","2026-06-23","2026-06-26"
"22006","2026-06-14","2026-06-15"
"22007","2026-06-14","2026-06-15"
"22008","2027-02-28","2027-03-30"
"22009","2026-06-15","2026-07-15"
"22010","2026-07-13","2026-08-12"
"22011","2026-06-15","2026-07-15"
"22012","2026-06-15","2026-07-15"
"22013","2026-06-15","2026-07-15"
"22014","2026-06-15","2026-07-15"
"22015","2026-06-15","2026-07-15"
"22016","2026-06-22","2026-06-23"
"22017","2026-11-03","2026-12-03"
"22018","2026-08-01","2026-08-31"
"22019","2026-11-02","2026-12-02"
"22020","2026-08-15","2026-09-14"
"22021","2027-01-31","2027-03-02"
"22022","2027-04-30","2027-05-30"
"22023","2026-09-30","2026-10-30"
"22024","",""
"22025","2026-10-17","2026-11-16"
"22026","2026-07-14","2026-08-13"
"22027","2026-07-25","2026-08-24"
"22028","2026-08-01","2026-08-31"
"22029","2026-06-16","2026-07-16"
"22030","2026-09-17","2026-10-17"
"22031","2026-06-15","2026-07-15"
"22032","2026-06-21","2026-07-21"
"22033","2026-08-07","2026-09-06"
"22034","2026-06-15","2026-07-15"
"22035","",""
"22036","2026-08-24","2026-08-25"
"22037","2026-07-06","2026-08-05"
"22038","2026-08-16","2026-09-15"
"22039","2026-08-10","2026-09-09"
"22040","2026-08-24","2026-08-25"
"22041","2026-08-24","2026-08-25"
"22042","2026-08-24","2026-08-25"
"22043","2026-06-19","2026-06-20"
"22044","2027-02-04","2027-03-06"
"22045","2026-06-27","2026-06-30"
"22046","2026-06-15","2026-06-17"
"22047","2026-07-01","2026-07-31"
"22048","2026-09-01","2026-10-01"
"22049","2027-01-01","2027-01-31"
"22050","2026-07-02","2026-08-01"
"22051","2026-07-31","2026-08-30"
"22052","2026-07-26","2026-08-25"
"22053","2026-08-16","2026-09-15"
"22054","2026-07-18","2026-08-17"
"22055","2026-06-15","2026-06-16"
"22056","2026-08-16","2026-09-15"
"22057","2026-08-08","2026-09-07"
"22058","2026-07-01","2026-07-31"
"22059","2026-06-30","2026-07-30"
"22060","2026-08-17","2026-09-16"
"22061","2026-06-17","2026-07-17"
"22062","2026-08-23","2026-08-24"
"22063","2026-06-19","2026-06-21"
"22064","2026-10-04","2026-11-03"
"22065","2026-08-10","2026-09-09"
"22066","2026-06-14","2026-07-14"
"22067","2026-06-14","2026-07-14"
"22068","2026-06-29","2026-07-01"
"22069","2026-06-15","2026-06-16"
"22070","2026-06-18","2026-06-19"
"22071","2026-11-05","2026-12-05"
"22072","2026-06-14","2026-06-16"
"22073","",""
"22074","2026-07-19","2026-08-18"
"22075","",""
"22076","2026-07-25","2026-07-28"
"22077","2026-06-16","2026-07-16"
"22078","2026-06-16","2026-07-16"
"22079","2026-07-19","2026-07-20"
"22080","2026-07-11","2026-08-10"
"22081","",""
"22082","2026-07-01","2026-07-31"
"22083","",""
"22084","2026-06-15","2026-06-16"
"22085","2027-01-01","2027-01-04"
"22086","2026-07-21","2026-07-22"
"22087","2026-07-21","2026-07-22"
"22088","2026-07-21","2026-07-22"
"22089","2026-06-29","2026-07-29"
"22090","2026-06-15","2026-07-15"
"22091","2026-06-15","2026-07-15"
"22092","2026-07-11","2026-07-14"
"22093","2026-07-01","2026-07-31"
"22094","",""
"22095","2026-08-05","2026-09-04"
"22096","",""
"22097","2026-08-15","2026-09-14"
"22098","2026-06-14","2026-07-14"
"22099","2026-08-01","2026-08-31"
"22100","2026-06-18","2026-06-19"
"22101","",""
"22102","2026-06-14","2026-06-15"
"22103","2026-06-14","2026-06-15"
"22104","2026-06-27","2026-06-28"
"22105","2026-07-31","2026-08-30"
"22106","2026-08-15","2026-09-14"
"22107","2026-07-26","2026-08-25"
"22108","2026-06-21","2026-06-22"
"22109","2026-06-16","2026-07-17"
"22110","2026-06-15","2026-07-15"
"22111","2026-06-16","2026-07-16"
"22112","2026-11-01","2026-12-01"
"22113","2026-07-19","2026-08-18"
"22114","2026-11-22","2027-01-06"
"22115","2026-06-14","2026-07-14"
"22116","2026-06-15","2026-07-15"
"22117","2026-06-21","2026-06-22"
"22118","2026-06-21","2026-06-22"
"22119","2026-07-18","2026-08-17"
"22120","2026-12-31","2027-01-30"
"22121","2026-07-07","2026-08-06"
"22122","2026-07-25","2026-08-24"
"22123","2026-12-15","2027-01-14"
"22124","2027-01-31","2027-03-02"
"22125","2026-08-09","2026-09-08"
"22126","2026-06-15","2026-07-15"
"22127","2026-08-30","2026-09-29"
"22128","2026-12-31","2027-01-30"
"22129","",""
"22130","",""
"22131","2026-07-31","2026-08-30"
"22132","2026-06-29","2026-07-02"
"22133","2026-07-01","2026-07-31"
"22134","2026-07-01","2026-07-31"
"22135","2026-06-15","2026-07-15"
"22136","",""
"22137","2026-08-17","2026-09-17"
"22138","2026-06-14","2026-06-15"
"22139","2026-06-27","2026-06-29"
"22140","2026-06-22","2026-07-22"
"22141","2027-03-03","2027-04-02"
"22142","2026-06-30","2026-07-03"
"22143","2026-06-18","2026-07-18"
"22144","",""
"22145","2026-10-06","2026-11-05"
"22146","2026-10-09","2026-11-08"
"22147","2026-10-02","2026-11-01"
"22148","2026-06-15","2026-07-15"
"22149","2026-10-01","2026-10-31"
"22150","2026-07-31","2026-08-07"
"22151","2026-06-15","2026-07-15"
"22152","2026-06-15","2026-07-15"
"22153","2026-06-30","2026-07-02"
"22154","2026-09-01","2026-10-01"
"22155","2026-07-20","2026-08-19"
"22156","2026-06-15","2026-06-16"
"22157","2026-08-17","2026-09-17"
"22158","2026-12-31","2027-02-14"
"22159","2026-08-10","2026-09-09"
"22160","2026-06-18","2026-06-21"
"22161","2027-01-02","2027-02-01"
"22162","2026-06-21","2026-07-21"
"22163","2026-06-16","2026-07-16"
"22164","",""
"22165","2026-06-30","2026-07-30"
"22166","2026-06-21","2026-06-22"
"22167","2026-06-15","2026-06-18"
"22168","2026-06-16","2026-07-16"
"22169","2026-06-24","2026-11-21"
"22170","2026-08-03","2026-09-02"
"22171","2026-11-14","2026-11-18"
"22172","2026-07-01","2026-07-02"
"22173","2026-06-23","2026-07-23"
"22174","2026-12-01","2026-12-31"
"22175","2026-12-31","2027-01-30"
"22176","2026-06-16","2026-06-17"
"22177","",""
"22178","2026-10-31","2026-11-30"
"22179","2026-06-16","2026-07-16"
"22180","",""
"22181","2026-06-14","2026-07-14"
"22182","2026-07-01","2026-07-31"
"22183","",""
"22184","2026-06-15","2026-06-18"
"22185","2026-06-21","2026-06-24"
"22186","2026-07-01","2026-07-31"
"22187","2026-06-30","2026-07-30"
"22188","2026-06-17","2026-06-18"
"22189","",""
"22190","2026-08-08","2026-09-07"
"22191","2026-06-18","2026-07-18"
"22192","2026-09-13","2026-10-13"
"22193","2026-08-31","2026-09-30"
"22194","2026-06-15","2026-07-15"
"22195","2026-10-23","2026-11-22"
"22196","2026-11-04","2026-12-04"
"22197","2026-06-18","2026-06-19"
"22198","",""
"22199","",""
"22200","",""
"22201","",""
"22202","",""
"22203","",""
"22204","",""
"22205","",""
"22206","2026-06-19","2026-06-22"
"22207","2026-09-30","2026-10-30"
"22208","2026-06-14","2026-07-14"
"22209","2026-07-26","2026-08-25"
"22210","2026-07-31","2026-08-30"
"22211","2026-06-14","2026-06-15"
"22212","2026-06-28","2026-06-30"
"22213","",""
"22214","2026-08-01","2026-08-31"
"22215","2026-06-15","2026-07-15"
"22216","2026-06-14","2026-06-15"
"22217","2026-06-17","2026-06-19"
"22218","2026-07-07","2026-07-09"
"22219","2026-08-13","2026-09-12"
"22220","2026-06-14","2026-07-14"
"22221","2026-07-17","2026-08-16"
"22222","2026-06-14","2026-07-14"
"22223","2026-09-09","2026-10-09"
"22224","2026-06-30","2026-07-30"
"22225","2026-08-16","2026-09-15"
"22226","2026-07-11","2026-08-10"
"22227","2026-06-30","2026-07-30"
"22228","2026-07-31","2026-08-30"
"22229","2026-09-28","2026-10-28"
"22230","",""
"22231","2026-06-25","2026-06-26"
"22232","2026-06-25","2026-06-26"
"22233","2026-06-25","2026-06-26"
"22234","2026-06-25","2026-06-26"
"22235","",""
"22236","2026-08-18","2026-09-17"
"22237","2026-06-21","2026-06-23"
"22238","2026-06-15","2026-06-16"
"22239","2026-11-01","2026-12-01"
"22240","2026-06-28","2026-06-30"
"22241","2026-06-20","2026-06-21"
"22242","2026-08-01","2026-08-31"
"22243","",""
"22244","2026-06-14","2026-07-14"
"22245","",""
"22246","",""
"22247","",""
"22248","2026-06-14","2026-06-15"
"22249","2026-06-14","2026-06-15"
"22250","2026-07-06","2026-07-10"
"22251","2026-06-15","2026-07-15"
"22252","2026-07-26","2026-08-25"
"22253","",""
"22254","2026-06-16","2026-07-16"
"22255","2026-06-15","2026-07-15"
"22256","2026-10-04","2026-11-03"
"22257","2026-06-29","2026-07-29"
"22258","2026-06-17","2026-07-17"
"22259","2026-08-10","2026-09-09"
"22260","2026-07-01","2026-07-31"
"22261","2026-07-01","2026-07-31"
"22262","2026-08-06","2026-09-05"
"22263","2026-07-24","2026-08-23"
"22264","2026-07-01","2026-07-31"
"22265","2026-06-15","2026-07-15"
"22266","2026-08-01","2026-08-31"
"22267","2026-06-16","2026-07-16"
"22268","2027-01-01","2027-01-31"
"22269","2026-07-01","2026-07-31"
"22270","2026-07-01","2026-07-31"
"22271","2026-08-03","2026-09-02"
"22272","",""
"22273","2026-07-02","2026-08-01"
"22274","2026-08-01","2026-08-31"
"22275","2026-06-29","2026-07-03"
"22276","2026-07-16","2026-07-17"
"22277","2026-07-16","2026-07-17"
"22278","2026-07-29","2026-07-30"
"22279","2026-06-29","2026-06-30"
"22280","2026-07-01","2026-07-31"
"22281","2026-06-24","2026-07-24"
"22282","2026-06-15","2026-06-16"
"22283","",""
"22284","2026-06-15","2026-07-15"
"22285","2026-07-15","2026-08-14"
"22286","2026-08-12","2026-09-11"
"22287","2026-09-02","2026-10-02"
"22288","2026-07-08","2026-08-07"
"22289","2026-08-10","2026-08-12"
"22290","2026-06-15","2026-06-17"
"22291","2026-07-14","2026-08-13"
"22292","2026-06-21","2026-06-23"
"22293","2026-07-06","2026-07-07"
"22294","2026-06-21","2026-06-23"
"22295","2027-01-10","2027-02-09"
"22296","2026-06-16","2026-06-17"
"22297","2026-08-19","2026-09-18"
"22298","2026-06-21","2026-06-24"
"22299","",""
"22300","2026-06-21","2026-06-22"
"22301","2026-07-20","2026-08-19"
"22302","2026-08-31","2026-09-30"
"22303","2026-06-27","2026-06-28"
"22304","2026-06-27","2026-06-28"
"22305","2026-07-01","2026-07-02"
"22306","2026-07-01","2026-07-02"
"22307","2026-06-27","2026-06-28"
"22308","",""
"22309","",""
"22310","",""
"22311","",""
"22312","2026-07-08","2026-07-09"
"22313","2026-07-01","2026-07-02"
"22314","2026-07-06","2026-07-07"
"22315","2026-07-06","2026-07-08"
"22316","2026-06-23","2026-06-24"
"22317","2026-07-01","2026-07-02"
"22318","2026-07-01","2026-07-02"
"22319","2026-07-01","2026-07-02"
"22320","2026-06-27","2026-06-28"
"22321","2026-07-01","2026-07-02"
"22322","2026-06-27","2026-06-28"
"22323","2026-07-01","2026-07-02"
"22324","2026-07-10","2026-08-09"
"22325","2026-07-02","2026-08-01"
"22326","2026-07-08","2026-08-07"
"22327","2026-07-01","2026-07-31"
"22328","2026-07-14","2026-07-21"
"22329","2026-09-07","2026-10-07"
"22330","2026-10-31","2026-11-30"
"22331","2026-07-16","2026-08-15"
"22332","2026-07-01","2026-07-31"
"22333","2026-09-01","2026-10-01"
"22334","2026-08-22","2026-08-25"
"22335","",""
"22336","2027-01-08","2027-02-07"
"22337","",""
"22338","",""
"22339","2026-07-01","2026-07-31"
"22340","2026-06-15","2026-06-17"
"22341","2026-06-20","2026-06-21"
"22342","2026-07-27","2026-08-26"
"22343","2026-06-15","2026-06-16"
"22344","2026-06-15","2026-06-16"
"22345","2026-08-08","2026-09-07"
"22346","2026-08-09","2026-09-08"
"22347","2026-07-01","2026-07-31"
"22348","2026-07-25","2026-08-24"
"22349","2026-06-17","2026-07-17"
"22350","2026-06-22","2026-07-22"
"22351","2026-08-01","2026-08-31"
"22352","2026-06-21","2026-06-24"
"22353","2026-06-16","2026-06-19"
"22354","2026-07-18","2026-08-17"
"22355","2026-06-28","2026-07-28"
"22356","2027-04-20","2027-06-04"
"22357","2026-10-03","2026-11-02"
"22358","",""
"22359","",""
"22360","",""
"22361","",""
"22362","",""
"22363","2026-08-24","2026-09-23"
"22364","2026-07-18","2026-08-17"
"22365","",""
"22366","2026-06-14","2026-06-15"
"22367","2026-06-28","2026-07-28"
"22368","2026-06-15","2026-06-16"
"22369","2026-07-31","2026-08-30"
"22370","2026-07-18","2026-08-17"
"22371","2026-06-15","2026-06-16"
"22372","",""
"22373","",""
"22374","2026-06-26","2026-06-27"
"22375","2026-06-22","2026-06-23"
"22376","2026-06-22","2026-06-24"
"22377","2026-06-15","2026-07-15"
"22378","2026-06-15","2026-07-15"
"22379","2026-06-15","2026-07-15"
"22380","2026-06-28","2026-07-28"
"22381","2026-06-22","2026-07-22"
"22382","2026-06-21","2026-06-22"
"22383","2026-07-05","2026-08-04"
"22384","2026-06-21","2026-06-24"
"22385","",""
"22386","2026-09-01","2026-10-01"
"22387","2026-11-25","2026-12-25"
"22388","2026-08-16","2026-09-15"
"22389","2026-06-24","2026-06-27"
"22390","2026-06-23","2026-06-24"
"22391","2026-06-22","2026-06-23"
"22392","2026-06-15","2026-06-16"
"22393","2026-11-14","2026-12-14"
"22394","2026-08-16","2026-09-15"
"22395","2026-08-02","2026-09-01"
"22396","2026-12-27","2027-01-26"
"22397","2027-05-08","2027-06-07"
"22398","2026-06-21","2026-07-21"
"22399","2026-08-08","2026-09-07"
"22400","2026-11-01","2026-11-29"
"22401","2026-07-24","2026-08-23"
"22402","",""
"22403","2026-07-07","2026-07-10"
"22404","",""
"22405","2026-08-08","2026-09-07"
"22406","2026-07-03","2026-07-06"
"22407","2026-06-16","2026-06-18"
"22408","2026-07-01","2026-07-31"
"22409","2026-11-01","2026-12-01"
"22410","2026-07-18","2026-08-17"
"22411","2026-08-31","2026-10-01"
"22412","2026-11-16","2026-12-16"
"22413","2026-06-17","2026-06-20"
"22414","",""
"22415","",""
"22416","2026-07-18","2026-08-17"
"22417","2026-07-18","2026-08-17"
"22418","2026-07-30","2026-08-29"
"22419","2026-06-17","2026-06-19"
"22420","2026-06-16","2026-06-18"
"22421","2026-08-09","2026-09-08"
"22422","2026-06-28","2026-07-01"
"22423","2026-06-16","2026-07-16"
"22424","2026-06-15","2026-06-20"
"22425","2026-06-15","2026-06-18"
"22426","2026-09-01","2026-10-01"
"22427","2026-06-15","2026-07-15"
"22428","2026-08-08","2026-09-07"
"22429","2026-06-15","2026-06-17"
"22430","2026-06-15","2026-06-16"
"22431","2026-06-30","2026-07-30"
"22432","2026-06-17","2026-07-17"
"22433","2026-08-13","2026-09-12"
"22434","2026-08-13","2026-09-12"
"22435","2026-06-15","2026-07-15"
"22436","2026-07-01","2026-07-31"
"22437","",""
"22438","",""
"22439","2026-07-17","2026-09-03"
"22440","2026-07-08","2026-08-07"
"22441","2026-07-25","2026-08-24"
"22442","2026-12-20","2027-01-19"
"22443","2026-06-15","2026-07-15"
"22444","2026-06-15","2026-07-15"
"22445","2026-06-15","2026-07-15"
"22446","2026-06-15","2026-06-16"
"22447","2026-06-27","2026-06-28"
"22448","2026-11-25","2026-12-25"
"22449","2026-06-14","2026-07-14"
"22450","2026-06-15","2026-07-15"
"22451","2026-08-15","2026-09-15"
"22452","2026-06-17","2026-06-18"
"22453","2026-11-17","2026-12-17"
"22454","2026-07-12","2026-08-11"
"22455","2026-06-15","2026-07-15"
"22456","2026-06-15","2026-07-15"
"22457","2026-06-15","2026-07-15"
"22458","2026-10-02","2026-11-01"
"22459","2026-12-31","2027-01-30"
"22460","2026-06-15","2026-06-18"
"22461","2026-06-24","2026-06-29"
"22462","2026-07-11","2026-07-12"
"22463","2026-06-19","2026-06-24"
"22464","2026-06-18","2026-07-18"
"22465","2026-06-14","2026-06-15"
"22466","2026-06-14","2026-06-15"
"22467","2026-06-14","2026-06-15"
"22468","2026-06-14","2026-06-15"
"22469","2026-06-14","2026-06-15"
"22470","2026-06-14","2026-06-15"
"22471","2026-06-17","2026-06-18"
"22472","2026-06-17","2026-06-18"
"22473","2026-09-02","2026-10-02"
"22474","2026-06-14","2026-06-15"
"22475","2026-06-14","2026-06-15"
"22476","2026-06-14","2026-06-15"
"22477","2026-06-14","2026-06-15"
"22478","2026-06-14","2026-06-15"
"22479","2026-06-14","2026-06-15"
"22480","2026-06-14","2026-06-15"
"22481","2026-06-14","2026-06-15"
"22482","2026-06-14","2026-06-15"
"22483","2026-06-14","2026-06-15"
"22484","2026-06-14","2026-06-15"
"22485","",""
"22486","2026-06-14","2026-06-15"
"22487","2026-06-14","2026-06-15"
"22488","2026-06-14","2026-06-15"
"22489","2026-06-15","2026-07-15"
"22490","2026-06-14","2026-06-15"
"22491","2026-06-14","2026-06-15"
"22492","2026-07-24","2026-08-23"
"22493","2027-04-01","2027-05-01"
"22494","2026-07-04","2026-08-03"
"22495","2027-01-01","2027-01-31"
"22496","2026-06-15","2026-07-15"
"22497","2026-10-18","2026-11-17"
"22498","2026-06-14","2026-07-14"
"22499","2027-01-15","2027-02-14"
"22500","2026-08-01","2026-08-31"
"22501","2026-08-01","2026-08-31"
"22502","2027-01-01","2027-01-31"
"22503","2026-09-30","2026-10-30"
"22504","2026-06-15","2026-07-16"
"22505","2026-06-17","2026-06-19"
"22506","2026-06-15","2026-07-15"
"22507","2026-07-26","2026-08-25"
"22508","2027-01-01","2027-01-04"
"22509","2026-06-19","2026-06-24"
"22510","",""
"22511","2026-08-01","2026-08-31"
"22512","2026-09-02","2026-10-02"
"22513","",""
"22514","2026-06-21","2026-06-23"
"22515","2026-08-14","2026-09-13"
"22516","2026-12-31","2027-01-30"
"22517","2026-07-28","2026-08-27"
"22518","2026-06-17","2026-07-17"
"22519","2026-07-11","2026-08-10"
"22520","2026-06-23","2026-06-24"
"22521","2026-06-24","2026-06-25"
"22522","2026-06-23","2026-06-24"
"22523","2026-06-23","2026-06-24"
"22524","2027-02-01","2027-02-02"
"22525","2026-07-06","2026-08-05"
"22526","2026-08-31","2026-10-01"
"22527","2026-12-15","2027-01-14"
"22528","2026-07-07","2026-07-08"
"22529","2026-07-07","2026-07-08"
"22530","2026-07-07","2026-07-08"
"22531","2026-07-07","2026-07-08"
"22532","2026-07-07","2026-07-09"
"22533","2026-07-01","2026-07-03"
"22534","2026-11-01","2026-12-01"
"22535","2026-08-01","2026-08-31"
"22536","",""
"22537","2026-06-16","2026-06-21"
"22538","2026-06-20","2026-06-24"
"22539","2026-06-18","2026-06-23"
"22540","2026-12-21","2027-01-20"
"22541","2026-12-01","2026-12-31"
"22542","",""
"22543","2026-07-07","2026-07-08"
"22544","2026-06-22","2026-07-22"
"22545","2026-06-15","2026-07-15"
"22546","2026-06-15","2026-07-15"
"22547","2026-06-15","2026-07-15"
"22548","2026-06-15","2026-07-15"
"22549","2026-06-15","2026-07-15"
"22550","2026-12-21","2027-01-20"
"22551","2026-11-27","2026-12-27"
"22552","2026-07-31","2026-08-30"
"22553","2026-06-14","2026-06-15"
"22554","2026-07-01","2026-07-04"
"22555","2026-06-25","2026-08-24"
"22556","2026-06-17","2026-07-17"
"22557","2026-06-15","2026-07-15"
"22558","2026-08-15","2026-09-14"
"22559","2026-06-15","2026-06-18"
"22560","2026-09-21","2026-10-21"
"22561","2026-06-21","2026-06-22"
"22562","2026-06-15","2026-07-15"
"22563","2026-06-15","2026-07-15"
"22564","2026-08-01","2026-08-31"
"22565","2026-07-21","2026-08-20"
"22566","2026-08-01","2026-08-31"
"22567","2026-06-15","2026-07-15"
"22568","2026-08-10","2026-09-09"
"22569","",""
"22570","2026-07-31","2026-08-30"
"22571","2026-06-21","2026-06-23"
"22572","2026-06-21","2026-06-22"
"22573","2026-07-01","2026-07-31"
"22574","2026-07-05","2026-07-07"
"22575","2026-08-14","2026-09-13"
"22576","2026-06-14","2026-06-15"
"22577","2027-01-08","2027-02-07"
"22578","2026-07-07","2026-07-09"
"22579","2026-07-07","2026-07-08"
"22580","2026-07-07","2026-07-08"
"22581","2026-06-15","2026-07-15"
"22582","2026-06-15","2026-07-15"
"22583","2026-06-15","2026-07-15"
"22584","",""
"22585","2026-08-08","2026-09-07"
"22586","2026-07-12","2026-08-11"
"22587","2026-09-02","2026-10-02"
"22588","2026-10-31","2026-11-30"
"22589","2026-08-02","2026-09-01"
"22590","2026-08-27","2026-09-26"
"22591","",""
"22592","2026-06-15","2026-07-15"
"22593","2026-06-16","2026-07-17"
"22594","2027-01-01","2027-01-31"
"22595","2026-11-01","2026-12-01"
"22596","2026-07-07","2026-07-09"
"22597","2026-06-30","2026-07-30"
"22598","2026-07-07","2026-07-08"
"22599","2026-06-21","2026-06-24"
"22600","2026-06-22","2026-06-23"
"22601","2026-06-15","2026-07-15"
"22602","2026-06-21","2026-06-23"
"22603","2026-06-16","2026-07-16"
"22604","2026-09-25","2026-10-25"
"22605","2026-08-08","2026-09-07"
"22606","2026-11-15","2026-12-15"
"22607","2026-09-25","2026-10-25"
"22608","2026-06-15","2026-06-17"
"22609","2026-07-06","2026-07-09"
"22610","2026-06-16","2026-07-16"
"22611","2026-08-03","2026-08-07"
"22612","",""
"22613","2026-10-03","2026-11-02"
"22614","2026-06-15","2026-07-15"
"22615","2026-08-31","2026-09-30"
"22616","2026-06-29","2026-07-01"
"22617","2026-08-07","2026-09-06"
"22618","2026-06-17","2026-06-18"
"22619","2026-08-01","2026-08-31"
"22620","2026-06-17","2026-06-18"
"22621","2026-08-01","2026-08-31"
"22622","2026-06-14","2026-06-15"
"22623","",""
"22624","2026-08-01","2026-10-30"
"22625","2026-06-26","2026-06-27"
"22626","2026-06-14","2026-06-16"
"22627","2026-06-15","2026-06-17"
"22628","",""
"22629","",""
"22630","2026-06-29","2026-07-29"
"22631","2026-06-15","2026-06-16"
"22632","2026-09-17","2026-10-17"
"22633","2026-06-29","2026-07-01"
"22634","2026-06-15","2026-07-15"
"22635","2026-06-18","2026-06-19"
"22636","2026-06-25","2026-07-01"
"22637","2026-08-16","2026-09-15"
"22638","2026-06-17","2026-06-22"
"22639","2027-02-01","2027-03-03"
"22640","2026-06-20","2026-06-25"
"22641","2026-06-30","2026-07-30"
"22642","2026-06-21","2026-07-21"
"22643","2026-12-15","2027-01-14"
"22644","2026-06-19","2026-06-24"
"22645","2026-06-15","2026-06-17"
"22646","2026-06-29","2026-07-02"
"22647","2026-06-21","2026-06-23"
"22648","2026-06-18","2026-06-19"
"22649","2026-06-17","2026-06-18"
"22650","2026-06-14","2026-06-15"
"22651","2026-07-13","2026-07-15"
"22652","2026-06-18","2026-06-22"
"22653","2026-06-24","2026-06-26"
"22654","2026-09-30","2026-10-30"
"22655","2026-06-16","2026-06-18"
"22656","2026-08-01","2026-08-31"
"22657","2026-06-30","2026-07-30"
"22658","2026-06-29","2026-07-01"
"22659","2026-07-06","2026-08-05"
"22660","2026-06-22","2026-06-23"
"22661","2026-06-20","2026-06-23"
"22662","2026-07-01","2026-07-31"
"22663","2026-06-30","2026-07-30"
"22664","2026-08-01","2026-08-31"
"22665","2026-06-18","2026-06-19"
"22666","2026-08-04","2026-09-03"
"22667","2027-02-21","2027-03-23"
"22668","2026-06-22","2026-06-24"
"22669","2026-06-22","2026-06-24"
"22670","2026-06-23","2026-06-25"
"22671","2026-06-14","2026-07-14"
"22672","2026-06-28","2026-06-30"
"22673","2026-08-01","2026-08-04"
"22674","2026-09-01","2026-10-01"
"22675","2026-06-28","2026-06-30"
"22676","2026-06-16","2026-07-16"
"22677","2026-06-14","2026-07-14"
"22678","2026-06-21","2026-06-23"
"22679","",""
"22680","",""
"22681","",""
"22682","",""
"22683","",""
"22684","",""
"22685","",""
"22686","2026-07-20","2026-08-19"
"22687","2026-09-09","2026-10-09"
"22688","2026-06-24","2026-06-28"
"22689","2026-06-28","2026-06-30"
"22690","2026-07-02","2026-08-01"
"22691","2026-08-10","2026-09-09"
"22692","",""
"22693","2026-06-15","2026-07-15"
"22694","2026-06-16","2026-07-16"
"22695","2026-06-28","2026-07-28"
"22696","",""
"22697","",""
"22698","",""
"22699","",""
"22700","",""
"22701","",""
"22702","",""
"22703","2026-12-17","2027-01-16"
"22704","2026-06-15","2026-07-15"
"22705","2026-06-17","2026-07-17"
"22706","2026-06-23","2026-06-25"
"22707","2026-06-25","2026-07-25"
"22708","2026-09-28","2026-10-28"
"22709","2026-06-30","2026-07-30"
"22710","2026-06-30","2026-07-30"
"22711","2026-06-22","2026-06-24"
"22712","2027-01-01","2027-01-31"
"22713","2026-08-29","2026-09-28"
"22714","2026-07-21","2026-07-23"
"22715","2026-12-01","2026-12-31"
"22716","2026-06-15","2026-06-16"
"22717","2026-06-14","2026-07-14"
"22718","2026-06-21","2026-06-24"
"22719","2026-10-01","2026-10-31"
"22720","2026-07-06","2026-07-09"
"22721","2027-01-23","2027-02-22"
"22722","2026-07-02","2026-08-01"
"22723","2026-06-20","2026-10-18"
"22724","2026-08-01","2026-08-31"
"22725","2026-09-27","2026-10-27"
"22726","2026-10-26","2026-11-25"
"22727","",""
"22728","2026-06-15","2026-06-18"
"22729","2026-06-15","2026-06-18"
"22730","2026-06-17","2026-07-17"
"22731","2026-12-05","2027-01-04"
"22732","2026-06-22","2026-06-23"
"22733","2026-06-14","2026-07-14"
"22734","2026-06-14","2026-07-14"
"22735","2026-06-14","2026-07-14"
"22736","2026-06-14","2026-07-14"
"22737","2026-06-16","2026-07-16"
"22738","2026-06-14","2026-07-14"
"22739","2026-06-15","2026-07-15"
"22740","2026-06-14","2026-07-14"
"22741","2026-06-15","2026-07-15"
"22742","2026-06-14","2026-07-14"
"22743","2026-06-14","2026-07-14"
"22744","2026-06-14","2026-07-14"
"22745","2026-06-14","2026-07-14"
"22746","2026-06-14","2026-07-14"
"22747","2026-06-14","2026-07-14"
"22748","2026-06-14","2026-07-14"
"22749","2026-06-14","2026-07-14"
"22750","2026-06-14","2026-07-14"
"22751","2026-06-14","2026-07-14"
"22752","2026-06-14","2026-07-14"
"22753","2026-06-14","2026-07-14"
"22754","2026-06-14","2026-07-14"
"22755","2026-06-14","2026-07-14"
"22756","2026-06-14","2026-07-14"
"22757","2026-06-14","2026-07-14"
"22758","2026-06-14","2026-07-14"
"22759","2026-06-14","2026-07-14"
"22760","2026-06-14","2026-07-14"
"22761","2026-06-14","2026-07-14"
"22762","2026-06-14","2026-07-14"
"22763","2026-06-14","2026-07-14"
"22764","2026-06-14","2026-07-14"
"22765","2026-06-14","2026-07-14"
"22766","2026-06-14","2026-07-14"
"22767","2026-06-14","2026-07-14"
"22768","2026-06-14","2026-07-14"
"22769","2026-06-14","2026-07-14"
"22770","2026-06-14","2026-07-14"
"22771","2026-06-14","2026-07-14"
"22772","2026-06-14","2026-07-14"
"22773","2026-06-14","2026-07-14"
"22774","2026-06-14","2026-07-14"
"22775","2026-06-14","2026-07-14"
"22776","2026-06-14","2026-07-14"
"22777","2026-06-14","2026-07-14"
"22778","2026-06-14","2026-07-14"
"22779","2026-06-14","2026-07-14"
"22780","2026-06-14","2026-07-14"
"22781","2026-06-14","2026-07-14"
"22782","2026-06-14","2026-07-14"
"22783","2026-06-14","2026-07-14"
"22784","2026-06-14","2026-07-14"
"22785","2026-06-14","2026-07-14"
"22786","2026-06-14","2026-07-14"
"22787","2026-06-14","2026-07-14"
"22788","2026-06-14","2026-07-14"
"22789","2026-06-14","2026-07-14"
"22790","2026-06-14","2026-07-14"
"22791","2026-06-14","2026-07-14"
"22792","2026-09-11","2026-10-11"
"22793","2026-06-14","2026-07-14"
"22794","2026-06-14","2026-07-14"
"22795","2026-06-14","2026-07-14"
"22796","2026-06-14","2026-07-14"
"22797","2026-06-14","2026-07-14"
"22798","2026-06-14","2026-07-14"
"22799","2026-06-14","2026-07-14"
"22800","2026-09-26","2026-10-26"
"22801","2026-06-14","2026-07-14"
"22802","2026-06-14","2026-07-14"
"22803","2026-06-14","2026-07-14"
"22804","2026-06-14","2026-07-14"
"22805","2026-06-14","2026-07-14"
"22806","2026-06-14","2026-07-14"
"22807","2026-06-14","2026-07-14"
"22808","2026-06-14","2026-07-14"
"22809","2026-09-01","2026-10-01"
"22810","2026-06-14","2026-07-14"
"22811","2026-06-14","2026-07-14"
"22812","2026-06-14","2026-07-14"
"22813","2026-06-14","2026-07-14"
"22814","2026-06-14","2026-07-14"
"22815","2026-06-14","2026-07-14"
"22816","2026-06-14","2026-07-14"
"22817","2026-06-14","2026-07-14"
"22818","2026-06-14","2026-07-14"
"22819","2026-06-14","2026-07-14"
"22820","2026-06-14","2026-07-14"
"22821","2026-06-14","2026-07-14"
"22822","2026-06-15","2026-07-15"
"22823","2026-06-14","2026-07-14"
"22824","2026-06-15","2026-07-15"
"22825","2026-06-14","2026-07-14"
"22826","2026-06-14","2026-07-14"
"22827","2026-06-14","2026-07-14"
"22828","2026-06-15","2026-07-15"
"22829","2026-06-14","2026-07-14"
"22830","2026-06-14","2026-07-14"
"22831","2026-06-14","2026-07-14"
"22832","2026-06-14","2026-07-14"
"22833","2026-06-14","2026-07-14"
"22834","2026-06-14","2026-07-14"
"22835","2026-06-14","2026-07-14"
"22836","2026-06-14","2026-07-14"
"22837","2026-06-14","2026-07-14"
"22838","2026-06-16","2026-07-16"
"22839","2026-06-14","2026-07-14"
"22840","2026-09-23","2026-10-23"
"22841","2026-06-14","2026-07-14"
"22842","2026-06-14","2026-07-14"
"22843","2026-06-14","2026-07-14"
"22844","2026-06-14","2026-07-14"
"22845","2026-06-14","2026-07-14"
"22846","2026-06-30","2026-07-07"
"22847","2026-06-14","2026-07-14"
"22848","2026-06-14","2026-07-14"
"22849","2026-06-14","2026-07-14"
"22850","2026-06-14","2026-07-14"
"22851","2026-06-14","2026-07-14"
"22852","2026-06-14","2026-07-14"
"22853","2026-06-14","2026-07-14"
"22854","2026-06-29","2026-07-03"
"22855","2026-06-14","2026-07-14"
"22856","2026-06-15","2026-07-15"
"22857","2026-06-14","2026-07-14"
"22858","2026-06-14","2026-07-14"
"22859","2026-06-14","2026-07-14"
"22860","2026-06-14","2026-07-14"
"22861","2026-06-14","2026-07-14"
"22862","2026-06-14","2026-07-14"
"22863","2026-06-14","2026-07-14"
"22864","2026-06-14","2026-07-14"
"22865","2026-06-14","2026-07-14"
"22866","2026-06-14","2026-07-14"
"22867","2026-06-14","2026-07-14"
"22868","2026-06-14","2026-07-14"
"22869","2026-06-15","2026-07-15"
"22870","2026-06-14","2026-07-14"
"22871","2026-06-16","2026-07-16"
"22872","2026-06-16","2026-07-16"
"22873","2026-06-14","2026-07-14"
"22874","2026-06-14","2026-07-14"
"22875","2026-06-14","2026-07-14"
"22876","2026-06-14","2026-07-14"
"22877","2026-06-14","2026-07-14"
"22878","2026-06-14","2026-07-14"
"22879","2026-06-14","2026-07-14"
"22880","2026-06-14","2026-07-14"
"22881","2026-06-14","2026-07-14"
"22882","2026-06-14","2026-07-14"
"22883","2026-06-14","2026-07-14"
"22884","2026-06-14","2026-07-14"
"22885","2026-06-14","2026-07-14"
"22886","2026-06-14","2026-07-14"
"22887","2026-06-14","2026-07-14"
"22888","2026-06-14","2026-07-14"
"22889","2026-06-14","2026-07-14"
"22890","2026-06-14","2026-07-14"
"22891","2026-06-14","2026-07-14"
"22892","2026-06-14","2026-07-14"
"22893","2026-06-14","2026-07-14"
"22894","2026-06-14","2026-07-14"
"22895","2026-06-14","2026-07-14"
"22896","2026-06-14","2026-07-14"
"22897","2026-06-16","2026-07-16"
"22898","2026-06-14","2026-07-14"
"22899","2026-06-14","2026-07-14"
"22900","2026-06-14","2026-07-14"
"22901","2026-06-14","2026-07-14"
"22902","2026-06-14","2026-07-14"
"22903","2026-06-14","2026-07-14"
"22904","2026-06-14","2026-07-14"
"22905","2026-06-16","2026-07-16"
"22906","2026-06-14","2026-07-14"
"22907","2026-06-14","2026-07-14"
"22908","2026-06-14","2026-07-14"
"22909","2026-06-16","2026-07-16"
"22910","2026-06-14","2026-07-14"
"22911","2026-06-14","2026-07-14"
"22912","2026-06-16","2026-07-16"
"22913","2026-06-17","2026-07-17"
"22914","2026-06-16","2026-07-16"
"22915","2026-06-16","2026-07-16"
"22916","2026-06-16","2026-07-16"
"22917","2026-06-16","2026-07-16"
"22918","2026-06-16","2026-07-16"
"22919","2026-06-29","2026-07-01"
"22920","2027-02-03","2027-03-05"
"22921","2026-07-10","2026-08-09"
"22922","2026-06-18","2026-06-19"
"22923","",""
"22924","2026-06-16","2026-07-16"
"22925","2026-08-09","2026-09-08"
"22926","",""
"22927","2026-06-28","2026-07-28"
"22928","2026-06-29","2026-07-02"
"22929","2026-06-17","2026-06-18"
"22930","2026-06-15","2026-07-15"
"22931","2026-06-14","2026-07-14"
"22932","",""
"22933","2026-09-18","2026-10-18"
"22934","",""
"22935","2026-07-20","2026-08-19"
"22936","",""
"22937","2026-08-16","2026-10-15"
"22938","2026-12-01","2026-12-31"
"22939","2026-06-16","2026-06-17"
"22940","",""
"22941","2026-09-26","2026-10-26"
"22942","2026-12-30","2027-01-29"
"22943","2027-01-04","2027-02-03"
"22944","",""
"22945","",""
"22946","2026-08-01","2026-08-31"
"22947","2026-06-15","2026-07-15"
"22948","2026-12-20","2027-01-19"
"22949","2026-06-16","2026-07-16"
"22950","2026-06-14","2026-07-14"
"22951","",""
"22952","2026-11-08","2026-12-09"
"22953","2026-06-16","2026-06-17"
"22954","2026-07-01","2026-07-02"
"22955","2026-06-15","2026-07-15"
"22956","2026-06-25","2026-06-26"
"22957","2026-06-28","2026-06-29"
"22958","2026-06-23","2026-06-24"
"22959","",""
"22960","2026-06-23","2026-06-24"
"22961","",""
"22962","2026-08-01","2026-08-31"
"22963","2026-06-14","2026-07-14"
"22964","2026-08-15","2026-09-14"
"22965","2026-06-15","2026-07-15"
"22966","2026-06-15","2026-07-15"
"22967","2026-06-15","2026-07-15"
"22968","2026-06-17","2026-06-19"
"22969","2026-07-31","2026-08-30"
"22970","2026-06-16","2026-07-16"
"22971","",""
"22972","2026-07-21","2026-08-20"
"22973","2026-06-17","2026-07-17"
"22974","2026-07-25","2026-08-24"
"22975","2026-06-14","2026-07-14"
"22976","2026-06-16","2026-07-16"
"22977","2026-08-25","2026-11-08"
"22978","",""
"22979","2026-06-14","2026-07-14"
"22980","2026-09-17","2026-10-17"
"22981","2026-08-01","2026-08-31"
"22982","2026-07-31","2026-08-30"
"22983","2026-06-15","2026-06-16"
"22984","2026-07-16","2026-07-17"
"22985","2026-06-16","2026-06-17"
"22986","2026-06-17","2026-06-18"
"22987","2026-07-03","2026-07-04"
"22988","2026-06-19","2026-06-20"
"22989","2026-06-19","2026-06-20"
"22990","2026-06-21","2026-06-22"
"22991","2026-06-20","2026-06-21"
"22992","2026-06-19","2026-06-20"
"22993","2026-06-16","2026-06-17"
"22994","2026-06-20","2026-06-21"
"22995","2026-06-17","2026-06-18"
"22996","2026-06-19","2026-06-20"
"22997","2026-06-15","2026-06-16"
"22998","2026-06-17","2026-06-18"
"22999","",""
"23000","2026-06-15","2026-07-16"
"23001","2026-07-12","2026-08-11"
"23002","2026-06-22","2026-06-25"
"23003","2026-08-08","2026-09-07"
"23004","",""
"23005","",""
"23006","",""
"23007","",""
"23008","",""
"23009","",""
"23010","2026-06-17","2026-06-18"
"23011","2026-06-15","2026-07-15"
"23012","2026-06-28","2026-07-28"
"23013","2026-06-16","2026-06-17"
"23014","2026-11-15","2026-12-15"
"23015","2026-06-29","2026-07-29"
"23016","2026-06-16","2026-07-16"
"23017","2026-07-06","2026-08-05"
"23018","2026-09-06","2026-10-06"
"23019","2026-06-15","2026-07-15"
"23020","2026-08-18","2026-09-17"
"23021","2026-06-15","2026-07-15"
"23022","2026-06-30","2026-07-03"
"23023","2026-06-16","2026-07-16"
"23024","2026-06-15","2026-07-15"
"23025","2026-06-15","2026-07-15"
"23026","2026-12-31","2027-01-30"
"23027","2026-09-14","2026-10-14"
"23028","2026-08-10","2026-09-09"
"23029","2026-07-10","2026-07-11"
"23030","2027-01-01","2027-02-01"
"23031","2026-06-15","2026-07-15"
"23032","2026-08-09","2026-09-08"
"23033","2027-01-01","2027-01-02"
"23034","2027-01-01","2027-01-02"
"23035","2026-06-16","2026-07-16"
"23036","2026-07-11","2026-08-10"
"23037","2026-06-15","2026-07-15"
"23038","2026-07-02","2026-08-01"
"23039","2026-06-30","2026-07-30"
"23040","2026-08-30","2026-09-29"
"23041","2026-06-21","2026-06-22"
"23042","2026-06-17","2026-06-18"
"23043","2026-08-14","2026-09-13"
"23044","2026-08-02","2026-09-01"
"23045","2026-08-16","2026-09-15"
"23046","2026-06-19","2026-06-20"
"23047","2026-06-15","2026-06-17"
"23048","2026-06-21","2026-06-22"
"23049","2026-06-21","2026-06-22"
"23050","2026-06-22","2026-06-23"
"23051","2026-06-20","2026-06-21"
"23052","2026-06-20","2026-06-21"
"23053","2026-06-15","2026-07-15"
"23054","2026-06-18","2026-06-21"
"23055","2027-01-01","2027-01-31"
"23056","2026-06-17","2026-07-18"
"23057","2026-06-15","2026-07-15"
"23058","2026-07-04","2026-08-03"
"23059","2026-06-23","2027-06-23"
"23060","2027-01-01","2027-01-31"
"23061","2026-08-01","2026-08-31"
"23062","2026-07-07","2026-07-09"
"23063","2026-08-17","2026-09-16"
"23064","2026-06-17","2026-07-17"
"23065","2026-08-08","2026-09-07"
"23066","2026-07-31","2026-08-30"
"23067","2026-11-01","2026-12-01"
"23068","2026-12-20","2027-01-19"
"23069","2026-06-14","2026-07-14"
"23070","2026-06-14","2026-07-14"
"23071","2026-06-14","2026-07-14"
"23072","2026-06-14","2026-07-14"
"23073","2026-06-14","2026-07-14"
"23074","2026-06-14","2026-07-14"
"23075","2026-07-07","2026-08-06"
"23076","2026-07-04","2026-08-03"
"23077","2026-08-03","2026-09-02"
"23078","",""
"23079","2026-08-16","2026-09-15"
"23080","2026-09-25","2026-10-25"
"23081","2026-11-15","2026-12-15"
"23082","2026-08-17","2026-09-16"
"23083","2026-12-24","2027-01-23"
"23084","2026-09-13","2026-10-13"
"23085","2026-06-23","2026-06-24"
"23086","2026-06-23","2026-06-24"
"23087","2026-08-01","2026-08-31"
"23088","2026-07-01","2026-07-03"
"23089","2026-08-08","2026-09-07"
"23090","2026-06-15","2026-07-15"
"23091","2026-10-01","2026-10-31"
"23092","2026-08-10","2026-09-09"
"23093","2026-06-15","2026-07-15"
"23094","2026-06-14","2026-07-14"
"23095","2026-06-14","2026-07-14"
"23096","2026-06-14","2026-07-14"
"23097","2026-07-31","2026-08-30"
"23098","2026-06-29","2026-06-30"
"23099","",""
"23100","2026-06-17","2026-06-18"
"23101","2026-06-15","2026-06-16"
"23102","2026-06-19","2026-06-20"
"23103","2026-06-15","2026-06-16"
"23104","2026-06-24","2026-06-25"
"23105","2026-06-15","2026-06-16"
"23106","2026-06-18","2026-06-19"
"23107","2026-12-05","2027-01-04"
"23108","2026-06-20","2026-06-21"
"23109","2026-06-19","2026-06-20"
"23110","2026-06-15","2026-06-16"
"23111","2026-06-15","2026-06-16"
"23112","2026-06-15","2026-06-16"
"23113","2026-06-15","2026-06-16"
"23114","2026-06-17","2026-06-18"
"23115","2026-06-17","2026-06-18"
"23116","",""
"23117","2026-06-19","2026-06-20"
"23118","2027-01-01","2027-01-31"
"23119","2026-06-21","2026-06-22"
"23120","2026-06-19","2026-06-20"
"23121","2026-06-21","2026-06-22"
"23122","2026-06-18","2026-06-19"
"23123","2026-06-17","2026-06-18"
"23124","2026-06-15","2026-06-16"
"23125","2026-06-16","2026-07-16"
"23126","2026-07-10","2026-07-11"
"23127","2026-06-16","2026-07-16"
"23128","2026-06-16","2026-07-16"
"23129","2026-06-16","2026-07-16"
"23130","2026-06-16","2026-07-16"
"23131","2026-08-09","2026-09-08"
"23132","2027-05-24","2027-06-23"
"23133","2026-11-10","2026-12-10"
"23134","2026-06-16","2026-07-16"
"23135","2026-06-16","2026-07-16"
"23136","2026-06-14","2026-07-14"
"23137","2026-06-16","2026-07-16"
"23138","2026-06-16","2026-07-16"
"23139","2026-08-05","2026-09-04"
"23140","2026-06-16","2026-07-16"
"23141","2026-06-16","2026-07-16"
"23142","2026-06-16","2026-07-16"
"23143","2026-06-14","2026-07-14"
"23144","2026-06-14","2026-07-14"
"23145","2026-12-21","2027-01-20"
"23146","2026-07-20","2026-08-19"
"23147","2026-06-14","2026-07-14"
"23148","2026-06-23","2026-06-24"
"23149","2026-09-01","2026-10-01"
"23150","2026-06-16","2026-07-16"
"23151","2026-06-16","2026-07-16"
"23152","2026-06-16","2026-07-16"
"23153","2026-06-16","2026-07-16"
"23154","2026-07-08","2026-08-07"
"23155","",""
"23156","2026-06-21","2026-06-22"
"23157","2026-12-06","2027-01-05"
"23158","",""
"23159","2026-06-21","2026-06-22"
"23160","",""
"23161","2026-06-21","2026-07-21"
"23162","",""
"23163","",""
"23164","",""
"23165","2026-11-24","2026-12-24"
"23166","2026-06-14","2026-07-14"
"23167","2026-06-16","2026-07-16"
"23168","2026-06-22","2026-06-23"
"23169","2026-06-17","2026-06-18"
"23170","2026-06-22","2026-06-24"
"23171","2027-01-01","2027-01-31"
"23172","2026-06-14","2026-07-14"
"23173","2026-06-14","2026-07-14"
"23174","2026-06-15","2026-07-15"
"23175","2027-01-01","2027-01-02"
"23176","2027-01-01","2027-01-02"
"23177","",""
"23178","",""
"23179","",""
"23180","",""
"23181","",""
"23182","2026-06-23","2026-06-24"
"23183","2026-06-23","2026-06-24"
"23184","2026-08-01","2026-08-31"
"23185","2026-06-25","2026-06-26"
"23186","2026-08-06","2026-09-05"
"23187","2026-06-15","2026-07-15"
"23188","2026-09-30","2026-10-30"
"23189","2026-10-29","2026-11-28"
"23190","2026-08-31","2026-09-30"
"23191","2026-07-22","2026-07-26"
"23192","2026-07-12","2026-08-11"
"23193","2026-07-20","2026-08-19"
"23194","2026-06-16","2026-07-16"
"23195","2026-06-30","2026-07-01"
"23196","2026-06-25","2026-06-26"
"23197","2026-07-04","2026-07-05"
"23198","2026-11-19","2026-12-19"
"23199","2026-07-14","2026-08-13"
"23200","",""
"23201","2026-07-06","2026-07-08"
"23202","2026-06-15","2026-06-16"
"23203","2026-06-16","2026-07-16"
"23204","2026-06-16","2026-07-16"
"23205","2026-06-16","2026-07-16"
"23206","2026-09-25","2026-10-25"
"23207","2026-06-16","2026-07-16"
"23208","2026-07-26","2026-07-28"
"23209","2026-06-16","2026-06-20"
"23210","2026-07-02","2026-08-01"
"23211","2026-08-09","2026-09-08"
"23212","2026-07-29","2026-08-28"
"23213","2027-03-27","2027-04-26"
"23214","2026-06-14","2026-07-14"
"23215","2026-06-25","2026-06-26"
"23216","2026-06-16","2026-07-16"
"23217","2026-06-15","2026-07-15"
"23218","2026-06-16","2026-07-16"
"23219","2026-06-15","2026-07-16"
"23220","2026-06-16","2026-07-16"
"23221","2026-06-16","2026-07-16"
"23222","2026-06-16","2026-07-16"
"23223","2026-06-16","2026-07-16"
"23224","2026-06-16","2026-07-16"
"23225","2026-06-16","2026-07-16"
"23226","2026-06-16","2026-07-16"
"23227","2026-10-03","2026-11-02"
"23228","2027-01-09","2027-02-08"
"23229","",""
"23230","",""
"23231","2027-04-24","2027-05-24"
"23232","2026-09-30","2026-10-30"
"23233","2027-02-02","2027-03-04"
"23234","2027-01-31","2027-03-02"
"23235","2026-06-15","2026-07-15"
"23236","2026-06-16","2026-07-16"
"23237","2026-06-16","2026-07-16"
"23238","2026-06-16","2026-07-16"
"23239","2026-06-16","2026-07-16"
"23240","2026-09-20","2026-10-20"
"23241","2026-06-16","2026-07-16"
"23242","2026-08-08","2026-09-07"
"23243","2026-06-17","2026-07-17"
"23244","2026-08-13","2026-09-12"
"23245","2026-06-16","2026-07-16"
"23246","2026-06-16","2026-07-16"
"23247","2026-06-16","2026-07-16"
"23248","2026-06-14","2026-07-14"
"23249","2026-06-14","2026-07-14"
"23250","2026-06-14","2026-07-14"
"23251","2026-08-02","2026-09-01"
"23252","2026-07-31","2026-08-30"
"23253","2026-07-31","2026-08-30"
"23254","2026-06-14","2026-07-14"
"23255","2026-06-14","2026-07-14"
"23256","2026-06-14","2026-07-14"
"23257","2026-06-14","2026-07-14"
"23258","2026-07-16","2026-07-17"
"23259","2026-07-01","2026-07-31"
"23260","2026-10-01","2026-11-01"
"23261","2026-06-14","2026-07-14"
"23262","",""
"23263","",""
"23264","2026-08-17","2026-09-16"
"23265","2026-06-15","2026-07-15"
"23266","2026-06-14","2026-07-14"
"23267","2026-06-14","2026-07-14"
"23268","2026-06-14","2026-07-14"
"23269","2026-06-14","2026-07-14"
"23270","2026-06-14","2026-07-14"
"23271","2026-06-14","2026-07-14"
"23272","2026-06-14","2026-07-14"
"23273","2026-06-14","2026-07-14"
"23274","2026-06-14","2026-07-14"
"23275","2026-06-18","2026-07-18"
"23276","2026-06-14","2026-07-14"
"23277","2026-06-17","2026-07-17"
"23278","2026-06-14","2026-07-14"
"23279","2026-06-14","2026-07-14"
"23280","2026-06-14","2026-07-14"
"23281","2026-06-14","2026-07-14"
"23282","2026-10-27","2026-11-26"
"23283","2026-06-30","2026-07-30"
"23284","2026-06-21","2026-07-21"
"23285","2026-06-15","2026-07-15"
"23286","2026-07-28","2026-08-27"
"23287","2026-06-14","2026-07-14"
"23288","2026-06-14","2026-07-14"
"23289","2026-06-14","2026-07-14"
"23290","2026-06-14","2026-07-14"
"23291","2026-06-14","2026-07-14"
"23292","2026-06-14","2026-07-14"
"23293","2026-06-14","2026-07-14"
"23294","2026-06-14","2026-07-14"
"23295","2026-06-14","2026-07-14"
"23296","2026-06-14","2026-07-14"
"23297","2026-08-01","2026-08-31"
"23298","2026-06-14","2026-07-14"
"23299","2026-06-14","2026-07-14"
"23300","2026-06-14","2026-07-14"
"23301","2026-06-14","2026-07-14"
"23302","2026-06-14","2026-07-14"
"23303","2026-06-14","2026-07-14"
"23304","2026-06-14","2026-07-14"
"23305","2026-06-14","2026-07-14"
"23306","2026-06-14","2026-07-14"
"23307","2026-06-24","2026-06-25"
"23308","2026-10-01","2026-10-31"
"23309","2026-07-02","2026-08-01"
"23310","2026-06-14","2026-07-14"
"23311","2026-06-14","2026-07-14"
"23312","2026-07-25","2026-07-26"
"23313","2026-06-15","2026-06-22"
"23314","2026-06-15","2026-07-15"
"23315","2026-06-15","2026-07-15"
"23316","",""
"23317","2026-08-04","2026-08-06"
"23318","2026-08-01","2026-08-31"
"23319","2026-06-15","2026-06-17"
"23320","",""
"23321","2026-07-30","2026-08-29"
"23322","2026-12-20","2027-01-19"
"23323","2026-07-29","2026-08-28"
"23324","2026-06-14","2026-07-14"
"23325","2027-04-17","2027-05-17"
"23326","2026-06-15","2026-06-17"
"23327","2026-11-27","2026-12-27"
"23328","2026-11-08","2026-12-08"
"23329","2026-08-01","2026-08-31"
"23330","2026-09-30","2026-10-30"
"23331","2026-06-14","2026-07-14"
"23332","2026-06-14","2026-07-14"
"23333","2026-06-14","2026-07-14"
"23334","2026-06-14","2026-07-14"
"23335","2026-06-14","2026-07-14"
"23336","2026-06-14","2026-07-14"
"23337","2026-06-14","2026-07-14"
"23338","2026-06-14","2026-07-14"
"23339","2026-06-14","2026-07-14"
"23340","2026-06-17","2026-06-19"
"23341","2026-06-14","2026-07-14"
"23342","2026-06-14","2026-07-14"
"23343","2026-06-14","2026-07-14"
"23344","2026-06-14","2026-07-14"
"23345","2026-06-14","2026-07-14"
"23346","2026-06-14","2026-07-14"
"23347","2026-06-16","2026-06-18"
"23348","2026-06-14","2026-07-14"
"23349","2026-06-14","2026-07-14"
"23350","2026-06-14","2026-07-14"
"23351","2026-06-14","2026-07-14"
"23352","2026-06-14","2026-07-14"
"23353","2026-06-14","2026-07-14"
"23354","2026-07-20","2026-08-19"
"23355","2026-06-14","2026-07-14"
"23356","2026-06-14","2026-07-14"
"23357","2026-06-14","2026-07-14"
"23358","2026-06-14","2026-07-14"
"23359","2026-06-14","2026-07-14"
"23360","2026-06-14","2026-07-14"
"23361","2026-06-14","2026-07-14"
"23362","2026-06-14","2026-07-14"
"23363","2026-06-14","2026-07-14"
"23364","2026-06-14","2026-07-14"
"23365","2026-06-14","2026-07-14"
"23366","2026-06-14","2026-07-14"
"23367","2026-06-14","2026-07-14"
"23368","2026-06-30","2026-07-30"
"23369","2026-06-15","2026-07-15"
"23370","2026-07-05","2026-08-04"
"23371","2026-06-23","2026-06-25"
"23372","2026-06-14","2026-07-14"
"23373","2026-06-14","2026-07-14"
"23374","2026-06-14","2026-07-14"
"23375","2026-06-14","2026-07-14"
"23376","2026-06-14","2026-07-14"
"23377","2026-06-14","2026-07-14"
"23378","2026-06-14","2026-07-14"
"23379","2026-06-14","2026-07-14"
"23380","2026-06-14","2026-07-14"
"23381","2026-07-01","2026-07-31"
"23382","2026-07-25","2026-08-24"
"23383","2026-06-17","2026-07-17"
"23384","2026-06-14","2026-07-14"
"23385","2026-06-25","2026-07-25"
"23386","2026-06-14","2026-07-14"
"23387","2026-06-14","2026-07-14"
"23388","2026-06-14","2026-07-14"
"23389","2026-06-14","2026-07-14"
"23390","2026-06-14","2026-07-14"
"23391","2026-06-14","2026-07-14"
"23392","2026-07-24","2026-08-23"
"23393","2026-06-14","2026-07-14"
"23394","2026-06-14","2026-07-14"
"23395","2026-06-14","2026-07-14"
"23396","2026-06-14","2026-07-14"
"23397","2026-06-14","2026-07-14"
"23398","2026-06-14","2026-07-14"
"23399","2026-12-22","2027-01-21"
"23400","2026-06-18","2026-07-18"
"23401","2026-08-30","2026-09-29"
"23402","2026-06-26","2026-07-26"
"23403","2026-09-01","2026-10-02"
"23404","",""
"23405","2026-06-17","2026-07-17"
"23406","2026-08-25","2026-09-24"
"23407","2026-08-01","2026-08-31"
"23408","2026-07-09","2026-08-08"
"23409","2026-09-20","2026-10-20"
"23410","2026-12-31","2027-01-30"
"23411","2026-10-03","2026-11-02"
"23412","2026-10-05","2026-11-04"
"23413","2026-09-12","2026-10-12"
"23414","2026-06-30","2026-07-30"
"23415","2026-06-17","2026-07-17"
"23416","2027-01-31","2027-03-02"
"23417","2026-09-15","2026-10-15"
"23418","2026-09-04","2026-10-04"
"23419","2026-08-18","2026-09-17"
"23420","2026-09-13","2026-10-13"
"23421","2026-09-13","2026-10-13"
"23422","2026-09-13","2026-10-13"
"23423","2026-10-01","2026-10-03"
"23424","2027-05-14","2027-06-13"
"23425","2026-10-28","2026-11-27"
"23426","",""
"23427","2026-06-15","2026-07-15"
"23428","2026-06-24","2026-07-24"
"23429","2026-07-21","2026-08-20"
"23430","2026-06-23","2026-06-24"
"23431","2026-07-12","2026-08-11"
"23432","2026-07-10","2026-08-09"
"23433","",""
"23434","2026-06-27","2026-06-29"
"23435","2026-06-15","2026-07-15"
"23436","2026-10-01","2026-10-31"
"23437","",""
"23438","2026-08-23","2026-09-22"
"23439","2026-08-07","2026-09-06"
"23440","2026-06-16","2026-06-18"
"23441","",""
"23442","2026-09-05","2026-10-05"
"23443","2026-06-14","2026-07-14"
"23444","2027-03-15","2027-04-14"
"23445","2027-03-01","2027-03-31"
"23446","2026-06-14","2026-07-14"
"23447","2026-07-27","2026-08-26"
"23448","2026-07-07","2026-08-06"
"23449","2026-08-16","2026-09-15"
"23450","2026-06-20","2026-06-22"
"23451","2026-06-15","2026-07-15"
"23452","2026-06-15","2026-07-15"
"23453","2026-06-30","2026-10-28"
"23454","2026-06-17","2026-07-17"
"23455","2026-07-21","2026-08-20"
"23456","2026-10-01","2026-10-31"
"23457","2026-06-23","2026-06-24"
"23458","2026-07-01","2026-07-02"
"23459","2026-06-17","2026-06-19"
"23460","2026-09-10","2026-10-10"
"23461","2026-07-06","2026-08-05"
"23462","2026-12-20","2027-01-19"
"23463","2026-06-15","2026-06-18"
"23464","2026-08-31","2026-09-30"
"23465","2026-09-20","2026-10-20"
"23466","2026-08-09","2026-09-08"
"23467","2026-07-17","2026-07-20"
"23468","2026-07-06","2026-08-05"
"23469","2026-07-20","2026-08-19"
"23470","2026-08-02","2026-09-01"
"23471","2026-06-16","2026-06-17"
"23472","2026-06-17","2026-07-17"
"23473","2026-07-08","2026-08-07"
"23474","2026-06-15","2026-06-16"
"23475","2026-06-15","2026-07-15"
"23476","2026-06-28","2026-06-30"
"23477","2026-07-04","2026-08-03"
"23478","2027-03-31","2027-04-30"
"23479","2026-06-15","2026-07-15"
"23480","2026-06-15","2026-07-15"
"23481","2026-07-14","2026-08-13"
"23482","2026-07-15","2026-08-14"
"23483","2026-08-01","2026-08-31"
"23484","2026-08-25","2026-09-25"
"23485","2026-08-15","2026-09-14"
"23486","",""
"23487","2026-06-14","2026-06-15"
"23488","2026-06-14","2026-06-15"
"23489","2026-06-14","2026-06-15"
"23490","2026-06-14","2026-06-15"
"23491","2026-06-17","2026-06-18"
"23492","2026-06-18","2026-06-19"
"23493","2026-06-14","2026-06-15"
"23494","2026-06-14","2026-06-15"
"23495","",""
"23496","2026-07-04","2026-08-03"
"23497","2026-07-04","2026-08-03"
"23498","2026-06-17","2026-07-17"
"23499","2026-09-03","2026-10-03"
"23500","2026-06-14","2026-07-14"
"23501","2026-07-14","2026-08-13"
"23502","2026-06-14","2026-07-14"
"23503","2026-10-01","2026-10-31"
"23504","2026-06-14","2026-07-14"
"23505","2026-07-15","2026-08-14"
"23506","2026-06-15","2026-07-15"
"23507","2026-06-14","2026-07-14"
"23508","",""
"23509","",""
"23510","2026-06-14","2026-06-15"
"23511","2026-06-29","2026-07-03"
"23512","2026-06-15","2026-06-16"
"23513","2026-08-07","2026-09-06"
"23514","2026-06-21","2026-06-22"
"23515","",""
"23516","2026-06-15","2026-07-15"
"23517","",""
"23518","2026-06-15","2026-07-15"
"23519","2026-06-17","2026-06-20"
"23520","2026-06-24","2026-09-22"
"23521","2026-08-02","2026-09-01"
"23522","2026-06-14","2026-07-14"
"23523","2026-08-31","2026-09-30"
"23524","2026-06-15","2026-07-15"
"23525","2026-06-14","2026-07-14"
"23526","2026-06-22","2026-06-24"
"23527","2026-07-31","2026-08-30"
"23528","2026-08-01","2026-08-31"
"23529","2026-07-01","2026-07-31"
"23530","2026-10-01","2026-10-31"
"23531","2026-08-01","2026-08-31"
"23532","2026-08-01","2026-08-31"
"23533","",""
"23534","",""
"23535","2026-06-25","2026-09-23"
"23536","2026-07-01","2026-07-31"
"23537","2026-07-01","2026-07-31"
"23538","2026-06-30","2026-07-30"
"23539","",""
"23540","2026-06-21","2026-06-22"
"23541","2026-06-27","2026-06-29"
"23542","2026-06-15","2026-07-15"
"23543","2026-06-17","2026-07-17"
"23544","2026-06-15","2026-07-15"
"23545","2026-07-05","2026-08-04"
"23546","2026-06-15","2026-07-15"
"23547","2026-09-02","2026-10-02"
"23548","2026-11-28","2026-12-28"
"23549","2026-08-20","2026-09-19"
"23550","2026-08-17","2026-09-16"
"23551","2026-06-15","2026-07-15"
"23552","2026-06-14","2026-07-14"
"23553","2026-06-26","2026-07-26"
"23554","2026-07-24","2026-08-23"
"23555","2026-08-15","2026-09-14"
"23556","2026-09-28","2026-10-28"
"23557","2026-06-14","2026-07-14"
"23558","2026-08-21","2026-09-20"
"23559","2026-07-01","2026-07-03"
"23560","2026-06-17","2026-07-17"
"23561","2026-08-31","2026-09-30"
"23562","2026-06-15","2026-07-15"
"23563","2026-07-10","2026-08-09"
"23564","2026-06-20","2026-06-23"
"23565","2026-06-30","2026-07-30"
"23566","2026-09-03","2026-09-06"
"23567","2026-07-03","2026-08-02"
"23568","2026-06-21","2026-06-23"
"23569","2026-06-15","2026-07-16"
"23570","2026-06-16","2026-06-17"
"23571","2026-06-19","2026-06-20"
"23572","",""
"23573","2026-06-14","2026-07-14"
"23574","2026-06-23","2026-07-23"
"23575","2026-06-30","2026-07-30"
"23576","2026-07-03","2026-07-06"
"23577","2026-06-14","2026-07-15"
"23578","",""
"23579","2026-08-08","2026-09-07"
"23580","2026-07-21","2026-08-20"
"23581","2026-07-04","2026-08-03"
"23582","2026-06-17","2026-06-18"
"23583","2026-06-17","2026-06-18"
"23584","2026-06-16","2026-06-17"
"23585","2026-07-12","2026-07-14"
"23586","2026-06-14","2026-07-14"
"23587","2026-08-03","2026-09-02"
"23588","2026-07-09","2026-07-10"
"23589","",""
"23590","2026-10-31","2026-11-30"
"23591","2026-07-22","2026-08-21"
"23592","2026-06-14","2026-07-14"
"23593","2026-06-27","2026-07-02"
"23594","2026-06-21","2026-07-21"
"23595","2026-06-28","2026-07-28"
"23596","2026-06-15","2026-06-17"
"23597","2026-09-09","2026-10-09"
"23598","2026-06-14","2026-07-14"
"23599","2026-07-31","2026-08-30"
"23600","2026-07-31","2026-08-30"
"23601","2026-08-06","2026-09-05"
"23602","",""
"23603","2026-07-08","2026-07-09"
"23604","2026-07-02","2026-08-01"
"23605","2026-07-31","2026-08-03"
"23606","2026-08-31","2026-09-30"
"23607","2026-06-14","2026-07-14"
"23608","2026-06-17","2026-06-19"
"23609","2026-06-16","2026-06-17"
"23610","2026-06-14","2026-07-14"
"23611","2026-06-14","2026-07-14"
"23612","2026-06-21","2026-07-21"
"23613","2026-09-07","2026-09-08"
"23614","2026-07-25","2026-08-24"
"23615","2026-09-01","2026-10-01"
"23616","2026-06-21","2026-06-22"
"23617","2026-06-30","2026-09-13"
"23618","2026-06-15","2026-07-15"
"23619","2026-06-15","2026-07-15"
"23620","2026-09-20","2026-09-23"
"23621","2026-06-14","2026-07-14"
"23622","2026-08-07","2026-08-10"
"23623","2027-01-31","2027-03-02"
"23624","2026-07-31","2026-08-30"
"23625","2026-06-14","2026-07-14"
"23626","2026-10-01","2026-10-31"
"23627","2026-06-20","2026-06-21"
"23628","2026-06-19","2026-06-20"
"23629","2026-06-14","2026-06-15"
"23630","2026-06-14","2026-06-15"
"23631","2026-10-04","2026-11-03"
"23632","2026-08-03","2026-09-02"
"23633","2026-07-06","2026-07-09"
"23634","2026-06-17","2026-06-18"
"23635","2026-06-19","2026-06-20"
"23636","2026-06-15","2026-06-16"
"23637","",""
"23638","2026-07-21","2026-07-22"
"23639","2026-06-29","2026-07-01"
"23640","2026-06-14","2026-06-15"
"23641","2026-06-22","2026-06-24"
"23642","2026-08-21","2026-09-20"
"23643","",""
"23644","2026-08-30","2026-09-29"
"23645","2026-08-30","2026-09-29"
"23646","2026-06-14","2026-07-14"
"23647","",""
"23648","",""
"23649","",""
"23650","",""
"23651","2026-06-15","2026-06-17"
"23652","2026-06-21","2026-07-21"
"23653","2026-11-17","2026-12-17"
"23654","2026-06-23","2027-06-22"
"23655","2026-06-27","2026-07-27"
"23656","2027-03-28","2027-04-27"
"23657","2026-10-05","2026-11-04"
"23658","2026-06-17","2026-07-17"
"23659","2026-08-11","2026-09-10"
"23660","",""
"23661","2026-06-22","2026-07-22"
"23662","",""
"23663","",""
"23664","2026-06-17","2026-07-17"
"23665","2026-06-14","2026-07-15"
"23666","2026-07-31","2026-08-30"
"23667","2026-06-16","2026-07-17"
"23668","2026-06-17","2026-07-17"
"23669","2026-06-20","2026-06-23"
"23670","2026-06-21","2026-07-21"
"23671","2026-06-14","2026-07-14"
"23672","2026-08-01","2026-08-31"
"23673","2026-11-01","2026-12-01"
"23674","2027-02-01","2027-02-28"
"23675","",""
"23676","2026-12-26","2027-01-25"
"23677","",""
"23678","2026-08-09","2026-09-08"
"23679","2026-08-07","2026-09-06"
"23680","2026-11-15","2026-12-15"
"23681","2026-06-14","2026-06-15"
"23682","2026-06-21","2026-06-22"
"23683","2026-06-14","2026-06-15"
"23684","2026-06-30","2026-07-30"
"23685","2026-06-15","2026-07-15"
"23686","2026-06-15","2026-07-15"
"23687","2026-11-02","2026-12-02"
"23688","2026-06-16","2026-07-16"
"23689","2026-07-19","2026-08-18"
"23690","",""
"23691","2026-07-27","2026-08-26"
"23692","",""
"23693","2026-09-13","2026-10-13"
"23694","2026-06-15","2026-06-17"
"23695","2026-10-19","2026-11-18"
"23696","2026-06-14","2026-07-14"
"23697","2026-08-08","2026-09-07"
"23698","2026-07-10","2026-08-09"
"23699","2026-06-16","2026-07-16"
"23700","2026-07-25","2026-08-24"
"23701","2026-06-28","2026-07-28"
"23702","2026-06-15","2026-07-15"
"23703","2026-09-08","2026-10-08"
"23704","2026-08-15","2026-09-14"
"23705","2026-12-20","2027-01-19"
"23706","2026-08-08","2026-09-07"
"23707","2026-07-21","2026-07-22"
"23708","2026-07-01","2026-07-03"
"23709","2026-11-05","2026-12-05"
"23710","2026-12-31","2027-01-30"
"23711","2026-07-31","2026-08-30"
"23712","2026-07-31","2026-08-30"
"23713","2026-06-15","2026-06-18"
"23714","2026-06-18","2026-06-19"
"23715","2027-03-10","2027-04-09"
"23716","2026-06-25","2026-07-25"
"23717","2026-06-23","2026-06-24"
"23718","2026-06-17","2026-07-17"
"23719","2026-08-18","2026-09-17"
"23720","2026-07-25","2026-08-24"
"23721","",""
"23722","2026-11-07","2026-12-07"
"23723","2026-06-14","2026-07-14"
"23724","2026-07-08","2026-08-07"
"23725","2026-06-30","2026-07-30"
"23726","2026-09-01","2026-11-30"
"23727","2026-06-30","2026-07-30"
"23728","2026-06-30","2026-07-30"
"23729","2026-06-14","2026-07-14"
"23730","2026-06-17","2026-06-19"
"23731","2026-08-17","2026-09-16"
"23732","2026-06-18","2026-07-18"
"23733","2026-06-16","2026-06-17"
"23734","2026-06-15","2026-06-16"
"23735","2026-06-14","2026-06-15"
"23736","2026-06-14","2026-06-15"
"23737","2026-06-14","2026-06-15"
"23738","2026-06-18","2026-06-19"
"23739","2026-06-15","2026-06-16"
"23740","2026-06-14","2026-06-15"
"23741","2026-06-14","2026-06-15"
"23742","2026-06-25","2026-07-25"
"23743","2026-07-01","2026-07-31"
"23744","2026-07-31","2026-08-30"
"23745","2026-06-21","2026-07-21"
"23746","2026-06-17","2026-07-17"
"23747","2026-07-16","2026-08-15"
"23748","2026-08-09","2026-09-08"
"23749","2026-06-17","2026-07-18"
"23750","2026-06-21","2026-07-21"
"23751","2026-06-15","2026-07-15"
"23752","",""
"23753","2026-07-16","2026-08-15"
"23754","2026-07-25","2026-08-24"
"23755","2026-08-29","2026-09-28"
"23756","2026-09-01","2026-10-01"
"23757","2026-06-16","2026-07-16"
"23758","2026-06-16","2026-07-16"
"23759","2026-06-16","2026-07-16"
"23760","2026-06-16","2026-07-16"
"23761","2026-08-31","2026-09-30"
"23762","2026-06-25","2026-06-26"
"23763","2026-08-08","2026-09-07"
"23764","2026-06-30","2026-07-30"
"23765","2026-06-25","2026-06-26"
"23766","2026-08-01","2026-08-31"
"23767","2026-08-01","2026-08-31"
"23768","2026-07-07","2026-07-12"
"23769","2026-07-16","2026-08-15"
"23770","2026-08-28","2026-09-27"
"23771","2026-08-31","2026-09-30"
"23772","2026-06-21","2026-06-22"
"23773","2026-06-28","2026-06-29"
"23774","2026-06-17","2026-06-19"
"23775","2026-06-14","2026-06-15"
"23776","2026-06-14","2026-06-15"
"23777","2026-06-15","2026-07-15"
"23778","2027-03-14","2027-04-13"
"23779","2026-06-14","2026-06-15"
"23780","2026-06-14","2026-06-15"
"23781","2026-06-14","2026-06-15"
"23782","2026-06-14","2026-06-15"
"23783","2026-06-14","2026-06-15"
"23784","2026-06-14","2026-06-15"
"23785","2026-06-14","2026-06-15"
"23786","2026-06-14","2026-06-15"
"23787","2026-06-14","2026-06-15"
"23788","2026-06-14","2026-06-15"
"23789","2026-06-14","2026-06-15"
"23790","",""
"23791","2026-06-15","2026-06-16"
"23792","2026-08-16","2026-09-15"
"23793","2026-06-14","2026-07-14"
"23794","2026-06-15","2026-06-16"
"23795","2027-01-01","2027-01-31"
"23796","2026-10-31","2026-11-30"
"23797","2026-06-25","2026-07-25"
"23798","2026-08-31","2026-09-30"
"23799","2026-06-14","2026-07-14"
"23800","2026-08-31","2026-09-30"
"23801","",""
"23802","2026-06-27","2026-06-28"
"23803","2026-08-05","2026-09-04"
"23804","2026-06-18","2026-06-19"
"23805","2026-06-14","2026-07-14"
"23806","2026-06-15","2026-06-16"
"23807","2026-06-22","2026-06-23"
"23808","2026-06-17","2026-06-19"
"23809","2026-11-13","2026-12-13"
"23810","2026-07-28","2026-08-27"
"23811","2026-07-01","2026-07-31"
"23812","2026-07-01","2026-07-31"
"23813","2026-12-23","2027-01-22"
"23814","",""
"23815","2026-07-01","2026-07-31"
"23816","2026-06-14","2026-07-14"
"23817","2026-12-04","2027-01-03"
"23818","2026-10-31","2026-11-30"
"23819","2026-08-08","2026-09-07"
"23820","2026-11-06","2026-12-06"
"23821","2027-01-01","2027-01-31"
"23822","2026-06-15","2026-07-15"
"23823","",""
"23824","2026-07-31","2026-08-30"
"23825","2026-08-07","2026-08-10"
"23826","2026-08-01","2026-08-31"
"23827","2026-07-31","2026-08-30"
"23828","2026-06-27","2026-06-29"
"23829","2026-06-16","2026-07-16"
"23830","2026-07-01","2026-07-31"
"23831","2026-06-16","2026-07-16"
"23832","2026-06-16","2026-07-16"
"23833","2026-06-16","2026-07-16"
"23834","2026-07-01","2026-07-31"
"23835","2027-01-01","2027-01-31"
"23836","2026-08-01","2026-08-31"
"23837","2026-06-26","2026-06-27"
"23838","",""
"23839","2026-06-29","2026-07-01"
"23840","2026-06-16","2026-07-16"
"23841","2027-01-31","2027-03-02"
"23842","2026-08-01","2026-08-02"
"23843","2026-06-15","2026-07-15"
"23844","2026-07-26","2026-08-25"
"23845","2026-08-10","2026-09-09"
"23846","2026-07-07","2026-07-08"
"23847","2026-12-01","2026-12-03"
"23848","2026-08-04","2026-09-03"
"23849","2026-07-01","2026-07-31"
"23850","2026-06-15","2026-07-15"
"23851","2026-06-19","2026-06-23"
"23852","2026-07-12","2026-07-14"
"23853","2026-06-15","2026-07-15"
"23854","2026-07-31","2026-08-30"
"23855","",""
"23856","2026-06-16","2026-07-16"
"23857","2026-06-30","2026-07-30"
"23858","2026-06-14","2026-06-15"
"23859","2026-06-14","2026-06-15"
"23860","2026-06-26","2026-08-25"
"23861","2026-06-19","2026-06-20"
"23862","2026-06-15","2026-07-15"
"23863","2026-06-15","2026-06-16"
"23864","2026-07-01","2026-07-31"
"23865","2026-09-10","2026-10-10"
"23866","2026-06-28","2026-06-29"
"23867","2026-06-26","2026-06-27"
"23868","2026-06-24","2026-06-25"
"23869","2026-06-25","2026-06-26"
"23870","2026-06-18","2026-06-21"
"23871","2026-06-17","2026-06-18"
"23872","2026-06-17","2026-06-18"
"23873","",""
"23874","2026-08-01","2026-08-31"
"23875","2026-11-10","2026-12-10"
"23876","2026-06-30","2026-07-30"
"23877","",""
"23878","",""
"23879","2026-06-23","2026-06-24"
"23880","2026-06-25","2026-06-26"
"23881","2026-06-24","2026-06-25"
"23882","2026-06-24","2026-06-25"
"23883","2026-06-23","2026-06-24"
"23884","2026-06-15","2026-06-16"
"23885","2026-06-16","2026-06-19"
"23886","2026-06-16","2026-06-17"
"23887","2026-09-30","2026-10-30"
"23888","2027-01-10","2027-02-09"
"23889","2026-06-15","2026-07-15"
"23890","2026-09-08","2026-10-08"
"23891","2026-10-31","2026-11-30"
"23892","2026-06-15","2026-07-15"
"23893","2026-06-30","2026-07-30"
"23894","2026-06-15","2026-07-16"
"23895","2026-06-30","2026-07-03"
"23896","2026-07-03","2026-07-08"
"23897","2026-06-15","2026-06-16"
"23898","2026-06-15","2026-06-16"
"23899","2026-06-15","2026-06-16"
"23900","2026-08-09","2026-09-08"
"23901","2026-06-29","2026-06-30"
"23902","2026-08-08","2026-09-07"
"23903","2026-06-14","2026-07-14"
"23904","2026-06-14","2026-07-14"
"23905","2026-06-14","2026-06-15"
"23906","2026-06-14","2026-06-15"
"23907","2027-01-01","2027-01-31"
"23908","2026-06-21","2026-07-21"
"23909","2026-06-15","2026-06-16"
"23910","2026-07-03","2026-07-04"
"23911","2026-06-15","2026-06-17"
"23912","",""
"23913","2026-07-31","2026-08-30"
"23914","2026-08-07","2026-09-06"
"23915","2026-12-22","2027-01-21"
"23916","2026-07-02","2026-08-01"
"23917","2026-06-25","2026-07-25"
"23918","2026-06-15","2026-07-15"
"23919","2026-12-15","2027-01-14"
"23920","2026-06-30","2026-07-30"
"23921","2026-06-23","2026-06-25"
"23922","",""
"23923","2026-07-01","2026-07-04"
"23924","2026-11-02","2026-12-02"
"23925","2026-06-15","2026-07-15"
"23926","2026-08-19","2026-09-18"
"23927","2026-06-14","2026-07-14"
"23928","2026-06-30","2026-07-03"
"23929","2026-06-23","2026-06-24"
"23930","2026-06-14","2026-06-15"
"23931","2026-07-11","2026-08-10"
"23932","2026-12-18","2027-01-17"
"23933","2026-06-17","2026-07-17"
"23934","2026-06-22","2026-06-25"
"23935","2026-08-07","2026-09-06"
"23936","2026-07-02","2026-08-01"
"23937","2026-07-02","2026-08-01"
"23938","2026-08-08","2026-09-07"
"23939","2026-08-09","2026-09-08"
"23940","",""
"23941","",""
"23942","2026-09-30","2026-10-30"
"23943","2026-08-10","2026-09-09"
"23944","2026-07-10","2026-08-09"
"23945","",""
"23946","2026-06-14","2026-06-15"
"23947","2026-06-17","2026-06-18"
"23948","2026-06-14","2026-06-15"
"23949","2026-06-18","2026-06-19"
"23950","2026-06-21","2026-06-22"
"23951","2026-07-07","2026-08-06"
"23952","2026-08-03","2026-09-03"
"23953","2026-11-22","2026-12-22"
"23954","2027-01-07","2027-02-06"
"23955","2026-09-08","2026-10-08"
"23956","2026-12-01","2026-12-31"
"23957","2026-07-20","2026-08-19"
"23958","2026-06-14","2026-07-14"
"23959","2026-06-15","2026-07-15"
"23960","2026-10-01","2026-10-31"
"23961","",""
"23962","2026-06-22","2026-06-24"
"23963","2026-08-30","2026-09-29"
"23964","2026-06-15","2026-07-15"
"23965","2026-08-16","2026-09-15"
"23966","2026-06-21","2026-07-21"
"23967","",""
"23968","2027-02-05","2027-03-07"
"23969","2026-06-16","2026-07-16"
"23970","2026-06-16","2026-06-17"
"23971","2026-08-10","2026-09-09"
"23972","2026-08-19","2026-09-18"
"23973","",""
"23974","2026-07-21","2026-08-20"
"23975","2026-06-15","2026-07-15"
"23976","2026-07-21","2026-08-20"
"23977","2026-07-21","2026-08-20"
"23978","2026-07-20","2026-08-19"
"23979","2026-07-21","2026-08-20"
"23980","2026-08-10","2026-09-09"
"23981","",""
"23982","2026-08-01","2026-08-31"
"23983","2026-09-01","2026-10-01"
"23984","2026-07-12","2026-08-11"
"23985","2026-06-17","2026-06-18"
"23986","2026-07-18","2026-08-17"
"23987","2026-06-14","2026-07-14"
"23988","",""
"23989","2026-06-30","2026-07-30"
"23990","2026-06-23","2026-06-24"
"23991","2026-06-15","2026-06-16"
"23992","2026-06-14","2026-06-15"
"23993","2026-06-15","2026-06-17"
"23994","2026-12-23","2027-04-22"
"23995","2026-06-23","2026-06-24"
"23996","2026-06-23","2026-06-24"
"23997","2026-06-23","2026-06-24"
"23998","2026-06-23","2026-06-24"
"23999","2026-07-08","2026-08-07"
"24000","2026-07-02","2026-08-01"
"24001","2026-07-02","2026-08-01"
"24002","2026-07-04","2026-08-03"
"24003","2026-07-02","2026-08-01"
"24004","2026-07-02","2026-08-01"
"24005","2026-08-17","2026-09-17"
"24006","2026-08-15","2026-09-14"
"24007","2026-06-21","2026-07-21"
"24008","2026-06-21","2026-06-22"
"24009","2027-01-01","2027-01-31"
"24010","2026-06-15","2026-07-15"
"24011","2026-06-16","2026-06-17"
"24012","2026-06-26","2026-07-26"
"24013","2026-08-15","2026-09-14"
"24014","2026-06-19","2026-06-20"
"24015","2026-06-15","2026-06-18"
"24016","2026-07-01","2026-07-31"
"24017","2026-06-21","2026-06-22"
"24018","2026-10-30","2026-11-29"
"24019","2026-07-19","2026-07-21"
"24020","2026-06-16","2026-06-18"
"24021","2026-07-19","2026-08-18"
"24022","2026-10-01","2026-10-31"
"24023","2026-07-22","2026-08-21"
"24024","2026-10-01","2026-10-31"
"24025","2026-06-14","2026-07-14"
"24026","2026-08-10","2026-08-13"
"24027","2026-08-15","2026-09-14"
"24028","2026-07-18","2026-08-17"
"24029","2026-06-19","2026-06-20"
"24030","2026-06-15","2026-06-17"
"24031","2026-07-12","2026-07-14"
"24032","2026-06-24","2026-08-23"
"24033","2026-10-22","2026-11-21"
"24034","2026-06-28","2026-06-30"
"24035","",""
"24036","2027-02-28","2027-03-30"
"24037","2026-06-15","2026-07-15"
"24038","2027-01-01","2027-01-31"
"24039","2026-06-30","2026-07-30"
"24040","2026-06-30","2026-07-30"
"24041","2026-07-31","2026-08-30"
"24042","2026-06-19","2026-06-20"
"24043","2026-07-22","2026-08-21"
"24044","2027-03-31","2027-04-30"
"24045","2026-08-01","2026-08-31"
"24046","2026-08-01","2026-08-31"
"24047","2026-07-07","2026-08-06"
"24048","2026-06-15","2026-07-15"
"24049","2026-07-15","2026-08-14"
"24050","2026-07-27","2026-07-30"
"24051","2026-06-23","2026-06-25"
"24052","2026-07-02","2026-08-01"
"24053","2026-07-27","2026-08-26"
"24054","2026-07-27","2026-08-26"
"24055","2026-07-27","2026-08-26"
"24056","2026-06-25","2026-07-25"
"24057","2026-06-25","2026-07-25"
"24058","2026-06-25","2026-07-25"
"24059","2026-06-21","2026-07-21"
"24060","2026-06-15","2026-07-15"
"24061","2026-07-31","2026-08-30"
"24062","2026-09-30","2026-10-30"
"24063","2026-12-23","2027-01-23"
"24064","2026-08-09","2026-09-08"
"24065","",""
"24066","2026-11-27","2026-11-29"
"24067","2026-06-21","2026-06-22"
"24068","2026-07-08","2026-07-10"
"24069","",""
"24070","2026-06-15","2026-07-15"
"24071","2026-12-01","2026-12-31"
"24072","2026-07-20","2026-08-19"
"24073","2026-12-20","2027-01-19"
"24074","2026-07-06","2026-07-07"
"24075","2026-06-22","2026-06-25"
"24076","2026-07-01","2026-07-03"
"24077","2026-06-30","2026-07-30"
"24078","2027-02-28","2027-03-30"
"24079","2026-06-30","2026-07-30"
"24080","2026-06-30","2026-07-30"
"24081","2026-06-30","2026-07-30"
"24082","2026-06-30","2026-07-30"
"24083","2026-08-08","2026-08-09"
"24084","2026-06-14","2026-07-14"
"24085","2026-07-05","2026-07-10"
"24086","2026-08-08","2026-08-09"
"24087","",""
"24088","",""
"24089","2026-06-14","2026-06-15"
"24090","",""
"24091","",""
"24092","2026-09-01","2026-10-01"
"24093","",""
"24094","2026-06-14","2026-07-14"
"24095","2026-08-08","2026-09-07"
"24096","2026-06-16","2026-06-19"
"24097","2026-09-01","2026-09-02"
"24098","",""
"24099","2026-06-23","2026-08-07"
"24100","2026-07-05","2026-08-04"
"24101","2026-09-15","2026-10-15"
"24102","2026-06-18","2026-06-19"
"24103","2027-05-02","2027-06-02"
"24104","2026-08-31","2026-09-30"
"24105","2026-06-14","2026-07-14"
"24106","2026-08-04","2026-09-03"
"24107","2026-08-22","2026-09-21"
"24108","2026-07-01","2026-07-31"
"24109","2026-08-16","2026-09-15"
"24110","2026-08-15","2026-09-14"
"24111","2026-08-15","2026-09-14"
"24112","2026-06-25","2026-07-25"
"24113","2026-06-15","2026-06-16"
"24114","2026-08-11","2026-09-10"
"24115","2026-07-23","2026-08-22"
"24116","2026-07-05","2026-08-04"
"24117","2026-06-14","2026-06-15"
"24118","2026-12-21","2027-01-20"
"24119","2026-07-11","2026-08-10"
"24120","2026-08-17","2026-09-16"
"24121","2026-06-23","2026-06-24"
"24122","2026-08-02","2026-09-02"
"24123","2026-10-01","2026-10-31"
"24124","2026-10-01","2026-10-31"
"24125","2026-06-15","2026-07-15"
"24126","",""
"24127","2026-07-03","2026-08-02"
"24128","2027-01-01","2027-01-05"
"24129","2026-09-04","2026-10-04"
"24130","",""
"24131","2026-09-30","2026-10-30"
"24132","2026-09-01","2026-10-01"
"24133","2026-09-27","2026-10-27"
"24134","2026-06-16","2026-07-16"
"24135","2026-07-13","2026-07-16"
"24136","2026-09-07","2026-10-07"
"24137","2026-06-14","2026-07-14"
"24138","2026-09-01","2026-10-01"
"24139","2026-06-17","2026-07-17"
"24140","2026-07-30","2026-08-29"
"24141","2026-06-20","2026-07-20"
"24142","2027-01-02","2027-02-01"
"24143","2026-07-23","2026-10-06"
"24144","2026-08-01","2026-08-31"
"24145","2026-07-25","2026-08-24"
"24146","2026-06-14","2026-07-14"
"24147","2026-07-05","2026-08-04"
"24148","2026-06-16","2026-06-17"
"24149","2026-06-16","2026-06-17"
"24150","2026-06-14","2026-07-14"
"24151","",""
"24152","2026-06-23","2026-06-24"
"24153","2026-08-03","2026-09-03"
"24154","2026-06-21","2026-06-22"
"24155","2026-06-30","2026-07-30"
"24156","2026-12-01","2026-12-31"
"24157","2026-06-30","2026-07-30"
"24158","2026-06-15","2026-07-16"
"24159","2026-06-15","2026-07-15"
"24160","2026-06-21","2026-06-22"
"24161","2026-07-25","2026-08-24"
"24162","2026-09-02","2026-10-02"
"24163","2026-07-25","2026-08-24"
"24164","2026-08-02","2026-09-01"
"24165","2026-07-31","2026-08-30"
"24166","",""
"24167","2026-08-12","2026-09-11"
"24168","2026-07-08","2026-08-07"
"24169","2026-07-21","2026-08-20"
"24170","2026-08-01","2026-08-31"
"24171","2027-06-06","2027-06-07"
"24172","2027-06-06","2027-06-07"
"24173","2026-10-01","2026-10-31"
"24174","2026-07-05","2026-08-04"
"24175","2026-07-20","2026-08-19"
"24176","2026-09-26","2026-10-26"
"24177","2027-04-01","2027-05-01"
"24178","2026-06-15","2026-06-18"
"24179","2027-01-01","2027-01-31"
"24180","2026-08-01","2026-08-31"
"24181","2026-07-22","2026-08-21"
"24182","2026-09-07","2026-10-07"
"24183","2026-12-24","2027-01-23"
"24184","2026-11-15","2026-12-15"
"24185","2026-12-22","2027-01-21"
"24186","2026-09-01","2026-10-01"
"24187","2027-01-01","2027-02-01"
"24188","2026-07-13","2026-07-15"
"24189","2026-08-30","2026-09-29"
"24190","2026-06-15","2026-07-15"
"24191","2026-08-31","2026-09-30"
"24192","2026-08-08","2026-09-07"
"24193","2026-07-01","2026-07-31"
"24194","2026-07-15","2026-08-14"
"24195","2026-06-14","2026-07-14"
"24196","2026-07-21","2026-08-20"
"24197","2026-06-15","2026-06-16"
"24198","2026-12-30","2027-01-29"
"24199","2026-08-25","2026-09-24"
"24200","2026-06-17","2026-06-18"
"24201","2026-07-31","2026-08-30"
"24202","",""
"24203","2026-06-14","2026-06-17"
"24204","2026-06-15","2026-07-15"
"24205","2026-06-15","2026-07-15"
"24206","2026-06-15","2026-06-16"
"24207","2026-08-04","2026-09-03"
"24208","2027-01-01","2027-01-31"
"24209","2026-07-07","2026-07-08"
"24210","2026-06-16","2026-07-16"
"24211","",""
"24212","2026-08-01","2026-08-31"
"24213","2026-06-14","2026-07-14"
"24214","",""
"24215","2026-06-14","2026-07-14"
"24216","2026-11-22","2026-12-22"
"24217","2026-09-12","2026-10-12"
"24218","2026-08-17","2026-08-19"
"24219","2026-08-11","2026-09-10"
"24220","2026-08-01","2026-08-31"
"24221","2026-08-09","2026-09-08"
"24222","2026-06-14","2026-07-15"
"24223","2026-06-15","2026-07-15"
"24224","2026-06-29","2026-07-29"
"24225","2026-06-17","2026-07-17"
"24226","2026-06-15","2026-07-15"
"24227","",""
"24228","2026-06-15","2026-07-15"
"24229","2026-08-31","2026-09-30"
"24230","2026-08-11","2026-09-10"
"24231","2026-06-29","2026-07-29"
"24232","2027-05-23","2027-06-22"
"24233","2026-06-15","2026-06-16"
"24234","2027-01-01","2027-01-31"
"24235","2026-06-15","2026-07-15"
"24236","2026-06-15","2026-07-16"
"24237","2026-06-16","2026-06-19"
"24238","",""
"24239","2026-07-15","2026-08-14"
"24240","2026-06-15","2026-06-16"
"24241","2026-09-02","2026-10-02"
"24242","2026-07-01","2026-07-31"
"24243","2026-07-14","2026-07-16"
"24244","2026-07-15","2026-08-14"
"24245","2026-11-07","2026-12-07"
"24246","2026-06-15","2026-07-15"
"24247","2026-09-05","2026-10-05"
"24248","2026-08-09","2026-09-08"
"24249","2026-08-01","2026-08-31"
"24250","2026-06-15","2026-07-15"
"24251","",""
"24252","2026-08-31","2026-09-30"
"24253","2026-07-08","2026-08-07"
"24254","2026-06-15","2026-07-15"
"24255","2026-06-14","2026-06-15"
"24256","2026-10-17","2026-11-16"
"24257","2026-10-01","2026-10-31"
"24258","2026-12-31","2027-01-30"
"24259","2026-08-30","2026-09-29"
"24260","2026-06-15","2026-06-18"
"24261","2026-08-15","2026-09-14"
"24262","2026-07-21","2026-08-20"
"24263","2026-06-18","2026-07-18"
"24264","2026-07-08","2026-07-10"
"24265","2026-06-15","2026-07-15"
"24266","2026-06-15","2026-07-15"
"24267","2027-03-31","2027-04-30"
"24268","2026-08-30","2026-09-29"
"24269","2026-08-11","2026-09-10"
"24270","2026-08-31","2026-09-30"
"24271","2026-08-06","2026-09-05"
"24272","2026-06-15","2026-07-15"
"24273","2026-12-31","2027-01-30"
"24274","2026-07-25","2026-08-24"
"24275","2026-10-04","2026-11-03"
"24276","2026-06-14","2026-07-14"
"24277","2026-06-14","2026-07-14"
"24278","2026-12-19","2027-01-18"
"24279","2026-08-21","2026-09-20"
"24280","",""
"24281","2026-06-20","2026-06-21"
"24282","2026-12-16","2027-01-15"
"24283","2026-07-14","2026-08-13"
"24284","2026-12-20","2027-01-19"
"24285","2026-08-31","2026-09-30"
"24286","2026-07-13","2026-08-12"
"24287","2026-08-17","2026-09-16"
"24288","2026-07-28","2026-08-27"
"24289","2027-01-01","2027-01-31"
"24290","",""
"24291","2026-08-02","2026-09-01"
"24292","2026-07-02","2026-08-01"
"24293","2026-07-31","2026-08-30"
"24294","2026-06-14","2026-07-14"
"24295","2026-08-06","2026-09-05"
"24296","2026-06-15","2026-07-15"
"24297","2026-10-02","2026-11-01"
"24298","2026-08-01","2026-08-31"
"24299","2026-09-25","2026-10-25"
"24300","2026-06-15","2026-06-16"
"24301","2026-06-16","2026-06-17"
"24302","2026-06-21","2026-06-24"
"24303","2026-06-15","2026-06-18"
"24304","2026-06-15","2026-06-16"
"24305","2026-06-17","2026-06-18"
"24306","2026-07-22","2026-07-25"
"24307","2026-06-17","2026-06-18"
"24308","2026-07-04","2026-08-03"
"24309","2026-07-13","2026-08-12"
"24310","2026-06-15","2026-07-15"
"24311","2026-06-15","2026-07-15"
"24312","2026-08-09","2026-09-08"
"24313","2026-08-31","2026-09-30"
"24314","2026-07-18","2026-08-17"
"24315","2026-08-09","2026-09-08"
"24316","2026-08-15","2026-09-14"
"24317","2026-08-15","2026-09-14"
"24318","",""
"24319","2026-06-30","2026-07-30"
"24320","2026-09-30","2026-10-31"
"24341","2026-12-29","2027-01-29"
"24321","2026-06-15","2026-06-16"
"24322","2026-06-15","2026-06-16"
"24323","2026-06-16","2026-06-17"
"24324","2026-06-23","2026-06-24"
"24325","2026-06-30","2026-07-01"
"24326","2026-06-15","2026-06-16"
"24327","2026-06-15","2026-06-16"
"24328","2026-06-15","2026-06-16"
"24329","2026-06-15","2026-06-17"
"24330","2026-06-18","2026-06-19"
"24331","2026-06-18","2026-06-19"
"24332","",""
"24333","2026-08-01","2026-08-31"
"24334","2026-06-14","2026-07-14"
"24335","2026-07-24","2026-08-23"
"24336","2026-06-15","2026-07-15"
"24337","2026-10-01","2026-10-31"
"24338","2026-06-27","2026-07-27"
"24339","2026-06-15","2026-07-15"
"24340","2026-06-27","2026-07-27"
"24342","2026-06-28","2026-06-29"
"24343","2027-05-11","2027-06-10"
"24344","2026-06-24","2026-06-25"
"24345","2026-07-05","2026-08-04"
"24346","2026-08-10","2026-09-09"
"24347","2026-08-15","2026-09-14"
"24348","2026-08-01","2026-08-31"
"24349","2026-06-14","2026-06-15"
"24350","2026-11-14","2026-12-14"
"24351","2026-07-31","2026-08-30"
"24352","2027-04-06","2027-05-06"
"24353","2026-07-02","2026-08-01"
"24354","2026-07-29","2026-08-28"
"24355","2026-07-21","2026-08-20"
"24356","2026-06-14","2026-07-14"
"24357","2026-07-07","2026-08-06"
"24358","2026-07-08","2026-08-07"
"24359","2026-06-14","2026-07-14"
"24360","2026-06-14","2026-07-14"
"24361","2026-08-10","2026-09-09"
"24362","2026-07-21","2026-08-20"
"24363","2026-07-21","2026-08-20"
"24364","2026-06-14","2026-07-14"
"24365","2026-07-21","2026-08-20"
"24366","2026-07-21","2026-08-20"
"24367","2026-08-04","2026-09-03"
"24368","2026-07-07","2026-07-10"
"24369","2026-07-31","2026-08-30"
"24370","2026-06-17","2026-07-17"
"24371","2026-06-14","2026-07-14"
"24372","2026-06-15","2026-06-16"
"24373","",""
"24374","2026-06-15","2026-07-15"
"24375","2026-06-14","2026-07-14"
"24376","",""
"24377","2026-07-14","2026-08-13"
"24378","2026-09-22","2026-10-22"
"24379","2026-06-25","2026-07-25"
"24380","2026-08-27","2026-09-26"
"24381","2026-06-15","2026-07-15"
"24382","2026-06-24","2026-07-24"
"24383","2026-07-31","2026-08-30"
"24384","2026-06-22","2026-06-25"
"24385","2026-07-01","2026-07-03"
"24386","2026-07-12","2026-08-11"
"24387","2027-04-02","2027-05-02"
"24388","2026-08-14","2026-09-13"
"24389","",""
"24390","",""
"24391","2026-09-30","2026-10-30"
"24392","",""
"24393","",""
"24394","2026-06-14","2026-07-14"
"24395","2026-06-21","2026-06-23"
"24396","2026-06-14","2026-07-14"
"24397","2026-06-18","2026-06-19"
"24398","2026-06-21","2026-07-21"
"24399","2026-06-21","2026-06-24"
"24400","2026-06-26","2026-07-26"
"24401","2026-06-15","2026-06-16"
"24402","2026-08-01","2026-08-31"
"24403","2026-08-03","2026-09-02"
"24404","2026-06-15","2026-06-16"
"24405","2026-06-17","2026-06-18"
"24406","2026-07-01","2026-07-31"
"24407","2026-08-23","2026-09-22"
"24408","2026-08-01","2026-08-31"
"24409","",""
"24410","2026-08-09","2026-09-08"
"24411","2026-07-15","2026-08-14"
"24412","",""
"24413","2026-06-21","2026-07-21"
"24414","2026-07-21","2026-08-20"
"24415","2026-08-03","2026-09-02"
"24416","2026-08-31","2026-09-30"
"24417","",""
"24418","",""
"24419","2026-06-16","2026-07-16"
"24420","2026-09-23","2026-10-23"
"24421","",""
"24422","2026-08-09","2026-09-08"
"24423","2026-06-16","2026-07-16"
"24424","2026-07-31","2026-08-30"
"24425","2027-01-02","2027-02-01"
"24426","2026-06-15","2026-06-16"
"24427","2026-06-14","2026-07-14"
"24428","2026-08-31","2026-09-30"
"24429","2026-07-06","2026-08-05"
"24430","2026-07-01","2026-07-31"
"24431","",""
"24432","2026-12-17","2027-01-16"
"24433","2026-11-02","2026-12-02"
"24434","2026-08-01","2026-08-31"
"24435","2026-08-22","2026-09-21"
"24436","2026-08-22","2026-09-21"
"24437","2026-08-12","2026-09-11"
"24438","2026-08-15","2026-09-14"
"24439","2026-09-01","2026-10-01"
"24440","2026-11-29","2026-12-29"
"24441","2026-08-30","2026-09-29"
"24442","2026-07-04","2026-07-05"
"24443","2026-12-05","2027-01-04"
"24444","",""
"24445","2027-02-21","2027-03-23"
"24446","2027-05-23","2027-06-22"
"24447","2026-06-15","2026-07-15"
"24448","2026-06-21","2026-06-22"
"24449","2026-06-18","2026-06-19"
"24450","2026-08-07","2026-09-06"
"24451","2026-06-14","2026-07-14"
"24452","2026-06-14","2026-07-14"
"24453","2026-08-08","2026-09-07"
"24454","2026-06-18","2026-06-20"
"24455","2026-07-24","2026-08-23"
"24456","2026-06-15","2026-07-15"
"24457","2026-06-14","2026-07-14"
"24458","2027-05-10","2027-06-09"
"24459","2026-06-16","2026-07-16"
"24460","2026-07-24","2026-08-23"
"24461","2026-07-01","2026-07-03"
"24462","2026-08-23","2026-09-22"
"24463","2026-06-15","2026-07-15"
"24464","2026-06-17","2026-07-18"
"24465","2026-06-30","2026-07-30"
"24466","2026-12-27","2027-01-26"
"24467","2026-07-01","2026-07-31"
"24468","2026-08-09","2026-09-08"
"24469","2026-07-01","2026-07-02"
"24470","2026-11-04","2026-12-04"
"24471","2026-08-17","2026-09-16"
"24472","2026-09-30","2026-10-30"
"24473","2026-06-30","2026-07-02"
"24474","2026-08-17","2026-09-16"
"24475","",""
"24476","2026-06-15","2026-07-15"
"24477","2026-11-01","2026-12-01"
"24478","",""
"24479","",""
"24480","2026-06-14","2026-07-14"
"24481","2026-06-14","2026-07-14"
"24482","2026-06-30","2026-07-30"
"24483","2026-11-01","2026-12-01"
"24484","2026-06-22","2026-07-22"
"24485","2026-06-28","2026-07-01"
"24486","2026-06-14","2026-07-14"
"24487","2026-08-03","2026-09-02"
"24488","2026-06-14","2026-07-14"
"24489","2026-07-31","2026-08-30"
"24490","2026-06-14","2026-07-14"
"24491","2026-07-14","2026-08-13"
"24492","2026-07-10","2026-08-09"
"24493","",""
"24494","2026-06-14","2026-07-14"
"24495","2026-06-14","2026-07-15"
"24496","2026-06-15","2026-07-15"
"24497","2026-08-03","2026-09-02"
"24498","2026-11-01","2026-12-01"
"24499","2026-10-01","2026-10-31"
"24500","2026-06-14","2026-07-15"
"24501","2026-07-05","2026-07-06"
"24502","2026-07-05","2026-07-06"
"24503","2026-07-05","2026-07-06"
"24504","2026-07-05","2026-07-06"
"24505","2026-06-17","2026-07-17"
"24506","2026-08-31","2026-09-30"
"24507","2026-06-29","2026-07-29"
"24508","2026-11-01","2026-12-01"
"24509","2026-06-20","2026-06-21"
"24510","2026-06-29","2026-07-01"
"24511","2026-06-14","2026-07-14"
"24512","2026-06-17","2026-06-18"
"24513","2026-06-14","2026-07-14"
"24514","2026-08-10","2026-09-09"
"24515","2027-04-30","2027-05-30"
"24516","2026-11-06","2026-12-06"
"24517","2026-06-14","2026-07-14"
"24518","2026-08-07","2026-09-06"
"24519","",""
"24520","2026-08-31","2026-09-30"
"24521","",""
"24522","",""
"24523","2026-07-30","2026-08-29"
"24524","",""
"24525","",""
"24526","2026-06-14","2026-07-14"
"24527","2026-06-14","2026-07-14"
"24528","2026-06-14","2026-07-14"
"24529","2026-06-14","2026-07-14"
"24530","2026-06-14","2026-07-14"
"24531","2026-06-14","2026-07-14"
"24532","2026-06-14","2026-07-14"
"24533","2026-08-27","2026-09-26"
"24534","2026-06-17","2026-07-17"
"24535","2027-04-30","2027-05-30"
"24536","2026-06-14","2026-07-14"
"24537","2026-08-01","2026-08-31"
"24538","2026-11-07","2026-12-07"
"24539","2026-09-15","2026-10-15"
"24540","2026-07-11","2026-08-10"
"24541","2026-07-26","2026-08-25"
"24542","2026-06-16","2026-06-19"
"24543","2026-06-15","2026-06-18"
"24544","2026-06-22","2026-07-22"
"24545","2027-01-02","2027-02-01"
"24546","2026-06-28","2026-06-30"
"24547","2026-06-15","2026-07-15"
"24548","2026-06-15","2026-07-15"
"24549","2026-10-31","2026-11-30"
"24550","2026-06-30","2026-07-30"
"24551","2026-07-01","2026-07-31"
"24552","",""
"24553","2026-06-17","2026-07-18"
"24554","2026-07-03","2026-07-05"
"24555","",""
"24556","2026-06-21","2026-06-22"
"24557","2026-08-09","2026-09-08"
"24558","2026-07-31","2026-08-30"
"24559","2026-06-16","2026-07-16"
"24560","2026-08-06","2026-09-05"
"24561","2026-07-15","2026-07-17"
"24562","2026-07-25","2026-08-24"
"24563","2026-06-15","2026-06-16"
"24564","2026-06-14","2026-07-14"
"24565","",""
"24586","2026-08-01","2026-08-31"
"24566","2026-06-20","2026-06-22"
"24567","2026-06-15","2026-06-18"
"24568","2026-06-29","2026-07-01"
"24569","2026-06-14","2026-07-14"
"24570","2026-06-15","2026-07-15"
"24571","2026-06-15","2026-07-15"
"24572","",""
"24573","2026-06-17","2026-07-17"
"24574","2026-06-15","2026-06-16"
"24575","",""
"24576","",""
"24577","",""
"24578","2026-08-02","2026-09-01"
"24579","2026-08-21","2026-09-20"
"24580","2026-07-10","2026-08-09"
"24581","2026-08-14","2026-09-13"
"24582","2026-06-21","2026-06-22"
"24583","2026-06-21","2026-06-22"
"24584","2026-12-25","2027-01-24"
"24585","",""
"24587","2026-07-01","2026-07-31"
"24588","2026-07-03","2026-08-02"
"24589","2026-06-29","2026-07-07"
"24590","2026-08-31","2026-09-30"
"24591","2027-01-01","2027-01-31"
"24592","",""
"24593","2026-11-01","2026-12-01"
"24594","2026-06-15","2026-07-15"
"24595","2026-07-02","2026-07-05"
"24596","2026-06-23","2026-06-26"
"24597","2026-07-01","2026-07-31"
"24598","2026-06-14","2026-07-14"
"24599","",""
"24600","2026-10-01","2026-10-31"
"24601","2026-08-08","2026-09-07"
"24602","2026-08-16","2026-09-15"
"24603","2026-08-15","2026-09-15"
"24604","2026-06-28","2026-06-30"
"24605","",""
"24606","2026-06-15","2026-07-15"
"24607","2026-06-16","2026-07-16"
"24608","2026-06-14","2026-07-14"
"24609","",""
"24610","2026-06-14","2026-07-14"
"24611","2026-06-30","2026-07-30"
"24612","2026-06-30","2026-07-30"
"24613","2026-07-01","2026-07-31"
"24614","2026-07-12","2026-08-11"
"24615","2026-08-09","2026-09-08"
"24616","2026-06-15","2026-06-16"
"24617","",""
"24618","2026-06-18","2026-06-19"
"24619","2026-06-22","2026-06-23"
"24620","2026-06-14","2026-07-14"
"24621","2026-06-15","2026-07-15"
"24622","2026-06-15","2026-07-15"
"24623","2026-09-30","2026-10-30"
"24624","2026-11-08","2026-12-08"
"24625","2026-10-25","2026-11-24"
"24626","2026-07-01","2026-07-31"
"24627","2026-08-02","2026-08-05"
"24628","2026-08-23","2026-09-22"
"24629","2026-06-15","2026-06-16"
"24630","2026-06-14","2026-06-15"
"24631","2026-06-16","2026-06-17"
"24632","2026-06-14","2026-06-15"
"24633","2026-06-16","2026-06-17"
"24634","2026-06-14","2026-06-15"
"24635","2026-06-20","2026-06-21"
"24636","2026-06-14","2026-06-15"
"24637","2026-06-15","2026-06-16"
"24638","2026-06-14","2026-06-15"
"24639","2026-06-30","2026-07-30"
"24640","2027-03-01","2027-03-31"
"24641","2026-06-14","2026-06-15"
"24642","2026-06-26","2026-07-26"
"24643","2026-07-01","2026-07-31"
"24644","2026-06-30","2026-07-03"
"24645","2026-11-21","2026-12-21"
"24646","2026-11-01","2026-12-01"
"24647","",""
"24648","2026-06-23","2026-10-21"
"24649","",""
"24650","2026-09-14","2026-10-14"
"24651","2026-06-30","2026-07-30"
"24652","2026-06-30","2026-07-30"
"24653","2026-06-30","2026-07-30"
"24654","2026-06-30","2026-07-30"
"24655","2026-06-30","2026-07-30"
"24656","2026-08-08","2026-09-07"
"24657","2026-06-30","2026-07-30"
"24658","2026-08-12","2026-09-11"
"24659","2026-10-04","2026-11-03"
"24660","2026-08-31","2026-09-30"
"24661","2026-08-31","2026-09-30"
"24662","2026-08-31","2026-09-30"
"24663","2027-02-02","2027-03-04"
"24664","",""
"24665","2026-07-31","2026-08-30"
"24666","2026-10-01","2026-10-31"
"24667","2026-06-15","2026-07-15"
"24668","2026-07-01","2026-07-31"
"24669","2026-06-28","2026-06-29"
"24670","2026-10-01","2026-10-31"
"24671","2026-08-24","2026-09-23"
"24672","2027-05-15","2027-06-14"
"24673","2026-06-16","2026-07-16"
"24674","2026-08-02","2026-09-01"
"24675","2026-08-09","2026-09-08"
"24676","2026-06-18","2026-06-20"
"24677","2026-06-25","2026-07-25"
"24678","",""
"24679","2026-08-08","2026-09-07"
"24680","2026-07-17","2026-08-16"
"24681","2026-06-28","2026-06-29"
"24682","2026-06-30","2026-07-30"
"24683","2026-07-26","2026-08-25"
"24684","2026-07-31","2026-08-30"
"24685","2026-06-15","2026-07-15"
"24686","2026-06-15","2026-07-15"
"24687","2026-06-15","2026-07-15"
"24688","2026-06-14","2026-07-14"
"24689","2026-10-09","2026-11-08"
"24690","2026-07-19","2026-08-18"
"24691","2026-06-14","2026-07-14"
"24692","2026-06-19","2026-06-21"
"24693","2026-06-16","2026-06-18"
"24694","2026-06-30","2026-07-03"
"24695","2026-06-21","2026-06-23"
"24696","2026-06-15","2026-07-15"
"24697","2026-08-01","2026-08-31"
"24698","2027-02-01","2027-03-03"
"24699","2026-08-13","2026-09-12"
"24700","2026-06-16","2026-07-17"
"24701","2026-06-14","2026-07-14"
"24702","2026-08-07","2026-09-06"
"24703","2027-01-01","2027-01-06"
"24704","2026-06-15","2026-07-15"
"24705","2026-06-14","2026-07-14"
"24706","2026-06-16","2026-06-17"
"24707","2026-06-14","2026-07-14"
"24708","",""
"24709","",""
"24710","2027-06-01","2027-06-02"
"24711","2026-06-23","2026-09-21"
"24712","2026-06-14","2026-07-14"
"24713","2026-06-24","2026-07-24"
"24714","2026-06-16","2026-07-16"
"24715","2026-12-18","2027-01-17"
"24716","2027-03-31","2027-04-30"
"24717","2026-06-15","2026-06-16"
"24718","2026-06-15","2026-07-15"
"24719","",""
"24720","2026-09-30","2026-10-30"
"24721","2026-08-15","2026-09-15"
"24722","",""
"24723","2026-07-12","2026-07-15"
"24724","2026-06-15","2026-07-15"
"24725","2026-12-20","2027-01-19"
"24726","2026-12-31","2027-01-30"
"24727","2026-06-14","2026-07-14"
"24728","2026-07-11","2026-07-14"
"24729","2026-06-14","2026-07-14"
"24730","2026-09-20","2026-10-20"
"24731","2026-06-15","2026-07-15"
"24732","2026-06-16","2026-07-16"
"24733","2026-07-31","2026-08-30"
"24734","2026-07-01","2026-07-02"
"24735","2026-07-06","2026-08-05"
"24736","2026-08-21","2026-09-20"
"24737","2026-06-29","2026-07-01"
"24738","2026-08-18","2026-09-17"
"24739","2026-08-01","2026-08-31"
"24740","2026-06-15","2026-07-15"
"24741","2026-06-30","2026-07-30"
"24742","2026-07-01","2026-07-31"
"24743","2026-07-21","2026-08-20"
"24744","",""
"24745","2026-06-20","2026-06-21"
"24746","2026-07-24","2026-08-23"
"24747","2026-07-10","2026-08-09"
"24748","2026-12-11","2027-01-10"
"24749","2026-06-14","2026-07-14"
"24750","2026-07-04","2026-08-03"
"24751","2026-09-18","2026-12-07"
"24752","2026-06-15","2026-06-16"
"24753","2026-06-15","2026-06-17"
"24754","2026-08-01","2026-08-31"
"24755","2027-02-01","2027-03-03"
"24756","2026-08-31","2026-11-29"
"24757","2026-08-03","2026-09-02"
"24758","2026-08-01","2026-08-31"
"24759","2026-10-18","2026-11-17"
"24760","2027-03-31","2027-04-30"
"24761","2026-06-30","2026-07-30"
"24762","",""
"24763","2026-06-14","2026-07-14"
"24764","2026-07-22","2026-08-21"
"24765","2026-06-16","2026-07-16"
"24766","2027-01-04","2027-02-03"
"24767","2026-06-15","2026-07-15"
"24768","",""
"24769","2026-06-15","2026-06-16"
"24770","2026-08-15","2026-09-14"
"24771","2026-06-18","2026-06-19"
"24772","",""
"24773","2026-06-15","2026-07-15"
"24774","2026-12-01","2027-01-01"
"24775","2026-06-14","2026-07-14"
"24776","2026-06-14","2026-07-14"
"24777","2026-12-20","2027-01-19"
"24778","2026-09-03","2026-10-03"
"24779","2026-08-30","2026-09-29"
"24780","2026-06-19","2026-07-19"
"24781","2026-12-31","2027-01-30"
"24782","2026-08-08","2026-09-07"
"24783","2026-07-22","2026-08-21"
"24784","2026-09-26","2026-10-26"
"24785","2026-07-30","2026-08-29"
"24786","2026-09-10","2026-10-10"
"24787","",""
"24788","2027-02-08","2027-03-10"
"24789","2027-01-25","2027-02-24"
"24790","",""
"24791","2027-03-15","2027-04-14"
"24792","2026-09-02","2026-10-02"
"24793","2026-11-09","2026-12-09"
"24794","2026-12-16","2027-01-15"
"24795","2026-11-16","2026-12-16"
"24796","2026-09-13","2026-10-13"
"24797","",""
"24798","2026-07-31","2026-08-30"
"24799","2026-07-15","2026-08-14"
"24800","",""
"24801","2026-07-14","2026-08-13"
"24802","2026-08-22","2026-09-21"
"24803","2027-03-31","2027-04-30"
"24804","",""
"24805","2026-09-01","2026-10-01"
"24806","",""
"24807","2026-06-20","2026-07-20"
"24808","2026-06-30","2026-07-30"
"24809","",""
"24810","2026-11-20","2026-12-20"
"24811","2026-08-09","2026-09-08"
"24812","",""
"24813","2026-12-23","2027-01-22"
"24814","2026-06-14","2026-07-14"
"24815","",""
"24816","2026-08-05","2026-09-04"
"24817","2026-08-02","2026-09-01"
"24818","2026-07-05","2026-08-04"
"24819","2026-06-14","2026-07-14"
"24820","2026-08-05","2026-09-04"
"24821","2026-07-13","2026-08-12"
"24822","",""
"24823","2026-08-08","2026-09-07"
"24824","2026-07-06","2026-08-05"
"24825","2026-07-01","2026-07-02"
"24826","2026-08-10","2026-09-09"
"24827","2026-06-17","2026-06-18"
"24828","2026-07-21","2026-07-24"
"24829","2026-06-15","2026-07-15"
"24830","2026-06-15","2026-07-15"
"24831","2026-06-14","2026-07-14"
"24832","2026-08-01","2026-08-31"
"24833","2026-06-16","2026-07-16"
"24834","2026-11-30","2026-12-30"
"24835","2026-08-20","2026-09-19"
"24836","2026-08-01","2026-08-31"
"24837","2026-08-01","2026-08-31"
"24838","2027-01-04","2027-02-03"
"24839","",""
"24840","2026-08-08","2026-09-07"
"24841","2026-06-17","2026-06-18"
"24842","2026-06-15","2026-06-16"
"24843","2026-06-17","2026-06-18"
"24844","2026-06-14","2026-07-15"
"24845","2026-08-25","2026-09-24"
"24846","2026-06-15","2026-06-16"
"24847","2026-07-26","2026-08-25"
"24848","2027-05-01","2027-05-31"
"24849","2026-07-14","2026-08-13"
"24850","2026-06-16","2026-07-16"
"24851","2026-07-16","2026-08-15"
"24852","2026-12-06","2027-01-05"
"24853","2026-10-01","2026-10-31"
"24854","2026-08-26","2026-08-29"
"24855","2026-08-06","2026-09-05"
"24856","2026-07-27","2026-08-26"
"24857","2026-06-16","2026-07-16"
"24858","2026-06-15","2026-06-16"
"24859","2026-07-01","2026-07-31"
"24860","2027-02-21","2027-03-23"
"24861","2026-06-14","2026-07-14"
"24862","2026-06-14","2026-07-14"
"24863","",""
"24864","2026-07-02","2026-07-03"
"24865","",""
"24866","2026-07-13","2026-08-12"
"24867","2026-06-14","2026-07-14"
"24868","2026-09-01","2026-10-01"
"24869","2026-08-11","2026-09-10"
"24870","2026-09-30","2026-10-30"
"24871","2026-06-23","2026-06-24"
"24872","2026-06-25","2026-06-26"
"24873","2026-06-23","2026-06-24"
"24874","2026-06-23","2026-06-24"
"24875","2026-06-23","2026-06-24"
"24876","2026-06-23","2026-06-24"
"24877","2026-08-08","2026-09-07"
"24878","2026-07-21","2026-08-20"
"24879","2026-06-30","2026-07-30"
"24880","2026-09-04","2026-10-04"
"24881","2026-07-12","2026-08-11"
"24882","2026-06-15","2026-06-16"
"24883","2026-09-15","2026-10-15"
"24884","2026-06-20","2026-06-21"
"24885","2026-06-15","2026-06-16"
"24886","2026-08-03","2026-09-02"
"24887","2026-08-09","2026-09-08"
"24888","2026-07-13","2026-07-15"
"24889","2026-09-01","2026-10-01"
"24890","2026-12-20","2027-01-19"
"24891","2026-06-29","2026-06-30"
"24892","2026-06-21","2026-07-21"
"24893","2026-06-16","2026-06-17"
"24894","2026-06-14","2026-07-14"
"24895","2026-06-14","2026-07-14"
"24896","2026-06-22","2026-07-22"
"24897","2026-12-31","2027-01-30"
"24898","2026-06-14","2026-06-15"
"24899","2026-06-15","2026-07-15"
"24900","2026-06-23","2026-06-25"
"24901","2026-08-01","2026-08-31"
"24902","",""
"24903","2026-08-02","2026-09-01"
"24904","2026-08-08","2026-09-07"
"24905","2026-06-15","2026-07-15"
"24906","",""
"24907","",""
"24908","2027-01-04","2027-02-03"
"24909","2026-09-01","2026-10-01"
"24910","2026-08-16","2026-09-15"
"24911","2026-07-26","2026-10-24"
"24912","2026-06-26","2026-07-26"
"24913","2026-07-15","2026-08-15"
"24914","2027-01-04","2027-02-03"
"24915","2026-06-17","2026-07-17"
"24916","2026-06-15","2026-07-15"
"24917","2026-07-31","2026-08-30"
"24918","2026-08-01","2026-08-31"
"24919","2026-08-17","2026-09-16"
"24920","2026-06-15","2026-06-16"
"24921","2026-10-02","2026-11-01"
"24922","2026-10-01","2026-10-31"
"24923","2026-08-11","2026-09-10"
"24924","2026-08-01","2026-08-31"
"24925","2026-06-14","2026-07-14"
"24926","2026-08-06","2026-09-05"
"24927","2026-08-01","2026-08-31"
"24928","2027-01-01","2027-01-31"
"24929","2026-06-15","2026-07-15"
"24930","",""
"24931","2026-11-28","2026-12-28"
"24932","2026-06-14","2026-07-14"
"24933","2026-08-02","2026-09-01"
"24934","2026-08-07","2026-09-06"
"24935","2026-06-15","2026-06-17"
"24936","2026-06-14","2026-07-14"
"24937","2026-07-07","2026-07-09"
"24938","2026-08-08","2026-09-07"
"24939","2026-06-14","2026-07-14"
"24940","2026-10-01","2026-10-31"
"24941","2026-06-15","2026-07-15"
"24942","2026-06-15","2026-07-15"
"24943","2026-08-31","2026-09-30"
"24944","2026-06-15","2026-07-15"
"24945","2026-07-17","2026-07-19"
"24946","2026-07-17","2026-07-19"
"24947","2026-06-16","2026-06-17"
"24948","2026-07-25","2026-08-24"
"24949","2026-06-14","2026-07-14"
"24950","2026-06-14","2026-07-14"
"24951","2026-06-15","2026-07-15"
"24952","2026-06-14","2026-07-14"
"24953","2026-07-01","2026-07-31"
"24954","2026-06-16","2026-07-16"
"24955","2026-11-15","2026-12-15"
"24956","2026-11-20","2026-12-20"
"24957","2027-01-01","2027-01-06"
"24958","2026-06-15","2026-07-15"
"24959","2026-06-14","2026-06-15"
"24960","2026-06-16","2026-07-16"
"24961","2026-07-21","2026-08-20"
"24962","2026-06-15","2026-06-17"
"24963","2027-05-10","2027-06-09"
"24964","2026-12-13","2027-01-12"
"24965","2026-06-21","2026-06-22"
"24966","2026-06-22","2026-06-23"
"24967","2026-07-23","2026-08-22"
"24968","",""
"24969","2026-08-01","2026-08-31"
"24970","2026-06-17","2026-08-31"
"24971","2026-06-20","2026-07-20"
"24972","2026-07-26","2026-08-25"
"24973","2026-11-01","2026-12-01"
"24974","2026-06-14","2026-07-14"
"24975","2026-06-14","2026-07-14"
"24976","2026-06-14","2026-07-14"
"24977","2026-06-17","2026-07-17"
"24978","2026-06-16","2026-07-16"
"24979","2026-08-24","2026-09-23"
"24980","2026-06-14","2026-07-14"
"24981","2026-06-14","2026-07-14"
"24982","2026-06-14","2026-07-14"
"24983","2026-06-23","2026-06-24"
"24984","2026-09-15","2026-10-15"
"24985","2026-08-01","2026-08-31"
"24986","",""
"24987","2026-08-14","2026-08-15"
"24988","",""
"24989","",""
"24990","2026-07-11","2026-08-10"
"24991","2026-07-22","2026-08-21"
"24992","2026-07-04","2026-07-06"
"24993","2026-06-14","2026-07-14"
"24994","2026-07-31","2026-08-30"
"24995","2026-10-31","2026-11-30"
"24996","2026-06-23","2026-06-24"
"24997","2026-06-23","2026-06-24"
"24998","2026-06-23","2026-06-24"
"24999","2026-06-23","2026-06-24"
"25000","2026-06-15","2026-07-15"
"25001","2026-08-01","2026-08-31"
"25002","2026-06-14","2026-07-14"
"25003","2026-06-15","2026-07-15"
"25004","2026-06-26","2026-07-26"
"25005","2026-08-31","2026-09-30"
"25006","2026-07-06","2026-08-05"
"25007","2026-09-01","2026-10-01"
"25008","2026-08-23","2026-09-22"
"25009","2026-11-01","2026-12-01"
"25010","2026-09-19","2026-10-19"
"25011","2026-07-02","2026-07-05"
"25012","2026-06-21","2026-06-22"
"25013","2026-09-23","2026-10-23"
"25014","2026-06-23","2026-06-24"
"25015","2026-06-15","2026-07-15"
"25016","",""
"25017","2026-06-30","2026-09-28"
"25018","2026-08-01","2026-08-31"
"25019","2026-06-27","2026-07-27"
"25020","2026-07-02","2026-08-01"
"25021","2026-06-14","2026-07-14"
"25022","2026-07-03","2026-08-02"
"25023","2026-07-13","2026-08-12"
"25024","",""
"25025","",""
"25026","2026-06-17","2026-07-17"
"25027","2026-11-20","2026-12-20"
"25028","2027-02-28","2027-03-30"
"25029","2026-10-10","2026-11-09"
"25030","2026-10-30","2026-11-29"
"25031","2026-11-02","2026-12-02"
"25032","",""
"25033","2027-02-28","2027-03-30"
"25034","",""
"25035","",""
"25036","2026-12-31","2027-01-30"
"25037","2026-08-15","2026-09-14"
"25038","2026-06-23","2026-06-24"
"25039","2026-12-20","2027-01-19"
"25040","2026-08-03","2026-09-02"
"25041","2026-10-11","2026-11-10"
"25042","2026-07-05","2026-08-05"
"25043","2026-06-28","2026-07-28"
"25044","",""
"25045","",""
"25046","2026-09-07","2026-10-07"
"25047","2027-05-04","2027-06-03"
"25048","2026-06-17","2026-06-24"
"25049","2026-06-15","2026-06-22"
"25050","2026-06-16","2026-07-16"
"25051","2026-07-01","2026-07-31"
"25052","2026-06-16","2026-06-17"
"25053","2026-06-22","2026-06-23"
"25054","2026-06-15","2026-07-15"
"25055","2026-06-21","2026-06-22"
"25056","2026-09-08","2026-10-08"
"25057","2026-06-20","2026-06-21"
"25058","2026-06-16","2026-07-16"
"25059","2026-06-15","2026-07-15"
"25060","2026-07-13","2026-08-12"
"25061","",""
"25062","",""
"25063","2026-06-15","2026-06-17"
"25064","2026-12-20","2027-01-19"
"25065","2026-07-23","2026-08-22"
"25066","2026-06-21","2026-06-22"
"25067","2027-03-28","2027-04-27"
"25068","2026-06-14","2026-07-14"
"25069","2026-07-20","2026-08-19"
"25070","2026-06-14","2026-07-14"
"25071","2026-09-25","2026-10-25"
"25072","2026-06-15","2026-06-16"
"25073","2026-06-29","2026-06-30"
"25074","2026-07-01","2026-07-31"
"25075","2026-07-05","2026-07-06"
"25076","2026-08-01","2026-08-31"
"25077","2026-08-08","2026-09-07"
"25078","2026-07-31","2026-08-30"
"25079","2026-07-01","2026-07-31"
"25080","2026-06-19","2026-06-20"
"25081","2026-07-28","2026-07-30"
"25082","2026-08-01","2026-08-31"
"25083","2026-06-15","2026-07-15"
"25084","2026-06-25","2026-06-26"
"25085","2026-06-23","2026-06-24"
"25086","2026-06-25","2026-06-26"
"25087","2026-08-30","2026-09-29"
"25088","2026-06-14","2026-07-14"
"25089","2026-06-14","2026-06-15"
"25090","2026-08-16","2026-09-15"
"25091","2026-06-24","2026-06-25"
"25092","2026-06-20","2026-06-21"
"25093","",""
"25094","2026-06-24","2026-06-25"
"25095","2026-06-22","2026-06-23"
"25096","2026-06-20","2026-06-21"
"25097","2026-11-10","2026-12-10"
"25098","2026-07-28","2026-08-27"
"25099","2026-06-20","2026-06-21"
"25100","2026-07-08","2026-08-07"
"25101","2026-07-14","2026-08-13"
"25102","2026-08-25","2026-09-24"
"25103","2026-06-14","2026-06-16"
"25104","2026-06-23","2026-06-25"
"25105","2026-06-15","2026-06-17"
"25106","2026-06-30","2026-07-30"
"25107","2026-06-14","2026-07-14"
"25108","2026-06-14","2026-07-14"
"25109","2026-06-14","2026-07-14"
"25110","2026-07-31","2026-08-30"
"25111","2026-06-15","2026-07-15"
"25112","2026-07-02","2026-07-05"
"25113","2026-07-01","2026-07-31"
"25114","2026-06-21","2026-06-23"
"25115","2026-07-17","2026-08-16"
"25116","2026-06-15","2026-06-16"
"25117","2026-06-14","2026-07-14"
"25118","2026-06-14","2026-07-14"
"25119","2026-06-14","2026-07-14"
"25120","2026-08-13","2026-09-12"
"25121","2026-08-13","2026-09-12"
"25122","2026-09-30","2026-10-30"
"25123","2026-06-29","2026-07-03"
"25124","2026-10-01","2026-10-31"
"25125","2026-06-23","2026-09-21"
"25126","2026-07-16","2026-08-15"
"25127","2026-06-23","2026-08-22"
"25128","2026-09-03","2026-10-03"
"25129","2027-02-02","2027-03-04"
"25130","2026-06-18","2026-06-19"
"25131","2026-06-18","2026-06-19"
"25132","2026-06-18","2026-06-19"
"25133","2026-06-18","2026-06-19"
"25134","2026-06-18","2026-06-19"
"25135","2026-08-03","2026-09-02"
"25136","2026-12-03","2027-01-02"
"25137","2026-06-14","2026-07-14"
"25138","2026-06-15","2026-07-15"
"25139","2026-07-08","2026-08-07"
"25140","2026-08-23","2026-09-22"
"25141","2026-07-01","2026-07-31"
"25142","2026-07-31","2026-08-30"
"25143","2026-06-15","2026-07-15"
"25144","2026-07-01","2026-07-31"
"25145","2026-12-08","2027-01-07"
"25146","2026-06-19","2026-07-19"
"25147","2026-08-30","2026-09-29"
"25148","2026-06-14","2026-07-14"
"25149","2026-09-20","2026-10-20"
"25150","2026-09-02","2026-10-02"
"25151","2026-09-03","2026-10-03"
"25152","2026-07-04","2026-10-02"
"25153","2026-07-31","2026-08-30"
"25154","2026-06-15","2026-07-15"
"25155","",""
"25156","2026-07-01","2026-07-31"
"25157","2026-08-30","2026-09-29"
"25158","2026-08-14","2026-11-12"
"25159","2026-06-24","2026-07-24"
"25160","2026-07-07","2026-07-09"
"25161","2026-08-30","2026-09-29"
"25162","2026-07-23","2026-08-22"
"25163","2026-12-31","2027-01-30"
"25164","2026-06-15","2026-07-15"
"25165","2026-06-14","2026-07-14"
"25166","2026-10-24","2026-11-23"
"25167","2026-06-17","2026-06-19"
"25168","2026-11-07","2026-12-07"
"25169","2026-09-03","2026-10-03"
"25170","2027-01-02","2027-02-01"
"25171","2026-08-07","2026-09-06"
"25172","2026-09-01","2026-10-01"
"25173","",""
"25174","",""
"25175","2026-08-01","2026-08-31"
"25176","2026-06-30","2026-07-30"
"25177","2026-06-15","2026-07-15"
"25178","2026-08-08","2026-09-07"
"25179","2026-07-08","2026-07-12"
"25180","2026-06-15","2026-06-16"
"25181","2026-08-01","2026-08-31"
"25182","2026-06-15","2026-06-16"
"25183","2026-10-01","2026-10-31"
"25184","2027-02-07","2027-03-09"
"25185","2026-06-23","2026-07-23"
"25186","2026-06-16","2026-07-17"
"25187","2026-06-14","2026-07-14"
"25188","2026-11-09","2026-12-09"
"25189","2026-06-23","2026-09-21"
"25190","2026-06-15","2026-07-15"
"25191","2026-08-02","2026-09-02"
"25192","2026-07-11","2026-08-10"
"25193","2026-08-23","2026-09-22"
"25194","2026-07-05","2026-08-04"
"25195","2026-07-10","2026-08-09"
"25196","",""
"25197","2026-06-14","2026-07-14"
"25198","2026-06-30","2026-07-04"
"25199","2026-09-30","2026-10-30"
"25200","2026-08-22","2026-09-21"
"25201","2027-02-28","2027-03-30"
"25202","2026-08-01","2026-08-31"
"25203","2026-07-05","2026-07-06"
"25204","2026-07-21","2026-08-20"
"25205","2026-07-17","2026-08-16"
"25206","2026-06-24","2026-06-25"
"25207","2026-06-20","2026-07-20"
"25208","2027-01-31","2027-03-02"
"25209","2026-06-14","2026-07-14"
"25210","2026-07-25","2026-07-26"
"25211","2026-06-24","2026-06-25"
"25212","2026-12-29","2027-01-28"
"25213","2026-07-23","2026-08-22"
"25214","2026-08-01","2026-08-31"
"25215","2026-08-01","2026-08-31"
"25216","2026-06-14","2026-07-14"
"25217","2026-06-15","2026-07-15"
"25218","2026-08-01","2026-08-31"
"25219","2026-06-15","2026-07-15"
"25220","2026-06-15","2026-07-15"
"25221","2026-11-02","2026-12-02"
"25222","2026-08-30","2026-09-29"
"25223","2026-07-08","2026-07-11"
"25224","2026-06-16","2026-06-18"
"25225","",""
"25226","2026-12-21","2027-01-20"
"25227","2026-09-01","2026-10-01"
"25228","2026-11-01","2026-12-01"
"25229","2026-08-19","2026-09-18"
"25230","",""
"25231","2027-03-30","2027-04-29"
"25232","2026-06-17","2026-07-17"
"25233","2026-06-21","2026-06-23"
"25234","2026-06-16","2026-07-16"
"25235","2027-01-31","2027-03-02"
"25236","",""
"25237","2026-12-11","2027-01-10"
"25238","2026-12-11","2027-01-10"
"25239","2026-06-21","2026-07-21"
"25240","2027-05-15","2027-06-14"
"25241","2027-01-01","2027-01-31"
"25242","2026-07-21","2026-08-20"
"25243","2026-06-16","2026-07-16"
"25244","2026-09-15","2026-10-15"
"25245","2026-07-06","2026-07-09"
"25246","2026-08-11","2026-09-10"
"25247","2027-02-28","2027-03-30"
"25248","2026-07-20","2026-07-22"
"25249","2026-07-20","2026-08-19"
"25250","2026-08-02","2026-09-01"
"25251","2026-10-01","2026-10-31"
"25252","2026-07-14","2026-07-16"
"25253","",""
"25254","",""
"25255","2027-03-01","2027-03-31"
"25256","2026-08-29","2026-09-28"
"25257","2026-06-28","2026-07-03"
"25258","2026-06-22","2026-06-23"
"25259","2026-06-17","2026-07-17"
"25260","2026-09-30","2027-03-29"
"25261","2026-06-16","2026-07-16"
"25262","2026-06-17","2026-06-18"
"25263","2026-06-28","2026-07-28"
"25264","2026-06-16","2026-07-16"
"25265","2026-06-29","2026-06-30"
"25266","2026-06-15","2026-07-15"
"25267","2026-08-09","2026-09-08"
"25268","2026-08-09","2026-09-08"
"25269","2026-06-14","2026-07-14"
"25270","2026-06-22","2026-06-23"
"25271","2026-07-01","2026-07-31"
"25272","2026-06-21","2026-06-22"
"25273","2026-07-08","2026-08-07"
"25274","",""
"25275","2026-06-16","2026-07-16"
"25276","2026-06-17","2026-07-17"
"25277","2026-06-29","2026-06-30"
"25278","2026-07-21","2026-08-20"
"25279","2027-01-01","2027-04-01"
"25280","2026-06-30","2026-07-30"
"25281","2026-06-15","2026-07-15"
"25282","2026-09-19","2026-10-19"
"25283","2027-01-01","2027-04-01"
"25284","2026-08-10","2026-09-09"
"25285","2026-09-01","2026-10-01"
"25286","2026-10-03","2026-11-02"
"25287","2026-12-22","2027-01-21"
"25288","2026-09-22","2026-10-22"
"25289","",""
"25290","2026-06-27","2026-06-28"
"25291","2026-06-23","2026-06-24"
"25292","2026-06-15","2026-06-16"
"25293","",""
"25294","2026-07-31","2026-08-30"
"25295","2026-06-15","2026-06-16"
"25296","2026-06-15","2026-07-15"
"25297","2026-06-14","2026-07-15"
"25298","2026-09-01","2026-10-01"
"25299","2026-08-31","2026-09-30"
"25300","2026-06-30","2026-07-30"
"25301","2027-02-28","2027-03-30"
"25302","2026-07-21","2026-08-20"
"25303","2026-09-01","2026-10-01"
"25304","",""
"25305","2026-06-14","2026-07-14"
"25306","2026-06-14","2026-07-14"
"25307","2027-01-02","2027-02-01"
"25308","2026-06-14","2026-07-14"
"25309","2026-06-26","2026-07-26"
"25310","2026-06-23","2026-06-24"
"25311","2026-07-31","2026-08-30"
"25312","2026-06-15","2026-06-16"
"25313","2026-06-27","2026-06-28"
"25314","2027-03-01","2027-03-31"
"25315","2026-07-31","2026-08-30"
"25316","2026-06-14","2026-07-14"
"25317","2026-06-15","2026-07-15"
"25318","2026-08-15","2026-09-14"
"25319","2026-07-01","2026-07-31"
"25320","2026-06-15","2026-07-15"
"25321","2026-06-15","2026-07-15"
"25322","2026-06-15","2026-07-15"
"25323","2026-06-14","2026-07-14"
"25324","2026-06-15","2026-07-15"
"25325","",""
"25326","2026-08-31","2026-09-30"
"25327","2026-11-12","2026-12-12"
"25328","2026-06-15","2026-07-15"
"25329","2026-09-01","2026-10-01"
"25330","2026-06-21","2026-06-22"
"25331","2026-10-01","2026-10-31"
"25332","2026-06-17","2026-07-17"
"25333","2026-06-14","2026-07-14"
"25334","2026-07-01","2026-07-31"
"25335","2026-06-15","2026-07-15"
"25336","2026-07-11","2026-08-10"
"25337","2027-03-27","2027-04-26"
"25338","2026-06-15","2026-06-17"
"25339","2026-08-01","2026-08-31"
"25340","2026-09-01","2026-10-01"
"25341","2026-11-01","2026-12-01"
"25342","2026-06-17","2026-07-17"
"25343","2026-08-16","2026-09-15"
"25344","2026-06-21","2026-06-22"
"25345","2026-08-02","2026-10-31"
"25346","2026-06-14","2026-07-14"
"25347","",""
"25348","",""
"25349","2026-07-04","2026-08-03"
"25350","2026-07-04","2026-08-03"
"25351","2026-06-15","2026-06-16"
"25352","2026-06-15","2026-06-16"
"25353","2026-06-26","2026-07-26"
"25354","2026-06-14","2026-06-16"
"25355","2026-06-17","2026-06-18"
"25356","",""
"25357","2026-06-15","2026-07-15"
"25358","2026-06-14","2026-07-14"
"25359","2026-06-29","2026-06-30"
"25360","",""
"25361","",""
"25362","2026-06-16","2026-07-16"
"25363","2026-11-09","2026-12-09"
"25364","2026-07-01","2026-07-31"
"25365","2026-06-26","2026-07-26"
"25366","2026-08-02","2026-09-01"
"25367","2026-08-01","2026-08-31"
"25368","2026-06-15","2026-06-16"
"25369","2027-03-01","2027-03-31"
"25370","2026-06-14","2026-07-14"
"25371","",""
"25372","2026-08-02","2026-09-01"
"25373","2026-06-21","2026-07-21"
"25374","",""
"25375","2026-09-04","2026-10-04"
"25376","2026-09-20","2026-10-20"
"25377","2026-06-24","2026-06-25"
"25378","2026-06-14","2026-07-14"
"25379","2026-06-14","2026-07-14"
"25380","2026-06-14","2026-07-14"
"25381","2026-08-15","2026-09-14"
"25382","",""
"25383","2026-08-02","2026-09-01"
"25384","2026-08-10","2026-09-09"
"25385","2026-06-15","2026-06-17"
"25386","2026-06-15","2026-07-15"
"25387","2026-06-15","2026-07-15"
"25388","2026-06-15","2026-07-15"
"25389","2026-06-15","2026-07-15"
"25390","2026-07-31","2026-08-30"
"25391","2026-06-15","2026-07-15"
"25392","2026-07-01","2026-07-31"
"25393","2026-12-01","2026-12-31"
"25394","2027-03-26","2027-04-25"
"25395","2026-07-01","2026-07-31"
"25396","2026-07-07","2027-01-03"
"25397","2026-08-03","2026-09-02"
"25398","",""
"25399","",""
"25400","2026-06-29","2026-07-29"
"25401","2026-06-23","2027-06-23"
"25402","2026-06-15","2026-07-15"
"25403","2026-07-31","2026-08-30"
"25404","2026-06-15","2026-07-15"
"25405","2026-06-29","2026-07-01"
"25406","2026-06-16","2026-07-16"
"25407","2026-07-08","2026-07-10"
"25408","",""
"25409","2027-01-01","2027-01-31"
"25410","2026-09-02","2026-10-02"
"25411","2026-07-05","2026-08-04"
"25412","2026-06-26","2026-07-26"
"25413","2026-07-22","2026-08-21"
"25414","",""
"25415","2026-09-01","2026-10-01"
"25416","2026-10-06","2026-11-05"
"25417","2026-07-01","2026-07-31"
"25418","2026-08-08","2026-11-06"
"25419","2026-07-03","2026-08-02"
"25420","2026-09-01","2026-10-01"
"25421","2026-08-01","2026-08-31"
"25422","2026-06-18","2026-06-19"
"25423","2026-06-15","2026-07-15"
"25424","2026-08-22","2026-09-21"
"25425","2027-01-14","2027-02-13"
"25426","2026-06-18","2026-06-19"
"25427","2026-07-07","2026-07-09"
"25428","2026-07-07","2026-07-09"
"25429","2026-07-07","2026-07-08"
"25430","2026-07-07","2026-07-08"
"25431","2026-07-31","2026-08-30"
"25432","2026-07-31","2026-08-30"
"25433","2026-07-19","2026-08-18"
"25434","2026-08-02","2026-09-01"
"25435","2026-07-15","2026-08-14"
"25436","2026-06-14","2026-07-14"
"25437","2026-06-22","2026-07-22"
"25438","2026-06-20","2026-06-21"
"25439","2026-09-19","2026-10-19"
"25440","2026-08-02","2026-09-01"
"25441","2026-06-14","2026-07-14"
"25442","2026-08-01","2026-08-31"
"25443","2026-07-01","2026-07-31"
"25444","2026-07-31","2026-08-30"
"25445","2026-08-12","2026-09-11"
"25446","2026-08-27","2026-09-26"
"25447","2026-06-23","2026-07-23"
"25448","2026-08-02","2026-09-01"
"25449","2026-10-01","2026-10-31"
"25450","2026-11-09","2026-12-09"
"25451","2026-11-16","2026-12-16"
"25452","2026-11-01","2026-12-01"
"25453","2026-06-14","2026-07-14"
"25454","2026-06-17","2026-07-17"
"25455","2026-08-31","2026-09-30"
"25456","2026-08-19","2026-09-18"
"25457","2026-06-14","2026-07-14"
"25458","2026-07-01","2026-07-06"
"25459","2026-06-21","2026-06-22"
"25460","2026-06-24","2026-06-26"
"25461","2026-09-24","2026-10-24"
"25462","2027-01-31","2027-03-02"
"25463","",""
"25464","",""
"25465","",""
"25466","2026-07-07","2026-07-08"
"25467","2026-07-07","2026-07-08"
"25468","2026-08-07","2026-09-06"
"25469","2026-07-07","2026-07-08"
"25470","2026-07-07","2026-07-08"
"25471","2026-07-07","2026-07-08"
"25472","2026-07-07","2026-07-08"
"25473","",""
"25474","2026-09-25","2026-10-25"
"25475","2026-06-17","2026-06-18"
"25476","2026-11-07","2026-12-07"
"25477","2026-06-15","2026-06-16"
"25478","2026-09-01","2026-10-01"
"25479","2026-12-16","2027-01-15"
"25480","2027-01-01","2027-01-31"
"25481","",""
"25482","2026-07-26","2026-07-27"
"25483","2026-09-01","2026-10-01"
"25484","2026-06-15","2026-07-15"
"25485","2027-05-10","2027-06-09"
"25486","2026-08-01","2026-08-31"
"25487","2026-06-15","2026-06-16"
"25488","2026-08-01","2026-08-31"
"25489","2026-08-01","2026-08-31"
"25490","2026-06-25","2026-06-26"
"25491","2026-06-29","2026-07-29"
"25492","2026-06-24","2026-06-26"
"25493","2026-06-19","2026-06-20"
"25494","",""
"25495","2026-08-31","2026-09-30"
"25496","2026-06-29","2026-07-29"
"25497","2026-06-25","2026-06-27"
"25498","2026-07-20","2026-08-19"
"25499","2026-06-30","2026-07-01"
"25500","2026-07-20","2026-08-19"
"25501","2026-06-16","2026-07-16"
"25502","2026-07-05","2026-08-04"
"25503","",""
"25504","2026-06-16","2026-06-18"
"25505","2026-11-09","2026-12-09"
"25506","2026-07-09","2026-08-08"
"25507","2026-08-08","2026-09-07"
"25508","2026-06-14","2026-07-14"
"25509","2026-06-30","2026-07-01"
"25510","2026-06-14","2026-07-14"
"25511","2026-08-17","2026-09-16"
"25512","2026-07-31","2026-08-30"
"25513","2026-11-30","2026-12-30"
"25514","2026-06-18","2026-06-19"
"25515","2026-06-29","2026-06-30"
"25516","2026-06-14","2026-07-14"
"25517","2026-08-22","2026-09-21"
"25518","2026-06-17","2026-07-17"
"25519","2026-06-15","2026-07-15"
"25520","2026-11-01","2026-12-01"
"25521","2026-08-01","2026-08-31"
"25522","2026-09-20","2026-10-20"
"25523","2026-06-21","2026-07-21"
"25524","",""
"25525","2026-06-15","2026-07-15"
"25526","2026-07-10","2026-08-09"
"25527","2026-07-27","2026-08-26"
"25528","2026-10-01","2026-10-31"
"25529","",""
"25530","2026-06-14","2026-07-15"
"25531","2026-08-08","2026-09-07"
"25532","2026-06-21","2026-06-22"
"25533","2026-06-15","2026-06-17"
"25534","2026-06-29","2026-06-30"
"25535","2026-07-27","2026-07-31"
"25536","2026-09-01","2026-10-01"
"25537","2026-08-01","2026-08-31"
"25538","2026-12-31","2027-01-30"
"25539","2026-06-28","2026-07-28"
"25540","2026-06-17","2026-06-18"
"25541","2026-09-02","2026-10-02"
"25542","2026-07-31","2026-08-30"
"25543","2026-06-15","2026-07-15"
"25544","2026-06-15","2026-07-15"
"25545","2026-06-15","2026-07-15"
"25546","2026-06-15","2026-07-15"
"25547","2026-06-19","2026-07-19"
"25548","2026-07-01","2026-07-31"
"25549","2026-06-17","2026-06-18"
"25550","2026-09-01","2026-10-01"
"25551","2026-10-31","2026-11-30"
"25552","2027-01-01","2027-01-31"
"25553","2027-01-01","2027-01-31"
"25554","2026-08-31","2026-09-30"
"25555","2026-08-13","2026-09-12"
"25556","2026-07-07","2026-07-09"
"25557","2026-07-07","2026-07-08"
"25558","2026-06-14","2026-07-14"
"25559","",""
"25560","2026-07-18","2026-08-17"
"25561","2026-06-17","2026-06-18"
"25562","2026-07-07","2026-07-08"
"25563","2026-07-07","2026-07-08"
"25564","2026-07-07","2026-07-08"
"25565","2026-07-07","2026-07-08"
"25566","",""
"25567","2026-07-07","2026-07-08"
"25568","2026-06-15","2026-06-17"
"25569","2026-06-18","2026-06-19"
"25570","2026-07-31","2026-08-30"
"25571","2026-07-16","2026-08-15"
"25572","2026-06-28","2026-07-01"
"25573","2026-10-01","2026-10-31"
"25574","2026-07-18","2026-08-17"
"25575","2026-10-31","2026-11-30"
"25576","2026-06-16","2026-07-16"
"25577","2026-09-25","2027-03-24"
"25578","2026-06-23","2026-06-24"
"25579","2026-08-15","2026-09-14"
"25580","2026-06-21","2026-07-21"
"25581","2026-06-15","2026-06-16"
"25582","2026-08-04","2026-08-09"
"25583","2026-07-05","2026-07-08"
"25584","2026-08-14","2026-09-13"
"25585","2026-06-14","2026-07-14"
"25586","2026-06-20","2026-06-21"
"25587","2027-01-20","2027-02-19"
"25588","2026-08-08","2026-09-07"
"25589","2026-06-14","2026-07-14"
"25590","2026-08-16","2026-09-15"
"25591","2026-07-01","2026-07-31"
"25592","2026-08-15","2026-09-14"
"25593","2026-07-14","2026-08-13"
"25594","2026-06-21","2026-06-24"
"25595","2026-06-18","2026-06-21"
"25596","2026-06-16","2026-06-19"
"25597","2026-08-01","2026-08-31"
"25598","2026-06-18","2026-06-21"
"25599","2026-06-16","2026-06-19"
"25600","2026-06-15","2026-06-16"
"25601","2026-06-15","2026-06-16"
"25602","2026-06-15","2026-06-16"
"25603","2026-06-16","2026-06-19"
"25604","2026-06-15","2026-06-16"
"25605","2026-06-15","2026-06-16"
"25606","2026-06-15","2026-06-16"
"25607","2026-06-15","2026-06-16"
"25608","2026-06-20","2026-06-23"
"25609","2026-06-16","2026-06-19"
"25610","2026-06-17","2026-06-20"
"25611","2026-06-21","2026-06-22"
"25612","2026-08-31","2026-09-30"
"25613","2026-06-14","2026-07-14"
"25614","2026-08-07","2026-11-05"
"25615","2026-08-13","2026-11-11"
"25616","2026-08-08","2026-11-06"
"25617","2026-07-12","2026-08-11"
"25618","",""
"25619","2027-02-01","2027-03-03"
"25620","",""
"25621","2026-06-25","2026-06-26"
"25622","2026-06-14","2026-07-14"
"25623","2026-06-15","2026-07-15"
"25624","",""
"25625","2026-06-17","2026-07-17"
"25626","2026-10-31","2026-11-30"
"25627","2027-01-02","2027-02-01"
"25628","2026-08-08","2026-09-07"
"25629","",""
"25630","2026-06-20","2026-07-20"
"25631","2026-06-28","2026-06-29"
"25632","2026-08-01","2026-08-31"
"25633","2026-06-15","2026-07-17"
"25634","2026-07-31","2026-08-30"
"25635","",""
"25636","2026-06-30","2026-07-30"
"25637","2026-07-13","2026-08-12"
"25638","2026-06-18","2026-07-18"
"25639","2026-06-24","2026-06-27"
"25640","2027-05-01","2027-05-31"
"25641","2026-08-27","2026-09-26"
"25642","2026-06-28","2026-07-01"
"25643","2026-07-09","2026-08-08"
"25644","2026-07-22","2026-08-21"
"25645","2026-06-15","2026-07-15"
"25646","2026-06-15","2026-07-15"
"25647","",""
"25648","2027-03-20","2027-04-19"
"25649","2026-07-15","2026-08-14"
"25650","2026-07-01","2026-07-08"
"25651","2026-06-25","2026-06-26"
"25652","2026-06-23","2026-06-24"
"25653","2026-06-23","2026-06-24"
"25654","2026-06-16","2026-07-16"
"25655","2026-08-16","2026-09-15"
"25656","2026-08-01","2026-08-31"
"25657","2026-06-16","2026-07-16"
"25658","2026-07-30","2026-08-29"
"25659","",""
"25660","2026-06-14","2026-07-14"
"25661","2026-07-01","2026-07-31"
"25662","2026-06-15","2026-06-16"
"25663","2026-08-08","2026-09-07"
"25664","2026-06-15","2026-07-15"
"25665","2026-07-07","2026-07-08"
"25666","2026-07-07","2026-07-08"
"25667","2026-07-07","2026-07-08"
"25668","2026-07-07","2026-07-08"
"25669","2026-07-07","2026-07-08"
"25670","2026-07-07","2026-07-08"
"25671","2026-08-16","2026-09-15"
"25672","2026-06-14","2026-07-14"
"25673","2026-07-22","2026-08-21"
"25674","2026-08-04","2026-09-03"
"25675","2026-10-05","2026-11-04"
"25676","2026-08-09","2026-09-08"
"25677","2026-06-14","2026-07-14"
"25678","2026-11-22","2026-12-22"
"25679","2026-08-10","2026-09-09"
"25680","2026-07-27","2026-08-26"
"25681","2026-08-01","2026-08-31"
"25682","2026-06-30","2026-07-31"
"25683","2026-06-18","2026-07-18"
"25684","2026-07-06","2026-07-08"
"25685","",""
"25686","2026-06-19","2026-06-22"
"25687","2026-06-28","2026-07-28"
"25688","2026-06-19","2026-06-20"
"25689","2026-06-23","2026-06-26"
"25690","2026-07-18","2026-08-17"
"25691","2026-06-15","2026-07-15"
"25692","2026-08-09","2026-09-08"
"25693","2026-06-15","2026-07-15"
"25694","2026-08-10","2026-09-09"
"25695","2026-07-31","2026-08-30"
"25696","2026-07-20","2026-08-19"
"25697","2026-06-15","2026-06-17"
"25698","",""
"25699","2026-07-05","2026-07-07"
"25700","2026-08-08","2026-09-07"
"25701","2026-07-03","2026-08-02"
"25702","",""
"25703","",""
"25704","2027-04-14","2027-05-14"
"25705","2026-07-19","2026-08-18"
"25706","2026-06-16","2026-07-16"
"25707","",""
"25708","2026-06-15","2026-06-16"
"25709","2026-08-29","2026-09-28"
"25710","2026-06-28","2026-07-28"
"25711","2026-06-25","2026-06-26"
"25712","2026-08-02","2026-09-01"
"25713","2026-06-19","2026-06-20"
"25714","2026-07-01","2026-07-31"
"25715","2026-06-21","2026-06-22"
"25716","",""
"25717","2026-07-15","2026-07-16"
"25718","2026-06-15","2026-07-15"
"25719","2026-07-12","2026-07-15"
"25720","2026-06-14","2026-07-14"
"25721","2026-06-15","2026-07-15"
"25722","2026-07-12","2026-07-15"
"25723","2026-10-31","2026-11-30"
"25724","2026-06-16","2026-06-18"
"25725","2026-06-15","2026-07-15"
"25726","2026-06-15","2026-07-15"
"25727","2026-09-01","2026-10-01"
"25728","2027-01-02","2027-02-01"
"25729","2027-04-01","2027-05-01"
"25730","2026-06-26","2026-06-27"
"25731","2026-06-15","2026-07-15"
"25732","2026-06-14","2026-07-14"
"25733","2027-04-01","2027-05-01"
"25734","2026-07-26","2026-08-25"
"25735","2026-06-16","2026-07-16"
"25736","2026-06-21","2026-06-22"
"25737","2027-04-01","2027-05-01"
"25738","2026-06-23","2026-07-23"
"25739","2026-06-14","2026-07-14"
"25740","2026-07-04","2026-09-02"
"25741","2026-08-01","2026-08-31"
"25742","2026-07-26","2026-08-25"
"25743","2026-08-01","2026-08-31"
"25744","2026-09-01","2026-10-01"
"25745","2026-11-01","2026-12-01"
"25746","2026-10-31","2026-11-30"
"25747","2026-07-13","2026-08-12"
"25748","2026-06-16","2026-07-16"
"25749","2026-06-28","2026-07-28"
"25750","2026-06-15","2026-06-16"
"25751","2026-06-14","2026-06-15"
"25752","2026-06-15","2026-06-16"
"25753","2026-07-11","2026-08-10"
"25754","2026-06-16","2026-06-18"
"25755","2026-07-26","2026-08-26"
"25756","2026-07-11","2026-08-10"
"25757","2026-08-10","2026-09-10"
"25758","2026-06-29","2026-07-02"
"25759","2026-06-18","2026-06-19"
"25760","2026-06-15","2026-06-16"
"25761","2026-06-21","2026-06-23"
"25762","2026-07-31","2026-08-30"
"25763","2026-06-18","2026-06-19"
"25764","2026-06-21","2026-06-22"
"25765","2026-06-22","2026-06-23"
"25766","2026-06-21","2026-06-25"
"25767","2026-07-26","2026-08-25"
"25768","2026-08-03","2026-09-02"
"25769","2026-07-04","2026-08-03"
"25770","2026-08-25","2026-09-24"
"25771","2026-10-01","2026-10-31"
"25772","2026-07-01","2026-07-31"
"25773","2026-06-15","2026-07-15"
"25774","2026-07-20","2026-08-19"
"25775","2026-07-18","2026-08-17"
"25776","2026-07-10","2026-08-09"
"25777","",""
"25778","2026-06-24","2026-06-25"
"25779","2026-06-24","2026-06-25"
"25780","2026-06-24","2026-06-25"
"25781","2026-06-24","2026-06-25"
"25782","2026-06-21","2026-07-21"
"25783","2026-06-16","2026-07-16"
"25784","2026-06-15","2026-06-16"
"25785","2026-07-14","2026-08-13"
"25786","2026-08-08","2026-09-07"
"25787","2026-06-23","2026-06-24"
"25788","2026-06-15","2026-07-15"
"25789","2026-06-17","2026-06-18"
"25790","2026-06-18","2026-06-19"
"25791","2026-06-20","2026-06-21"
"25792","2026-06-18","2026-06-19"
"25793","2026-06-15","2026-06-16"
"25794","2026-06-15","2026-06-16"
"25795","2026-06-15","2026-06-16"
"25796","2026-06-14","2026-06-15"
"25797","2026-06-14","2026-06-15"
"25798","2026-06-14","2026-06-15"
"25799","2026-06-14","2026-06-15"
"25800","",""
"25801","2026-07-10","2026-07-11"
"25802","2026-06-30","2026-07-30"
"25803","2027-02-21","2027-03-23"
"25804","",""
"25805","2026-06-17","2026-06-18"
"25806","2026-06-17","2026-06-18"
"25807","",""
"25808","2026-06-22","2026-06-24"
"25809","2026-07-26","2026-08-25"
"25810","",""
"25811","2026-06-16","2026-07-17"
"25812","2026-06-19","2026-06-20"
"25813","2026-06-15","2026-06-16"
"25814","2026-08-09","2026-09-08"
"25815","2026-06-14","2026-07-14"
"25816","2026-12-20","2027-01-19"
"25817","2026-06-19","2026-06-20"
"25818","2026-12-29","2027-01-28"
"25819","2026-10-02","2026-11-01"
"25820","2026-06-16","2026-07-16"
"25821","2026-06-15","2026-07-15"
"25822","2026-07-31","2026-08-30"
"25823","2027-04-01","2027-05-01"
"25824","2026-08-02","2026-09-01"
"25825","2026-10-17","2026-11-16"
"25826","2026-08-17","2026-09-16"
"25827","2026-08-01","2026-08-31"
"25828","2026-08-31","2026-09-30"
"25829","",""
"25830","2026-10-31","2026-11-30"
"25831","2026-07-12","2026-08-11"
"25832","",""
"25833","2026-06-22","2026-07-22"
"25834","2026-07-19","2026-08-18"
"25835","2026-09-11","2026-10-11"
"25836","2026-07-31","2026-08-30"
"25837","",""
"25838","2026-07-31","2026-08-30"
"25839","",""
"25840","2026-06-15","2026-07-15"
"25841","2026-12-01","2026-12-31"
"25842","2026-06-15","2026-07-16"
"25843","2026-08-10","2026-09-09"
"25844","",""
"25845","2026-06-17","2026-07-17"
"25846","2026-06-14","2026-07-14"
"25847","2026-06-14","2026-07-14"
"25848","",""
"25849","2026-07-17","2026-08-16"
"25850","2026-11-30","2026-12-30"
"25851","2026-06-14","2026-07-14"
"25852","2026-06-21","2026-07-21"
"25853","2027-04-01","2027-05-01"
"25854","2026-06-14","2026-07-14"
"25855","2026-06-14","2026-07-14"
"25856","2026-06-28","2026-07-28"
"25857","2026-06-27","2026-06-30"
"25858","2026-08-02","2026-09-01"
"25859","2026-06-14","2026-07-14"
"25860","2026-11-15","2026-12-15"
"25861","2026-09-10","2026-10-10"
"25862","2026-07-31","2026-08-30"
"25863","2026-08-27","2026-09-26"
"25864","2026-06-14","2026-07-14"
"25865","2026-06-14","2026-07-14"
"25866","2026-06-14","2026-07-14"
"25867","2026-09-10","2026-10-10"
"25868","2026-11-01","2026-12-01"
"25869","2026-06-21","2026-06-22"
"25870","2026-06-17","2026-07-17"
"25871","2026-08-11","2026-09-10"
"25872","2026-06-15","2026-06-16"
"25873","2026-08-21","2026-09-20"
"25874","2026-09-01","2026-10-01"
"25875","2026-10-01","2026-10-31"
"25876","2026-08-01","2026-08-03"
"25877","2026-09-01","2026-10-01"
"25878","2026-08-01","2026-08-31"
"25879","2026-08-08","2026-09-07"
"25880","2026-11-08","2026-12-08"
"25881","2026-07-20","2026-08-19"
"25882","2026-07-01","2026-07-31"
"25883","2026-06-15","2026-06-17"
"25884","2026-06-17","2026-06-18"
"25885","",""
"25886","2026-06-28","2026-06-30"
"25887","",""
"25888","",""
"25889","2026-08-22","2026-09-21"
"25890","2026-08-09","2026-09-08"
"25891","2026-08-03","2026-09-02"
"25892","",""
"25893","2026-08-09","2026-09-08"
"25894","2026-07-28","2026-08-27"
"25895","2026-06-14","2026-07-14"
"25896","2026-06-14","2026-07-14"
"25897","2026-09-30","2026-10-30"
"25898","",""
"25899","2026-06-14","2026-07-14"
"25900","2026-06-18","2026-06-19"
"25901","2026-08-22","2026-09-21"
"25902","",""
"25903","2026-06-15","2026-07-15"
"25904","2026-06-14","2026-06-15"
"25905","2026-06-18","2026-06-19"
"25906","2026-06-24","2026-06-25"
"25907","2026-06-14","2026-06-15"
"25908","2026-06-14","2026-06-15"
"25909","2026-06-24","2026-06-26"
"25910","",""
"25911","",""
"25912","2026-08-30","2026-09-29"
"25913","2026-07-01","2026-07-31"
"25914","2026-07-01","2026-07-31"
"25915","2026-08-01","2026-08-31"
"25916","2026-08-01","2026-08-31"
"25917","2026-06-22","2026-07-22"
"25918","2026-06-17","2026-07-17"
"25919","2026-11-02","2026-12-02"
"25920","2026-07-01","2026-07-31"
"25921","2026-07-15","2026-08-14"
"25922","2026-07-01","2026-07-31"
"25923","2026-06-26","2026-07-26"
"25924","2026-07-04","2026-08-03"
"25925","2026-06-15","2026-07-15"
"25926","2026-08-22","2026-10-09"
"25927","2026-06-14","2026-07-14"
"25928","2026-06-21","2026-07-21"
"25929","2026-06-16","2026-06-17"
"25930","2026-08-08","2026-09-07"
"25931","",""
"25932","2026-08-17","2026-09-16"
"25933","2026-08-31","2026-09-30"
"25934","2026-06-20","2026-07-20"
"25935","2026-11-28","2026-12-28"
"25936","2026-07-04","2026-08-03"
"25937","2026-06-16","2026-06-18"
"25938","2026-11-07","2026-12-07"
"25939","2026-07-28","2026-08-27"
"25940","2026-08-30","2026-08-31"
"25941","2026-07-18","2026-08-17"
"25942","2026-08-02","2026-09-01"
"25943","2026-07-25","2026-08-24"
"25944","2026-06-26","2026-07-26"
"25945","2026-08-23","2026-09-22"
"25946","",""
"25947","2026-07-13","2026-08-12"
"25948","2026-10-31","2026-11-30"
"25949","2026-09-30","2026-10-30"
"25950","2026-06-30","2026-07-30"
"25951","2026-06-14","2026-07-14"
"25952","2026-09-27","2026-10-27"
"25953","2026-07-01","2026-07-31"
"25954","2026-08-03","2026-09-02"
"25955","2026-12-14","2027-01-13"
"25956","2026-12-14","2027-01-13"
"25957","2026-06-14","2026-07-14"
"25958","2026-06-14","2026-07-14"
"25959","2026-06-14","2026-07-14"
"25960","2026-07-01","2026-07-31"
"25961","",""
"25962","2027-01-01","2027-01-31"
"25963","2026-08-01","2026-08-31"
"25964","",""
"25965","2026-06-21","2026-07-21"
"25966","2026-11-01","2026-12-01"
"25967","2026-07-06","2026-07-08"
"25968","2026-06-16","2026-06-18"
"25969","2026-07-01","2026-07-31"
"25970","2026-06-16","2026-07-16"
"25971","2026-06-22","2026-06-23"
"25972","2026-09-02","2026-10-02"
"25973","2026-08-24","2026-09-23"
"25974","2026-08-08","2026-09-07"
"25975","2026-12-06","2027-01-05"
"25976","2026-08-08","2026-09-07"
"25977","2026-06-14","2026-06-17"
"25978","2026-06-14","2026-07-15"
"25979","",""
"25980","2026-06-17","2026-06-18"
"25981","2026-08-09","2026-09-08"
"25982","2026-09-05","2026-11-04"
"25983","2026-06-15","2026-07-15"
"25984","2026-07-06","2026-07-09"
"25985","2026-08-15","2026-09-14"
"25986","2026-06-14","2026-07-14"
"25987","2026-08-02","2026-09-02"
"25988","",""
"25989","2026-07-16","2026-08-15"
"25990","",""
"25991","2026-06-14","2026-07-14"
"25992","2026-08-21","2026-09-20"
"25993","2026-06-15","2026-06-16"
"25994","2026-08-25","2026-09-24"
"25995","2026-07-25","2026-08-24"
"25996","2026-06-15","2026-07-15"
"25997","2026-07-31","2026-08-30"
"25998","2026-06-22","2026-07-22"
"25999","2026-06-15","2026-07-15"
"26000","2026-11-30","2026-12-30"
"26001","2026-08-08","2026-09-07"
"26002","2026-09-05","2026-10-05"
"26003","2026-08-31","2026-09-30"
"26004","",""
"26005","2026-06-14","2026-07-14"
"26006","2026-06-20","2026-07-20"
"26007","2026-09-26","2026-10-27"
"26008","",""
"26009","2026-08-01","2026-08-31"
"26010","",""
"26011","2026-08-23","2026-09-22"
"26012","",""
"26013","",""
"26014","",""
"26015","2026-11-05","2026-12-05"
"26016","2026-07-01","2026-07-31"
"26017","2026-07-21","2026-08-20"
"26018","",""
"26019","2026-07-01","2026-07-31"
"26020","2026-08-30","2026-09-29"
"26021","2026-06-17","2026-07-17"
"26022","2026-08-04","2026-09-03"
"26023","2026-10-09","2026-11-08"
"26024","2026-07-25","2026-08-24"
"26025","2026-12-31","2027-01-30"
"26026","2026-08-09","2026-09-08"
"26027","2026-08-02","2026-09-01"
"26028","2026-07-15","2026-08-14"
"26029","",""
"26030","2026-06-19","2026-06-21"
"26031","2026-08-15","2026-09-14"
"26032","2027-01-01","2027-01-31"
"26033","2026-06-15","2026-07-15"
"26034","2026-06-15","2026-06-16"
"26035","",""
"26036","",""
"26037","2026-06-15","2026-07-15"
"26038","2026-11-01","2026-12-01"
"26039","",""
"26040","2027-02-28","2027-03-30"
"26041","",""
"26042","2026-07-05","2026-07-06"
"26043","",""
"26044","2026-07-26","2026-08-25"
"26045","",""
"26046","2026-07-01","2026-07-04"
"26047","2026-06-23","2026-07-23"
"26048","2026-06-27","2026-07-27"
"26049","2026-09-18","2026-09-19"
"26050","2027-01-01","2027-01-31"
"26051","2026-06-15","2026-06-16"
"26052","2026-06-15","2026-07-15"
"26053","2026-06-30","2026-07-30"
"26054","2026-07-02","2026-07-05"
"26055","2026-06-28","2026-06-29"
"26056","2026-10-14","2026-11-13"
"26057","2026-08-01","2026-08-31"
"26058","2026-06-14","2026-07-14"
"26059","2026-06-30","2026-07-30"
"26060","2026-07-06","2026-07-07"
"26061","2026-07-06","2026-07-07"
"26062","2026-07-06","2026-07-07"
"26063","2027-01-01","2027-01-31"
"26064","2027-01-01","2027-01-31"
"26065","2026-07-13","2026-08-12"
"26066","",""
"26067","2026-08-03","2026-09-02"
"26068","2026-06-16","2026-07-16"
"26069","2026-12-02","2027-01-01"
"26070","2026-08-09","2026-09-08"
"26071","2026-06-16","2026-07-16"
"26072","2026-07-14","2026-08-13"
"26073","2026-06-14","2026-07-14"
"26074","2026-07-31","2026-08-30"
"26075","2026-06-14","2026-07-14"
"26076","2026-06-14","2026-07-14"
"26077","2026-07-08","2026-08-07"
"26078","2026-06-15","2026-07-15"
"26079","2026-09-01","2026-10-01"
"26080","2026-08-01","2026-08-31"
"26081","2026-10-01","2026-10-31"
"26082","2026-12-20","2027-01-19"
"26083","2026-07-01","2026-07-31"
"26084","2026-06-21","2026-06-23"
"26085","2026-06-22","2026-07-22"
"26086","2026-08-09","2026-09-08"
"26087","2026-08-03","2026-09-02"
"26088","2026-07-30","2026-08-29"
"26089","2026-07-13","2026-08-12"
"26090","2026-08-10","2026-09-09"
"26091","2026-08-19","2026-09-18"
"26092","",""
"26093","2026-06-20","2026-07-20"
"26094","2026-06-15","2026-07-16"
"26095","2027-01-01","2027-01-31"
"26096","2026-09-21","2026-10-21"
"26097","2026-08-07","2026-09-06"
"26098","2026-07-07","2026-08-06"
"26099","2026-07-05","2026-08-04"
"26100","",""
"26101","2026-07-21","2026-07-24"
"26102","",""
"26103","2026-06-14","2026-07-14"
"26104","2026-06-19","2026-06-20"
"26105","2026-06-27","2026-07-27"
"26106","2027-04-18","2027-05-18"
"26107","2026-11-01","2026-12-01"
"26108","2026-10-30","2026-11-29"
"26109","2026-09-20","2026-10-20"
"26110","2026-10-04","2026-11-03"
"26111","2026-09-20","2026-10-20"
"26112","",""
"26113","",""
"26114","2026-12-01","2026-12-31"
"26115","2026-06-15","2026-07-15"
"26116","2026-11-28","2026-12-28"
"26117","",""
"26118","2027-03-25","2027-04-24"
"26119","2026-06-23","2026-06-24"
"26120","2026-06-26","2026-07-26"
"26121","",""
"26122","2026-06-14","2026-07-14"
"26123","2026-07-26","2026-08-25"
"26124","2026-09-20","2026-10-20"
"26125","",""
"26126","2026-06-27","2026-07-27"
"26127","",""
"26128","2026-08-01","2026-08-31"
"26129","2026-07-26","2026-08-25"
"26130","2026-06-17","2026-07-17"
"26131","2026-06-15","2026-07-15"
"26132","2026-06-15","2026-06-16"
"26133","2026-06-27","2026-06-28"
"26134","2026-12-19","2027-01-18"
"26135","2026-11-28","2026-12-29"
"26136","2026-06-15","2026-06-16"
"26137","2026-06-15","2026-06-16"
"26138","2026-08-03","2026-09-02"
"26139","",""
"26140","",""
"26141","2026-08-06","2026-09-05"
"26142","2026-09-23","2027-03-22"
"26143","2026-07-08","2026-08-07"
"26144","2026-06-16","2026-06-17"
"26145","2026-06-17","2026-06-18"
"26146","2026-12-14","2027-01-13"
"26147","2026-07-15","2026-08-14"
"26148","2026-06-15","2026-06-16"
"26149","2026-06-16","2026-06-17"
"26150","2026-06-19","2026-06-20"
"26151","2026-06-15","2026-06-16"
"26152","2026-08-10","2026-09-09"
"26153","2026-07-20","2026-08-19"
"26154","2026-11-15","2026-12-15"
"26155","2026-06-30","2026-07-30"
"26156","2027-01-01","2027-01-03"
"26157","",""
"26158","2026-12-21","2027-01-20"
"26159","2026-08-18","2026-09-17"
"26160","",""
"26161","2026-10-16","2026-11-15"
"26162","2026-09-01","2026-10-01"
"26163","2026-07-12","2026-08-11"
"26164","2026-09-13","2026-10-13"
"26165","2026-06-14","2026-07-14"
"26166","2026-07-22","2026-08-21"
"26167","2026-11-01","2026-12-01"
"26168","",""
"26169","2026-09-01","2026-10-01"
"26170","2026-06-21","2026-07-21"
"26171","2026-08-26","2026-09-25"
"26172","2026-07-15","2026-08-14"
"26173","2027-03-22","2027-03-23"
"26174","",""
"26175","2026-07-30","2026-08-29"
"26176","2026-07-30","2026-08-29"
"26177","2026-06-14","2026-07-14"
"26178","2026-06-18","2026-06-20"
"26179","2026-07-31","2026-08-30"
"26180","2026-09-14","2026-10-14"
"26181","2026-06-17","2026-07-17"
"26182","2026-07-05","2026-07-07"
"26183","2026-07-20","2026-07-21"
"26184","2026-07-20","2026-07-21"
"26185","2026-07-23","2026-07-24"
"26186","2026-07-23","2026-07-24"
"26187","2026-09-14","2026-10-14"
"26188","2026-06-19","2026-06-20"
"26189","2026-06-18","2026-06-19"
"26190","2026-06-15","2026-06-16"
"26191","2026-06-15","2026-06-16"
"26192","2026-06-15","2026-06-16"
"26193","2026-06-15","2026-06-16"
"26194","2026-06-15","2026-06-16"
"26195","2026-06-15","2026-06-16"
"26196","2026-06-14","2026-06-15"
"26197","2026-06-14","2026-06-15"
"26198","2026-06-14","2026-06-15"
"26199","2026-06-14","2026-06-15"
"26200","2026-06-14","2026-06-15"
"26201","2026-06-14","2026-06-15"
"26202","2026-06-14","2026-06-15"
"26203","2026-06-14","2026-06-15"
"26204","2026-06-14","2026-06-15"
"26205","2026-06-14","2026-06-15"
"26206","2026-06-14","2026-06-15"
"26207","2026-06-14","2026-06-15"
"26208","2026-06-14","2026-06-15"
"26209","2026-06-14","2026-06-15"
"26210","2026-06-14","2026-06-15"
"26211","2026-06-14","2026-06-15"
"26212","2026-06-21","2026-06-22"
"26213","2026-06-17","2026-06-19"
"26214","2026-06-17","2026-06-18"
"26215","2026-06-30","2026-07-02"
"26216","2026-06-27","2026-06-28"
"26217","2026-06-26","2026-06-27"
"26218","2026-08-15","2026-09-14"
"26219","",""
"26220","2026-06-15","2026-07-15"
"26221","2026-08-15","2026-09-14"
"26222","2027-03-01","2027-03-31"
"26223","2026-07-05","2026-07-07"
"26224","",""
"26225","2026-08-01","2026-08-03"
"26226","2026-06-14","2026-07-14"
"26227","2026-06-15","2026-07-15"
"26228","2026-06-14","2026-07-14"
"26229","2026-06-15","2026-06-16"
"26230","2026-06-18","2026-06-19"
"26231","2026-06-18","2026-06-19"
"26232","2026-06-15","2026-06-16"
"26233","2026-06-15","2026-06-16"
"26234","2026-06-15","2026-06-16"
"26235","2026-06-14","2026-06-15"
"26236","2026-06-15","2026-06-16"
"26237","2026-06-17","2026-06-18"
"26238","2026-06-14","2026-06-15"
"26239","2026-06-14","2026-06-15"
"26240","2026-06-14","2026-06-15"
"26241","2026-06-14","2026-06-15"
"26242","2026-06-14","2026-06-15"
"26243","2026-06-14","2026-06-15"
"26244","2026-06-16","2026-06-17"
"26245","2026-06-14","2026-06-15"
"26246","2026-06-16","2026-06-17"
"26247","2026-06-17","2026-06-18"
"26248","2026-06-14","2026-06-15"
"26249","2026-06-14","2026-06-15"
"26250","2026-06-17","2026-06-18"
"26251","2026-06-14","2026-06-15"
"26252","2026-06-14","2026-06-15"
"26253","",""
"26254","2026-11-07","2026-12-07"
"26255","2026-06-16","2026-06-17"
"26256","2026-06-29","2026-06-30"
"26257","2026-10-18","2026-11-17"
"26258","2026-07-05","2026-07-07"
"26259","2026-08-15","2026-09-15"
"26260","2026-06-23","2026-07-23"
"26261","2026-06-27","2026-07-27"
"26262","2026-08-01","2026-08-31"
"26263","2026-06-16","2026-07-16"
"26264","2026-06-14","2026-07-14"
"26265","2026-12-16","2027-01-15"
"26266","",""
"26267","2026-07-10","2026-08-09"
"26268","2026-06-15","2026-06-16"
"26269","2026-07-01","2026-07-31"
"26270","2026-07-05","2026-08-04"
"26271","2026-06-15","2026-07-15"
"26272","2026-06-30","2026-07-30"
"26273","2026-06-15","2026-07-15"
"26274","2026-06-15","2026-07-15"
"26275","2026-06-14","2026-07-14"
"26276","2026-06-14","2026-07-14"
"26277","2026-06-14","2026-07-14"
"26278","2026-07-09","2026-08-08"
"26279","2026-06-14","2026-07-14"
"26280","2026-07-26","2026-08-25"
"26281","2026-06-30","2026-07-30"
"26282","2026-10-08","2026-11-07"
"26283","2026-06-14","2026-06-15"
"26284","2026-06-14","2026-06-15"
"26285","2026-06-18","2026-07-18"
"26286","2026-09-01","2026-10-01"
"26287","",""
"26288","2026-06-15","2026-07-15"
"26289","2026-08-19","2026-11-02"
"26290","2026-11-14","2026-12-14"
"26291","2026-09-01","2026-10-01"
"26292","2026-07-16","2026-08-15"
"26293","2026-07-31","2026-08-30"
"26294","2026-06-21","2026-07-21"
"26295","2026-06-14","2026-07-14"
"26296","2026-06-15","2026-07-15"
"26297","",""
"26298","2026-12-31","2027-01-30"
"26299","2027-03-31","2027-04-30"
"26300","2026-06-14","2026-07-14"
"26301","2026-10-02","2026-11-01"
"26302","2026-09-19","2026-10-19"
"26303","2026-06-21","2026-07-21"
"26304","2027-01-31","2027-03-02"
"26305","2026-08-01","2026-08-31"
"26306","2026-07-31","2026-08-30"
"26307","2026-06-15","2026-07-15"
"26308","2026-08-22","2026-09-21"
"26309","2026-10-11","2026-11-10"
"26310","2026-06-28","2026-06-30"
"26311","2026-07-06","2026-07-09"
"26312","2026-07-02","2026-07-03"
"26313","2026-06-24","2026-06-25"
"26314","",""
"26315","2026-06-23","2026-06-24"
"26316","",""
"26317","2026-06-23","2026-06-24"
"26318","2026-06-23","2026-06-24"
"26319","2026-06-24","2026-06-25"
"26320","2026-06-24","2026-06-25"
"26321","2026-07-02","2026-07-03"
"26322","2026-07-02","2026-07-03"
"26323","2026-06-29","2026-06-30"
"26324","2026-07-12","2026-08-11"
"26325","2026-06-14","2026-06-15"
"26326","2026-06-14","2026-06-15"
"26327","2026-06-15","2026-06-16"
"26328","2026-06-15","2026-06-16"
"26329","2026-09-28","2026-10-28"
"26330","2026-06-15","2026-06-16"
"26331","2026-06-15","2026-06-16"
"26332","2026-06-20","2026-06-21"
"26333","2026-06-18","2026-07-18"
"26334","2026-08-01","2026-08-31"
"26335","2026-07-14","2026-07-16"
"26336","",""
"26337","2026-08-31","2026-09-30"
"26338","2026-06-16","2026-06-19"
"26339","2026-06-23","2026-07-23"
"26340","2026-10-01","2026-11-30"
"26341","",""
"26342","2026-06-14","2026-06-15"
"26343","2026-06-15","2026-07-15"
"26344","",""
"26345","2026-06-20","2026-06-27"
"26346","2026-06-30","2026-07-10"
"26347","2026-06-16","2026-06-21"
"26348","2026-06-14","2026-07-14"
"26349","2026-10-01","2026-10-31"
"26350","2026-07-31","2026-08-30"
"26351","2026-06-16","2026-07-16"
"26352","2026-06-15","2026-07-15"
"26353","2026-06-23","2026-07-23"
"26354","2026-11-14","2026-12-14"
"26355","2026-12-22","2027-01-21"
"26356","2026-06-16","2026-06-17"
"26357","2026-06-15","2026-06-16"
"26358","2026-06-15","2026-06-16"
"26359","2026-06-18","2026-06-19"
"26360","2026-06-15","2026-07-15"
"26361","2026-07-01","2026-07-31"
"26362","2026-06-25","2026-06-26"
"26363","2026-07-19","2026-08-18"
"26364","2026-09-01","2026-10-01"
"26365","2026-07-01","2026-07-03"
"26366","2026-06-16","2026-07-16"
"26367","2026-11-01","2026-12-01"
"26368","2026-07-16","2026-09-14"
"26369","",""
"26370","2026-07-07","2026-08-06"
"26371","2026-06-30","2026-07-30"
"26372","2026-08-05","2026-09-04"
"26373","2026-08-31","2026-09-30"
"26374","2026-06-25","2026-07-25"
"26375","2027-01-31","2027-03-02"
"26376","2027-01-01","2027-01-31"
"26377","2026-08-08","2026-09-07"
"26378","2026-06-15","2026-06-17"
"26379","2026-06-17","2026-07-17"
"26380","2026-06-21","2026-06-23"
"26381","2026-06-15","2026-06-17"
"26382","2027-03-19","2027-04-18"
"26383","2026-06-17","2026-07-17"
"26384","2026-06-16","2026-07-16"
"26385","2026-08-08","2026-09-07"
"26386","2026-06-15","2026-06-16"
"26387","2026-06-14","2026-06-15"
"26388","2026-07-19","2026-08-18"
"26389","2026-06-15","2026-07-15"
"26390","2026-08-05","2026-09-04"
"26391","2026-06-28","2026-07-01"
"26392","2026-06-25","2026-06-27"
"26393","2026-07-08","2026-07-11"
"26394","2026-06-15","2026-07-15"
"26395","2026-06-17","2026-07-17"
"26396","2026-06-14","2026-07-14"
"26397","2026-06-16","2026-07-16"
"26398","",""
"26399","2026-12-24","2027-01-23"
"26400","2027-05-10","2027-06-09"
"26401","2026-07-20","2026-08-19"
"26402","2026-12-25","2027-01-24"
"26403","2027-05-20","2027-06-19"
"26404","2026-09-20","2026-10-20"
"26405","2027-01-01","2027-01-31"
"26406","2026-06-17","2026-07-17"
"26407","2026-06-14","2026-07-14"
"26408","2026-06-14","2026-07-14"
"26409","2026-06-15","2026-06-16"
"26410","2026-06-15","2026-06-16"
"26411","2026-06-19","2026-06-20"
"26412","2026-06-18","2026-06-19"
"26413","2026-06-17","2026-06-18"
"26414","2026-06-15","2026-06-16"
"26415","2026-06-15","2026-07-15"
"26416","2026-06-28","2026-07-01"
"26417","2026-11-01","2026-12-01"
"26418","2026-06-15","2026-07-15"
"26419","2026-11-28","2026-12-28"
"26420","2026-12-21","2027-01-20"
"26421","2026-07-06","2026-07-10"
"26422","",""
"26423","2026-06-14","2026-07-14"
"26424","2026-08-24","2026-09-23"
"26425","2026-12-22","2027-01-21"
"26426","2026-08-09","2026-09-08"
"26427","",""
"26428","2026-12-22","2027-01-21"
"26429","2026-12-01","2026-12-31"
"26430","2026-12-20","2027-01-19"
"26431","2027-02-08","2027-03-10"
"26432","2026-06-14","2026-07-14"
"26433","2027-04-11","2027-05-11"
"26434","",""
"26435","2026-06-14","2026-07-14"
"26436","2027-02-08","2027-03-10"
"26437","2026-06-29","2026-07-29"
"26438","2026-06-14","2026-07-14"
"26439","2026-10-17","2026-11-16"
"26440","2026-07-31","2026-08-30"
"26441","2026-07-31","2026-08-30"
"26442","2026-12-22","2027-01-21"
"26443","2027-03-07","2027-04-06"
"26444","2026-06-30","2026-12-27"
"26445","2026-07-30","2026-08-29"
"26446","2026-06-14","2026-07-14"
"26447","2026-06-30","2026-07-30"
"26448","2026-06-30","2026-07-30"
"26449","2026-09-05","2026-10-05"
"26450","2026-06-24","2026-06-26"
"26451","2026-06-23","2026-07-23"
"26452","2026-08-01","2026-08-31"
"26453","2026-06-16","2026-06-17"
"26454","2026-08-31","2026-09-30"
"26455","2026-06-30","2026-07-30"
"26456","2026-06-30","2026-07-30"
"26457","2026-08-08","2026-09-07"
"26458","2026-12-26","2027-01-25"
"26459","2026-08-07","2026-09-06"
"26460","2026-07-30","2026-08-29"
"26461","2026-06-15","2026-07-15"
"26462","2026-07-12","2026-07-14"
"26463","",""
"26464","2026-08-05","2026-09-04"
"26465","2026-11-23","2026-12-23"
"26466","2026-06-15","2026-07-15"
"26467","2026-09-02","2026-10-02"
"26468","",""
"26469","2026-07-18","2026-08-17"
"26470","2026-06-28","2026-07-28"
"26471","2026-06-28","2026-07-28"
"26472","2026-07-05","2026-07-06"
"26473","2026-12-20","2027-01-19"
"26474","2026-07-01","2026-07-31"
"26475","2026-09-01","2026-10-01"
"26476","2026-08-01","2026-08-31"
"26477","2026-07-01","2026-07-31"
"26478","2026-06-14","2026-07-14"
"26479","2026-06-14","2026-07-14"
"26480","2026-08-11","2026-09-10"
"26481","2026-06-16","2026-06-18"
"26482","2026-06-21","2026-06-23"
"26483","2026-08-24","2026-08-25"
"26484","2026-08-20","2026-09-19"
"26485","2027-02-18","2027-03-20"
"26486","2026-09-02","2026-10-02"
"26487","2026-06-14","2026-07-14"
"26488","2026-06-17","2026-06-18"
"26489","2026-06-15","2026-07-15"
"26490","2026-07-12","2026-07-13"
"26491","2026-09-26","2026-10-26"
"26492","2026-07-05","2026-08-04"
"26493","2026-06-15","2026-06-16"
"26494","",""
"26495","",""
"26496","2026-06-30","2026-07-30"
"26497","2026-08-10","2026-09-09"
"26498","2026-07-02","2026-08-01"
"26499","2026-06-16","2026-07-16"
"26500","2026-06-14","2026-07-15"
"26501","2027-01-01","2027-01-31"
"26502","2026-06-16","2026-07-16"
"26503","2026-08-01","2026-08-31"
"26504","2026-06-15","2026-06-17"
"26505","2026-06-28","2026-06-30"
"26506","2026-06-22","2026-06-24"
"26507","2026-06-17","2026-06-20"
"26508","2026-06-23","2026-06-24"
"26509","2026-06-20","2026-06-21"
"26510","2026-09-01","2026-10-01"
"26511","2026-08-16","2026-09-15"
"26512","2026-06-22","2026-06-24"
"26513","",""
"26514","2026-07-13","2026-08-12"
"26515","2026-06-22","2026-06-25"
"26516","2026-09-26","2026-10-26"
"26517","2026-09-20","2026-10-20"
"26518","2026-08-11","2026-09-10"
"26519","2026-12-05","2027-01-04"
"26520","2026-10-24","2026-11-23"
"26521","2026-07-06","2026-07-08"
"26522","2026-07-01","2026-07-31"
"26523","2026-07-19","2026-08-18"
"26524","2027-01-15","2027-02-14"
"26525","2026-12-01","2026-12-31"
"26526","2026-10-31","2026-11-30"
"26527","2026-08-27","2026-09-26"
"26528","2026-08-09","2026-09-08"
"26529","2026-06-21","2026-06-24"
"26530","2026-06-23","2026-06-24"
"26531","2026-06-15","2026-06-16"
"26532","2026-09-01","2026-10-01"
"26533","2026-06-24","2026-06-26"
"26534","2026-08-01","2026-08-04"
"26535","2026-07-15","2026-08-14"
"26536","",""
"26537","2026-11-03","2026-12-03"
"26538","2026-09-25","2026-10-25"
"26539","2026-06-15","2026-06-17"
"26540","2026-06-26","2026-07-26"
"26541","2026-09-14","2026-10-14"
"26542","2026-06-29","2026-07-29"
"26543","",""
"26544","2026-06-30","2026-07-30"
"26545","2026-07-21","2026-08-20"
"26546","2026-07-27","2026-08-26"
"26547","2026-06-14","2026-06-15"
"26548","2026-06-16","2026-07-16"
"26549","2026-07-23","2026-08-22"
"26550","2026-08-06","2026-09-05"
"26551","2026-08-18","2026-09-17"
"26552","2026-09-21","2026-10-21"
"26553","2026-10-01","2026-10-31"
"26554","2026-06-14","2026-07-14"
"26555","2026-06-14","2026-07-14"
"26556","",""
"26557","2026-06-18","2026-06-19"
"26558","2026-06-14","2026-06-15"
"26559","2026-09-13","2026-10-13"
"26560","2027-01-01","2027-01-31"
"26561","2026-08-06","2026-09-05"
"26562","2026-06-22","2026-06-24"
"26563","",""
"26564","",""
"26565","",""
"26566","",""
"26567","",""
"26568","",""
"26569","",""
"26570","",""
"26571","",""
"26572","",""
"26573","",""
"26574","",""
"26575","",""
"26576","",""
"26577","",""
"26578","",""
"26579","",""
"26580","",""
"26581","",""
"26582","2026-06-15","2026-06-16"
"26583","2026-06-15","2026-06-16"
"26584","2026-06-15","2026-06-16"
"26585","2026-06-15","2026-06-16"
"26586","2026-06-21","2026-06-22"
"26587","2026-06-21","2026-06-22"
"26588","2026-08-12","2026-09-11"
"26589","2026-06-16","2026-07-16"
"26590","2026-07-26","2026-08-25"
"26591","2026-08-01","2026-08-31"
"26592","2026-06-16","2026-07-16"
"26593","2026-06-17","2026-07-17"
"26594","2026-06-15","2026-06-16"
"26595","2026-06-15","2026-07-15"
"26596","2026-08-29","2026-09-28"
"26597","2026-08-15","2026-09-14"
"26598","2026-07-26","2026-08-25"
"26599","2026-12-31","2027-01-30"
"26600","2026-06-15","2026-06-16"
"26601","2026-06-15","2026-06-16"
"26602","2026-06-15","2026-06-16"
"26603","2026-06-15","2026-06-16"
"26604","2026-06-17","2026-06-18"
"26605","2026-06-17","2026-06-18"
"26606","2026-06-17","2026-06-18"
"26607","2026-06-17","2026-06-18"
"26608","2026-06-16","2026-06-17"
"26609","2026-06-21","2026-06-22"
"26610","2026-06-16","2026-06-17"
"26611","2026-06-21","2026-06-22"
"26612","2026-06-15","2026-06-16"
"26613","2026-06-15","2026-06-16"
"26614","2026-07-01","2026-07-31"
"26615","2026-09-01","2026-10-01"
"26616","2026-07-01","2026-07-31"
"26617","2026-08-30","2026-09-29"
"26618","2026-07-01","2026-07-31"
"26619","2026-09-30","2026-10-30"
"26620","2026-07-06","2026-07-08"
"26621","2026-07-01","2026-07-31"
"26622","2026-06-15","2026-06-16"
"26623","2026-06-15","2026-06-16"
"26624","2026-06-21","2026-06-22"
"26625","2026-06-21","2026-06-22"
"26626","2027-01-01","2027-01-31"
"26627","2026-08-09","2026-09-08"
"26628","2026-06-19","2026-06-20"
"26629","2026-06-14","2026-07-14"
"26630","2026-06-26","2026-07-26"
"26631","2026-07-14","2026-07-16"
"26632","2026-06-22","2026-07-22"
"26633","2026-11-20","2026-12-20"
"26634","2026-06-15","2026-07-15"
"26635","2026-09-01","2026-10-01"
"26636","2026-06-21","2026-07-21"
"26637","2026-07-27","2026-08-26"
"26638","2026-07-19","2026-08-18"
"26639","2026-09-12","2026-10-12"
"26640","",""
"26641","2026-12-31","2027-01-30"
"26642","2026-06-15","2026-07-15"
"26643","2026-12-31","2027-01-30"
"26644","",""
"26645","2026-06-15","2026-07-15"
"26646","2026-07-31","2026-08-30"
"26647","2026-08-01","2026-08-31"
"26648","2027-01-03","2027-02-02"
"26649","2026-07-30","2026-08-29"
"26650","2026-06-30","2026-07-30"
"26651","2026-07-30","2026-08-30"
"26652","2026-06-14","2026-07-14"
"26653","2026-07-05","2026-08-04"
"26654","2026-07-05","2026-08-04"
"26655","2026-07-30","2026-08-29"
"26656","",""
"26657","",""
"26658","2026-06-14","2026-07-14"
"26659","2026-06-29","2026-07-29"
"26660","2026-09-05","2026-10-05"
"26661","2026-06-23","2026-07-23"
"26662","2026-06-14","2026-07-15"
"26663","2026-06-15","2026-07-15"
"26664","2026-09-08","2026-10-08"
"26665","2026-06-16","2026-07-16"
"26666","2026-06-14","2026-07-14"
"26667","2027-05-01","2027-05-31"
"26668","2026-08-16","2026-09-15"
"26669","2026-08-31","2026-09-30"
"26670","2026-07-21","2026-08-20"
"26671","2026-08-08","2026-09-07"
"26672","2026-07-19","2026-08-18"
"26673","2026-07-05","2026-07-07"
"26674","2027-01-02","2027-02-01"
"26675","2027-03-03","2027-04-02"
"26676","2026-08-01","2026-08-31"
"26677","2026-06-14","2026-07-14"
"26678","2026-10-09","2026-11-08"
"26679","2026-06-14","2026-07-14"
"26680","2026-06-23","2026-06-25"
"26681","2026-09-01","2026-10-01"
"26682","2026-06-15","2026-07-15"
"26683","2026-08-01","2026-09-01"
"26684","2026-06-17","2026-07-17"
"26685","2026-07-01","2026-07-31"
"26686","2026-07-04","2026-08-03"
"26687","2026-08-31","2026-09-30"
"26688","2026-08-04","2026-09-03"
"26689","2026-07-07","2026-08-06"
"26690","2026-06-23","2026-07-23"
"26691","2026-06-14","2026-06-15"
"26692","2026-06-14","2026-06-15"
"26693","2026-08-08","2026-09-07"
"26694","2027-02-01","2027-03-03"
"26695","2026-07-31","2026-08-30"
"26696","",""
"26697","2026-06-16","2026-07-17"
"26698","2026-08-21","2026-09-20"
"26699","2026-06-15","2026-07-15"
"26700","2026-06-15","2026-07-15"
"26701","2026-06-15","2026-07-15"
"26702","2026-08-10","2026-08-12"
"26703","2026-08-01","2026-08-31"
"26704","2026-08-09","2026-09-08"
"26705","2026-07-06","2026-08-05"
"26706","2026-07-19","2026-08-18"
"26707","2026-06-15","2026-07-15"
"26708","2026-08-14","2026-09-13"
"26709","2026-08-02","2026-09-01"
"26710","2026-06-16","2026-07-16"
"26711","2026-08-02","2026-09-01"
"26712","",""
"26713","2026-08-15","2026-09-14"
"26714","2026-08-14","2026-09-13"
"26715","2026-08-13","2026-09-12"
"26716","2027-03-20","2027-04-19"
"26717","2026-11-01","2026-12-01"
"26718","2026-10-01","2026-10-31"
"26719","2026-08-17","2026-09-16"
"26720","2027-02-02","2027-03-04"
"26721","2026-10-02","2026-11-01"
"26722","2026-07-01","2026-07-31"
"26723","2026-06-15","2026-07-16"
"26724","",""
"26725","2026-06-15","2026-06-16"
"26726","",""
"26727","",""
"26728","2026-06-28","2026-07-28"
"26729","2027-02-08","2027-03-10"
"26730","2026-09-04","2026-10-04"
"26731","2026-08-31","2026-09-30"
"26732","2026-07-21","2026-08-20"
"26733","2026-06-14","2026-07-14"
"26734","2026-09-12","2026-10-12"
"26735","2026-08-01","2026-08-31"
"26736","2027-01-31","2027-03-02"
"26737","2026-06-15","2026-06-16"
"26738","2026-06-17","2026-07-17"
"26739","2026-09-01","2026-10-01"
"26740","2026-10-01","2026-10-31"
"26741","2026-08-21","2026-09-20"
"26742","2026-06-22","2026-06-23"
"26743","2026-08-21","2026-09-20"
"26744","2026-06-14","2026-07-14"
"26745","2026-06-14","2026-07-14"
"26746","2026-06-15","2026-07-15"
"26747","2026-06-25","2026-06-26"
"26748","2026-06-25","2026-06-26"
"26749","2026-08-10","2026-09-09"
"26750","2026-08-14","2026-09-13"
"26751","2026-06-16","2026-07-16"
"26752","2026-10-31","2026-11-30"
"26753","",""
"26754","2026-06-17","2026-07-17"
"26755","2026-06-14","2026-07-14"
"26756","2026-07-07","2026-07-10"
"26757","2026-06-21","2026-06-24"
"26758","2026-06-14","2026-07-14"
"26759","2026-06-14","2026-07-14"
"26760","2026-08-02","2026-09-01"
"26761","2026-06-15","2026-06-17"
"26762","2026-08-08","2026-09-07"
"26763","2026-08-01","2026-08-31"
"26764","2026-08-29","2026-09-28"
"26765","2026-08-01","2026-08-31"
"26766","2026-06-14","2026-07-14"
"26767","2026-06-14","2026-07-14"
"26768","2026-07-01","2026-07-31"
"26769","2026-07-01","2026-07-31"
"26770","2026-06-25","2026-06-26"
"26771","2026-06-25","2026-06-26"
"26772","2026-06-23","2026-06-24"
"26773","2026-06-23","2026-06-24"
"26774","2026-08-01","2026-08-02"
"26775","2026-08-01","2026-08-02"
"26776","2026-07-31","2026-10-29"
"26777","2026-06-23","2026-06-26"
"26778","2026-07-22","2026-08-21"
"26779","2026-08-09","2026-09-08"
"26780","",""
"26781","2026-12-24","2027-01-23"
"26782","2026-06-27","2026-07-28"
"26783","2026-08-08","2026-09-07"
"26784","2026-07-16","2026-08-15"
"26785","2026-07-05","2026-08-05"
"26786","2026-07-18","2026-08-17"
"26787","2026-08-26","2026-09-25"
"26788","2026-06-15","2026-07-15"
"26789","2027-01-13","2027-02-12"
"26790","2026-07-19","2026-08-18"
"26791","2026-06-15","2026-07-15"
"26792","2026-06-30","2026-07-30"
"26793","2026-11-02","2026-12-02"
"26794","2026-08-17","2026-09-17"
"26795","2026-08-08","2026-09-07"
"26796","2026-08-01","2026-09-01"
"26797","2026-08-31","2026-10-01"
"26798","2026-08-03","2026-09-03"
"26799","2026-07-02","2026-08-01"
"26800","2026-09-01","2026-10-01"
"26801","2026-06-19","2026-06-20"
"26802","2026-07-18","2026-08-17"
"26803","2026-08-26","2026-09-25"
"26804","2026-07-02","2026-07-03"
"26805","2026-06-15","2026-07-15"
"26806","2026-06-24","2026-06-25"
"26807","2026-06-21","2026-06-22"
"26808","",""
"26809","2026-06-25","2026-06-26"
"26810","2026-06-21","2026-07-21"
"26811","2026-09-21","2026-10-21"
"26812","2026-09-12","2026-10-12"
"26813","2026-08-07","2026-09-06"
"26814","2026-07-01","2026-07-31"
"26815","2026-07-17","2026-07-18"
"26816","2026-06-23","2026-06-24"
"26817","2026-06-23","2026-06-24"
"26818","2026-06-23","2026-06-24"
"26819","2026-06-23","2026-06-24"
"26820","2026-06-23","2026-06-24"
"26821","2026-06-23","2026-06-24"
"26822","2026-08-19","2026-09-18"
"26823","2026-06-21","2026-06-23"
"26824","2026-09-05","2026-10-05"
"26825","2026-06-21","2026-07-21"
"26826","2026-08-16","2026-09-15"
"26827","2026-06-30","2026-07-01"
"26828","2026-07-31","2026-08-30"
"26829","2026-07-09","2026-08-08"
"26830","2026-09-07","2026-10-07"
"26831","2026-08-28","2026-09-27"
"26832","2026-09-12","2026-10-12"
"26833","2026-07-10","2026-08-09"
"26834","2026-07-20","2026-08-19"
"26835","",""
"26836","2026-06-15","2026-07-15"
"26837","2026-09-03","2026-10-03"
"26838","2026-08-31","2026-09-30"
"26839","2026-07-18","2026-08-17"
"26840","2026-06-17","2026-07-17"
"26841","2026-06-28","2026-07-28"
"26842","2027-01-04","2027-02-03"
"26843","2026-07-23","2026-08-22"
"26844","2026-09-25","2026-10-25"
"26845","2026-09-25","2026-10-25"
"26846","2026-09-02","2026-10-02"
"26847","2026-07-01","2026-07-31"
"26848","2026-07-19","2026-08-18"
"26849","2026-06-16","2026-06-17"
"26850","2026-09-25","2026-10-25"
"26851","2026-09-25","2026-10-25"
"26852","2026-07-30","2026-08-29"
"26853","2026-07-04","2026-08-03"
"26854","2026-09-01","2026-10-01"
"26855","2026-08-09","2026-09-08"
"26856","2026-06-17","2026-07-17"
"26857","2026-07-31","2026-08-30"
"26858","2026-08-31","2026-09-30"
"26859","2026-07-02","2026-08-01"
"26860","2026-07-07","2026-08-06"
"26861","2026-07-26","2026-08-25"
"26862","2026-06-30","2026-07-30"
"26863","2026-07-10","2026-08-09"
"26864","2026-10-02","2026-11-01"
"26865","2026-08-29","2026-09-28"
"26866","2026-08-02","2026-09-01"
"26867","2026-07-04","2026-08-03"
"26868","2026-07-26","2026-08-25"
"26869","2026-06-21","2026-06-22"
"26870","2026-06-14","2026-07-14"
"26871","2026-06-21","2026-06-22"
"26872","2026-06-18","2026-06-19"
"26873","2026-06-22","2026-06-23"
"26874","2026-09-30","2026-10-30"
"26875","2026-08-08","2026-09-07"
"26876","2026-06-15","2026-07-15"
"26877","2026-10-03","2026-11-02"
"26878","",""
"26879","",""
"26880","2027-01-01","2027-01-31"
"26881","2026-08-24","2026-09-23"
"26882","2026-08-01","2026-08-31"
"26883","2026-08-09","2026-09-08"
"26884","2026-06-17","2026-06-19"
"26885","2026-08-08","2026-09-07"
"26886","2026-07-12","2026-08-11"
"26887","2026-06-14","2026-07-14"
"26888","2026-06-23","2026-07-23"
"26889","2026-09-26","2026-10-26"
"26890","2027-01-26","2027-02-25"
"26891","2026-07-24","2026-08-23"
"26892","2026-06-14","2026-07-14"
"26893","",""
"26894","2026-12-17","2027-01-16"
"26895","2026-06-15","2026-06-16"
"26896","2026-07-02","2026-07-03"
"26897","2026-06-15","2026-06-16"
"26898","2026-07-02","2026-07-03"
"26899","2026-06-15","2026-06-16"
"26900","2026-06-15","2026-06-16"
"26901","2026-06-18","2026-06-19"
"26902","2026-06-18","2026-06-19"
"26903","2026-06-15","2026-06-16"
"26904","2026-06-18","2026-06-19"
"26905","2026-06-18","2026-06-19"
"26906","2026-06-15","2026-06-16"
"26907","2026-06-19","2026-06-20"
"26908","2026-06-19","2026-06-20"
"26909","2026-06-19","2026-06-20"
"26910","2026-06-19","2026-06-20"
"26911","2026-06-14","2026-07-14"
"26912","2026-07-07","2026-08-06"
"26913","2026-08-01","2026-08-31"
"26914","2026-06-17","2026-07-17"
"26915","2026-07-31","2026-08-30"
"26916","2026-06-14","2026-07-14"
"26917","2026-06-30","2026-07-30"
"26918","2026-06-30","2026-07-30"
"26919","2026-06-30","2026-07-30"
"26920","2026-07-11","2026-07-12"
"26921","2026-06-28","2026-06-30"
"26922","2026-06-22","2026-06-24"
"26923","2026-06-15","2026-06-16"
"26924","2026-08-16","2026-09-15"
"26925","2026-09-25","2026-10-25"
"26926","2026-06-14","2026-07-14"
"26927","2026-09-07","2026-10-07"
"26928","2026-06-16","2026-06-17"
"26929","",""
"26930","2026-08-31","2026-09-30"
"26931","2026-11-07","2026-12-07"
"26932","2026-08-09","2026-09-08"
"26933","2026-06-15","2026-07-15"
"26934","2026-08-08","2026-09-07"
"26935","2026-06-28","2026-07-28"
"26936","2026-08-15","2026-09-14"
"26937","2026-08-02","2026-09-01"
"26938","2026-08-14","2026-09-13"
"26939","2026-09-20","2026-10-20"
"26940","2026-07-11","2026-08-10"
"26941","2026-07-06","2026-07-07"
"26942","2026-08-01","2026-08-31"
"26943","2026-08-17","2026-09-16"
"26944","2026-08-31","2026-09-30"
"26945","2026-06-16","2026-06-19"
"26946","2026-06-15","2026-07-15"
"26947","2026-09-17","2026-10-17"
"26948","2026-06-23","2026-06-24"
"26949","2026-06-15","2026-06-19"
"26950","2026-06-15","2026-07-15"
"26951","2026-08-23","2026-09-22"
"26952","2026-10-12","2026-11-11"
"26953","2026-06-26","2026-06-28"
"26954","2026-10-31","2026-11-30"
"26955","2026-06-15","2026-07-15"
"26956","2026-06-15","2026-07-15"
"26957","2026-08-16","2026-09-15"
"26958","2026-08-01","2026-08-31"
"26959","2026-06-14","2026-07-14"
"26960","2026-12-05","2027-01-04"
"26961","2027-04-01","2027-05-01"
"26962","2026-12-31","2027-01-30"
"26963","2026-07-05","2026-08-04"
"26964","2026-06-17","2026-06-18"
"26965","2026-08-15","2026-09-14"
"26966","2026-08-01","2026-08-31"
"26967","2026-07-30","2026-08-29"
"26968","2026-06-15","2026-06-16"
"26969","2026-09-12","2026-10-12"
"26970","2027-04-01","2027-05-01"
"26971","2026-06-21","2026-06-23"
"26972","2026-08-15","2026-09-14"
"26973","2026-07-01","2026-07-31"
"26974","",""
"26975","2026-06-30","2026-07-30"
"26976","2026-07-23","2026-08-22"
"26977","2026-07-29","2026-08-28"
"26978","2026-09-08","2026-10-08"
"26979","",""
"26980","2026-07-19","2026-07-22"
"26981","2026-07-05","2026-08-05"
"26982","2026-06-17","2026-07-17"
"26983","2026-06-21","2026-07-21"
"26984","2026-06-15","2026-07-15"
"26985","2026-06-15","2026-07-15"
"26986","2026-07-01","2026-07-31"
"26987","2026-06-21","2026-07-21"
"26988","2026-10-05","2026-11-04"
"26989","2026-06-27","2026-06-29"
"26990","2026-07-05","2026-08-04"
"26991","2026-06-15","2026-07-15"
"26992","2026-07-31","2026-08-30"
"26993","2026-07-30","2026-08-29"
"26994","2026-09-11","2026-10-11"
"26995","",""
"26996","2026-09-25","2026-10-25"
"26997","2026-07-06","2026-07-08"
"26998","2026-06-14","2026-07-14"
"26999","2026-07-22","2026-08-21"
"27000","2026-09-21","2026-10-21"
"27001","2027-03-09","2027-04-08"
"27002","2026-10-11","2026-11-10"
"27003","2026-08-08","2026-09-07"
"27004","2026-08-24","2026-09-23"
"27005","2026-07-31","2026-08-30"
"27006","2026-07-28","2026-08-27"
"27007","2026-08-08","2026-09-07"
"27008","2026-06-19","2026-07-19"
"27009","2026-12-15","2027-01-14"
"27010","2026-09-01","2026-10-01"
"27011","",""
"27012","2026-06-14","2026-07-14"
"27013","2026-06-18","2026-06-20"
"27014","2026-08-01","2026-08-31"
"27015","2026-08-18","2026-09-17"
"27016","2026-08-08","2026-09-07"
"27017","2026-08-18","2026-09-17"
"27018","2026-08-18","2026-09-17"
"27019","2027-05-10","2027-06-09"
"27020","2026-06-15","2026-07-15"
"27021","2026-07-08","2026-08-07"
"27022","2026-08-15","2026-09-14"
"27023","2026-08-01","2026-08-31"
"27024","2026-06-15","2026-06-16"
"27025","",""
"27026","2026-08-20","2026-09-20"
"27027","2026-07-05","2026-08-04"
"27028","2026-06-23","2026-06-24"
"27029","2026-06-23","2026-06-24"
"27030","2026-06-15","2026-07-16"
"27031","2026-07-13","2026-08-12"
"27032","2026-11-16","2026-12-16"
"27033","",""
"27034","2026-08-08","2026-09-07"
"27035","2027-04-30","2027-05-30"
"27036","2026-06-18","2026-07-18"
"27037","2026-06-14","2026-07-14"
"27038","2026-08-29","2026-09-28"
"27039","2026-07-04","2026-08-03"
"27040","2026-07-30","2026-08-29"
"27041","2026-07-31","2026-08-30"
"27042","2026-08-09","2026-09-08"
"27043","2026-06-14","2026-07-14"
"27044","2026-06-25","2026-07-25"
"27045","2026-07-03","2026-08-02"
"27046","2026-12-15","2027-01-14"
"27047","2026-10-04","2026-11-03"
"27048","2026-07-02","2026-08-01"
"27049","2026-08-09","2026-09-08"
"27050","2026-12-12","2027-01-11"
"27051","2026-08-08","2026-09-07"
"27052","2026-08-18","2026-08-21"
"27053","2026-10-01","2026-10-31"
"27054","2026-06-16","2026-07-16"
"27055","2027-01-04","2027-02-03"
"27056","",""
"27057","2026-06-29","2026-07-29"
"27058","2026-10-19","2026-11-18"
"27059","2026-07-07","2026-08-06"
"27060","2026-07-31","2026-08-30"
"27061","2026-07-31","2026-08-30"
"27062","2026-06-25","2026-06-26"
"27063","2026-06-28","2026-06-29"
"27064","2026-06-30","2026-07-01"
"27065","2026-06-23","2026-06-24"
"27066","2026-06-28","2026-06-29"
"27067","2026-06-24","2026-06-25"
"27068","2026-07-22","2026-08-21"
"27069","2026-06-14","2026-07-14"
"27070","2026-09-30","2026-10-30"
"27071","2026-08-01","2026-08-31"
"27072","2026-06-30","2026-07-30"
"27073","2026-08-05","2026-09-04"
"27074","2026-06-14","2026-07-14"
"27075","2026-07-17","2026-08-16"
"27076","2026-07-31","2026-08-30"
"27077","2026-06-19","2026-06-20"
"27078","2027-02-01","2027-03-03"
"27079","2026-06-14","2026-07-14"
"27080","2026-06-14","2026-07-14"
"27081","2027-01-04","2027-02-03"
"27082","",""
"27083","2026-08-09","2026-09-08"
"27084","2027-03-11","2027-04-10"
"27085","2026-07-04","2026-08-03"
"27086","",""
"27087","2026-07-18","2026-08-17"
"27088","2026-10-25","2026-11-24"
"27089","2026-08-09","2026-09-08"
"27090","2026-07-26","2026-08-25"
"27091","2026-09-09","2026-10-09"
"27092","2026-10-01","2026-10-31"
"27093","2026-12-31","2027-01-30"
"27094","2026-08-12","2026-09-11"
"27095","2026-06-15","2026-07-15"
"27096","2026-08-23","2026-09-22"
"27097","2026-08-17","2026-09-16"
"27098","",""
"27099","2026-10-19","2026-11-18"
"27100","2026-06-18","2026-06-19"
"27101","2026-06-17","2026-07-17"
"27102","2026-07-28","2026-08-27"
"27103","2026-06-15","2026-06-16"
"27104","2026-10-01","2026-10-31"
"27105","2026-07-20","2026-08-19"
"27106","2026-08-31","2026-09-30"
"27107","2026-06-17","2026-06-18"
"27108","",""
"27109","2026-07-18","2026-08-17"
"27110","2026-06-18","2026-06-19"
"27111","2026-06-15","2026-06-16"
"27112","2026-07-21","2026-08-20"
"27113","2026-07-21","2026-07-24"
"27114","2026-06-15","2026-07-15"
"27115","2026-07-01","2026-07-31"
"27116","2026-06-14","2026-06-16"
"27117","2026-08-26","2026-08-28"
"27118","2026-06-15","2026-06-17"
"27119","2026-06-28","2026-07-28"
"27120","2026-06-17","2026-07-17"
"27121","2026-07-31","2026-08-30"
"27122","2026-07-21","2026-08-20"
"27123","2026-12-23","2027-01-22"
"27124","2026-08-08","2026-09-07"
"27125","2026-08-01","2026-08-31"
"27126","2026-08-01","2026-08-31"
"27127","2026-08-16","2026-09-15"
"27128","",""
"27129","",""
"27130","2026-09-18","2026-10-18"
"27131","",""
"27132","",""
"27133","2026-08-31","2026-09-30"
"27134","2026-06-15","2026-06-16"
"27135","2026-06-29","2026-07-01"
"27136","2026-08-09","2026-09-08"
"27137","",""
"27138","",""
"27139","2026-09-04","2026-10-04"
"27140","2026-08-29","2026-09-28"
"27141","2027-05-11","2027-06-10"
"27142","2026-06-21","2026-07-21"
"27143","2026-12-01","2026-12-31"
"27144","2026-07-01","2026-07-02"
"27145","2026-06-26","2026-06-27"
"27146","2027-01-01","2027-01-31"
"27147","2026-10-01","2026-10-31"
"27148","2027-01-01","2027-01-31"
"27149","2026-07-13","2026-08-12"
"27150","2026-06-17","2026-07-17"
"27151","2026-08-01","2026-08-31"
"27152","2026-06-15","2026-06-17"
"27153","",""
"27154","2026-07-01","2026-07-31"
"27155","2026-10-28","2026-11-27"
"27156","2026-10-23","2026-11-22"
"27157","2026-07-11","2026-08-10"
"27158","2026-08-01","2026-08-31"
"27159","2026-06-16","2026-07-16"
"27160","2026-07-01","2026-07-02"
"27161","",""
"27162","2026-06-16","2026-07-16"
"27163","2026-06-14","2026-06-15"
"27164","2026-06-15","2026-06-16"
"27165","2026-08-15","2026-09-14"
"27166","2026-09-19","2026-10-19"
"27167","2026-08-16","2026-09-15"
"27168","2026-07-20","2026-08-19"
"27169","2026-07-22","2026-08-21"
"27170","2026-06-14","2026-07-14"
"27171","2026-07-01","2026-07-02"
"27172","2026-06-14","2026-07-14"
"27173","2026-06-14","2026-07-14"
"27174","2026-06-17","2026-06-18"
"27175","2026-08-16","2026-09-15"
"27176","2026-06-14","2026-07-14"
"27177","2026-06-15","2026-07-15"
"27178","2026-06-28","2026-07-28"
"27179","2026-08-01","2026-09-01"
"27180","2026-07-20","2026-08-19"
"27181","2027-01-31","2027-03-02"
"27182","2026-09-01","2026-10-01"
"27183","2027-02-28","2027-03-30"
"27184","2026-07-27","2026-08-26"
"27185","2026-08-12","2026-09-11"
"27186","2026-06-24","2026-06-25"
"27187","2026-06-17","2026-07-18"
"27188","2026-08-25","2026-09-24"
"27189","2026-06-30","2026-07-03"
"27190","2026-06-15","2026-07-15"
"27191","2026-06-15","2026-07-15"
"27192","2026-06-30","2026-07-02"
"27193","2026-08-24","2026-08-25"
"27194","2026-08-24","2026-08-25"
"27195","2026-08-09","2026-09-08"
"27196","2026-09-30","2026-10-30"
"27197","2026-09-01","2026-10-01"
"27198","2026-08-02","2026-09-01"
"27199","2026-07-05","2026-07-06"
"27200","2026-08-23","2026-09-22"
"27201","2026-06-16","2026-06-17"
"27202","2026-06-19","2026-06-20"
"27203","2026-06-17","2026-06-18"
"27204","2026-06-17","2026-06-18"
"27205","2026-06-15","2026-07-15"
"27206","2026-06-18","2026-07-18"
"27207","2026-09-01","2026-10-01"
"27208","2026-06-18","2026-07-18"
"27209","2026-07-19","2026-08-18"
"27210","",""
"27211","",""
"27212","2026-06-19","2026-06-22"
"27213","2026-07-25","2026-08-24"
"27214","2026-11-10","2026-12-10"
"27215","2026-07-31","2026-08-30"
"27216","2026-06-15","2026-06-16"
"27217","2026-06-15","2026-06-16"
"27218","2026-07-29","2026-08-28"
"27219","2026-06-23","2026-08-22"
"27220","2026-08-18","2026-08-23"
"27221","2026-06-16","2026-07-16"
"27222","2026-07-21","2026-10-19"
"27223","2027-01-01","2027-01-31"
"27224","2026-06-15","2026-07-15"
"27225","2026-08-08","2026-09-07"
"27226","2026-07-06","2026-07-09"
"27227","2026-07-21","2026-08-20"
"27228","2026-06-14","2026-07-14"
"27229","2026-09-01","2026-10-01"
"27230","",""
"27231","2026-06-14","2026-07-14"
"27232","2026-06-14","2026-07-14"
"27233","2026-09-10","2026-10-10"
"27234","2026-08-01","2026-08-31"
"27235","2026-08-11","2026-09-10"
"27236","2026-07-02","2026-08-01"
"27237","2026-06-14","2026-07-14"
"27238","2026-06-30","2026-07-30"
"27239","2026-06-23","2026-07-23"
"27240","2026-06-21","2026-06-23"
"27261","2026-07-01","2026-07-31"
"27241","2026-06-20","2026-06-22"
"27242","2026-07-20","2026-08-19"
"27243","2026-09-01","2026-10-01"
"27244","2026-07-27","2026-08-26"
"27245","2026-06-15","2026-06-17"
"27246","2026-09-05","2026-10-05"
"27247","2026-10-16","2026-11-15"
"27248","2026-08-06","2026-09-05"
"27249","2026-08-01","2026-08-31"
"27250","2027-01-01","2027-01-31"
"27251","2026-08-16","2026-09-15"
"27252","2026-07-28","2026-08-27"
"27253","2026-07-25","2026-08-24"
"27254","2026-07-05","2026-08-04"
"27255","2026-07-25","2026-08-24"
"27256","2026-10-03","2026-11-02"
"27257","2026-12-16","2027-01-15"
"27258","2026-11-02","2026-12-02"
"27259","2026-11-02","2026-12-02"
"27260","2026-11-01","2026-11-04"
"27262","",""
"27263","2026-06-15","2026-07-15"
"27264","2026-07-23","2026-08-22"
"27265","2026-11-01","2026-12-01"
"27266","2026-06-14","2026-09-12"
"27267","2026-06-23","2026-09-21"
"27268","2026-06-15","2026-06-16"
"27269","2026-06-23","2026-09-21"
"27270","2026-06-14","2026-07-15"
"27271","2026-08-03","2026-09-02"
"27272","2026-11-22","2026-12-22"
"27273","2026-06-30","2026-07-30"
"27274","2026-06-14","2026-07-14"
"27275","2026-06-14","2026-07-14"
"27276","2026-06-14","2026-07-14"
"27277","2026-06-16","2026-06-17"
"27278","2026-06-16","2026-06-17"
"27279","2026-06-15","2026-06-16"
"27280","2026-06-15","2026-06-16"
"27281","2026-06-15","2026-06-16"
"27282","2026-06-15","2026-06-16"
"27283","2026-10-10","2026-11-09"
"27284","2026-07-30","2026-08-29"
"27285","2026-06-15","2026-06-16"
"27286","2026-06-17","2026-06-18"
"27287","2026-06-15","2026-07-15"
"27288","2026-07-07","2026-08-06"
"27289","2026-08-12","2026-09-11"
"27290","2026-08-01","2026-08-31"
"27291","2026-10-03","2026-11-02"
"27292","2026-07-12","2026-08-11"
"27293","2026-06-21","2026-06-22"
"27294","2026-06-15","2026-07-15"
"27295","2026-06-29","2026-07-29"
"27296","2026-06-23","2026-07-23"
"27297","",""
"27298","2026-07-20","2026-08-19"
"27299","2026-07-20","2026-08-19"
"27300","2026-06-20","2026-07-20"
"27301","2026-09-30","2026-10-30"
"27302","2026-06-30","2026-07-30"
"27303","",""
"27304","",""
"27305","",""
"27306","",""
"27307","",""
"27308","2026-07-07","2026-08-06"
"27309","2026-11-28","2026-12-29"
"27310","2026-09-01","2026-10-01"
"27311","2026-08-02","2026-08-07"
"27312","2026-06-23","2026-06-24"
"27313","2026-06-23","2026-06-24"
"27314","2026-06-23","2026-06-24"
"27315","2026-06-23","2026-06-24"
"27316","2026-06-23","2026-06-24"
"27317","2026-06-23","2026-06-24"
"27318","2026-06-23","2026-06-24"
"27319","2026-06-28","2026-06-29"
"27320","2026-06-23","2026-07-23"
"27321","2026-06-30","2026-08-29"
"27322","2026-10-02","2026-11-01"
"27323","2026-08-08","2026-09-07"
"27324","2026-08-09","2026-09-08"
"27325","2026-06-27","2026-07-27"
"27326","2026-07-01","2026-07-31"
"27327","2026-10-01","2026-10-31"
"27328","2026-06-15","2026-07-15"
"27329","2026-08-28","2026-09-27"
"27330","2027-01-04","2027-02-03"
"27331","2026-07-16","2026-08-15"
"27332","2026-06-14","2026-07-14"
"27333","2026-07-21","2026-07-23"
"27334","2026-06-16","2026-07-16"
"27335","",""
"27336","2026-06-16","2026-06-17"
"27337","2026-06-28","2026-06-29"
"27338","2026-06-18","2026-06-19"
"27339","2026-06-15","2026-06-16"
"27340","2026-08-30","2026-09-29"
"27341","",""
"27342","",""
"27343","2026-06-15","2026-07-15"
"27344","2026-06-15","2026-07-15"
"27345","2026-08-05","2026-09-04"
"27346","2027-02-01","2027-03-03"
"27347","2026-08-01","2026-08-31"
"27348","2026-08-01","2026-08-31"
"27349","2026-06-23","2026-06-25"
"27350","2027-01-01","2027-01-31"
"27351","2026-07-01","2026-07-31"
"27352","2026-06-15","2026-06-17"
"27353","2026-10-09","2026-11-08"
"27354","2026-09-01","2026-10-01"
"27355","",""
"27356","2026-06-23","2026-06-24"
"27357","2026-07-17","2026-08-16"
"27358","2026-07-09","2026-08-08"
"27359","2026-06-14","2026-07-14"
"27360","2026-06-15","2026-07-15"
"27361","2026-06-15","2026-06-16"
"27362","2026-09-01","2026-10-01"
"27363","2026-08-31","2026-09-30"
"27364","2026-06-23","2026-06-24"
"27365","2026-07-27","2026-08-26"
"27366","",""
"27367","2026-06-23","2026-11-20"
"27368","2026-07-01","2026-07-31"
"27369","2026-11-18","2027-02-16"
"27370","2026-06-14","2026-07-14"
"27371","2026-12-20","2027-01-19"
"27372","2026-07-23","2026-08-22"
"27373","2026-06-23","2026-06-24"
"27374","2026-06-24","2026-06-25"
"27375","2026-06-24","2026-06-25"
"27376","2026-06-15","2026-07-15"
"27377","2026-08-02","2026-09-01"
"27378","2026-07-11","2026-08-10"
"27379","2026-08-26","2026-09-25"
"27380","2026-06-23","2026-06-24"
"27381","2026-08-01","2026-08-31"
"27382","2026-06-25","2026-06-26"
"27383","2026-08-28","2026-09-27"
"27384","2026-06-22","2026-07-22"
"27385","2026-06-15","2026-07-15"
"27386","2026-06-22","2026-07-22"
"27387","2026-06-15","2026-07-15"
"27388","2026-06-15","2026-07-15"
"27389","2026-06-15","2026-07-15"
"27390","2026-10-03","2026-11-02"
"27391","2026-06-19","2026-06-20"
"27392","2026-07-08","2026-08-07"
"27393","2026-06-17","2026-06-18"
"27394","2026-06-29","2026-06-30"
"27395","2026-06-18","2026-06-19"
"27396","",""
"27397","",""
"27398","",""
"27399","",""
"27400","",""
"27401","",""
"27402","",""
"27403","",""
"27404","",""
"27405","2026-06-15","2026-06-18"
"27406","2026-08-08","2026-09-07"
"27407","2026-06-14","2026-07-14"
"27408","2026-07-15","2026-08-14"
"27409","2026-06-16","2026-07-16"
"27410","2026-07-31","2026-08-30"
"27411","2026-10-04","2026-11-03"
"27412","2026-08-15","2026-09-14"
"27413","2026-09-04","2026-10-04"
"27414","2026-07-31","2026-08-30"
"27415","2026-08-08","2026-09-07"
"27416","2026-06-15","2026-07-15"
"27417","2026-12-13","2027-01-12"
"27418","2026-09-04","2026-10-04"
"27419","2026-06-16","2026-07-16"
"27420","2026-10-01","2026-11-01"
"27421","2026-07-01","2026-07-31"
"27422","2027-01-15","2027-02-14"
"27423","2026-06-17","2026-07-17"
"27424","2026-11-01","2026-12-01"
"27425","2026-08-01","2026-08-31"
"27426","2026-07-22","2026-08-21"
"27427","2026-06-15","2026-07-15"
"27428","",""
"27429","2027-01-11","2027-02-10"
"27430","2026-08-16","2026-09-15"
"27431","2026-06-19","2026-06-20"
"27432","2026-07-04","2026-08-03"
"27433","2026-06-15","2026-07-15"
"27434","2026-07-29","2026-08-28"
"27435","2026-06-26","2026-06-27"
"27436","2026-06-28","2026-06-29"
"27437","2026-06-23","2026-06-24"
"27438","2026-06-14","2026-07-14"
"27439","2026-08-08","2026-09-07"
"27440","2026-06-23","2027-06-23"
"27441","2026-06-14","2026-07-14"
"27442","2026-06-14","2026-07-14"
"27443","2026-06-28","2026-06-30"
"27444","2026-06-19","2026-06-20"
"27445","",""
"27446","2026-09-01","2026-10-01"
"27447","2026-06-29","2026-07-01"
"27448","2027-01-01","2027-01-04"
"27449","2026-07-13","2026-08-12"
"27450","2026-06-22","2026-06-24"
"27451","2026-12-01","2026-12-31"
"27452","2026-08-31","2027-02-27"
"27453","2026-06-15","2026-07-15"
"27454","2026-06-15","2026-07-15"
"27455","2026-08-09","2026-09-08"
"27456","2026-09-04","2026-10-04"
"27457","2026-07-31","2026-08-30"
"27458","2026-08-31","2026-09-30"
"27459","2026-09-14","2026-10-14"
"27460","",""
"27461","2026-07-14","2026-08-13"
"27462","",""
"27463","2026-08-14","2026-09-13"
"27464","2026-08-08","2026-09-07"
"27465","2026-06-14","2026-07-14"
"27466","2026-06-14","2026-07-14"
"27467","2026-09-25","2026-10-25"
"27468","2026-06-14","2026-06-15"
"27469","2027-05-05","2027-06-04"
"27470","2026-09-02","2026-10-02"
"27471","2026-08-08","2026-09-07"
"27472","2026-07-05","2026-07-06"
"27473","2026-06-23","2026-06-24"
"27474","2026-06-28","2026-06-29"
"27475","2026-06-14","2026-07-14"
"27476","2026-06-14","2026-07-14"
"27477","2026-08-15","2026-09-14"
"27478","2026-09-01","2026-10-01"
"27479","2026-08-16","2026-08-18"
"27480","2026-08-01","2026-08-31"
"27481","2026-08-08","2026-09-07"
"27482","2026-11-01","2026-12-01"
"27483","2026-10-20","2026-11-19"
"27484","2026-06-29","2026-07-29"
"27485","2027-03-07","2027-04-06"
"27486","",""
"27487","2026-06-23","2026-06-24"
"27488","2026-06-23","2026-06-24"
"27489","2026-06-26","2026-07-26"
"27490","2026-09-30","2026-10-30"
"27491","",""
"27492","2026-06-18","2026-07-18"
"27493","2026-06-21","2026-07-21"
"27494","2026-06-15","2026-07-15"
"27495","2026-07-06","2026-07-08"
"27496","2026-06-16","2026-07-17"
"27497","2026-06-18","2026-06-20"
"27498","2026-07-02","2026-08-01"
"27499","2026-06-17","2026-06-19"
"27500","2026-06-18","2026-06-19"
"27501","2026-06-17","2026-06-19"
"27502","2026-06-17","2026-07-17"
"27503","2026-06-15","2026-07-15"
"27504","2026-06-15","2026-07-15"
"27505","2026-07-26","2026-08-25"
"27506","2026-08-08","2026-09-07"
"27507","2026-08-17","2026-09-16"
"27508","2026-06-16","2026-06-17"
"27509","2026-07-31","2026-08-30"
"27510","",""
"27511","2026-06-14","2026-07-14"
"27512","",""
"27513","2026-08-08","2026-09-07"
"27514","2026-11-01","2026-12-01"
"27515","2026-10-20","2026-11-19"
"27516","2026-06-14","2026-07-14"
"27517","2026-06-14","2026-07-14"
"27518","2026-07-31","2026-08-30"
"27519","2026-07-31","2026-08-30"
"27520","2026-07-31","2026-08-30"
"27521","2026-06-15","2026-07-15"
"27522","2026-06-15","2026-07-15"
"27523","2026-06-15","2026-07-15"
"27524","2026-06-22","2026-06-24"
"27525","2026-08-01","2026-08-31"
"27526","",""
"27527","",""
"27528","2026-08-04","2026-09-03"
"27529","2026-08-04","2026-09-03"
"27530","2026-07-01","2026-07-31"
"27531","2026-06-18","2026-06-20"
"27532","2026-06-15","2026-07-15"
"27533","2026-06-15","2026-07-15"
"27534","2026-06-27","2026-06-28"
"27535","2026-06-23","2026-06-24"
"27536","2026-06-23","2026-06-24"
"27537","2026-06-26","2026-06-27"
"27538","2026-06-27","2026-06-28"
"27539","2026-06-14","2026-07-14"
"27540","2026-07-02","2026-07-06"
"27541","2026-06-22","2026-07-22"
"27542","2026-11-15","2026-12-15"
"27543","2026-06-15","2026-06-16"
"27544","2026-06-21","2026-06-22"
"27545","2026-08-03","2026-09-02"
"27546","2026-08-08","2026-09-07"
"27547","2026-10-31","2026-11-30"
"27548","2026-07-27","2026-08-26"
"27549","2026-07-27","2026-08-26"
"27550","2026-06-26","2026-07-26"
"27551","2026-07-04","2026-08-03"
"27552","2026-06-15","2026-07-15"
"27553","2026-07-31","2026-08-30"
"27554","2026-07-04","2026-08-03"
"27555","2026-07-04","2026-08-03"
"27556","2026-07-04","2026-08-03"
"27557","2026-08-31","2026-09-30"
"27558","2026-06-21","2026-06-22"
"27559","2026-08-06","2026-09-05"
"27560","2026-06-25","2026-06-26"
"27561","2026-06-23","2026-06-24"
"27562","2026-06-23","2026-06-24"
"27563","2026-06-28","2026-06-29"
"27564","2026-06-23","2026-06-24"
"27565","2026-07-24","2026-08-23"
"27566","2026-08-23","2026-09-22"
"27567","2026-07-17","2026-07-19"
"27568","2027-02-28","2027-03-30"
"27569","2026-08-15","2026-09-14"
"27570","2026-08-28","2026-09-27"
"27571","2026-08-09","2026-09-08"
"27572","2026-10-31","2026-11-30"
"27573","2026-07-01","2026-07-03"
"27574","2026-06-18","2026-06-20"
"27575","2026-07-31","2026-08-30"
"27576","2026-08-07","2026-10-06"
"27577","2026-08-20","2026-09-19"
"27578","2026-06-22","2026-07-22"
"27579","2026-06-22","2026-07-22"
"27580","2026-11-30","2026-12-30"
"27581","2026-10-16","2026-11-15"
"27582","2026-10-18","2026-11-17"
"27583","2026-08-02","2026-09-01"
"27584","2026-07-08","2026-08-07"
"27585","2026-06-14","2026-07-14"
"27586","2026-06-14","2026-07-14"
"27587","2026-06-15","2026-07-15"
"27588","2026-08-28","2026-08-29"
"27589","2026-08-24","2026-08-25"
"27590","2026-06-23","2026-06-24"
"27591","2026-06-23","2026-06-24"
"27592","2026-06-25","2026-06-26"
"27593","2026-06-24","2026-06-25"
"27594","2026-06-15","2026-07-15"
"27595","2026-06-21","2026-07-21"
"27596","2026-06-14","2026-07-14"
"27597","2026-06-24","2026-06-25"
"27598","2026-06-25","2026-06-26"
"27599","2026-06-23","2026-06-24"
"27600","2026-06-23","2026-06-24"
"27601","2026-06-23","2026-06-24"
"27602","2026-06-23","2026-06-24"
"27603","2026-06-23","2026-06-24"
"27604","2026-06-23","2026-06-24"
"27605","",""
"27606","2026-06-30","2026-07-30"
"27607","2026-07-20","2026-08-19"
"27608","",""
"27609","2026-06-29","2026-07-29"
"27610","2026-07-20","2026-08-19"
"27611","2026-07-20","2026-08-19"
"27612","2026-07-20","2026-08-19"
"27613","2026-07-21","2026-08-20"
"27614","",""
"27615","2026-08-23","2026-09-22"
"27616","2026-07-20","2026-08-19"
"27617","2026-07-20","2026-08-19"
"27618","2026-07-20","2026-08-19"
"27619","2026-07-20","2026-08-19"
"27620","2026-08-02","2026-09-01"
"27621","",""
"27622","",""
"27623","2026-06-16","2026-07-16"
"27624","2026-07-01","2026-07-02"
"27625","2026-07-01","2026-07-02"
"27626","2026-06-22","2026-07-22"
"27627","2026-06-15","2026-06-17"
"27628","2026-06-29","2026-07-29"
"27629","2026-10-01","2026-10-31"
"27630","2026-06-16","2026-06-17"
"27631","2026-06-17","2026-07-17"
"27632","2026-06-21","2026-07-21"
"27633","2026-07-09","2026-08-08"
"27634","2026-08-31","2026-09-30"
"27635","2026-06-15","2026-06-17"
"27636","2026-08-29","2026-09-28"
"27637","2026-07-22","2026-07-23"
"27638","2026-07-29","2026-08-29"
"27639","2026-06-21","2026-07-21"
"27640","2026-11-30","2026-12-30"
"27641","2026-09-01","2026-10-01"
"27642","2026-06-29","2026-07-29"
"27643","2026-07-31","2026-08-30"
"27644","2026-07-14","2026-08-13"
"27645","2026-06-24","2026-07-24"
"27646","2026-06-15","2026-07-15"
"27647","2026-12-14","2027-01-13"
"27648","2026-06-16","2026-07-16"
"27649","2026-09-29","2026-10-29"
"27650","2026-07-07","2026-07-09"
"27651","2026-06-14","2026-07-14"
"27652","2026-11-14","2026-12-15"
"27653","2026-11-01","2027-03-01"
"27654","2026-06-15","2026-06-21"
"27655","2026-08-02","2026-09-01"
"27656","2026-06-22","2026-06-24"
"27657","2026-06-27","2026-07-27"
"27658","2026-06-30","2026-07-30"
"27659","2026-06-30","2026-07-30"
"27660","2026-06-24","2026-06-25"
"27661","2026-06-24","2026-06-25"
"27662","2026-06-22","2026-06-24"
"27663","2026-06-24","2026-06-25"
"27664","2026-06-24","2026-06-25"
"27665","2026-06-25","2026-06-26"
"27666","2026-06-24","2026-06-25"
"27667","2026-06-24","2026-06-25"
"27668","2026-06-15","2026-07-15"
"27669","2026-10-31","2026-11-30"
"27670","2026-08-01","2026-08-31"
"27671","2026-06-17","2026-06-18"
"27672","2026-07-05","2026-08-04"
"27673","2026-12-31","2027-01-30"
"27674","2026-06-14","2026-07-14"
"27675","2026-07-02","2026-08-01"
"27676","2026-06-15","2026-07-15"
"27677","",""
"27678","2026-08-02","2026-09-01"
"27679","",""
"27680","2026-08-06","2026-09-05"
"27681","2026-06-21","2026-06-22"
"27682","2026-06-21","2026-06-23"
"27683","2026-06-22","2026-06-23"
"27684","2026-06-14","2026-07-14"
"27685","2026-06-28","2026-07-28"
"27686","2026-06-21","2026-07-21"
"27687","2026-06-15","2026-06-16"
"27688","2026-10-20","2026-11-19"
"27689","2026-08-07","2026-09-06"
"27690","2026-06-23","2026-06-24"
"27691","2026-07-01","2026-07-31"
"27692","2026-08-11","2026-09-10"
"27693","2026-07-27","2026-08-26"
"27694","2026-08-13","2026-09-12"
"27695","2026-12-31","2027-01-30"
"27696","2026-06-29","2026-07-29"
"27697","2026-07-25","2026-08-24"
"27698","2027-01-01","2027-01-31"
"27699","2026-06-14","2026-07-15"
"27700","2026-06-20","2026-06-21"
"27701","2026-06-14","2026-06-15"
"27702","2026-06-15","2026-06-17"
"27703","",""
"27704","2026-06-15","2026-07-16"
"27705","2026-07-31","2026-08-30"
"27706","2026-06-15","2026-07-15"
"27707","2026-07-15","2026-08-14"
"27708","2026-06-14","2026-07-14"
"27709","2026-07-31","2026-08-30"
"27710","2026-12-01","2026-12-31"
"27711","2026-06-23","2026-06-28"
"27712","2026-06-23","2026-06-28"
"27713","2026-06-23","2026-06-28"
"27714","2026-06-23","2026-06-30"
"27715","2026-06-23","2026-06-28"
"27716","",""
"27717","2026-09-01","2026-10-01"
"27718","2026-06-27","2026-07-27"
"27719","2026-06-19","2026-07-19"
"27720","2026-08-01","2026-08-31"
"27721","2026-06-23","2026-06-24"
"27722","2026-06-15","2026-07-15"
"27723","2026-06-14","2026-07-14"
"27724","2026-07-10","2026-07-13"
"27725","2026-06-14","2026-07-14"
"27726","2026-06-17","2026-06-19"
"27727","2026-06-30","2026-07-30"
"27728","2026-08-19","2026-09-18"
"27729","2026-11-01","2026-12-01"
"27730","2026-07-31","2026-08-30"
"27731","2026-07-24","2026-08-23"
"27732","2026-06-22","2026-07-22"
"27733","2026-08-21","2026-09-20"
"27734","2026-08-04","2026-09-03"
"27735","2026-06-15","2026-06-16"
"27736","2026-06-15","2026-06-16"
"27737","2026-09-27","2026-10-27"
"27738","2026-06-15","2026-07-15"
"27739","2026-08-29","2026-09-28"
"27740","2026-06-18","2026-07-18"
"27741","2026-06-29","2026-06-30"
"27742","2026-06-15","2026-06-16"
"27743","2026-06-23","2026-06-24"
"27744","2026-07-15","2026-08-14"
"27745","2026-08-18","2026-09-17"
"27746","2026-08-25","2026-09-24"
"27747","2026-07-07","2026-08-06"
"27748","2026-12-31","2027-01-30"
"27749","2026-06-26","2026-07-26"
"27750","2026-06-14","2026-07-14"
"27751","2027-01-02","2027-02-01"
"27752","2026-06-28","2026-07-28"
"27753","2026-06-14","2026-07-14"
"27754","2026-12-04","2027-01-04"
"27755","2026-08-08","2026-09-07"
"27756","",""
"27757","",""
"27758","",""
"27759","",""
"27760","",""
"27761","",""
"27762","",""
"27763","2026-06-14","2026-07-14"
"27764","2026-06-15","2026-06-16"
"27765","2026-06-15","2026-06-16"
"27766","2026-06-14","2026-07-15"
"27767","2027-01-01","2027-01-31"
"27768","2026-06-22","2026-06-24"
"27769","2026-06-16","2026-06-17"
"27770","2026-08-19","2026-09-18"
"27771","2026-08-01","2026-08-31"
"27772","2026-11-29","2026-12-29"
"27773","2026-07-06","2026-08-05"
"27774","",""
"27775","2026-06-28","2026-06-29"
"27776","2026-06-15","2026-06-16"
"27777","2026-06-15","2026-06-16"
"27778","2026-06-15","2026-06-16"
"27779","2026-06-15","2026-06-16"
"27780","2026-06-15","2026-06-16"
"27781","2026-07-17","2026-08-16"
"27782","2026-06-15","2026-07-15"
"27783","2026-06-15","2026-07-15"
"27784","2026-06-15","2026-07-15"
"27785","2026-09-01","2026-10-01"
"27786","2026-07-25","2026-08-24"
"27787","2026-07-01","2026-08-01"
"27788","2026-06-15","2026-06-16"
"27789","2026-06-14","2026-07-14"
"27790","2026-08-03","2026-09-02"
"27791","",""
"27792","2026-07-19","2026-08-18"
"27793","2026-09-30","2026-10-30"
"27794","2026-08-20","2026-09-19"
"27795","2026-06-14","2026-07-14"
"27796","2026-06-14","2026-07-14"
"27797","2026-08-12","2026-09-11"
"27798","2026-07-26","2026-08-25"
"27799","2026-09-10","2026-10-10"
"27800","2026-09-15","2026-10-15"
"27801","2026-08-18","2026-09-17"
"27802","",""
"27803","2026-10-31","2026-11-30"
"27804","2026-07-02","2026-07-04"
"27805","2026-08-09","2026-09-08"
"27806","2026-06-21","2026-07-21"
"27807","2026-07-13","2026-07-16"
"27808","2026-08-05","2026-08-07"
"27809","2026-07-03","2026-08-02"
"27810","2026-06-26","2026-07-26"
"27811","",""
"27812","2026-07-02","2026-08-01"
"27813","2026-07-02","2026-08-01"
"27814","2026-07-17","2026-08-16"
"27815","2026-07-31","2026-08-30"
"27816","",""
"27817","2026-07-01","2026-07-31"
"27818","2026-06-23","2026-06-24"
"27819","2026-06-23","2026-06-24"
"27820","2026-06-23","2026-06-24"
"27821","2026-09-23","2026-10-23"
"27822","2026-06-16","2026-07-16"
"27823","2026-10-03","2026-11-02"
"27824","2026-07-25","2026-08-24"
"27825","2026-07-31","2026-08-30"
"27826","2026-07-31","2026-08-30"
"27827","2026-06-21","2026-06-22"
"27828","2026-06-29","2026-07-29"
"27829","2026-06-15","2026-06-16"
"27830","2026-06-16","2026-06-17"
"27831","2026-06-26","2026-06-27"
"27832","2026-06-25","2026-07-25"
"27833","2026-07-22","2026-08-21"
"27834","2026-07-31","2026-08-30"
"27835","2026-08-01","2026-08-31"
"27836","2026-07-02","2026-07-04"
"27837","2026-08-25","2026-09-24"
"27838","2026-06-15","2026-07-15"
"27839","2026-06-15","2026-06-16"
"27840","",""
"27841","",""
"27842","2026-06-14","2026-07-14"
"27843","2027-03-07","2027-04-06"
"27844","",""
"27845","2026-07-01","2026-07-31"
"27846","2026-09-01","2026-10-01"
"27847","2026-10-31","2026-11-30"
"27848","2026-06-30","2026-07-30"
"27849","2026-06-15","2026-07-15"
"27850","2026-08-10","2026-09-09"
"27851","2026-06-24","2026-06-25"
"27852","2026-06-27","2026-06-28"
"27853","2026-06-28","2026-06-29"
"27854","",""
"27855","",""
"27856","",""
"27857","2026-08-03","2026-09-02"
"27858","2026-06-23","2026-07-23"
"27859","2026-06-15","2026-06-16"
"27860","2026-06-15","2026-06-16"
"27861","2026-06-15","2026-07-15"
"27862","2026-06-15","2026-06-16"
"27863","2026-06-28","2026-06-29"
"27864","2026-06-17","2026-06-18"
"27865","2026-07-01","2026-07-31"
"27866","2026-06-15","2026-07-15"
"27867","2026-08-08","2026-09-07"
"27868","",""
"27869","2026-07-26","2026-08-26"
"27870","2026-06-15","2026-06-17"
"27871","2026-06-14","2026-07-14"
"27872","2026-06-15","2026-06-18"
"27873","2027-01-01","2027-01-31"
"27874","2026-07-19","2026-08-18"
"27875","2026-07-27","2026-08-26"
"27876","2026-09-09","2026-10-09"
"27877","2026-07-06","2026-07-10"
"27878","2026-06-29","2026-06-30"
"27879","2026-06-19","2026-06-20"
"27880","2026-06-14","2026-07-14"
"27881","2026-06-15","2026-07-15"
"27882","2026-07-26","2026-08-25"
"27883","2026-06-18","2026-06-19"
"27884","2026-06-17","2026-06-18"
"27885","2026-06-15","2026-07-15"
"27886","2026-10-01","2026-10-31"
"27887","2026-08-18","2026-09-17"
"27888","2026-06-14","2026-06-15"
"27889","2026-06-15","2026-07-15"
"27890","2026-06-24","2026-06-25"
"27891","2026-06-14","2026-07-14"
"27892","2026-06-14","2026-07-14"
"27893","",""
"27894","2027-01-15","2027-02-14"
"27895","2026-06-30","2026-07-30"
"27896","2026-06-22","2026-06-23"
"27897","2026-07-24","2026-08-23"
"27898","2026-06-14","2026-07-14"
"27899","",""
"27900","2026-07-22","2026-08-21"
"27901","",""
"27902","2026-07-31","2026-08-30"
"27903","2026-06-14","2026-07-14"
"27904","2026-06-15","2026-06-16"
"27905","2026-06-16","2026-06-17"
"27906","2027-01-02","2027-02-01"
"27907","2026-12-08","2027-01-07"
"27908","2026-06-21","2026-07-21"
"27909","2026-06-15","2026-07-15"
"27910","2026-06-15","2026-07-15"
"27911","2026-11-01","2026-12-01"
"27912","2026-06-14","2026-07-14"
"27913","",""
"27914","2026-09-01","2026-10-01"
"27915","",""
"27916","2026-11-01","2026-12-01"
"27917","2026-06-15","2026-06-16"
"27918","2026-07-27","2026-08-26"
"27919","",""
"27920","2026-06-14","2026-07-14"
"27921","2026-06-15","2026-06-16"
"27922","2026-06-21","2026-06-22"
"27923","2026-08-30","2026-09-29"
"27924","2026-09-08","2026-10-08"
"27925","2026-07-01","2026-07-31"
"27926","2026-06-14","2026-07-14"
"27927","2026-07-26","2026-08-25"
"27928","2026-06-14","2026-07-14"
"27929","2026-07-10","2026-08-09"
"27930","2026-06-15","2026-07-15"
"27931","2026-06-14","2026-07-14"
"27932","2026-06-17","2026-07-17"
"27933","2026-06-15","2026-07-15"
"27934","2026-06-30","2026-07-30"
"27935","2026-06-14","2026-07-14"
"27936","2026-07-13","2026-08-12"
"27937","2026-08-15","2026-09-14"
"27938","2026-08-14","2026-09-13"
"27939","2026-06-17","2026-06-18"
"27940","2026-07-22","2026-08-21"
"27941","2026-06-14","2026-07-14"
"27942","2026-06-14","2026-07-14"
"27943","2026-06-15","2026-06-17"
"27944","2026-09-21","2026-10-21"
"27945","2026-11-01","2026-12-01"
"27946","",""
"27947","2026-06-18","2026-07-18"
"27948","2026-06-15","2026-07-15"
"27949","2026-08-16","2026-09-15"
"27950","2026-06-18","2026-06-19"
"27951","2026-12-31","2027-01-30"
"27952","2026-08-12","2026-08-14"
"27953","2027-01-31","2027-03-02"
"27954","",""
"27955","2026-08-05","2026-09-04"
"27956","2026-06-15","2026-07-15"
"27957","2026-10-30","2026-11-29"
"27958","2026-12-01","2026-12-31"
"27959","2026-06-23","2026-07-23"
"27960","2026-06-24","2026-07-24"
"27961","2026-06-21","2026-07-21"
"27962","2026-08-01","2026-08-31"
"27963","2026-06-14","2026-07-14"
"27964","2026-08-15","2026-09-14"
"27965","2026-06-30","2026-07-02"
"27966","2026-06-22","2026-06-23"
"27967","2026-06-15","2026-07-15"
"27968","2026-06-15","2026-07-15"
"27969","2026-06-15","2026-06-16"
"27970","2026-12-23","2027-01-22"
"27971","",""
"27972","2027-01-01","2027-01-31"
"27973","",""
"27974","",""
"27975","2026-07-28","2026-08-27"
"27976","2026-09-01","2026-10-01"
"27977","",""
"27978","2026-08-17","2026-09-16"
"27979","2026-06-28","2026-07-28"
"27980","2026-06-28","2026-07-28"
"27981","2026-06-14","2026-07-14"
"27982","2026-10-06","2026-11-05"
"27983","",""
"27984","2026-06-22","2026-06-24"
"27985","2026-06-28","2026-06-30"
"27986","2026-11-01","2026-12-01"
"27987","2026-06-16","2026-07-16"
"27988","2026-12-20","2027-01-19"
"27989","2026-06-30","2026-07-02"
"27990","2026-09-06","2026-10-06"
"27991","2026-06-15","2026-07-15"
"27992","",""
"27993","2026-11-22","2027-01-21"
"27994","2026-07-08","2026-08-07"
"27995","2026-06-15","2026-07-15"
"27996","2026-08-01","2026-08-31"
"27997","2026-09-01","2026-10-01"
"27998","2026-06-15","2026-07-15"
"27999","2026-06-25","2026-07-25"
"28000","2026-06-14","2026-07-14"
"28001","2026-07-27","2026-08-26"
"28002","2026-06-14","2026-06-15"
"28003","2026-09-27","2026-10-27"
"28004","2026-06-15","2026-06-16"
"28005","2026-08-21","2026-09-20"
"28006","2026-06-30","2026-07-02"
"28007","2026-06-18","2026-06-19"
"28008","2026-06-21","2026-07-21"
"28009","2026-07-26","2026-08-25"
"28010","2026-12-19","2027-01-18"
"28011","2026-06-24","2026-06-25"
"28012","2026-06-26","2026-06-27"
"28013","2026-06-23","2026-06-24"
"28014","2026-06-24","2026-06-25"
"28015","2026-09-07","2026-09-08"
"28016","2026-07-07","2026-08-06"
"28017","2026-08-01","2026-08-31"
"28018","2026-08-08","2026-09-07"
"28019","2026-08-12","2026-09-11"
"28020","2026-07-24","2026-08-23"
"28021","2026-06-16","2026-07-16"
"28022","2026-06-16","2026-07-16"
"28023","2026-06-17","2026-06-19"
"28024","2026-06-23","2026-08-22"
"28025","2026-07-26","2026-08-25"
"28026","2026-06-14","2026-07-14"
"28027","2026-11-08","2026-12-08"
"28028","2026-08-16","2026-09-15"
"28029","2026-08-16","2026-09-15"
"28030","2026-09-05","2026-10-05"
"28031","2026-11-27","2026-12-27"
"28032","2026-06-14","2026-07-14"
"28033","2026-07-18","2026-08-17"
"28034","2027-04-24","2027-05-24"
"28035","2026-06-30","2026-07-30"
"28036","2026-06-30","2026-07-30"
"28037","2027-04-24","2027-05-24"
"28038","2027-04-24","2027-05-24"
"28039","2026-07-31","2026-08-30"
"28040","",""
"28041","2026-06-25","2026-07-25"
"28042","2026-06-14","2026-07-14"
"28043","2026-07-02","2026-08-01"
"28044","2026-07-01","2026-07-31"
"28045","2026-08-08","2026-09-07"
"28046","2026-08-08","2026-09-07"
"28047","2026-06-15","2026-06-16"
"28048","2026-06-14","2026-07-14"
"28049","2026-06-29","2026-07-29"
"28050","2026-07-07","2026-08-06"
"28051","2027-03-01","2027-03-31"
"28052","2026-09-20","2026-10-20"
"28053","2026-08-14","2026-09-13"
"28054","2026-07-25","2026-08-24"
"28055","2026-06-30","2026-07-30"
"28056","2026-06-25","2026-06-26"
"28057","2026-06-25","2026-06-26"
"28058","2026-06-25","2026-06-26"
"28059","2026-06-14","2026-07-14"
"28060","2026-07-31","2026-08-30"
"28061","2026-07-01","2026-07-31"
"28062","2026-07-14","2026-08-13"
"28063","2026-12-01","2026-12-31"
"28064","2026-08-29","2026-09-28"
"28065","2026-08-18","2026-09-17"
"28066","2026-06-17","2026-07-17"
"28067","2026-06-22","2026-06-23"
"28068","2027-02-28","2027-03-30"
"28069","2026-08-14","2026-09-13"
"28070","2026-07-23","2026-08-22"
"28071","2026-07-31","2026-08-30"
"28072","2026-06-15","2026-07-15"
"28073","2027-01-08","2027-02-07"
"28074","2026-12-19","2027-01-18"
"28075","2026-08-25","2026-09-24"
"28076","2026-06-14","2026-07-14"
"28077","2026-08-01","2026-08-31"
"28078","2026-08-10","2026-09-09"
"28079","2026-07-27","2026-08-26"
"28080","2026-07-05","2026-07-06"
"28081","2026-07-02","2026-08-01"
"28082","2026-06-15","2026-07-15"
"28083","2026-07-01","2026-07-31"
"28084","2027-01-01","2027-01-31"
"28085","2026-09-01","2026-10-01"
"28086","2026-08-15","2026-09-14"
"28087","2026-07-31","2026-08-30"
"28088","2026-11-22","2026-12-22"
"28089","2026-06-17","2026-07-17"
"28090","2026-06-15","2026-07-15"
"28091","",""
"28092","",""
"28093","2026-06-15","2026-06-16"
"28094","2026-07-26","2026-07-28"
"28095","2026-06-15","2026-07-15"
"28096","2026-08-11","2026-09-10"
"28097","2026-07-07","2026-08-06"
"28098","2026-07-05","2026-08-04"
"28099","2026-08-03","2026-09-02"
"28100","2026-06-15","2026-06-21"
"28101","2026-07-11","2026-08-10"
"28102","",""
"28103","2026-08-09","2026-09-08"
"28104","",""
"28105","2026-11-01","2026-12-01"
"28106","2026-11-01","2026-12-01"
"28107","2026-11-01","2026-12-01"
"28108","2026-07-18","2026-08-17"
"28109","2026-12-20","2027-01-19"
"28110","2026-11-22","2026-12-22"
"28111","2026-08-15","2026-09-14"
"28112","2026-10-01","2026-10-31"
"28113","2026-06-14","2026-07-14"
"28114","2026-09-30","2026-10-30"
"28115","2026-06-15","2026-06-16"
"28116","2026-08-02","2026-09-01"
"28117","2026-08-30","2026-09-29"
"28118","2026-06-23","2026-06-24"
"28119","2026-06-25","2026-06-26"
"28120","2026-06-28","2026-06-29"
"28121","2026-06-29","2026-06-30"
"28122","2026-06-23","2026-06-24"
"28123","2026-06-24","2026-06-25"
"28124","2026-06-23","2026-06-24"
"28125","2026-12-19","2026-12-21"
"28126","2026-06-14","2026-07-14"
"28127","2026-08-31","2026-09-30"
"28128","2026-08-29","2026-09-28"
"28129","2026-07-30","2026-08-29"
"28130","2026-07-08","2026-08-07"
"28131","2026-07-12","2026-08-11"
"28132","2026-07-20","2026-08-19"
"28133","2026-08-15","2026-09-14"
"28134","2026-11-01","2026-11-02"
"28135","2026-06-20","2026-07-20"
"28136","2026-06-15","2026-07-15"
"28137","2026-06-15","2026-07-15"
"28138","",""
"28139","2026-07-21","2026-08-20"
"28140","2026-06-29","2026-06-30"
"28141","2026-08-27","2026-09-26"
"28142","2026-12-22","2027-01-21"
"28143","2026-12-02","2027-01-01"
"28144","2026-12-19","2027-01-18"
"28145","2026-07-31","2026-08-30"
"28146","2026-07-07","2026-08-06"
"28147","2026-08-01","2026-08-31"
"28148","2026-06-15","2026-06-18"
"28149","2026-08-09","2026-09-08"
"28150","2026-08-08","2026-09-07"
"28151","2026-08-11","2026-09-10"
"28152","2026-09-30","2026-10-30"
"28153","2026-07-06","2026-08-05"
"28154","2026-08-01","2026-08-31"
"28155","2026-10-04","2026-11-03"
"28156","2026-09-14","2026-12-13"
"28157","2027-01-02","2027-02-01"
"28158","2026-06-28","2026-06-29"
"28159","2026-06-30","2026-07-30"
"28160","2026-08-01","2026-08-31"
"28161","2026-06-14","2026-07-14"
"28162","2026-07-22","2026-08-21"
"28163","2026-07-10","2026-08-09"
"28164","2027-02-01","2027-03-03"
"28165","2026-11-23","2026-12-23"
"28166","2026-07-29","2026-08-28"
"28167","2026-08-31","2026-09-30"
"28168","2026-07-31","2026-08-30"
"28169","2026-06-24","2026-06-25"
"28170","2026-06-17","2026-07-17"
"28171","2026-07-08","2026-08-07"
"28172","2026-06-14","2026-07-14"
"28173","2027-02-01","2027-03-03"
"28174","2026-11-23","2026-12-23"
"28175","2026-07-01","2026-07-31"
"28176","2026-07-12","2026-08-11"
"28177","2026-08-31","2026-09-30"
"28178","2026-09-02","2026-12-01"
"28179","2026-06-14","2026-07-14"
"28180","2026-11-21","2026-12-21"
"28181","2026-07-30","2026-08-29"
"28182","2026-10-01","2026-10-31"
"28183","2026-06-14","2026-07-14"
"28184","2026-06-15","2026-07-15"
"28185","2027-01-10","2027-02-09"
"28186","2026-08-30","2026-09-29"
"28187","2026-07-01","2026-08-01"
"28188","2026-06-17","2026-07-17"
"28189","2026-06-15","2026-07-15"
"28190","",""
"28191","",""
"28192","2026-08-01","2026-08-31"
"28193","2026-07-24","2026-07-25"
"28194","2026-07-31","2026-08-30"
"28195","",""
"28196","2026-06-15","2026-07-15"
"28197","2026-08-12","2026-09-11"
"28198","2026-06-15","2026-07-15"
"28199","2026-07-01","2026-07-31"
"28200","2026-06-14","2026-07-15"
"28201","2026-06-26","2026-07-26"
"28202","2026-08-01","2026-08-31"
"28203","2026-08-14","2026-09-13"
"28204","2026-06-15","2026-06-17"
"28205","2026-06-15","2026-07-15"
"28206","2026-06-15","2026-07-15"
"28207","2026-06-15","2026-07-15"
"28208","2026-06-15","2026-07-15"
"28209","2026-08-01","2026-08-31"
"28210","2026-08-07","2026-09-06"
"28211","2026-06-14","2026-07-14"
"28212","2026-06-22","2026-07-22"
"28213","2026-06-15","2026-07-15"
"28214","2026-11-10","2026-12-10"
"28215","2026-08-22","2026-09-21"
"28216","2026-06-15","2026-07-15"
"28217","2026-11-01","2026-12-01"
"28218","2026-07-18","2026-08-17"
"28219","2026-08-01","2026-08-31"
"28220","2026-06-30","2026-07-30"
"28221","2026-10-01","2026-12-30"
"28222","2026-07-03","2026-08-02"
"28223","",""
"28224","2026-08-01","2026-08-31"
"28225","2026-06-29","2026-07-01"
"28226","2026-06-30","2026-07-30"
"28227","2026-08-01","2026-08-31"
"28228","2026-07-15","2026-08-14"
"28229","2026-08-08","2026-09-07"
"28230","2026-06-21","2026-07-21"
"28231","2026-06-21","2026-06-23"
"28232","2026-06-15","2026-06-16"
"28233","2026-06-15","2026-07-15"
"28234","2026-07-20","2026-08-19"
"28235","2026-06-17","2026-07-17"
"28236","2026-11-02","2026-12-02"
"28237","2026-07-03","2026-08-02"
"28238","2026-08-21","2026-09-20"
"28239","2026-12-06","2027-01-05"
"28240","2026-10-05","2026-11-04"
"28241","2026-07-22","2026-08-21"
"28242","2026-06-15","2026-06-16"
"28243","2027-04-01","2027-05-01"
"28244","2026-07-27","2026-08-03"
"28245","2026-08-16","2026-09-15"
"28246","2026-08-01","2026-08-31"
"28247","",""
"28248","2027-04-02","2027-05-02"
"28249","2026-06-15","2026-07-15"
"28250","2026-07-01","2026-07-31"
"28251","2026-07-31","2026-08-30"
"28252","2026-09-20","2026-10-20"
"28253","2027-03-23","2027-04-22"
"28254","2026-07-06","2026-08-05"
"28255","2026-06-22","2026-06-24"
"28256","2026-06-15","2026-07-15"
"28257","2026-06-14","2026-07-14"
"28258","2026-06-14","2026-07-14"
"28259","2026-06-14","2026-07-14"
"28260","2026-06-14","2026-07-14"
"28261","2026-06-15","2026-07-15"
"28262","2026-06-14","2026-07-14"
"28263","2026-08-01","2026-08-31"
"28264","2026-09-20","2026-10-20"
"28265","2026-07-25","2026-08-24"
"28266","2026-07-10","2026-08-09"
"28267","2026-07-26","2026-08-25"
"28268","2026-07-25","2026-08-24"
"28269","2026-06-14","2026-07-14"
"28270","2026-08-21","2026-11-04"
"28271","2026-07-03","2026-08-02"
"28272","2026-06-24","2026-06-25"
"28273","2026-06-14","2026-06-16"
"28274","2026-06-14","2026-07-14"
"28275","2026-07-07","2026-08-06"
"28276","2026-07-26","2026-08-25"
"28277","2026-07-22","2026-08-21"
"28278","2026-07-26","2026-08-25"
"28279","2026-07-01","2026-07-31"
"28280","2026-07-19","2026-08-18"
"28281","2026-07-06","2026-08-05"
"28282","2026-08-15","2026-09-14"
"28283","2026-06-25","2026-07-25"
"28284","2026-07-23","2026-08-22"
"28285","2027-01-16","2027-02-15"
"28286","2026-09-04","2026-10-04"
"28287","2026-07-26","2026-08-25"
"28288","2026-07-25","2026-08-24"
"28289","2026-09-30","2026-10-30"
"28290","2026-08-08","2026-09-07"
"28291","2026-08-07","2026-09-06"
"28292","2026-09-30","2026-10-30"
"28293","2026-09-10","2026-10-10"
"28294","2027-01-09","2027-02-08"
"28295","2026-08-06","2026-09-05"
"28296","2026-11-01","2026-12-01"
"28297","2026-07-14","2026-08-13"
"28298","2027-02-01","2027-03-03"
"28299","2026-08-06","2026-09-05"
"28300","2026-07-09","2026-08-08"
"28301","2026-07-14","2026-08-13"
"28302","2026-07-12","2026-08-11"
"28303","2026-08-25","2026-09-24"
"28304","2026-09-30","2026-10-30"
"28305","2026-07-31","2026-08-30"
"28306","2026-07-18","2026-08-17"
"28307","2027-05-02","2027-06-01"
"28308","2026-08-02","2026-09-01"
"28309","2027-02-28","2027-03-30"
"28310","2026-06-30","2026-07-30"
"28311","2026-08-05","2026-09-04"
"28312","2026-08-31","2026-09-30"
"28313","2026-08-15","2026-09-14"
"28314","2026-06-14","2026-06-15"
"28315","2026-07-31","2026-08-30"
"28316","2026-09-26","2026-10-26"
"28317","2026-06-26","2026-07-26"
"28318","2026-07-31","2026-08-30"
"28319","2026-08-09","2026-09-08"
"28320","2026-08-31","2026-09-30"
"28321","2026-08-01","2026-08-31"
"28322","2026-06-21","2026-06-22"
"28323","2026-06-29","2026-07-29"
"28324","2026-07-05","2026-08-04"
"28325","2026-08-11","2026-09-10"
"28326","2026-06-23","2026-09-21"
"28327","2026-09-02","2026-10-02"
"28328","2026-07-22","2026-08-21"
"28329","2026-06-22","2026-06-24"
"28330","2026-06-25","2026-07-25"
"28331","2026-07-03","2026-08-02"
"28332","2026-08-09","2026-09-08"
"28333","2026-06-14","2026-07-14"
"28334","2026-06-15","2026-07-15"
"28335","2026-07-16","2026-08-15"
"28336","2026-11-01","2026-12-01"
"28337","2026-07-05","2026-08-04"
"28338","2026-08-01","2026-08-31"
"28339","2026-08-01","2026-08-31"
"28340","2026-09-13","2026-10-13"
"28341","",""
"28342","2026-06-21","2026-06-22"
"28343","2026-06-14","2026-06-15"
"28344","2026-06-14","2026-06-15"
"28345","2026-06-15","2026-06-16"
"28346","2026-06-15","2026-06-16"
"28347","2026-06-19","2026-06-20"
"28348","2026-06-14","2026-06-15"
"28349","",""
"28350","2026-06-14","2026-07-15"
"28351","2026-07-31","2026-08-30"
"28352","2026-08-01","2026-08-31"
"28353","2026-06-25","2026-06-26"
"28354","2027-05-12","2027-06-11"
"28355","2026-09-01","2026-10-01"
"28356","2027-01-01","2027-01-31"
"28357","2026-07-18","2026-08-17"
"28358","2026-06-22","2026-07-22"
"28359","2026-06-14","2026-07-14"
"28360","2026-06-16","2026-07-16"
"28361","2026-09-30","2026-10-30"
"28362","2026-07-20","2026-08-19"
"28363","2026-08-15","2026-10-14"
"28364","2026-07-01","2026-07-31"
"28365","2026-08-09","2026-09-08"
"28366","2026-06-22","2026-07-22"
"28367","2026-08-31","2026-09-30"
"28368","2026-06-15","2026-07-17"
"28369","2026-08-08","2026-09-07"
"28370","2026-06-17","2026-06-18"
"28371","2026-06-29","2026-07-29"
"28372","2026-06-24","2026-07-24"
"28373","2026-07-04","2026-08-03"
"28374","2026-08-30","2026-09-29"
"28375","2026-06-23","2026-07-23"
"28376","2026-06-23","2026-07-23"
"28377","2026-08-02","2026-09-01"
"28378","2026-08-02","2026-09-01"
"28379","2026-07-12","2026-08-11"
"28380","2026-07-02","2026-07-06"
"28381","",""
"28382","2026-10-31","2026-11-30"
"28383","2026-06-14","2026-06-15"
"28384","2026-06-15","2026-06-16"
"28385","2026-08-30","2026-11-30"
"28386","2026-07-16","2026-08-15"
"28387","",""
"28388","2026-06-16","2026-06-18"
"28389","2026-07-06","2026-08-05"
"28390","2026-06-17","2026-06-18"
"28391","2026-09-02","2026-10-02"
"28392","2026-08-15","2026-10-29"
"28393","2026-08-07","2026-09-06"
"28394","2026-07-01","2026-07-31"
"28395","2026-10-23","2026-11-22"
"28396","2026-08-15","2026-10-29"
"28397","2027-01-01","2027-01-31"
"28398","2026-06-22","2026-06-23"
"28399","2026-08-01","2026-08-31"
"28400","2026-07-01","2026-07-31"
"28401","",""
"28402","",""
"28403","2027-02-03","2027-03-05"
"28404","2026-09-20","2026-10-20"
"28405","2027-01-06","2027-02-05"
"28406","2026-06-26","2026-07-26"
"28407","2026-06-14","2026-07-14"
"28408","2026-07-02","2026-08-01"
"28409","2026-09-01","2026-10-01"
"28410","2026-06-15","2026-07-15"
"28411","2026-09-10","2026-10-10"
"28412","2026-07-21","2026-08-20"
"28413","",""
"28414","2026-06-21","2026-07-22"
"28415","2026-06-14","2026-07-16"
"28416","2026-06-14","2026-06-17"
"28417","2026-06-15","2026-07-15"
"28418","2026-07-09","2026-08-08"
"28419","2026-06-15","2026-07-15"
"28420","2026-09-01","2026-10-01"
"28421","2026-06-15","2026-07-15"
"28422","2026-06-17","2026-07-17"
"28423","2026-06-14","2026-07-14"
"28424","",""
"28425","2026-06-14","2026-07-14"
"28426","2026-06-15","2026-06-17"
"28427","2026-06-14","2026-07-14"
"28428","2026-06-15","2026-07-15"
"28429","2026-06-14","2026-06-15"
"28430","2026-07-31","2026-08-30"
"28431","2026-06-14","2026-07-14"
"28432","2026-06-14","2026-07-14"
"28433","2026-06-14","2026-06-15"
"28434","2026-08-01","2026-08-31"
"28435","2026-06-14","2026-07-14"
"28436","2026-08-18","2026-09-17"
"28437","2026-08-14","2026-09-13"
"28438","2026-06-14","2026-07-14"
"28439","2026-06-14","2026-07-14"
"28440","2026-06-14","2026-07-14"
"28441","2026-06-14","2026-07-14"
"28442","2026-06-15","2026-07-15"
"28443","2026-07-03","2026-08-02"
"28444","",""
"28445","2026-10-01","2026-10-31"
"28446","2026-07-02","2026-08-01"
"28447","2026-07-14","2026-08-13"
"28448","2026-07-06","2026-07-07"
"28449","2026-12-20","2027-01-19"
"28450","2026-07-31","2026-08-30"
"28451","2026-08-16","2026-09-15"
"28452","2026-07-16","2026-08-15"
"28453","2026-08-31","2026-09-30"
"28454","2027-03-23","2027-04-22"
"28455","2026-10-01","2026-10-31"
"28456","2027-03-06","2027-04-05"
"28457","2026-07-31","2026-08-30"
"28458","",""
"28459","2026-06-15","2026-07-15"
"28460","",""
"28461","2026-07-03","2026-08-02"
"28462","2026-06-14","2026-07-14"
"28463","2026-09-12","2026-10-12"
"28464","2026-06-16","2026-06-17"
"28465","2026-06-15","2026-06-16"
"28466","2026-09-07","2026-10-07"
"28467","2026-09-07","2026-10-07"
"28468","2026-07-26","2026-08-25"
"28469","2026-07-09","2026-08-08"
"28470","2026-07-25","2026-08-24"
"28471","2026-11-06","2026-12-06"
"28472","2026-08-31","2026-09-30"
"28473","2026-06-15","2026-07-15"
"28474","2026-08-14","2026-09-13"
"28475","2026-08-31","2026-11-29"
"28476","2026-09-03","2026-10-03"
"28477","2026-07-01","2026-07-31"
"28478","2026-06-14","2026-07-14"
"28479","2026-09-26","2026-10-26"
"28480","2026-06-16","2026-07-16"
"28481","2026-06-15","2026-07-16"
"28482","2026-06-15","2026-06-16"
"28483","2027-05-16","2027-06-15"
"28484","2026-09-01","2026-10-01"
"28485","2026-09-02","2026-10-02"
"28486","2026-06-17","2026-07-18"
"28487","2026-07-20","2026-08-19"
"28488","2026-07-08","2026-08-07"
"28489","2026-07-09","2026-08-08"
"28490","2026-07-05","2026-08-04"
"28491","2026-06-14","2026-07-14"
"28492","2026-06-21","2026-06-22"
"28493","2026-06-21","2026-06-22"
"28494","2026-12-11","2027-01-10"
"28495","2026-06-29","2026-06-30"
"28496","2026-06-21","2026-06-23"
"28497","2026-07-16","2026-07-18"
"28498","2026-06-23","2026-06-24"
"28499","2026-06-24","2026-06-25"
"28500","2026-06-15","2026-07-15"
"28501","2026-08-08","2026-09-07"
"28502","2026-07-06","2026-08-05"
"28503","2026-08-17","2026-09-16"
"28504","2026-07-09","2026-08-08"
"28505","2026-07-12","2026-07-13"
"28506","2026-06-14","2026-06-15"
"28507","2026-07-05","2026-07-09"
"28508","2026-06-14","2026-06-15"
"28509","2026-06-15","2026-06-16"
"28510","2026-06-14","2026-07-14"
"28511","2026-06-17","2026-06-18"
"28512","2026-06-14","2026-07-14"
"28513","2026-06-14","2026-07-14"
"28514","2026-06-14","2026-07-14"
"28515","2026-06-14","2026-07-14"
"28516","2026-06-14","2026-07-14"
"28517","2026-06-14","2026-07-14"
"28518","2026-06-14","2026-07-14"
"28519","2026-09-14","2026-10-14"
"28520","2026-08-14","2026-09-13"
"28521","2026-06-14","2026-07-14"
"28522","2026-06-14","2026-07-14"
"28523","2026-06-14","2026-07-14"
"28524","2026-06-14","2026-07-14"
"28525","2026-06-14","2026-07-14"
"28526","2026-08-29","2026-09-28"
"28527","2026-06-14","2026-07-14"
"28528","2026-06-14","2026-07-14"
"28529","2026-07-14","2026-08-13"
"28530","2026-06-14","2026-07-14"
"28531","2026-06-15","2026-07-15"
"28532","",""
"28533","2026-06-16","2026-06-18"
"28534","2026-06-18","2026-06-19"
"28535","2026-06-14","2026-06-15"
"28536","2026-10-14","2026-11-13"
"28537","2027-01-06","2027-02-05"
"28538","2026-08-03","2026-09-02"
"28539","2026-07-27","2026-08-26"
"28540","2026-10-01","2026-10-02"
"28541","2026-06-14","2026-07-14"
"28542","2026-07-12","2026-08-11"
"28543","2026-12-01","2026-12-31"
"28544","2026-06-15","2026-07-15"
"28545","2026-06-14","2026-07-14"
"28546","2026-06-17","2026-06-18"
"28547","2026-06-14","2026-07-14"
"28548","2026-07-06","2026-08-05"
"28549","2026-06-22","2026-06-23"
"28550","2026-06-15","2026-07-15"
"28551","2026-08-31","2026-09-30"
"28552","2026-07-05","2026-07-07"
"28553","2026-07-31","2026-08-30"
"28554","2026-06-18","2026-07-18"
"28555","2026-06-21","2026-07-22"
"28556","2026-07-18","2026-08-17"
"28557","2026-07-06","2026-08-05"
"28558","2026-08-01","2026-08-31"
"28559","2026-06-17","2026-07-17"
"28560","2026-08-17","2026-09-16"
"28561","2026-06-27","2026-07-27"
"28562","2026-06-14","2026-07-14"
"28563","2026-07-22","2026-08-21"
"28564","2026-09-15","2026-10-15"
"28565","2026-07-01","2026-07-31"
"28566","2026-11-01","2026-12-01"
"28567","2026-06-15","2026-07-15"
"28568","2026-06-14","2026-07-14"
"28569","2026-07-01","2026-07-31"
"28570","2026-10-31","2026-11-30"
"28571","2026-12-31","2027-01-30"
"28572","2026-07-05","2026-08-04"
"28573","2026-07-05","2026-08-04"
"28574","2027-04-24","2027-05-24"
"28575","2026-07-05","2026-08-04"
"28576","2027-04-24","2027-05-24"
"28577","2026-07-05","2026-08-04"
"28578","2026-07-05","2026-08-04"
"28579","2027-04-24","2027-05-24"
"28580","2026-06-15","2026-07-15"
"28581","2026-07-31","2026-08-30"
"28582","2026-08-03","2026-09-02"
"28583","2026-09-04","2026-10-04"
"28584","2026-09-04","2026-10-04"
"28585","2026-07-07","2026-08-06"
"28586","2026-06-17","2026-07-17"
"28587","2026-06-17","2026-07-17"
"28588","2026-08-03","2026-09-02"
"28589","2026-06-17","2026-07-17"
"28590","2026-06-16","2026-07-16"
"28591","2026-10-08","2026-11-07"
"28592","2026-06-21","2026-06-22"
"28593","",""
"28594","2026-06-14","2026-07-16"
"28595","2026-07-01","2026-07-31"
"28596","2027-01-01","2027-01-31"
"28597","2026-07-20","2026-10-18"
"28598","2026-06-14","2026-07-14"
"28599","2026-06-14","2026-07-14"
"28600","2026-06-30","2026-07-30"
"28601","2026-06-14","2026-07-14"
"28602","2026-06-14","2026-07-14"
"28603","2026-06-14","2026-07-14"
"28604","2026-07-18","2026-08-17"
"28605","2026-07-26","2026-08-25"
"28606","2026-07-31","2026-08-30"
"28607","2026-08-05","2026-09-04"
"28608","2026-06-23","2026-06-24"
"28609","2026-06-23","2026-06-24"
"28610","2026-06-14","2026-06-15"
"28611","2026-06-23","2026-06-24"
"28612","2026-06-23","2026-06-24"
"28613","2026-06-23","2026-06-24"
"28614","2026-06-16","2026-07-16"
"28615","2026-06-23","2026-09-21"
"28616","2026-07-01","2026-07-31"
"28617","2027-03-13","2027-04-12"
"28618","2026-06-26","2026-07-26"
"28619","2026-06-27","2026-06-29"
"28620","2026-06-15","2026-07-15"
"28621","2026-08-08","2026-09-07"
"28622","2026-09-01","2026-10-01"
"28623","2026-09-30","2026-10-30"
"28624","2026-08-17","2026-09-16"
"28625","2026-08-10","2026-09-09"
"28626","2026-07-05","2026-08-04"
"28627","2026-06-17","2026-07-17"
"28628","2026-06-14","2026-06-15"
"28629","2026-06-17","2026-06-18"
"28630","2026-06-17","2026-06-18"
"28631","2026-06-14","2026-07-14"
"28632","2026-06-14","2026-07-14"
"28633","2026-06-14","2026-07-14"
"28634","2026-06-23","2026-09-21"
"28635","2026-06-21","2026-06-22"
"28636","2026-08-10","2026-09-09"
"28637","2026-08-14","2026-09-13"
"28638","2027-01-01","2027-01-31"
"28639","2026-08-13","2026-09-12"
"28640","2026-06-14","2026-06-15"
"28641","2026-07-21","2026-08-20"
"28642","2026-10-01","2026-10-31"
"28643","2026-08-25","2026-09-24"
"28644","2026-07-18","2026-08-17"
"28645","",""
"28646","2026-08-17","2026-09-16"
"28647","2026-09-01","2026-10-01"
"28648","2026-12-31","2027-01-30"
"28649","2027-01-10","2027-02-09"
"28650","2026-06-15","2026-07-15"
"28651","2026-06-15","2026-07-15"
"28652","2026-06-15","2026-07-15"
"28653","2026-06-22","2026-06-23"
"28654","2026-06-22","2026-06-23"
"28655","2026-06-21","2026-06-22"
"28656","2026-06-21","2026-06-22"
"28657","2026-06-21","2026-06-22"
"28658","2026-06-21","2026-06-22"
"28659","2026-06-21","2026-06-22"
"28660","2026-06-21","2026-06-22"
"28661","2026-06-21","2026-06-22"
"28662","2026-06-21","2026-06-22"
"28663","2026-06-21","2026-06-22"
"28664","2026-06-30","2026-07-01"
"28665","2026-06-30","2026-07-01"
"28666","2026-06-21","2026-06-22"
"28667","2026-06-14","2026-06-15"
"28668","2026-06-14","2026-06-15"
"28669","2026-06-14","2026-06-15"
"28670","2026-06-14","2026-06-15"
"28671","2026-06-14","2026-06-15"
"28672","2026-06-14","2026-06-15"
"28673","2026-06-14","2026-06-15"
"28674","2026-06-14","2026-06-15"
"28675","2026-06-14","2026-06-15"
"28676","2026-06-14","2026-06-15"
"28677","2026-06-14","2026-06-15"
"28678","2026-06-14","2026-06-15"
"28679","2026-06-14","2026-06-15"
"28680","2026-06-14","2026-06-15"
"28681","2026-06-14","2026-06-15"
"28682","2026-06-14","2026-06-15"
"28683","2026-06-14","2026-06-15"
"28684","2026-06-14","2026-06-15"
"28685","2026-06-14","2026-06-15"
"28686","2026-06-14","2026-06-15"
"28687","2026-06-14","2026-06-15"
"28688","2026-06-14","2026-06-15"
"28689","2026-06-15","2026-06-16"
"28690","2026-06-15","2026-06-16"
"28691","2026-07-31","2026-08-30"
"28692","2026-07-31","2026-09-29"
"28693","2026-07-01","2026-07-31"
"28694","2026-06-21","2026-07-21"
"28695","",""
"28696","2026-08-14","2026-09-13"
"28697","2026-08-21","2026-09-20"
"28698","2026-08-21","2026-09-20"
"28699","2026-08-10","2026-09-09"
"28700","2026-11-05","2026-12-05"
"28701","2026-07-13","2026-08-12"
"28702","2026-08-01","2026-08-31"
"28703","2026-09-01","2026-10-01"
"28704","2026-09-01","2026-10-01"
"28705","2026-08-01","2026-08-31"
"28706","2026-06-30","2026-07-02"
"28707","2026-07-01","2026-07-31"
"28708","2027-01-01","2027-01-31"
"28709","2026-06-21","2026-06-23"
"28710","2027-03-06","2027-04-05"
"28711","2026-11-29","2026-12-29"
"28712","2026-09-11","2026-10-11"
"28713","2026-07-01","2026-07-02"
"28714","2026-07-17","2026-08-16"
"28715","2026-06-15","2026-06-16"
"28716","2026-06-14","2026-07-14"
"28717","2026-07-01","2026-07-31"
"28718","2026-07-01","2026-07-31"
"28719","",""
"28720","2026-07-01","2026-07-31"
"28721","2026-07-01","2026-07-31"
"28722","2026-08-15","2026-09-14"
"28723","2026-09-09","2026-10-09"
"28724","2026-06-20","2026-06-23"
"28725","2026-07-12","2026-08-11"
"28726","2026-06-21","2026-07-21"
"28727","2026-07-06","2026-08-05"
"28728","2026-06-16","2026-07-16"
"28729","2026-06-21","2026-07-21"
"28730","2026-09-30","2026-10-30"
"28731","2026-06-15","2026-07-15"
"28732","2026-06-20","2026-06-21"
"28733","2026-06-21","2026-06-22"
"28734","2026-06-17","2026-06-18"
"28735","2026-06-19","2026-06-20"
"28736","2026-06-15","2026-06-16"
"28737","2026-06-30","2026-07-02"
"28738","2026-08-30","2026-09-29"
"28739","2026-08-03","2026-09-02"
"28740","2026-06-16","2026-06-17"
"28741","2026-08-08","2026-09-07"
"28742","2026-08-25","2026-09-24"
"28743","2026-06-28","2026-06-30"
"28744","2026-10-01","2026-10-31"
"28745","2026-06-15","2026-06-16"
"28746","2026-07-01","2026-07-31"
"28747","2026-08-02","2026-09-01"
"28748","2026-07-20","2026-08-19"
"28749","2026-09-01","2026-10-01"
"28750","2027-04-01","2027-05-01"
"28751","2026-09-01","2026-10-01"
"28752","2026-08-01","2026-08-31"
"28753","2026-08-08","2026-09-07"
"28754","2026-07-05","2026-08-04"
"28755","2026-10-18","2027-01-16"
"28756","2026-12-22","2027-01-21"
"28757","2026-09-30","2026-10-30"
"28758","2026-12-15","2027-01-14"
"28759","2026-08-01","2026-08-31"
"28760","2026-06-14","2026-06-15"
"28761","2026-06-14","2026-06-15"
"28762","2026-07-20","2026-07-22"
"28763","2026-10-13","2026-11-12"
"28764","2027-04-01","2027-05-01"
"28765","2026-08-22","2026-09-21"
"28766","2026-07-15","2026-08-14"
"28767","2026-07-31","2026-08-30"
"28768","2026-08-09","2026-09-08"
"28769","2026-07-11","2026-08-10"
"28770","2026-07-01","2026-07-31"
"28771","2026-06-23","2026-06-24"
"28772","2026-06-23","2026-06-24"
"28773","2026-06-23","2026-06-24"
"28774","",""
"28775","2026-06-14","2026-07-14"
"28776","",""
"28777","",""
"28778","2026-06-19","2026-06-20"
"28779","2026-06-19","2026-06-20"
"28780","2026-06-22","2026-07-22"
"28781","2027-03-16","2027-04-15"
"28782","2026-07-24","2026-08-23"
"28783","2026-06-15","2026-07-15"
"28784","",""
"28785","2026-09-30","2026-10-30"
"28786","2026-09-09","2026-10-09"
"28787","2026-06-21","2026-07-21"
"28788","2026-08-30","2026-09-29"
"28789","2026-07-31","2026-08-30"
"28790","2026-08-08","2026-09-07"
"28791","2026-06-30","2026-07-30"
"28792","2026-08-09","2026-09-08"
"28793","2026-06-14","2026-07-14"
"28794","2026-06-21","2026-06-22"
"28795","2026-06-26","2026-07-26"
"28796","2026-08-18","2026-09-17"
"28797","2026-07-13","2026-08-12"
"28798","2026-08-11","2026-09-10"
"28799","2026-08-08","2026-09-07"
"28800","2027-01-04","2027-02-03"
"28801","",""
"28802","",""
"28803","2026-07-15","2026-07-17"
"28804","2026-06-14","2026-07-14"
"28805","2026-06-14","2026-06-15"
"28806","2026-06-14","2026-06-15"
"28807","2026-06-14","2026-06-15"
"28808","2026-06-14","2026-06-15"
"28809","2026-06-14","2026-06-15"
"28810","2026-06-14","2026-06-15"
"28811","2026-06-14","2026-06-15"
"28812","2026-06-14","2026-06-15"
"28813","2026-06-14","2026-06-15"
"28814","2026-06-14","2026-06-15"
"28815","2026-06-16","2026-06-19"
"28816","2026-09-01","2026-10-01"
"28817","2026-06-23","2026-06-26"
"28818","2026-06-14","2026-07-14"
"28819","2027-01-01","2027-01-02"
"28820","2027-02-01","2027-02-06"
"28821","2026-06-14","2026-06-15"
"28822","2026-07-04","2026-08-03"
"28823","",""
"28824","2026-07-28","2026-08-27"
"28825","2026-07-27","2026-08-26"
"28826","",""
"28827","2026-06-19","2026-06-22"
"28828","2026-06-14","2026-06-15"
"28829","2027-02-28","2027-03-30"
"28830","2026-06-29","2026-07-29"
"28831","2026-08-05","2026-09-04"
"28832","2026-06-29","2026-07-29"
"28833","2026-08-22","2026-09-21"
"28834","2026-08-26","2026-09-25"
"28835","2026-07-26","2026-08-25"
"28836","2026-07-25","2026-08-24"
"28837","2026-08-31","2026-09-30"
"28838","2026-06-14","2026-07-14"
"28839","2026-09-01","2026-10-01"
"28840","2026-06-21","2026-07-21"
"28841","2026-06-19","2026-06-23"
"28842","2026-07-31","2026-08-30"
"28843","2026-06-30","2026-07-30"
"28844","2026-06-16","2026-07-16"
"28845","2026-06-14","2026-07-14"
"28846","2026-06-30","2026-07-30"
"28847","2026-06-25","2026-06-26"
"28848","2026-06-24","2026-06-25"
"28849","2027-01-05","2027-02-04"
"28850","2026-06-21","2026-06-22"
"28851","2027-05-01","2027-05-31"
"28852","2026-06-14","2026-06-15"
"28853","2026-06-14","2026-06-15"
"28854","2026-06-14","2026-06-15"
"28855","2026-06-19","2026-07-19"
"28856","2026-06-15","2026-07-15"
"28857","2026-12-01","2026-12-31"
"28858","2026-06-28","2026-07-28"
"28859","",""
"28860","",""
"28861","2026-06-27","2026-07-27"
"28862","2026-06-14","2026-07-14"
"28863","2026-08-03","2026-09-02"
"28864","",""
"28865","2026-07-01","2026-07-31"
"28866","2026-07-06","2026-07-07"
"28867","2026-09-28","2026-10-28"
"28868","2026-08-11","2026-09-10"
"28869","2026-09-01","2026-10-01"
"28870","2026-08-03","2026-09-02"
"28871","2026-10-31","2026-11-30"
"28872","",""
"28873","2026-06-14","2026-07-14"
"28874","2026-06-20","2026-06-21"
"28875","2026-06-22","2026-06-23"
"28876","2026-07-31","2026-08-30"
"28877","2026-08-13","2026-09-13"
"28878","2026-08-08","2026-09-07"
"28879","2026-12-01","2027-01-01"
"28880","2026-08-24","2026-09-23"
"28881","2026-07-19","2026-08-18"
"28882","",""
"28883","2026-08-17","2026-11-15"
"28884","2026-07-05","2026-07-08"
"28885","",""
"28886","",""
"28887","2026-06-15","2026-07-15"
"28888","2026-12-29","2027-01-28"
"28889","2026-12-23","2027-01-22"
"28890","2026-07-01","2026-07-31"
"28891","2026-08-03","2026-08-06"
"28892","2026-06-21","2026-07-21"
"28893","2026-12-02","2027-01-01"
"28894","2026-07-26","2026-08-25"
"28895","",""
"28896","2026-08-14","2026-09-13"
"28897","2026-06-19","2026-06-21"
"28898","2026-08-11","2026-09-10"
"28899","2026-11-01","2026-12-01"
"28900","2026-12-31","2027-01-30"
"28901","2026-08-08","2026-09-07"
"28902","2026-06-16","2026-07-16"
"28903","2026-09-14","2026-10-14"
"28904","",""
"28905","2026-06-23","2026-06-24"
"28906","2026-06-23","2026-06-24"
"28907","2026-06-24","2026-06-26"
"28908","2026-06-23","2026-06-24"
"28909","2026-08-02","2026-09-01"
"28910","2026-06-15","2026-07-15"
"28911","2026-06-21","2026-07-21"
"28912","2026-06-14","2026-07-14"
"28913","2026-06-15","2026-07-15"
"28914","2026-06-14","2026-07-14"
"28915","2026-09-14","2026-10-14"
"28916","2026-07-20","2026-08-19"
"28917","2026-06-30","2026-07-30"
"28918","2026-08-14","2026-09-13"
"28919","2026-12-06","2027-01-05"
"28920","2026-06-28","2026-06-29"
"28921","2026-09-01","2026-10-01"
"28922","2026-11-07","2026-12-07"
"28923","2026-06-28","2026-07-28"
"28924","2026-06-24","2026-07-24"
"28925","2026-08-03","2026-09-02"
"28926","2026-08-08","2026-09-07"
"28927","2026-06-14","2026-07-14"
"28928","2026-06-28","2026-07-28"
"28929","2026-07-03","2026-08-02"
"28930","2026-06-16","2026-07-16"
"28931","2026-06-17","2026-07-17"
"28932","2026-10-01","2026-10-31"
"28933","2026-08-25","2026-09-24"
"28934","2026-06-14","2026-06-15"
"28935","",""
"28936","2026-08-09","2026-09-08"
"28937","2026-06-15","2026-07-15"
"28938","2026-06-14","2026-07-14"
"28939","",""
"28940","2026-06-16","2026-07-16"
"28941","2026-06-15","2026-07-15"
"28942","2026-07-31","2026-08-30"
"28943","2026-06-25","2026-07-25"
"28944","2026-10-01","2026-10-31"
"28945","2026-08-12","2026-09-11"
"28946","2026-08-11","2026-09-10"
"28947","2026-09-18","2026-10-18"
"28948","2026-07-26","2026-08-25"
"28949","2026-08-15","2026-09-14"
"28950","2026-06-15","2026-07-15"
"28951","2027-01-20","2027-02-19"
"28952","2026-08-02","2026-09-01"
"28953","2026-08-10","2026-09-09"
"28954","2026-07-31","2026-08-30"
"28955","2027-01-02","2027-02-01"
"28956","2026-06-17","2026-06-20"
"28957","2026-08-31","2026-09-30"
"28958","2026-08-15","2026-09-14"
"28959","2026-08-15","2026-09-14"
"28960","2026-08-15","2026-09-14"
"28961","2026-08-15","2026-09-14"
"28962","2026-06-14","2026-07-14"
"28963","2026-07-30","2026-08-29"
"28964","2026-08-17","2026-09-16"
"28965","2026-08-08","2026-09-07"
"28966","2026-09-30","2026-10-30"
"28967","2026-07-25","2026-08-24"
"28968","2026-11-02","2026-12-02"
"28969","2026-07-12","2026-08-11"
"28970","2026-08-06","2026-09-05"
"28971","2026-06-14","2026-07-14"
"28972","2026-09-24","2026-10-24"
"28973","2026-07-21","2026-08-20"
"28974","2026-08-31","2026-09-30"
"28975","2026-07-31","2026-08-30"
"28976","2026-12-09","2027-01-08"
"28977","2026-08-31","2026-09-30"
"28978","2026-08-23","2026-09-22"
"28979","2026-06-16","2026-07-16"
"28980","2026-06-14","2026-07-14"
"28981","2026-08-01","2026-08-31"
"28982","2026-06-14","2026-07-14"
"28983","2026-07-31","2026-08-30"
"28984","2026-06-15","2026-06-16"
"28985","2026-06-14","2026-06-16"
"28986","2026-06-15","2026-07-15"
"28987","2026-06-16","2026-06-17"
"28988","2026-06-15","2026-06-20"
"28989","2026-06-18","2026-06-21"
"28990","2026-06-14","2026-07-14"
"28991","2026-06-15","2026-07-15"
"28992","2026-09-09","2026-10-09"
"28993","2026-08-17","2026-09-16"
"28994","2026-10-03","2026-11-02"
"28995","2026-08-16","2026-09-15"
"28996","2026-07-23","2026-08-22"
"28997","2026-07-23","2026-08-22"
"28998","2026-07-19","2026-08-18"
"28999","2026-12-18","2027-01-17"
"29000","2026-06-15","2026-07-15"
"29001","2026-06-15","2026-07-15"
"29002","2026-06-29","2026-07-03"
"29003","2027-02-18","2027-03-20"
"29004","2026-09-18","2026-10-18"
"29005","2026-08-08","2026-09-07"
"29006","2026-06-15","2026-07-15"
"29007","2026-07-01","2026-07-31"
"29008","2026-06-21","2026-06-23"
"29009","2026-06-20","2026-07-20"
"29010","2026-11-01","2026-12-01"
"29011","2026-07-31","2026-08-30"
"29012","2026-06-14","2026-06-15"
"29013","2026-06-14","2026-06-15"
"29014","2026-06-15","2026-06-16"
"29015","2026-06-15","2026-06-16"
"29016","2026-06-15","2026-06-16"
"29017","2026-06-15","2026-06-16"
"29018","2026-07-01","2026-07-31"
"29019","2026-06-21","2026-06-23"
"29020","2026-07-21","2026-08-20"
"29021","2026-06-15","2026-07-15"
"29022","2026-06-15","2026-06-16"
"29023","2026-06-15","2026-06-16"
"29024","2026-06-15","2026-06-16"
"29025","2026-06-18","2026-06-19"
"29026","2026-06-15","2026-06-16"
"29046","2026-06-21","2026-06-22"
"29027","2026-06-15","2026-06-16"
"29028","2026-06-15","2026-07-15"
"29029","2026-06-14","2026-07-14"
"29030","2026-07-10","2026-08-09"
"29031","2026-06-16","2026-07-16"
"29032","2026-06-15","2026-06-16"
"29033","2026-06-15","2026-06-16"
"29034","2026-06-15","2026-06-16"
"29035","2026-06-15","2026-06-16"
"29036","2026-06-15","2026-06-16"
"29037","2026-06-15","2026-06-16"
"29038","2026-06-15","2026-06-16"
"29039","2026-06-15","2026-06-16"
"29040","2026-06-14","2026-06-15"
"29041","2026-06-17","2026-06-18"
"29042","2026-06-14","2026-06-15"
"29043","2026-06-14","2026-07-14"
"29044","2026-06-16","2026-07-16"
"29045","2026-09-01","2026-10-01"
"29047","2026-07-05","2026-08-04"
"29048","2026-08-08","2026-09-07"
"29049","2026-11-01","2026-12-01"
"29050","2026-06-14","2026-07-14"
"29051","2026-06-21","2026-06-23"
"29052","2026-06-15","2026-07-15"
"29053","2026-06-15","2026-06-16"
"29054","2026-08-10","2026-09-09"
"29055","2026-06-14","2026-07-15"
"29056","2026-08-15","2026-09-14"
"29057","2026-08-10","2026-09-09"
"29058","2026-06-21","2026-06-22"
"29059","2026-08-31","2026-09-30"
"29060","2026-06-25","2026-06-28"
"29061","2027-03-05","2027-04-04"
"29062","2026-07-15","2026-08-14"
"29063","2026-06-29","2026-06-30"
"29064","2026-08-31","2026-09-30"
"29065","2026-07-28","2026-08-27"
"29066","2026-06-14","2026-06-16"
"29067","2026-08-31","2026-09-30"
"29068","2026-06-25","2026-07-25"
"29069","2027-02-01","2027-03-03"
"29070","2026-07-28","2026-08-27"
"29071","2026-06-14","2026-07-14"
"29072","2026-06-14","2026-07-14"
"29073","2026-06-14","2026-07-14"
"29074","2026-06-14","2026-07-14"
"29075","2026-06-14","2026-07-14"
"29076","2026-06-14","2026-07-14"
"29077","2026-06-14","2026-07-14"
"29078","2026-06-14","2026-07-14"
"29079","2026-08-08","2026-09-07"
"29080","2026-06-15","2026-07-15"
"29081","2026-06-16","2026-06-18"
"29082","2026-06-15","2026-06-17"
"29083","2026-07-04","2026-07-05"
"29084","2026-06-14","2026-07-14"
"29085","2026-06-15","2026-07-15"
"29086","2026-06-15","2026-07-16"
"29087","2026-08-16","2026-09-15"
"29088","2026-06-15","2026-07-16"
"29089","2026-06-15","2026-07-16"
"29090","2026-06-15","2026-07-16"
"29091","2026-06-22","2026-07-22"
"29092","2026-06-22","2026-07-22"
"29093","2026-06-22","2026-07-22"
"29094","2026-06-22","2026-07-22"
"29095","2026-06-22","2026-07-22"
"29096","2026-06-23","2026-06-30"
"29097","2026-06-22","2026-07-22"
"29098","2026-06-22","2026-07-22"
"29099","2026-06-22","2026-07-22"
"29100","2026-06-22","2026-07-22"
"29101","2026-07-27","2026-08-26"
"29102","2026-08-01","2026-08-31"
"29103","2026-08-01","2026-08-31"
"29104","2026-11-01","2026-12-01"
"29105","2026-08-31","2026-09-30"
"29106","2026-07-01","2026-07-31"
"29107","2026-06-14","2026-07-14"
"29108","2026-06-30","2026-07-30"
"29109","2026-06-14","2026-06-15"
"29110","2026-06-15","2026-07-15"
"29111","2026-07-17","2026-08-16"
"29112","2026-06-15","2026-06-16"
"29113","2026-06-15","2026-06-17"
"29114","2026-06-14","2026-07-14"
"29115","2026-06-15","2026-07-15"
"29116","2026-09-01","2026-10-01"
"29117","2026-06-14","2026-07-14"
"29118","2026-06-21","2026-07-21"
"29119","2026-06-15","2026-06-22"
"29120","2026-06-14","2026-07-14"
"29121","2026-11-28","2026-12-28"
"29122","2026-07-26","2026-08-25"
"29123","2026-07-06","2026-08-05"
"29124","2026-08-06","2026-08-07"
"29125","2026-06-15","2026-07-15"
"29126","2026-06-14","2026-07-14"
"29127","2026-06-14","2026-07-14"
"29128","2026-07-23","2026-08-22"
"29129","2026-06-14","2026-07-14"
"29130","2026-06-15","2026-07-15"
"29131","2026-07-09","2026-08-08"
"29132","2026-06-14","2026-07-14"
"29133","2026-12-23","2027-01-22"
"29134","2026-09-01","2026-10-01"
"29135","2026-06-14","2026-07-14"
"29136","2026-08-01","2026-08-31"
"29137","2026-08-31","2026-09-30"
"29138","2026-07-28","2026-08-27"
"29139","2026-09-01","2026-10-02"
"29140","2026-07-16","2026-08-15"
"29141","2026-06-27","2026-07-27"
"29142","2026-06-14","2026-07-14"
"29143","2026-06-15","2026-06-22"
"29144","2026-12-01","2026-12-31"
"29145","2026-06-23","2026-07-23"
"29146","2026-09-30","2026-10-30"
"29147","2026-08-09","2026-09-08"
"29148","2026-06-14","2026-07-14"
"29149","2026-09-01","2026-10-01"
"29150","2026-06-14","2026-06-15"
"29151","2026-06-15","2026-07-15"
"29152","2026-08-04","2026-09-03"
"29153","2026-06-23","2026-06-24"
"29154","2026-06-23","2026-06-24"
"29155","2026-07-14","2026-08-13"
"29156","2026-07-14","2026-08-13"
"29157","2026-06-15","2026-07-15"
"29158","2026-09-24","2026-10-24"
"29159","2026-06-30","2026-07-01"
"29160","2026-06-14","2026-06-15"
"29161","2026-06-14","2026-06-15"
"29162","2026-06-14","2026-06-15"
"29163","2026-06-14","2026-06-15"
"29164","2026-06-15","2026-06-16"
"29165","2026-06-18","2026-06-19"
"29166","2026-06-21","2026-07-21"
"29167","2026-06-15","2026-06-16"
"29168","2026-06-17","2026-06-18"
"29169","2026-07-12","2026-08-11"
"29170","2026-07-31","2026-08-30"
"29171","2026-12-01","2026-12-31"
"29172","2026-09-01","2026-10-02"
"29173","2026-06-15","2026-06-22"
"29174","2026-06-20","2026-06-21"
"29175","2026-06-22","2026-06-23"
"29176","2026-06-22","2026-06-23"
"29177","2026-06-22","2026-06-23"
"29178","2026-06-22","2026-06-23"
"29179","2026-06-22","2026-06-23"
"29180","2026-06-22","2026-06-23"
"29181","2026-06-22","2026-06-23"
"29182","2026-06-22","2026-06-23"
"29183","2026-06-22","2026-06-23"
"29184","2026-06-22","2026-06-23"
"29185","2026-06-22","2026-06-23"
"29186","2026-06-22","2026-06-23"
"29187","2026-08-02","2026-09-01"
"29188","2026-06-26","2026-07-26"
"29189","2026-06-23","2026-07-23"
"29190","2026-06-14","2026-07-14"
"29191","2026-06-14","2026-07-14"
"29192","2026-07-31","2026-08-30"
"29193","2026-06-15","2026-07-15"
"29194","2026-06-16","2026-07-16"
"29195","2026-08-31","2026-09-30"
"29196","2026-06-20","2026-07-20"
"29197","2027-04-17","2027-05-17"
"29198","2026-07-01","2026-07-31"
"29199","2027-03-02","2027-04-01"
"29200","2026-06-15","2026-06-17"
"29201","2027-01-11","2027-02-10"
"29202","2026-06-14","2026-07-14"
"29203","2026-08-01","2026-08-31"
"29204","2026-07-01","2026-07-31"
"29205","2026-06-14","2026-07-14"
"29206","2026-06-21","2026-07-21"
"29207","2026-06-14","2026-07-14"
"29208","2026-06-15","2026-07-15"
"29209","2026-07-15","2026-08-14"
"29210","2026-07-11","2026-08-10"
"29211","2026-06-15","2026-06-17"
"29212","2026-06-15","2026-07-15"
"29213","2026-06-16","2026-06-17"
"29214","2026-08-23","2026-09-22"
"29215","2026-06-21","2026-06-22"
"29216","2026-06-14","2026-07-14"
"29217","2026-06-14","2026-07-14"
"29218","2026-06-17","2026-07-17"
"29219","2026-06-16","2026-07-16"
"29220","2026-07-22","2026-08-21"
"29221","2026-07-01","2026-07-31"
"29222","2026-06-14","2026-07-14"
"29223","2026-06-16","2026-06-17"
"29224","2026-06-21","2026-06-22"
"29225","2026-06-14","2026-06-15"
"29226","2026-06-14","2026-06-15"
"29227","2026-06-14","2026-06-15"
"29228","2026-06-14","2026-06-15"
"29229","2026-06-14","2026-07-14"
"29230","2026-06-17","2026-06-18"
"29231","2026-06-14","2026-06-15"
"29232","2026-06-14","2026-06-15"
"29233","2026-06-14","2026-06-15"
"29234","2026-08-10","2026-09-09"
"29235","2026-08-01","2026-08-31"
"29236","2026-06-24","2026-06-26"
"29237","2026-06-14","2026-07-14"
"29238","2026-06-30","2026-07-02"
"29239","2026-08-01","2026-08-31"
"29240","2026-06-28","2026-07-28"
"29241","2026-06-30","2026-07-30"
"29242","2026-08-10","2026-09-09"
"29243","2026-07-10","2026-08-09"
"29244","2026-07-12","2026-08-11"
"29245","2026-07-05","2026-08-04"
"29246","2026-07-06","2026-08-05"
"29247","2026-08-31","2026-09-30"
"29248","2026-06-16","2026-07-16"
"29249","2026-11-01","2026-12-01"
"29250","2026-06-15","2026-07-15"
"29251","2026-08-09","2026-09-08"
"29252","2026-08-01","2026-08-31"
"29253","2026-08-20","2026-09-19"
"29254","2026-08-02","2026-09-01"
"29255","2026-07-02","2026-08-01"
"29256","2026-06-27","2026-07-27"
"29257","2026-07-11","2026-08-10"
"29258","2026-09-14","2026-10-14"
"29259","2026-08-13","2026-09-12"
"29260","2026-08-01","2026-08-31"
"29261","2026-07-25","2026-08-24"
"29262","2026-06-14","2026-07-14"
"29263","2026-06-15","2026-06-16"
"29264","2026-06-15","2026-06-16"
"29265","2026-06-15","2026-06-16"
"29266","2026-06-15","2026-06-16"
"29267","2026-07-15","2026-08-14"
"29268","2026-06-15","2026-06-16"
"29269","2026-12-31","2027-01-30"
"29270","2026-06-17","2026-07-17"
"29271","2026-06-24","2026-07-24"
"29272","2026-06-30","2026-07-30"
"29273","2026-07-09","2026-08-08"
"29274","2026-06-15","2026-06-16"
"29275","2026-07-01","2026-07-31"
"29276","2026-06-15","2026-07-15"
"29277","2026-08-01","2026-08-31"
"29278","2026-06-15","2026-07-15"
"29279","2026-07-19","2026-08-18"
"29280","2026-07-01","2026-07-31"
"29281","2026-10-31","2026-11-30"
"29282","2026-08-08","2026-09-07"
"29283","2026-08-17","2026-09-16"
"29284","2026-06-17","2026-07-17"
"29285","2026-08-18","2026-09-17"
"29286","2026-07-12","2026-08-11"
"29287","2026-07-12","2026-08-11"
"29288","2026-07-15","2026-08-14"
"29289","2026-06-18","2026-07-18"
"29290","2026-08-22","2026-09-21"
"29291","2026-06-30","2026-07-30"
"29292","2026-07-01","2026-07-31"
"29293","2026-07-14","2026-08-13"
"29294","2026-07-04","2026-08-03"
"29295","2026-11-01","2026-12-01"
"29296","2026-08-10","2026-09-09"
"29297","2026-08-01","2026-08-31"
"29298","2026-08-02","2026-09-01"
"29299","2026-08-22","2026-09-21"
"29300","2026-06-17","2026-07-17"
"29301","2026-06-14","2026-06-16"
"29302","2026-08-12","2026-09-11"
"29303","2026-09-01","2026-10-01"
"29304","2026-06-14","2026-07-14"
"29305","2026-07-06","2026-07-07"
"29306","2026-07-06","2026-07-07"
"29307","2026-07-06","2026-07-07"
"29308","2026-07-06","2026-07-07"
"29309","2026-07-06","2026-07-07"
"29310","2026-07-06","2026-07-07"
"29311","2026-07-06","2026-07-07"
"29312","2026-07-06","2026-07-07"
"29313","2026-08-15","2026-09-14"
"29314","2026-07-14","2026-08-13"
"29315","2026-08-01","2026-08-31"
"29316","2026-08-01","2026-08-31"
"29317","2026-08-01","2026-08-31"
"29318","2026-08-16","2026-09-15"
"29319","2026-09-01","2026-10-01"
"29320","2026-08-15","2026-09-14"
"29321","2026-06-17","2026-07-17"
"29322","2027-01-10","2027-02-09"
"29323","2026-06-14","2026-07-14"
"29324","2026-06-15","2026-07-15"
"29325","2026-06-22","2026-06-23"
"29326","2026-06-22","2026-06-23"
"29327","2026-06-22","2026-06-23"
"29328","2026-06-22","2026-06-23"
"29329","2026-06-22","2026-06-23"
"29330","2026-06-22","2026-06-23"
"29331","2026-07-31","2026-08-30"
"29332","2026-07-31","2026-08-30"
"29333","2026-07-26","2026-07-28"
"29334","2026-08-31","2026-09-30"
"29335","2026-08-31","2026-09-30"
"29336","2026-06-15","2026-07-15"
"29337","2026-06-14","2026-07-14"
"29338","2026-07-01","2026-07-03"
"29339","2026-06-21","2026-07-21"
"29340","2026-06-21","2026-07-21"
"29341","2026-07-21","2026-08-20"
"29342","2026-07-01","2026-07-31"
"29343","2026-06-24","2026-06-25"
"29344","2026-06-14","2026-07-14"
"29345","2026-06-16","2026-07-16"
"29346","2026-07-30","2026-08-09"
"29347","2026-06-20","2026-06-22"
"29348","2026-06-15","2026-07-15"
"29349","2027-01-01","2027-01-31"
"29350","2026-06-17","2026-06-18"
"29351","2026-06-18","2026-07-18"
"29352","2026-12-12","2027-01-11"
"29353","2026-06-14","2026-07-14"
"29354","2026-06-21","2026-07-21"
"29355","2026-06-16","2026-07-16"
"29356","2026-07-14","2026-08-13"
"29357","2026-07-15","2026-08-14"
"29358","2026-11-20","2026-12-20"
"29359","2026-07-13","2026-08-12"
"29360","2026-07-28","2026-08-27"
"29361","2026-06-16","2026-07-17"
"29362","2026-06-21","2026-07-21"
"29363","2026-06-21","2026-07-21"
"29364","2026-06-19","2026-06-22"
"29365","2026-07-12","2026-08-11"
"29366","2026-06-30","2026-07-30"
"29367","2026-06-15","2026-06-16"
"29368","2026-06-14","2026-07-14"
"29369","2026-06-15","2026-07-15"
"29370","2026-06-14","2026-07-14"
"29371","2026-06-16","2026-07-16"
"29372","2026-07-15","2026-08-14"
"29373","2026-10-04","2026-11-03"
"29374","2026-06-14","2026-07-14"
"29375","2026-06-21","2026-07-21"
"29376","2026-09-13","2026-10-13"
"29377","2026-08-11","2026-09-10"
"29378","2027-03-31","2027-04-30"
"29379","2026-06-15","2026-06-16"
"29380","2026-06-19","2026-06-22"
"29381","2027-05-01","2027-05-31"
"29382","2026-07-08","2026-08-07"
"29383","2026-08-30","2026-09-29"
"29384","2026-06-22","2026-07-22"
"29385","2026-06-21","2026-06-22"
"29386","2026-06-15","2026-06-16"
"29387","2026-06-16","2026-07-16"
"29388","2026-07-17","2026-08-16"
"29389","2026-07-16","2026-08-15"
"29390","2026-07-02","2026-08-01"
"29391","2026-08-28","2026-09-27"
"29392","2026-12-12","2027-01-11"
"29393","2026-07-20","2026-08-19"
"29394","2026-06-15","2026-07-15"
"29395","2026-08-11","2026-09-10"
"29396","2026-10-11","2026-11-10"
"29397","2026-06-17","2026-06-18"
"29398","2026-06-14","2026-07-14"
"29399","2026-11-07","2026-12-07"
"29400","2026-06-16","2026-07-16"
"29401","2026-06-20","2026-07-20"
"29402","2026-07-01","2026-07-31"
"29403","2026-06-30","2026-07-30"
"29404","2026-06-16","2026-06-19"
"29405","2026-06-17","2026-06-18"
"29406","2026-09-21","2026-10-21"
"29407","2026-08-01","2026-08-31"
"29408","2026-06-15","2026-06-16"
"29409","2026-06-15","2026-06-16"
"29410","2026-06-16","2026-06-17"
"29411","2026-06-18","2026-06-19"
"29412","2026-06-18","2026-06-19"
"29413","2026-06-16","2026-06-17"
"29414","2026-06-18","2026-06-19"
"29415","2026-06-18","2026-06-19"
"29416","2026-07-06","2026-07-07"
"29417","2026-07-06","2026-07-07"
"29418","2026-08-23","2026-08-24"
"29419","2026-08-23","2026-08-24"
"29420","2026-06-15","2026-06-16"
"29421","2026-06-15","2026-06-16"
"29422","2026-06-15","2026-06-16"
"29423","2026-06-15","2026-06-16"
"29424","2026-06-15","2026-06-17"
"29425","2026-12-16","2027-01-15"
"29426","2026-06-15","2026-06-16"
"29427","2026-06-15","2026-06-16"
"29428","2026-10-12","2026-11-11"
"29429","2026-06-15","2026-06-16"
"29430","2026-06-15","2026-06-16"
"29431","2026-07-02","2026-07-03"
"29432","2026-07-02","2026-07-03"
"29433","2026-06-15","2026-06-16"
"29434","2026-06-15","2026-06-16"
"29435","2026-06-15","2026-06-16"
"29436","2026-06-17","2026-06-18"
"29437","2026-06-17","2026-06-18"
"29438","2026-06-18","2026-06-19"
"29439","2026-06-18","2026-06-19"
"29440","2026-06-17","2026-06-18"
"29441","2026-07-04","2026-08-03"
"29442","2026-09-13","2026-10-13"
"29443","2026-07-31","2026-08-30"
"29444","2026-07-20","2026-08-19"
"29445","2026-07-01","2026-07-31"
"29446","2026-09-13","2026-10-13"
"29447","2026-07-01","2026-07-31"
"29448","2026-07-31","2026-08-30"
"29449","2026-08-05","2026-09-04"
"29450","2026-07-10","2026-08-09"
"29451","2026-06-14","2026-07-14"
"29452","2026-06-15","2026-06-16"
"29453","2026-06-15","2026-06-16"
"29454","2026-07-31","2026-08-30"
"29455","2026-07-12","2026-08-11"
"29456","2026-06-14","2026-07-15"
"29457","2026-08-10","2026-09-09"
"29458","2026-06-15","2026-06-17"
"29459","2026-06-15","2026-07-16"
"29460","2026-08-15","2026-09-14"
"29461","2026-09-01","2026-10-01"
"29462","2026-07-11","2026-08-10"
"29463","2026-07-17","2026-08-16"
"29464","2026-06-15","2026-06-16"
"29465","2026-07-27","2026-08-26"
"29466","2026-06-17","2026-06-18"
"29467","2026-06-14","2026-06-15"
"29468","2027-02-01","2027-03-03"
"29469","2026-06-23","2026-06-24"
"29470","2026-06-27","2026-06-28"
"29471","2026-08-02","2026-09-01"
"29472","2026-06-27","2026-07-27"
"29473","2026-06-14","2026-07-14"
"29474","2026-09-02","2026-10-02"
"29475","2026-11-23","2026-12-23"
"29476","2026-07-23","2026-08-22"
"29477","2026-07-02","2026-08-01"
"29478","2026-09-28","2026-10-28"
"29479","2026-09-03","2026-10-03"
"29480","2026-07-16","2026-08-15"
"29481","2026-07-01","2026-07-31"
"29482","2026-07-31","2026-08-30"
"29483","2026-07-22","2026-08-21"
"29484","2026-06-15","2026-07-15"
"29485","2026-08-14","2026-09-13"
"29486","2026-06-27","2026-06-29"
"29487","2026-09-20","2026-10-20"
"29488","2026-08-16","2026-09-15"
"29489","2026-06-14","2026-07-14"
"29490","2026-07-12","2026-08-11"
"29491","2026-07-30","2026-08-29"
"29492","2026-08-03","2026-09-02"
"29493","2026-06-30","2026-07-30"
"29494","2026-07-12","2026-08-11"
"29495","2026-06-26","2026-07-26"
"29496","2026-06-19","2026-07-19"
"29497","2026-06-17","2026-07-17"
"29498","2026-06-15","2026-06-16"
"29499","2026-06-15","2026-06-16"
"29500","2026-06-14","2026-06-15"
"29501","2026-06-15","2026-06-16"
"29502","2026-06-22","2026-06-23"
"29503","2026-06-15","2026-06-16"
"29504","2026-06-15","2026-06-16"
"29505","2026-06-21","2026-06-22"
"29506","2026-06-14","2026-06-15"
"29507","2026-07-22","2026-08-21"
"29508","2026-07-03","2026-08-02"
"29509","2026-08-01","2026-08-31"
"29510","2026-09-13","2026-10-13"
"29511","2026-07-17","2026-08-16"
"29512","2026-08-30","2026-09-29"
"29513","2026-09-19","2026-10-19"
"29514","2026-06-29","2026-07-29"
"29515","2026-06-30","2026-07-30"
"29516","2026-06-28","2026-07-28"
"29517","2026-08-10","2026-09-09"
"29518","2027-04-28","2027-05-28"
"29519","2026-06-14","2026-07-14"
"29520","2026-06-14","2026-07-14"
"29521","2026-06-30","2026-07-03"
"29522","2026-06-14","2026-07-14"
"29523","2026-06-15","2026-06-16"
"29524","2026-06-15","2026-06-16"
"29525","2026-06-15","2026-07-15"
"29526","2026-06-15","2026-07-15"
"29527","2026-06-15","2026-07-15"
"29528","2026-06-15","2026-07-15"
"29529","2026-08-01","2026-08-31"
"29530","2026-08-16","2026-09-15"
"29531","2026-06-15","2026-07-15"
"29532","2026-07-26","2026-08-25"
"29533","2026-06-16","2026-06-18"
"29534","2026-06-17","2026-06-18"
"29535","2026-07-01","2026-07-02"
"29536","2026-06-17","2026-06-20"
"29537","2026-07-17","2026-07-18"
"29538","2026-08-10","2026-09-09"
"29539","2026-08-31","2026-09-30"
"29540","2026-06-15","2026-07-15"
"29541","2026-08-16","2026-09-15"
"29542","2026-06-17","2026-07-17"
"29543","2026-06-17","2026-07-17"
"29544","2026-11-15","2026-12-15"
"29545","2026-07-15","2026-08-14"
"29546","2026-08-02","2026-09-01"
"29547","2026-08-06","2026-09-05"
"29548","2026-08-01","2026-08-31"
"29549","2026-08-08","2026-09-07"
"29550","2026-06-15","2026-06-16"
"29551","2026-06-22","2026-06-23"
"29552","2026-06-20","2026-06-21"
"29553","2026-06-21","2026-06-22"
"29554","2026-08-14","2026-09-13"
"29555","2026-08-19","2026-09-18"
"29556","2026-06-16","2026-06-21"
"29557","2026-08-08","2026-09-07"
"29558","2026-11-08","2026-12-08"
"29559","2026-07-06","2026-08-05"
"29560","2026-09-04","2026-10-04"
"29561","2026-07-27","2026-08-26"
"29562","2026-06-16","2026-07-16"
"29563","2026-07-13","2026-08-12"
"29564","2026-06-14","2026-06-15"
"29565","2026-06-15","2026-06-16"
"29566","2026-07-19","2026-08-18"
"29567","2026-07-27","2026-08-06"
"29568","2026-06-15","2026-07-15"
"29569","2026-07-25","2026-08-01"
"29570","2026-09-30","2026-10-30"
"29571","2026-06-14","2026-07-14"
"29572","2026-06-14","2026-07-14"
"29573","2026-07-30","2026-08-29"
"29574","2026-09-02","2026-10-02"
"29575","2026-08-12","2026-09-11"
"29576","2026-06-15","2026-06-18"
"29577","2026-06-15","2026-06-16"
"29578","2026-08-06","2026-09-05"
"29579","2026-06-14","2026-07-14"
"29580","2026-08-10","2026-09-10"
"29581","2026-06-14","2026-07-14"
"29582","2026-09-01","2026-10-02"
"29583","2026-06-14","2026-07-14"
"29584","2026-06-15","2026-07-15"
"29585","2026-06-21","2026-06-23"
"29586","2026-06-15","2026-07-15"
"29587","2026-09-25","2026-10-25"
"29588","2026-08-07","2026-09-06"
"29589","2026-08-03","2026-09-02"
"29590","2026-06-14","2026-07-14"
"29591","2026-06-15","2026-07-15"
"29592","2026-06-20","2026-07-20"
"29593","2026-06-22","2026-06-23"
"29594","2026-08-14","2026-09-13"
"29595","2026-06-18","2026-06-19"
"29596","2026-06-21","2026-06-22"
"29597","2026-11-14","2026-12-14"
"29598","2026-06-14","2026-07-14"
"29599","2026-06-14","2026-07-14"
"29600","2026-07-31","2026-08-30"
"29601","2026-07-17","2026-08-16"
"29602","2026-07-20","2026-08-19"
"29603","2026-06-30","2026-07-30"
"29604","2027-01-01","2027-01-31"
"29605","2026-08-01","2026-08-31"
"29606","2026-06-24","2026-07-24"
"29607","2026-07-01","2026-07-31"
"29608","2026-07-29","2026-08-28"
"29609","2026-07-15","2026-08-14"
"29610","2026-06-30","2026-07-30"
"29611","2026-08-31","2026-09-30"
"29612","2026-07-20","2026-08-19"
"29613","2026-07-23","2026-08-22"
"29614","2026-07-05","2026-08-04"
"29615","2026-07-05","2026-08-04"
"29616","2026-06-15","2026-07-15"
"29617","2026-06-14","2026-07-14"
"29618","2026-08-06","2026-09-05"
"29619","2026-10-14","2026-11-13"
"29620","2026-10-28","2026-11-27"
"29621","2026-06-22","2026-06-23"
"29622","2026-08-01","2026-08-31"
"29623","2026-07-12","2026-08-11"
"29624","2026-06-15","2026-06-16"
"29625","2026-06-15","2026-07-15"
"29626","2026-06-16","2026-06-18"
"29627","2026-07-22","2026-08-21"
"29628","2026-09-21","2026-10-21"
"29629","2026-06-17","2026-07-17"
"29630","2026-07-15","2026-08-14"
"29631","2026-06-14","2026-07-14"
"29632","2027-01-03","2027-02-02"
"29633","2026-06-30","2026-07-30"
"29634","2026-06-17","2026-07-17"
"29635","2026-07-07","2026-07-09"
"29636","2026-12-03","2027-01-02"
"29637","2026-06-15","2026-07-16"
"29638","2026-07-21","2026-08-20"
"29639","2026-10-04","2026-11-03"
"29640","2027-01-11","2027-02-10"
"29641","2026-06-21","2026-07-21"
"29642","2026-06-14","2026-07-14"
"29643","2026-06-15","2026-06-18"
"29644","2026-06-17","2026-06-19"
"29645","2026-08-02","2026-09-01"
"29646","2026-08-01","2026-08-31"
"29647","2026-06-18","2026-06-19"
"29648","2026-07-12","2026-08-11"
"29649","2026-06-17","2026-07-17"
"29650","2026-06-17","2026-07-17"
"29651","2026-06-15","2026-06-16"
"29652","2026-06-15","2026-06-16"
"29653","2026-06-15","2026-06-16"
"29654","2026-07-31","2026-08-30"
"29655","2026-07-01","2026-07-31"
"29656","2026-06-14","2026-07-14"
"29657","2026-12-14","2027-01-13"
"29658","2026-08-31","2026-10-01"
"29659","2026-07-31","2026-08-30"
"29660","2026-08-09","2026-09-08"
"29661","2026-06-15","2026-07-15"
"29662","2026-07-13","2026-08-12"
"29663","2026-06-21","2026-07-21"
"29664","2026-07-05","2026-08-04"
"29665","2026-10-31","2026-11-30"
"29666","2026-06-15","2026-07-15"
"29667","2026-06-30","2026-07-01"
"29668","2026-06-14","2026-07-14"
"29669","2026-07-18","2026-08-17"
"29670","2026-06-28","2026-07-28"
"29671","2026-07-26","2026-08-25"
"29672","2026-08-01","2026-08-31"
"29673","2026-06-16","2026-07-16"
"29674","2026-06-17","2026-07-17"
"29675","2026-06-17","2026-07-17"
"29676","2026-09-06","2026-10-06"
"29677","2026-06-14","2026-07-14"
"29678","2026-06-16","2026-07-16"
"29679","2026-08-07","2026-09-06"
"29680","2026-06-18","2026-07-18"
"29681","2026-06-30","2026-07-30"
"29682","2026-10-01","2026-10-31"
"29683","2026-08-05","2026-09-04"
"29684","2026-06-18","2026-07-18"
"29685","2026-07-01","2026-07-31"
"29686","2026-07-13","2026-08-12"
"29687","2026-08-01","2026-08-31"
"29688","2026-07-26","2026-08-25"
"29689","2026-06-14","2026-07-14"
"29690","2026-07-23","2026-08-22"
"29691","2027-01-31","2027-03-02"
"29692","2026-08-02","2026-08-05"
"29693","2026-08-10","2026-09-09"
"29694","2026-06-17","2026-07-17"
"29695","2026-07-31","2026-08-30"
"29696","2026-07-01","2026-07-31"
"29697","2026-07-25","2026-08-24"
"29698","2026-07-01","2026-07-31"
"29699","2026-08-11","2026-09-10"
"29700","2026-08-21","2026-09-20"
"29701","2026-10-01","2026-10-31"
"29702","2026-06-14","2026-07-14"
"29703","2026-06-21","2026-07-21"
"29704","2026-07-14","2026-08-13"
"29705","2026-07-18","2026-08-17"
"29706","2026-07-31","2026-08-31"
"29707","2026-08-01","2026-08-31"
"29708","2026-08-01","2026-08-31"
"29709","2026-08-15","2026-09-14"
"29710","2026-07-12","2026-08-11"
"29711","2026-06-14","2026-07-14"
"29712","2026-06-26","2026-07-26"
"29713","2026-06-17","2026-07-17"
"29714","2026-06-14","2026-07-14"
"29715","2026-07-30","2026-08-29"
"29716","2026-07-12","2026-08-11"
"29717","2026-07-03","2026-08-02"
"29718","2026-06-20","2026-06-21"
"29719","2026-06-15","2026-07-15"
"29720","2026-07-31","2026-08-30"
"29721","2026-06-22","2026-06-24"
"29722","2026-08-31","2026-09-30"
"29723","2026-06-28","2026-07-28"
"29724","2026-06-15","2026-07-15"
"29725","2026-06-15","2026-07-15"
"29726","2026-07-05","2026-08-04"
"29727","2026-06-21","2026-07-21"
"29728","2026-06-14","2026-07-14"
"29729","2026-08-08","2026-09-07"
"29730","2026-06-29","2026-07-29"
"29731","2026-07-11","2026-08-10"
"29732","2026-06-21","2026-07-21"
"29733","2026-08-31","2026-10-01"
"29734","2026-08-06","2026-09-05"
"29735","2026-07-01","2026-07-31"
"29736","2026-06-14","2026-07-14"
"29737","2026-10-01","2026-10-31"
"29738","2026-08-21","2026-09-20"
"29739","2026-06-15","2026-07-15"
"29740","2026-06-16","2026-07-16"
"29741","2026-08-15","2026-09-14"
"29742","2026-06-15","2026-07-15"
"29743","2026-06-14","2026-07-14"
"29744","2026-07-13","2026-08-12"
"29745","2026-06-16","2026-06-19"
"29746","2026-07-16","2026-08-15"
"29747","2026-06-15","2026-07-15"
"29748","2026-07-04","2026-08-03"
"29749","2026-08-31","2026-09-30"
"29750","2026-06-30","2026-07-30"
"29751","2026-06-16","2026-06-17"
"29752","2026-06-14","2026-07-15"
"29753","2027-05-01","2027-05-02"
"29754","2026-06-16","2026-06-19"
"29755","2027-05-28","2027-05-29"
"29756","2027-05-29","2027-05-30"
"29757","2027-05-28","2027-05-29"
"29758","2027-05-28","2027-05-29"
"29759","2027-05-29","2027-05-30"
"29760","2026-06-14","2026-07-14"
"29761","2026-06-15","2026-07-15"
"29762","2026-08-08","2026-09-07"
"29763","2026-07-01","2026-07-31"
"29764","2026-06-30","2026-07-30"
"29765","2026-08-21","2026-09-20"
"29766","2026-07-05","2026-08-04"
"29767","2026-08-21","2026-09-20"
"29768","2026-09-21","2026-10-21"
"29769","2026-09-06","2026-10-06"
"29770","2026-06-15","2026-07-15"
"29771","2026-06-14","2026-07-14"
"29772","2026-06-15","2026-07-15"
"29773","2026-06-14","2026-07-14"
"29774","2026-07-21","2026-08-20"
"29775","2026-06-15","2026-07-15"
"29776","2026-06-14","2026-07-14"
"29777","2026-06-30","2026-07-30"
"29778","2026-06-14","2026-07-14"
"29779","2026-08-01","2026-08-31"
"29780","2026-07-11","2026-08-10"
"29781","2026-12-31","2027-01-30"
"29782","2026-07-01","2026-07-31"
"29783","2026-07-26","2026-08-25"
"29784","2026-11-01","2026-12-01"
"29785","2026-06-15","2026-07-15"
"29786","2026-07-02","2026-08-01"
"29787","2026-10-27","2026-11-26"
"29788","2026-07-12","2026-08-11"
"29789","2026-06-21","2026-07-21"
"29790","2026-08-31","2026-10-01"
"29791","2026-07-20","2026-08-19"
"29792","2026-08-23","2026-09-22"
"29793","2026-06-14","2026-07-14"
"29794","2026-06-29","2026-07-29"
"29795","2026-06-14","2026-07-14"
"29796","2026-06-21","2026-07-21"
"29797","2026-07-01","2026-07-31"
"29798","2026-08-01","2026-08-31"
"29799","2026-06-14","2026-07-14"
"29800","2026-07-30","2026-08-29"
"29801","2026-06-15","2026-07-15"
"29802","2026-06-17","2026-07-18"
"29803","2026-10-21","2026-11-20"
"29804","2026-06-15","2026-06-16"
"29805","2026-06-14","2026-07-14"
"29806","2026-08-01","2026-09-01"
"29807","2026-10-23","2026-11-22"
"29808","2026-06-15","2026-07-15"
"29809","2026-07-22","2026-08-21"
"29810","2026-08-05","2026-09-04"
"29811","2026-08-14","2026-09-13"
"29812","2026-06-14","2026-07-14"
"29813","2026-07-02","2026-08-01"
"29814","2026-07-19","2026-08-18"
"29815","2026-07-17","2026-07-18"
"29816","2026-06-30","2026-07-30"
"29817","2026-07-19","2026-08-18"
"29818","2026-06-16","2026-06-17"
"29819","2026-06-15","2026-07-15"
"29820","2026-06-21","2026-06-22"
"29821","2026-07-11","2026-08-10"
"29822","2026-06-15","2026-06-17"
"29823","2026-06-14","2026-07-14"
"29824","2026-08-02","2026-09-01"
"29825","2026-08-31","2026-09-30"
"29826","2026-06-14","2026-07-14"
"29827","2026-09-06","2026-10-06"
"29828","2026-08-10","2026-09-09"
"29829","2026-06-30","2026-07-30"
"29830","2026-07-14","2026-08-13"
"29831","2026-07-07","2026-08-06"
"29832","2026-06-16","2026-07-16"
"29833","2026-08-02","2026-09-01"
"29834","2026-06-15","2026-07-15"
"29835","2026-08-16","2026-09-15"
"29836","2026-08-10","2026-09-09"
"29837","2026-06-22","2026-07-22"
"29838","2026-08-10","2026-09-09"
"29839","2026-07-02","2026-08-01"
"29840","2026-06-16","2026-07-16"
"29841","2026-06-14","2026-07-14"
"29842","2026-07-08","2026-08-07"
"29843","2026-06-29","2026-07-29"
"29844","2026-06-15","2026-07-15"
"29845","2026-09-28","2026-10-28"
"29846","2026-09-28","2026-10-28"
"29847","2026-06-28","2026-07-28"
"29848","2026-07-03","2026-08-02"
"29849","2026-08-10","2026-09-09"
"29850","2026-06-14","2026-07-14"
"29851","2026-08-29","2026-09-28"
"29852","2026-07-21","2026-08-20"
"29853","2026-08-31","2026-09-30"
"29854","2026-06-14","2026-07-14"
"29855","2026-07-31","2026-08-30"
"29856","2026-06-21","2026-07-22"
"29857","2026-06-14","2026-07-14"
"29858","2026-06-15","2026-06-16"
"29859","2026-07-02","2026-08-01"
"29860","2026-06-18","2026-06-19"
"29861","2026-07-01","2026-07-31"
"29862","2026-06-16","2026-07-16"
"29863","2026-08-07","2026-09-06"
"29864","2026-08-01","2026-08-31"
"29865","2026-07-18","2026-08-17"
"29866","2026-08-12","2026-09-11"
"29867","2026-06-15","2026-07-15"
"29868","2026-06-14","2026-07-14"
"29869","2026-07-01","2026-07-31"
"29870","2026-06-15","2026-07-15"
"29871","2026-07-06","2026-08-05"
"29872","2026-07-01","2026-07-31"
"29873","2026-08-05","2026-09-04"
"29874","2026-08-01","2026-08-31"
"29875","2026-07-31","2026-08-30"
"29876","2026-08-31","2026-09-30"
"29877","2026-06-30","2026-07-30"
"29878","2026-06-28","2026-07-28"
"29879","2026-06-15","2026-06-17"
"29880","2026-08-31","2026-09-30"
"29881","2026-06-15","2026-07-15"
"29882","2026-06-14","2026-07-14"
"29883","2026-08-25","2026-09-24"
"29884","2026-07-06","2026-08-05"
"29885","2026-08-10","2026-09-09"
"29886","2026-07-06","2026-08-05"
"29887","2026-07-22","2026-08-21"
"29888","2026-09-01","2026-10-01"
"29889","2026-06-28","2026-06-30"
"29890","2026-06-14","2026-07-14"
"29891","2026-06-14","2026-07-14"
"29892","2026-06-15","2026-07-15"
"29893","2026-07-22","2026-08-21"
"29894","2026-06-15","2026-07-15"
"29895","2026-06-15","2026-07-15"
"29896","2026-08-09","2026-09-08"
"29897","2026-06-16","2026-07-16"
"29898","2026-07-25","2026-08-24"
"29899","2026-07-20","2026-08-19"
"29900","2026-07-02","2026-08-01"
"29901","2026-06-14","2026-07-14"
"29902","2026-06-21","2026-07-21"
"29903","2026-07-18","2026-08-17"
"29904","2026-06-15","2026-07-15"
"29905","2026-06-15","2026-07-15"
"29906","2026-07-18","2026-08-17"
"29907","2026-08-31","2026-09-30"
"29908","2026-08-16","2026-09-15"
"29909","2026-08-01","2026-08-31"
"29910","2026-07-31","2026-08-30"
"29911","2026-07-01","2026-07-31"
"29912","2026-08-15","2026-09-14"
"29913","2026-07-31","2026-08-30"
"29914","2026-08-16","2026-09-15"
"29915","2026-08-02","2026-09-01"
"29916","2026-08-24","2026-09-23"
"29917","2026-06-15","2026-07-15"
"29918","2026-09-01","2026-10-01"
"29919","2026-08-27","2026-09-26"
"29920","2026-08-15","2026-09-14"
"29921","2026-06-30","2026-07-30"
"29922","2026-07-31","2026-08-30"
"29923","2026-07-31","2026-08-30"
"29924","2026-08-14","2026-09-13"
"29925","2026-08-31","2026-09-30"
"29926","2026-09-06","2026-10-06"
"29927","2026-07-10","2026-08-09"
"29928","2026-06-15","2026-07-15"
"29929","2026-08-31","2026-09-30"
"29930","2026-08-01","2026-08-31"
"29931","2026-07-26","2026-08-25"
"29932","2026-07-01","2026-07-31"
"29933","2026-07-20","2026-08-19"
"29934","2026-08-31","2026-09-30"
"29935","2026-08-12","2026-09-11"
"29936","2026-08-01","2026-08-31"
"29937","2026-08-08","2026-09-07"
"29938","2026-08-08","2026-09-07"
"29939","2026-08-31","2026-09-30"
"29940","2026-08-31","2026-09-30"
"29941","2026-08-13","2026-09-12"
"29942","2026-07-03","2026-08-02"
"29943","2026-07-31","2026-08-30"
"29944","2026-06-15","2026-07-15"
"29945","2026-08-24","2026-09-23"
"29946","2026-07-02","2026-08-01"
"29947","2026-07-31","2026-08-30"
"29948","2026-08-31","2026-09-30"
"29949","2026-07-27","2026-08-26"
"29950","2026-07-31","2026-08-30"
"29951","2026-08-08","2026-09-07"
"29952","2026-07-31","2026-08-30"
"29953","2026-08-14","2026-09-13"
"29954","2026-08-09","2026-09-08"
"29955","2026-08-12","2026-09-11"
"29956","2026-08-15","2026-09-14"
"29957","2026-09-01","2026-10-01"
"29958","2026-08-01","2026-08-31"
"29959","2026-08-31","2026-09-30"
"29960","2026-08-16","2026-09-15"
"29961","2026-06-30","2026-07-30"
"29962","2026-08-02","2026-09-01"
"29963","2026-07-31","2026-08-30"
"29964","2026-08-30","2026-09-29"
"29965","2026-08-12","2026-09-11"
"29966","2026-08-09","2026-09-08"
"29967","2026-07-01","2026-07-31"
"29968","2026-06-30","2026-07-30"
"29969","2026-08-08","2026-09-07"
"29970","2026-07-26","2026-08-25"
"29971","2026-08-28","2026-09-27"
"29972","2026-06-20","2026-07-20"
"29973","2026-08-22","2026-09-21"
"29974","2026-06-15","2026-07-15"
"29975","2026-08-08","2026-09-07"
"29976","2026-08-30","2026-09-29"
"29977","2026-08-31","2026-09-30"
"29978","2026-08-27","2026-09-26"
"29979","2026-07-01","2026-07-31"
"29980","2026-08-05","2026-09-04"
"29981","2026-08-09","2026-09-08"
"29982","2026-07-31","2026-08-30"
"29983","2026-08-01","2026-08-31"
"29984","2026-08-07","2026-09-06"
"29985","2026-08-04","2026-09-03"
"29986","2026-07-09","2026-08-08"
"29987","2026-08-01","2026-08-31"
"29988","2026-09-23","2026-10-23"
"29989","2026-09-01","2026-10-01"
"29990","2026-08-31","2026-09-30"
"29991","2026-08-23","2026-09-22"
"29992","2026-06-15","2026-07-15"
"29993","2026-07-01","2026-07-31"
"29994","2026-06-15","2026-07-15"
"29995","2026-08-02","2026-09-01"
"29996","2026-08-10","2026-09-09"
"29997","2026-07-25","2026-08-24"
"29998","2026-06-15","2026-07-15"
"29999","2026-06-14","2026-07-14"
"30000","2026-08-01","2026-08-31"
"30001","2026-06-14","2026-07-14"
"30002","2026-06-15","2026-07-15"
"30003","2026-07-13","2026-08-12"
"30004","2026-07-15","2026-08-14"
"30005","2026-08-10","2026-09-09"
"30006","2026-08-10","2026-09-10"
"30007","2026-06-24","2026-06-27"
"30008","2026-06-15","2026-06-16"
"30009","2026-06-18","2026-06-19"
"30010","2026-06-17","2026-06-18"
"30011","2026-06-16","2026-06-17"
"30012","2026-06-14","2026-06-15"
"30013","2026-06-14","2026-06-15"
"30014","2026-06-14","2026-06-15"
"30015","2026-06-14","2026-06-15"
"30016","2026-06-14","2026-06-15"
"30017","2026-06-18","2026-06-19"
"30018","2026-06-16","2026-06-17"
"30019","2026-07-31","2026-08-30"
"30020","2026-06-15","2026-07-15"
"30021","2026-09-29","2026-10-29"
"30022","2026-06-22","2026-07-22"
"30023","2026-06-14","2026-07-14"
"30024","2026-10-07","2026-11-06"
"30025","2026-08-14","2026-09-13"
"30026","2026-07-11","2026-08-10"
"30027","2026-09-17","2026-10-17"
"30028","2026-06-15","2026-07-15"
"30029","2026-06-16","2026-07-16"
"30030","2026-07-31","2026-08-30"
"30031","2026-08-01","2026-08-31"
"30032","2026-06-14","2026-07-14"
"30033","2026-12-21","2027-01-20"
"30034","2026-06-14","2026-07-14"
"30035","2026-06-14","2026-06-17"
"30036","2027-01-01","2027-01-31"
"30037","2026-06-15","2026-07-15"
"30038","2026-07-19","2026-08-18"
"30039","2026-06-21","2026-07-21"
"30040","2026-10-08","2026-11-07"
"30041","2026-08-03","2026-09-02"
"30042","2026-07-26","2026-08-25"
"30043","2026-08-16","2026-09-15"
"30044","2026-06-23","2026-07-23"
"30045","2026-06-15","2026-06-17"
"30046","2026-08-15","2026-09-14"
"30047","2026-07-12","2026-08-11"
"30048","2026-07-04","2026-08-03"
"30049","2026-07-19","2026-08-18"
"30050","2026-06-19","2026-07-19"
"30051","2026-06-15","2026-07-15"
"30052","2026-08-03","2026-09-02"
"30053","2026-07-31","2026-08-30"
"30054","2026-07-11","2026-08-10"
"30055","2026-06-14","2026-07-14"
"30056","2026-08-14","2026-09-13"
"30057","2026-07-19","2026-08-18"
"30058","2026-11-02","2026-12-03"
"30059","2026-07-01","2026-07-31"
"30060","2026-07-12","2026-08-11"
"30061","2026-07-31","2026-08-30"
"30062","2026-07-15","2026-08-14"
"30063","2026-08-14","2026-09-13"
"30064","2026-07-20","2026-08-19"
"30065","2026-09-26","2026-10-26"
"30066","2026-08-31","2026-09-30"
"30067","2026-07-14","2026-08-13"
"30068","2026-06-15","2026-07-15"
"30069","2026-06-30","2026-07-30"
"30070","2026-07-31","2026-08-30"
"30071","2026-08-09","2026-09-08"
"30072","2026-08-31","2026-09-30"
"30073","2026-08-08","2026-09-07"
"30074","2026-09-01","2026-10-01"
"30075","2026-07-26","2026-08-25"
"30076","2026-07-25","2026-08-24"
"30077","2026-08-28","2026-09-27"
"30078","2026-08-09","2026-09-08"
"30079","2026-07-12","2026-08-11"
"30080","2026-07-10","2026-08-09"
"30081","2026-08-01","2026-08-31"
"30082","2026-09-01","2026-10-01"
"30083","2026-06-15","2026-07-15"
"30084","2026-08-08","2026-09-07"
"30085","2026-07-01","2026-07-31"
"30086","2026-07-07","2026-08-06"
"30087","2026-07-02","2026-08-01"
"30088","2026-09-01","2026-10-01"
"30089","2026-08-31","2026-09-30"
"30090","2026-08-12","2026-09-11"
"30091","2026-08-09","2026-09-08"
"30092","2026-08-15","2026-09-14"
"30093","2026-08-08","2026-09-07"
"30094","2026-08-31","2026-09-30"
"30095","2026-07-19","2026-08-18"
"30096","2026-08-31","2026-09-30"
"30097","2026-06-30","2026-07-30"
"30098","2026-07-11","2026-08-10"
"30099","2026-08-28","2026-09-27"
"30100","2026-08-12","2026-09-11"
"30101","2026-06-30","2026-07-30"
"30102","2026-07-31","2026-08-30"
"30103","2026-08-10","2026-09-09"
"30104","2026-09-03","2026-10-03"
"30105","2026-06-15","2026-07-15"
"30106","2026-08-01","2026-08-31"
"30107","2026-08-01","2026-08-31"
"30108","2026-06-15","2026-07-15"
"30109","2026-07-30","2026-08-29"
"30110","2026-08-08","2026-09-07"
"30111","2026-06-15","2026-07-15"
"30112","2026-06-15","2026-07-15"
"30113","2026-06-17","2026-07-17"
"30114","2026-06-15","2026-07-15"
"30115","2026-06-15","2026-07-15"
"30116","2026-07-31","2026-08-30"
"30117","2026-07-15","2026-08-14"
"30118","2026-08-16","2026-09-15"
"30119","2026-07-05","2026-08-04"
"30120","2026-08-31","2026-09-30"
"30121","2026-08-09","2026-09-08"
"30122","2026-08-05","2026-09-04"
"30123","2026-09-01","2026-10-01"
"30124","2026-06-30","2026-07-30"
"30125","2026-09-07","2026-10-07"
"30126","2026-07-25","2026-08-24"
"30127","2026-08-12","2026-09-11"
"30128","2026-09-01","2026-10-01"
"30129","2026-07-01","2026-07-31"
"30130","2026-08-08","2026-09-07"
"30131","2026-08-01","2026-08-31"
"30132","2026-08-15","2026-09-14"
"30133","2026-08-31","2026-09-30"
"30134","2026-07-22","2026-08-21"
"30135","2026-08-31","2026-09-30"
"30136","2026-08-13","2026-09-12"
"30137","2026-08-31","2026-09-30"
"30138","2026-08-07","2026-09-06"
"30139","2026-06-17","2026-07-17"
"30140","2026-07-01","2026-07-31"
"30141","2026-07-06","2026-08-05"
"30142","2026-08-01","2026-08-31"
"30143","2026-06-30","2026-07-30"
"30144","2026-08-01","2026-08-31"
"30145","2026-06-30","2026-07-30"
"30146","2026-08-01","2026-08-31"
"30147","2026-08-31","2026-09-30"
"30148","2026-08-08","2026-09-07"
"30149","2026-08-04","2026-09-03"
"30150","2026-08-09","2026-09-08"
"30151","2026-08-08","2026-09-07"
"30152","2026-08-17","2026-09-16"
"30153","2026-08-08","2026-09-07"
"30154","2026-08-29","2026-09-28"
"30155","2026-06-15","2026-07-15"
"30156","2026-08-25","2026-09-24"
"30157","2026-08-14","2026-09-13"
"30158","2026-06-30","2026-07-30"
"30159","2026-07-18","2026-08-17"
"30160","2026-08-09","2026-09-08"
"30161","2026-08-31","2026-09-30"
"30162","2026-07-05","2026-08-04"
"30163","2026-08-22","2026-09-21"
"30164","2026-08-30","2026-09-29"
"30165","2026-08-11","2026-09-10"
"30166","2026-07-07","2026-08-06"
"30167","2026-08-02","2026-09-01"
"30168","2026-08-02","2026-09-01"
"30169","2026-08-31","2026-09-30"
"30170","2026-08-31","2026-09-30"
"30171","2026-08-01","2026-08-31"
"30172","2026-06-15","2026-07-15"
"30173","2026-08-17","2026-09-16"
"30174","2026-08-31","2026-09-30"
"30175","2026-08-08","2026-09-07"
"30176","2026-08-16","2026-09-15"
"30177","2026-08-31","2026-09-30"
"30178","2026-08-15","2026-09-14"
"30179","2026-08-15","2026-09-14"
"30180","2026-07-31","2026-08-30"
"30181","2026-08-10","2026-09-09"
"30182","2026-07-31","2026-08-30"
"30183","2026-07-05","2026-08-04"
"30184","2026-07-13","2026-08-12"
"30185","2026-07-31","2026-08-30"
"30186","2026-06-30","2026-07-30"
"30187","2026-08-30","2026-09-29"
"30188","2026-09-05","2026-10-05"
"30189","2026-08-15","2026-09-14"
"30190","2026-07-31","2026-08-30"
"30191","2026-07-19","2026-08-18"
"30192","2026-08-08","2026-09-07"
"30193","2026-08-09","2026-09-08"
"30194","2026-08-10","2026-09-09"
"30195","2026-06-15","2026-07-15"
"30196","2026-09-01","2026-10-01"
"30197","2026-08-01","2026-08-31"
"30198","2026-08-14","2026-09-13"
"30199","2026-08-09","2026-09-08"
"30200","2026-08-01","2026-08-31"
"30201","2026-06-16","2026-07-16"
"30202","2026-08-03","2026-11-01"
"30203","2026-07-01","2026-07-04"
"30204","2026-07-06","2026-08-05"
"30205","2026-06-14","2026-07-14"
"30206","2026-06-14","2026-07-14"
"30207","2026-08-11","2026-09-10"
"30208","2026-12-15","2027-01-14"
"30209","2026-07-01","2026-07-04"
"30210","2026-07-01","2026-07-31"
"30211","2026-07-15","2026-08-14"
"30212","2026-07-20","2026-08-19"
"30213","2026-07-31","2026-08-30"
"30214","2026-08-09","2026-09-08"
"30215","2026-06-15","2026-07-15"
"30216","2026-08-16","2026-09-15"
"30217","2026-08-11","2026-09-10"
"30218","2026-06-17","2026-07-17"
"30219","2026-07-18","2026-08-17"
"30220","2026-06-14","2026-07-14"
"30221","2026-06-14","2026-07-14"
"30222","2026-06-28","2026-07-28"
"30223","2026-06-14","2026-07-14"
"30224","2026-06-14","2026-07-14"
"30225","2026-06-14","2026-07-14"
"30226","2026-06-14","2026-07-14"
"30227","2026-06-15","2026-07-15"
"30228","2026-07-12","2026-08-11"
"30229","2026-07-05","2026-08-04"
"30230","2026-06-14","2026-06-15"
"30231","2026-06-14","2026-06-15"
"30232","2026-06-14","2026-06-15"
"30233","2026-07-01","2026-07-31"
"30234","2026-06-14","2026-07-14"
"30235","2026-06-16","2026-07-16"
"30236","2026-06-14","2026-07-14"
"30237","2026-06-16","2026-07-16"
"30238","2026-06-14","2026-06-15"
"30239","2026-07-10","2026-08-09"
"30240","2026-07-08","2026-08-07"
"30241","2026-06-14","2026-07-14"
"30242","2026-06-15","2026-07-15"
"30243","2026-06-17","2026-06-18"
"30244","2026-06-17","2026-06-18"
"30245","2026-06-17","2026-06-18"
"30246","2026-06-22","2026-06-23"
"30247","2026-06-15","2026-07-15"
"30248","2026-06-15","2026-07-15"
"30249","2026-06-24","2026-07-24"
"30250","2026-06-14","2026-07-14"
"30251","2026-06-20","2026-07-20"
"30252","2026-08-07","2026-09-07"
"30253","2026-08-03","2026-09-02"
"30254","2026-07-01","2026-07-31"
"30255","2026-06-17","2026-07-17"
"30256","2026-08-01","2026-08-31"
"30257","2026-07-01","2026-07-31"
"30258","2026-06-17","2026-07-17"
"30259","2026-06-16","2026-07-16"
