,,
,,
,,
,,
,,
,,
,,
,,
,,
,,
,,
,,
,,
,,
,,
,,
,,
,,
,,
,,
,,
,,
,,
,,
,,
,,
,,
,,
,,
,,
,,
,,
,,
,,
,,
,,
,,
,,
,,
,,
,,
,,
,,
,,
,,
,,
,,
,,
,,
,,
,,
,,
,,
,,
,,
,,
,,
,,
,,
,,
,,
,,
,,
,,
,,
,,
,,
,,
,,
,,
,,
,,
,,
,,
,,
,,
,,
,,
,,
,,
,,
,,
,,
,,
,,
,,
,,
,,
,,
,,
,,
,,
,,
,,
,,
,,
,,
,,
,,
,,
,,
,,
,,
,,
,,
,,
,,
,,
,,
,,
,,
,,
,,
,,
,,
,,
,,
,,
,,
,,
,,
,,
,,
,,
,,
,,
,,
,,
,,
,,
,,
,,
,,
,,
,,
,,
,,
,,
,,
,,
,,
,,
,,
,,
,,
,,
,,
,,
,,
,,
,,
,,
,,
,,
,,
,,
,,
,,
,,
,,
,,
,,
,,
,,
,,
,,
,,
,,
,,
,,
,,
,,
,,
,,
,,
,,
,,
,,
,,
,,
,,
,,
,,
,,
,,
,,
,,
,,
,,
,,
,,
,,
,,
,,
,,
,,
,,
,,
,,
,,
,,
,,
,,
,,
,,
,,
,,
,,
,,
,,
,,
,,
,,
,,
,,
,,
,,
,,
,,
,,
,,
,,
,,
,,
,,
,,
,,
,,
,,
,,
,,
,,
,,
,,
,,
,,
,,
,,
,,
,,
,,
,,
,,
,,
,,
,,
,,
,,
,,
,,
,,
,,
,,
,,
,,
,,
,,
,,
,,
,,
,,
,,
,,
,,
,,
,,
,,
,,
,,
,,
,,
,,
,,
,,
,,
,,
,,
,,
,,
,,
,,
,,
,,
,,
,,
,,
,,
,,
,,
,,
,,
,,
,,
,,
,,
,,
,,
,,
,,
,,
,,
,,
,,
,,
,,
,,
,,
,,
,,
,,
,,
,,
,,
,,
,,
,,
,,
,,
,,
,,
,,
,,
,,
,,
,,
,,
,,
,,
,,
,,
,,
,,
,,
,,
,,
,,
,,
,,
,,
,,
,,
,,
,,
,,
,,
,,
,,
,,
,,
,,
,,
,,
,,
,,
,,
,,
,,
,,
,,
,,
,,
,,
,,
,,
,,
,,
,,
,,
,,
,,
,,
,,
,,
,,
,,
,,
,,
,,
,,
,,
,,
,,
,,
,,
,,
,,
,,
,,
,,
,,
,,
,,
,,
,,
,,
,,
,,
,,
,,
,,
,,
,,
,,
,,
,,
,,
,,
,,
,,
,,
,,
,,
,,
,,
,,
,,
,,
,,
,,
,,
,,
,,
,,
,,
,,
,,
,,
,,
,,
,,
,,
,,
,,
,,
,,
,,
,,
,,
,,
,,
,,
,,
,,
,,
,,
,,
,,
,,
,,
,,
,,
,,
,,
,,
,,
,,
,,
,,
,,
,,
,,
,,
,,
,,
,,
,,
,,
,,
,,
,,
,,
,,
,,
,,
,,
,,
,,
,,
,,
,,
,,
,,
,,
,,
,,
,,
,,
,,
,,
,,
,,
,,
,,
,,
,,
,,
,,
,,
,,
,,
,,
,,
,,
,,
,,
,,
,,
,,
,,
,,
,,
,,
,,
,,
,,
,,
,,
,,
,,
,,
,,
,,
,,
,,
,,
,,
,,
,,
,,
,,
,,
,,
,,
,,
,,
,,
,,
,,
,,
,,
,,
,,
,,
,,
,,
,,
,,
,,
,,
,,
,,
,,
,,
,,
,,
,,
,,
,,
,,
,,
,,
,,
,,
,,
,,
,,
,,
,,
,,
,,
,,
,,
,,
,,
,,
,,
,,
,,
,,
,,
,,
,,
,,
,,
,,
,,
,,
,,
,,
,,
,,
,,
,,
,,
,,
,,
,,
,,
,,
,,
,,
,,
,,
,,
,,
,,
,,
,,
,,
,,
,,
,,
,,
,,
,,
,,
,,
,,
,,
,,
,,
,,
,,
,,
,,
,,
,,
,,
,,
,,
,,
,,
,,
,,
,,
,,
,,
,,
,,
,,
,,
,,
,,
,,
,,
,,
,,
,,
,,
,,
,,
,,
,,
,,
,,
,,
,,
,,
,,
,,
,,
,,
,,
,,
,,
,,
,,
,,
,,
,,
,,
,,
,,
,,
,,
,,
,,
,,
,,
,,
,,
,,
,,
,,
,,
,,
,,
,,
,,
,,
,,
,,
,,
,,
,,
,,
,,
,,
,,
,,
,,
,,
,,
,,
,,
,,
,,
,,
,,
,,
,,
,,
,,
,,
,,
,,
,,
,,
,,
,,
,,
,,
,,
,,
,,
,,
,,
,,
,,
,,
,,
,,
,,
,,
,,
,,
,,
,,
,,
,,
,,
,,
,,
,,
,,
,,
,,
,,
,,
,,
,,
,,
,,
,,
,,
,,
,,
,,
,,
,,
,,
,,
,,
,,
,,
,,
,,
,,
,,
,,
,,
,,
,,
,,
,,
,,
,,
,,
,,
,,
,,
,,
,,
,,
,,
,,
,,
,,
,,
,,
,,
,,
,,
,,
,,
,,
,,
,,
,,
,,
,,
,,
,,
,,
,,
,,
,,
,,
,,
,,
,,
,,
,,
,,
,,
,,
,,
,,
,,
,,
,,
,,
,,
,,
,,
,,
,,
,,
,,
,,
,,
,,
,,
,,
,,
,,
,,
,,
,,
,,
,,
,,
,,
,,
,,
,,
,,
,,
,,
,,
,,
,,
,,
,,
,,
,,
,,
,,
,,
,,
,,
,,
,,
,,
,,
,,
,,
,,
,,
,,
,,
,,
,,
,,
,,
,,
,,
,,
,,
,,
,,
,,
,,
,,
,,
,,
,,
,,
,,
,,
,,
,,
,,
,,
,,
,,
,,
,,
,,
,,
,,
,,
,,
,,
,,
,,
,,
,,
,,
,,
,,
,,
,,
,,
,,
,,
,,
,,
,,
,,
,,
,,
,,
,,
,,
,,
,,
,,
,,
,,
,,
,,
,,
,,
,,
,,
,,
,,
,,
,,
,,
,,
,,
,,
,,
,,
,,
,,
,,
,,
,,
,,
,,
,,
,,
,,
,,
,,
,,
,,
,,
,,
,,
,,
,,
,,
,,
,,
,,
,,
,,
,,
,,
,,
,,
,,
,,
,,
,,
,,
,,
,,
,,
,,
,,
,,
,,
,,
,,
,,
,,
,,
,,
,,
,,
,,
,,
,,
,,
,,
,,
"ListingKey","FirstReview","LastReview"
"1","2015-12-04","2026-05-28"
"2","2009-05-25","2026-04-23"
"3","2022-06-05","2025-10-07"
"4","2009-10-28","2026-01-11"
"5","2010-01-16","2025-09-23"
"6","2009-08-09","2026-03-29"
"7","2009-08-25","2023-10-16"
"8","2009-10-04","2017-08-13"
"9","2010-04-18","2025-03-31"
"10","2009-10-27","2026-01-06"
"11","2010-06-13","2026-06-09"
"12","2009-12-12","2025-11-15"
"13","2009-12-13","2025-11-17"
"14","2013-10-01","2025-08-31"
"15","2010-05-16","2025-07-25"
"16","2016-03-23","2018-11-03"
"17","2010-01-02","2026-05-27"
"18","2013-08-22","2026-05-24"
"19","2012-08-14","2026-05-21"
"20","2010-01-02","2026-05-11"
"21","2010-03-31","2024-06-06"
"22","2011-09-23","2019-09-01"
"23","2011-03-14","2025-08-24"
"24","2010-05-14","2024-12-27"
"25","2010-03-07","2018-07-29"
"26","2010-03-21","2021-09-12"
"27","2010-05-16","2020-01-19"
"28","2010-05-20","2024-07-25"
"29","2010-04-06","2019-06-17"
"30","2010-05-29","2024-10-29"
"31","2013-07-12","2026-02-19"
"32","2010-11-02","2026-06-12"
"33","2010-06-08","2026-06-04"
"34","2010-09-14","2011-12-10"
"35","2010-06-01","2017-05-31"
"36","2010-08-03","2026-05-17"
"37","2010-06-06","2026-06-07"
"38","2010-06-21","2024-01-07"
"39","2011-01-10","2021-03-27"
"40","2010-07-09","2026-05-28"
"41","2010-07-05","2025-12-29"
"42","2010-10-04","2026-04-01"
"43","2012-07-09","2023-08-30"
"44","2010-08-02","2026-05-18"
"45","2010-08-23","2019-12-12"
"46","2010-08-08","2024-08-31"
"47","2010-10-02","2022-09-05"
"48","2018-09-11","2018-12-17"
"49","2012-01-03","2019-11-12"
"50","",""
"51","2011-01-02","2026-05-16"
"52","2010-12-09","2024-01-04"
"53","2010-09-27","2026-06-03"
"54","2011-05-26","2025-09-07"
"55","",""
"56","2011-01-02","2026-06-10"
"57","2010-10-18","2015-05-09"
"58","2011-10-22","2015-05-29"
"59","2011-05-15","2019-08-09"
"60","",""
"61","2010-10-14","2026-06-04"
"62","2011-01-02","2025-01-02"
"63","2010-10-22","2025-11-25"
"64","2013-07-28","2026-05-26"
"65","2010-11-08","2023-09-01"
"66","2010-12-16","2026-03-24"
"67","2010-11-15","2026-03-02"
"68","2010-12-07","2023-11-08"
"69","2011-06-15","2023-04-18"
"70","2010-11-08","2026-05-04"
"71","2011-04-25","2026-01-03"
"72","2010-12-27","2026-03-02"
"73","2012-09-17","2023-02-10"
"74","2011-02-27","2023-09-03"
"75","2010-12-07","2019-07-31"
"76","2011-04-22","2025-08-02"
"77","2011-01-03","2025-09-30"
"78","2010-12-14","2024-12-02"
"79","2011-09-12","2017-08-25"
"80","2018-11-03","2024-08-27"
"81","2011-03-05","2026-05-09"
"82","2011-01-03","2019-12-08"
"83","2011-04-23","2026-03-20"
"84","2011-01-29","2020-09-05"
"85","2011-01-04","2023-06-17"
"86","2012-03-06","2020-03-22"
"87","2015-04-26","2026-06-01"
"88","2012-05-23","2026-03-23"
"89","2011-03-29","2026-04-20"
"90","2011-09-27","2026-01-14"
"91","2011-03-04","2024-08-11"
"92","2011-05-15","2014-05-13"
"93","2011-06-14","2019-02-15"
"94","2011-06-13","2025-11-13"
"95","2011-02-28","2025-12-22"
"96","2011-03-06","2012-09-30"
"97","2011-03-26","2026-05-17"
"98","2015-09-23","2019-01-02"
"99","2011-11-20","2025-10-12"
"100","2011-10-18","2022-10-22"
"101","2011-03-25","2011-05-12"
"102","2011-04-23","2026-03-10"
"103","2015-12-31","2024-12-27"
"104","2011-04-04","2025-09-16"
"105","2011-05-27","2014-12-18"
"106","2011-10-09","2025-10-12"
"107","2011-05-18","2023-11-01"
"108","2011-04-27","2026-06-05"
"109","2011-07-07","2015-12-08"
"110","2011-05-19","2021-08-11"
"111","2011-06-05","2026-05-26"
"112","2011-05-09","2021-07-12"
"113","2011-06-20","2014-10-24"
"114","2011-05-08","2021-09-17"
"115","2011-05-18","2026-06-03"
"116","2011-05-21","2025-01-16"
"117","2011-06-26","2016-01-05"
"118","2011-06-16","2025-12-19"
"119","2016-01-02","2016-01-02"
"120","2011-06-12","2023-10-31"
"121","2011-06-12","2026-06-01"
"122","2011-05-23","2019-10-30"
"123","2011-09-20","2025-12-01"
"124","2011-05-29","2026-06-13"
"125","2011-10-24","2026-05-30"
"126","2013-09-28","2024-07-01"
"127","2011-06-08","2026-06-10"
"128","2012-08-15","2025-11-26"
"129","2011-09-11","2024-08-07"
"130","2011-08-01","2023-12-02"
"131","2012-06-24","2023-05-29"
"132","2011-09-21","2014-11-10"
"133","2011-07-03","2022-10-30"
"134","2014-09-07","2016-01-05"
"135","2011-07-12","2018-01-05"
"136","2011-08-01","2013-05-31"
"137","2012-04-23","2026-01-08"
"138","2011-08-18","2026-06-01"
"139","2011-07-26","2022-02-06"
"140","2011-09-10","2026-06-03"
"141","2011-09-26","2026-05-21"
"142","2011-07-09","2023-08-20"
"143","2011-08-04","2020-11-06"
"144","2011-07-19","2017-10-08"
"145","2015-09-06","2024-08-12"
"146","2012-08-22","2023-06-10"
"147","2011-07-30","2026-04-17"
"148","2013-08-22","2019-09-29"
"149","2011-09-03","2015-08-08"
"150","2011-09-01","2025-02-03"
"151","",""
"152","2011-08-30","2016-02-15"
"153","2014-05-04","2026-06-06"
"154","2011-09-08","2026-05-31"
"155","2011-08-01","2020-03-08"
"156","2011-12-29","2016-01-20"
"157","2011-08-21","2019-08-09"
"158","2017-11-17","2019-06-24"
"159","2011-09-17","2022-09-11"
"160","2011-09-27","2026-04-30"
"161","2011-11-27","2018-01-12"
"162","2015-08-25","2026-06-16"
"163","2012-03-05","2026-06-11"
"164","2014-04-20","2014-04-20"
"165","2011-09-02","2020-01-01"
"166","2011-09-06","2019-12-28"
"167","2012-03-29","2023-11-02"
"168","2011-08-25","2018-12-05"
"169","2012-01-02","2026-05-10"
"170","2011-08-22","2020-01-11"
"171","2012-07-01","2022-12-04"
"172","2011-09-09","2023-10-07"
"173","2011-09-01","2026-05-11"
"174","2011-11-01","2025-11-01"
"175","2014-03-13","2019-07-02"
"176","2011-10-01","2016-12-26"
"177","2011-08-31","2016-09-18"
"178","2011-09-06","2024-11-01"
"179","2011-09-07","2023-09-04"
"180","2017-09-17","2018-08-27"
"181","2011-09-07","2019-07-26"
"182","2011-12-01","2015-08-31"
"183","2011-10-28","2016-06-23"
"184","2015-05-15","2026-06-11"
"185","2011-09-28","2025-06-27"
"186","2012-04-12","2026-05-15"
"187","2011-11-07","2025-02-15"
"188","2012-06-16","2019-10-23"
"189","2011-09-16","2017-01-05"
"190","2011-10-24","2024-06-30"
"191","2011-09-23","2026-05-03"
"192","2011-10-13","2019-09-01"
"193","2011-09-26","2026-03-15"
"194","2011-10-02","2026-05-01"
"195","2011-09-26","2025-09-05"
"196","2011-10-16","2022-05-15"
"197","2011-09-28","2026-05-20"
"198","2011-10-16","2026-05-24"
"199","2011-10-18","2013-05-07"
"200","2013-04-22","2023-09-05"
"201","2012-01-04","2023-08-14"
"202","2011-11-01","2020-01-18"
"203","2011-10-17","2026-03-07"
"204","2011-10-10","2026-05-31"
"205","2013-01-04","2019-12-25"
"206","2012-04-23","2025-02-01"
"207","2011-11-25","2023-12-23"
"208","2013-01-01","2024-07-01"
"209","2011-10-18","2026-02-17"
"210","2013-01-01","2015-08-17"
"211","2011-12-13","2024-07-13"
"212","2012-08-09","2017-08-31"
"213","2012-01-04","2026-05-27"
"214","2011-12-03","2018-10-07"
"215","2012-08-11","2014-12-03"
"216","2011-12-05","2017-09-25"
"217","",""
"218","2014-07-28","2019-11-02"
"219","2012-01-02","2026-06-06"
"220","2013-10-20","2022-09-10"
"221","2013-05-15","2024-06-30"
"222","2012-03-13","2026-05-18"
"223","2011-11-07","2026-04-20"
"224","2012-04-04","2024-04-07"
"225","2011-12-20","2022-12-11"
"226","2011-11-14","2024-09-02"
"227","2012-04-30","2022-12-11"
"228","2011-11-20","2025-11-03"
"229","2014-10-20","2024-04-14"
"230","2012-09-10","2025-09-14"
"231","2012-04-11","2014-10-26"
"232","2016-06-08","2025-09-25"
"233","2011-11-14","2026-06-01"
"234","2011-12-10","2026-05-28"
"235","2011-11-13","2025-06-28"
"236","2012-01-04","2022-05-22"
"237","2013-01-02","2014-10-26"
"238","2015-05-14","2018-06-30"
"239","2012-01-02","2013-06-20"
"240","2011-12-05","2023-09-19"
"241","2014-07-22","2017-04-01"
"242","2012-05-22","2022-12-28"
"243","2012-01-03","2023-08-30"
"244","",""
"245","2012-01-04","2026-05-16"
"246","2011-12-20","2015-01-08"
"247","2012-01-02","2015-11-01"
"248","2012-03-24","2026-03-28"
"249","2013-08-07","2026-05-20"
"250","2015-11-02","2020-02-16"
"251","2015-08-24","2026-05-27"
"252","2020-12-19","2020-12-19"
"253","2013-09-24","2013-09-24"
"254","2013-07-30","2022-01-17"
"255","2012-01-03","2014-10-22"
"256","2013-07-17","2023-10-16"
"257","2012-01-02","2019-12-16"
"258","2011-12-07","2023-09-03"
"259","2011-12-11","2020-07-10"
"260","2015-06-22","2025-07-14"
"261","2014-08-31","2014-08-31"
"262","2012-12-23","2013-04-14"
"263","2011-12-29","2023-11-26"
"264","2012-03-14","2026-06-06"
"265","2012-10-02","2012-10-02"
"266","2015-10-28","2025-10-07"
"267","2015-12-06","2019-04-21"
"268","2012-04-12","2024-06-30"
"269","2012-01-14","2025-09-02"
"270","2012-09-29","2026-06-04"
"271","2011-12-25","2016-08-11"
"272","2013-09-05","2016-11-26"
"273","2012-03-28","2026-01-16"
"274","2012-05-18","2022-11-04"
"275","2012-11-20","2025-09-19"
"276","2012-05-15","2026-05-25"
"277","2012-08-14","2025-09-01"
"278","2012-05-10","2024-06-15"
"279","2014-03-24","2014-03-24"
"280","2013-04-04","2026-03-01"
"281","2013-09-14","2019-05-18"
"282","2012-09-02","2026-01-23"
"283","",""
"284","2012-06-24","2026-05-01"
"285","2016-10-20","2020-01-11"
"286","2012-04-26","2026-02-18"
"287","2012-04-03","2022-10-06"
"288","2012-10-03","2026-01-10"
"289","2020-01-11","2025-11-24"
"290","2012-09-04","2016-03-26"
"291","2012-05-31","2025-06-30"
"292","2012-04-09","2025-11-16"
"293","2012-05-19","2020-12-01"
"294","2012-07-20","2025-03-31"
"295","2012-07-07","2023-10-01"
"296","2012-03-01","2026-06-13"
"297","2012-03-14","2023-05-09"
"298","2012-02-23","2025-12-31"
"299","2012-10-11","2026-05-28"
"300","2016-08-10","2017-06-24"
"301","2012-08-16","2018-01-02"
"302","2012-05-30","2025-04-22"
"303","2012-03-25","2025-07-27"
"304","2012-03-07","2018-08-03"
"305","2012-03-24","2023-11-27"
"306","2013-09-28","2023-11-25"
"307","2021-07-16","2023-06-12"
"308","2014-12-05","2026-03-14"
"309","2012-04-06","2019-05-03"
"310","2012-04-26","2024-07-31"
"311","2012-06-01","2026-06-01"
"312","2012-04-13","2016-07-13"
"313","2013-05-13","2024-12-31"
"314","2012-05-09","2023-12-07"
"315","2012-05-01","2019-06-23"
"316","2012-03-27","2024-06-30"
"317","2023-08-31","2023-08-31"
"318","2016-09-20","2023-04-19"
"319","2012-04-09","2026-05-21"
"320","2016-05-10","2023-10-09"
"321","2012-04-23","2026-06-01"
"322","2012-04-25","2016-01-03"
"323","2018-09-20","2025-08-02"
"324","2012-07-11","2017-01-07"
"325","2018-05-06","2022-03-31"
"326","2012-05-25","2017-01-01"
"327","2012-06-18","2019-12-10"
"328","2012-04-08","2013-06-22"
"329","2013-02-26","2017-06-30"
"330","",""
"331","2012-05-06","2026-03-31"
"332","2012-05-14","2026-04-11"
"333","2012-07-19","2026-05-07"
"334","2012-05-06","2023-11-09"
"335","2016-05-31","2016-05-31"
"336","2012-09-17","2022-11-27"
"337","2012-10-02","2026-04-06"
"338","2012-04-29","2026-02-11"
"339","2012-04-28","2014-08-22"
"340","2014-10-14","2026-06-06"
"341","2012-05-13","2016-09-28"
"342","2022-08-14","2023-07-17"
"343","2012-04-30","2020-03-03"
"344","2012-06-19","2026-04-30"
"345","2012-05-19","2023-12-03"
"346","2012-06-10","2026-05-31"
"347","2014-07-07","2015-10-07"
"348","2012-05-04","2023-07-28"
"349","2013-07-02","2018-05-19"
"350","2019-09-02","2023-08-21"
"351","2012-05-16","2019-07-01"
"352","2022-10-30","2023-11-19"
"353","2012-05-06","2019-11-03"
"354","2012-05-09","2026-05-26"
"355","2012-06-26","2015-10-04"
"356","2012-07-01","2024-10-12"
"357","2012-06-01","2012-06-01"
"358","2012-06-09","2024-01-18"
"359","2013-09-01","2025-08-12"
"360","2012-06-06","2023-08-20"
"361","2020-09-11","2023-08-16"
"362","2012-05-24","2025-12-27"
"363","2012-07-31","2023-01-03"
"364","2013-04-17","2023-04-29"
"365","2012-05-28","2023-01-01"
"366","2022-08-09","2023-03-08"
"367","2014-06-21","2015-12-22"
"368","2015-01-02","2015-07-12"
"369","2012-10-09","2013-09-01"
"370","2012-06-25","2026-03-02"
"371","2013-01-07","2013-01-07"
"372","2017-04-17","2023-09-03"
"373","2012-12-30","2022-11-07"
"374","2012-06-17","2025-08-15"
"375","2014-10-16","2017-08-12"
"376","2012-08-01","2013-06-28"
"377","2013-04-29","2024-10-07"
"378","2014-08-22","2021-10-11"
"379","2012-09-03","2019-11-18"
"380","2015-11-29","2022-08-21"
"381","2012-07-16","2026-06-12"
"382","",""
"383","2012-08-16","2022-11-09"
"384","2012-06-14","2023-07-18"
"385","2012-10-21","2025-05-16"
"386","2013-05-07","2022-12-05"
"387","2012-08-15","2024-10-31"
"388","2012-07-11","2012-07-11"
"389","2012-06-26","2024-08-15"
"390","",""
"391","2012-06-12","2020-03-11"
"392","2013-08-12","2016-04-28"
"393","2012-07-02","2012-12-31"
"394","2012-10-15","2025-08-04"
"395","2013-05-01","2026-05-14"
"396","2015-05-23","2015-05-23"
"397","2012-07-06","2025-11-15"
"398","2012-08-01","2022-08-12"
"399","2012-09-29","2026-03-31"
"400","2013-09-28","2026-05-14"
"401","2012-06-24","2024-10-15"
"402","2013-05-12","2023-08-04"
"403","2012-07-07","2026-03-21"
"404","2012-08-27","2015-08-07"
"405","2014-08-17","2025-08-24"
"406","2012-12-08","2023-06-15"
"407","2014-10-26","2015-05-25"
"408","2018-01-01","2023-11-27"
"409","2015-06-28","2017-08-10"
"410","2012-10-05","2025-09-30"
"411","2012-08-09","2026-02-08"
"412","2014-03-21","2026-06-13"
"413","2012-08-31","2023-07-28"
"414","2012-08-07","2019-12-09"
"415","2012-09-15","2024-08-24"
"416","2012-12-08","2016-12-05"
"417","2016-12-28","2016-12-28"
"418","2012-10-02","2020-02-03"
"419","2013-05-01","2022-01-06"
"420","2012-07-31","2023-12-04"
"421","2012-08-25","2020-03-01"
"422","2012-09-07","2024-08-17"
"423","2012-08-28","2024-06-30"
"424","2014-05-12","2024-08-19"
"425","2012-07-16","2024-08-04"
"426","2012-08-01","2017-08-22"
"427","2014-04-28","2024-07-31"
"428","2012-09-01","2020-03-14"
"429","2012-08-01","2023-03-28"
"430","2012-08-27","2013-04-01"
"431","2013-05-07","2023-09-01"
"432","2013-04-04","2024-08-18"
"433","2013-04-23","2022-10-29"
"434","2012-08-01","2014-04-27"
"435","2012-08-31","2015-08-09"
"436","2012-08-23","2015-10-11"
"437","2012-08-15","2014-05-13"
"438","2014-09-20","2022-10-29"
"439","2015-07-03","2023-07-31"
"440","2012-10-24","2025-09-20"
"441","2015-11-17","2015-12-29"
"442","2012-08-01","2020-01-21"
"443","2012-09-01","2020-12-01"
"444","2012-08-23","2026-04-20"
"445","2012-08-16","2026-02-01"
"446","2012-09-12","2026-05-17"
"447","2012-08-22","2015-12-31"
"448","2022-08-02","2024-04-16"
"449","2013-01-03","2020-03-18"
"450","2013-06-29","2026-06-12"
"451","2012-08-02","2017-07-29"
"452","2012-08-13","2020-01-31"
"453","2012-08-27","2019-08-19"
"454","2012-08-19","2012-08-19"
"455","2012-10-01","2018-08-16"
"456","2013-10-15","2018-10-28"
"457","2012-08-20","2015-09-28"
"458","",""
"459","2013-11-04","2019-07-01"
"460","2013-08-24","2025-04-06"
"461","2012-09-17","2019-10-19"
"462","2012-08-26","2016-08-14"
"463","2012-08-22","2013-03-08"
"464","2015-08-31","2020-02-29"
"465","2012-09-19","2019-07-23"
"466","2014-01-05","2016-08-21"
"467","2013-10-26","2019-10-08"
"468","2012-09-17","2026-05-14"
"469","2012-09-05","2026-03-07"
"470","2013-01-05","2015-09-25"
"471","2012-09-17","2019-11-01"
"472","2013-02-11","2022-03-28"
"473","2012-10-28","2013-12-25"
"474","",""
"475","",""
"476","2013-03-26","2026-02-16"
"477","2014-09-17","2026-05-18"
"478","2012-10-09","2018-07-09"
"479","2013-01-07","2026-02-15"
"480","2013-05-22","2019-11-16"
"481","2012-09-14","2020-02-21"
"482","2012-09-17","2016-01-28"
"483","2013-05-06","2018-12-01"
"484","2012-10-04","2018-06-24"
"485","2013-03-10","2019-08-01"
"486","2012-09-09","2018-09-29"
"487","2019-07-04","2021-05-03"
"488","2012-10-11","2018-09-14"
"489","2023-09-01","2023-09-01"
"490","2012-09-19","2023-08-20"
"491","2014-03-31","2026-04-08"
"492","2012-11-01","2026-05-18"
"493","2013-04-27","2019-11-17"
"494","2016-06-05","2025-09-30"
"495","2012-10-28","2024-09-10"
"496","2012-12-20","2022-01-03"
"497","2012-09-21","2026-06-14"
"498","2016-08-09","2016-12-31"
"499","2012-10-02","2026-06-02"
"500","2013-03-11","2016-10-02"
"501","2012-10-01","2022-04-17"
"502","2016-06-15","2025-09-17"
"503","2012-10-02","2024-04-30"
"504","2015-09-01","2023-08-13"
"505","2012-11-01","2023-09-05"
"506","2013-05-19","2025-08-09"
"507","2012-10-10","2018-07-17"
"508","2012-11-01","2023-11-06"
"509","2012-12-18","2026-05-31"
"510","2016-10-04","2024-10-08"
"511","2012-10-18","2025-10-31"
"512","",""
"513","2016-04-11","2024-05-16"
"514","2012-10-13","2012-10-26"
"515","2013-09-19","2023-01-20"
"516","2012-10-30","2026-05-11"
"517","2013-05-09","2025-09-14"
"518","2013-05-25","2025-09-15"
"519","2012-11-01","2023-08-01"
"520","2013-09-04","2023-07-23"
"521","2012-10-26","2016-05-25"
"522","2013-03-19","2016-08-26"
"523","2012-12-11","2026-01-01"
"524","2014-06-03","2026-06-09"
"525","2012-12-11","2025-09-23"
"526","2012-10-24","2023-11-06"
"527","2013-02-26","2016-04-27"
"528","2012-12-14","2018-09-16"
"529","2014-05-04","2026-05-01"
"530","2012-11-12","2026-04-01"
"531","2013-08-08","2023-05-29"
"532","2013-03-16","2020-11-08"
"533","2012-12-23","2021-11-04"
"534","2015-01-01","2018-08-14"
"535","2013-07-28","2025-09-13"
"536","2013-04-01","2026-05-21"
"537","2012-10-30","2026-03-03"
"538","2012-11-04","2015-12-13"
"539","2013-12-25","2015-10-27"
"540","2013-06-01","2013-06-01"
"541","2012-12-01","2024-09-05"
"542","2012-11-12","2023-09-23"
"543","2014-06-10","2024-12-31"
"544","2013-03-10","2025-11-17"
"545","2013-02-19","2024-08-05"
"546","2014-10-27","2014-11-03"
"547","2013-09-23","2025-05-10"
"548","2012-12-02","2026-05-01"
"549","2012-12-20","2023-09-05"
"550","2017-07-01","2017-07-01"
"551","2018-09-30","2018-09-30"
"552","2014-09-21","2018-06-28"
"553","2014-09-18","2015-09-07"
"554","2012-11-25","2025-12-07"
"555","2018-04-12","2024-06-24"
"556","2013-01-04","2026-02-16"
"557","2013-01-02","2016-04-23"
"558","2012-12-01","2026-06-11"
"559","2013-01-12","2025-11-07"
"560","2013-01-02","2014-04-28"
"561","2015-05-05","2025-08-02"
"562","2013-04-02","2024-10-30"
"563","2013-10-17","2013-10-17"
"564","2013-04-22","2016-11-13"
"565","2013-10-22","2024-08-03"
"566","2012-12-03","2017-09-05"
"567","2012-12-27","2017-08-31"
"568","2015-03-23","2018-01-04"
"569","",""
"570","2018-09-15","2019-06-28"
"571","2012-12-18","2026-06-10"
"572","2012-12-08","2017-01-02"
"573","2012-12-09","2018-07-20"
"574","2022-09-26","2023-09-10"
"575","2014-01-01","2018-09-21"
"576","2012-12-08","2017-08-19"
"577","",""
"578","2014-01-06","2016-06-27"
"579","2013-01-02","2026-06-01"
"580","2013-11-01","2013-11-01"
"581","2013-01-04","2016-08-15"
"582","2012-12-11","2025-12-23"
"583","2014-06-17","2022-01-18"
"584","2013-11-05","2019-09-26"
"585","2013-08-25","2026-05-01"
"586","2012-12-30","2025-10-20"
"587","2013-01-04","2022-07-31"
"588","2013-04-01","2023-11-05"
"589","2013-01-03","2024-10-06"
"590","2013-09-05","2026-04-15"
"591","2013-09-01","2025-07-28"
"592","2014-02-02","2023-09-11"
"593","2013-05-06","2019-01-02"
"594","2014-09-12","2014-09-12"
"595","2013-01-09","2024-10-18"
"596","2013-06-01","2019-01-12"
"597","2013-01-11","2015-01-07"
"598","2013-01-02","2026-05-31"
"599","2013-01-03","2023-08-14"
"600","2018-07-20","2026-04-30"
"601","2013-01-04","2016-10-08"
"602","2014-04-03","2023-08-27"
"603","2022-07-02","2026-05-09"
"604","2013-01-01","2019-09-02"
"605","2015-08-15","2017-06-09"
"606","2013-02-26","2022-10-02"
"607","2012-12-29","2026-05-12"
"608","2015-10-04","2025-09-05"
"609","2015-07-27","2019-04-27"
"610","2013-09-04","2024-08-03"
"611","2013-09-03","2023-06-18"
"612","2013-03-01","2023-01-29"
"613","2013-01-01","2016-10-22"
"614","2013-01-08","2020-10-25"
"615","2015-10-12","2020-01-04"
"616","2013-11-09","2013-11-09"
"617","2013-05-01","2025-06-27"
"618","2015-05-07","2015-08-02"
"619","2013-05-06","2025-11-26"
"620","2013-09-24","2026-05-10"
"621","2012-12-31","2025-03-02"
"622","2014-11-24","2026-05-17"
"623","2013-02-16","2025-09-30"
"624","2014-04-15","2021-10-25"
"625","2013-03-07","2025-06-14"
"626","2014-04-03","2026-02-03"
"627","2014-05-03","2023-08-20"
"628","2014-04-15","2025-09-11"
"629","2013-06-30","2025-12-22"
"630","2013-09-19","2026-06-02"
"631","2013-01-01","2019-05-02"
"632","2013-12-20","2021-10-15"
"633","2013-03-01","2020-01-02"
"634","2016-03-25","2019-09-14"
"635","2015-07-19","2015-07-19"
"636","2013-09-09","2018-05-02"
"637","2015-11-14","2015-12-08"
"638","2016-07-03","2025-08-18"
"639","2013-07-08","2025-10-01"
"640","2013-02-04","2026-05-03"
"641","2013-03-18","2023-11-08"
"642","2013-12-01","2026-05-19"
"643","2018-09-27","2018-10-25"
"644","2013-08-13","2020-02-27"
"645","2013-03-03","2013-03-03"
"646","2013-04-09","2026-05-05"
"647","2013-03-13","2026-06-09"
"648","",""
"649","",""
"650","2013-10-12","2026-05-31"
"651","2013-03-04","2017-07-02"
"652","2013-03-18","2015-03-30"
"653","2014-10-22","2024-11-06"
"654","2013-03-01","2025-11-15"
"655","2016-07-10","2016-08-18"
"656","2013-02-09","2024-06-16"
"657","2013-07-28","2022-09-02"
"658","2014-03-31","2023-11-07"
"659","2013-03-22","2019-10-03"
"660","2013-09-23","2023-11-07"
"661","2013-08-16","2021-12-28"
"662","2013-06-18","2025-12-04"
"663","2013-04-06","2026-06-05"
"664","",""
"665","2013-03-31","2026-04-22"
"666","2017-11-26","2021-08-23"
"667","",""
"668","2013-02-26","2026-04-01"
"669","2013-07-01","2026-06-07"
"670","2013-03-03","2026-05-26"
"671","2013-03-11","2025-09-23"
"672","2013-05-01","2026-05-27"
"673","2013-03-17","2020-02-27"
"674","2013-04-09","2026-03-06"
"675","2013-03-19","2025-10-01"
"676","2017-07-31","2020-11-15"
"677","2013-03-03","2023-12-11"
"678","2014-09-15","2016-06-27"
"679","2013-03-25","2019-09-05"
"680","2013-06-29","2026-02-02"
"681","2015-01-02","2016-01-03"
"682","2013-04-09","2016-11-11"
"683","2013-04-13","2026-05-31"
"684","",""
"685","2014-11-17","2024-12-19"
"686","2014-09-27","2019-11-29"
"687","2013-04-24","2026-01-19"
"688","2013-03-27","2026-05-26"
"689","2013-08-05","2026-04-15"
"690","2013-10-27","2025-05-15"
"691","2013-03-30","2023-12-02"
"692","2013-07-20","2016-08-20"
"693","2013-05-27","2020-01-02"
"694","2013-09-11","2014-09-24"
"695","2013-04-08","2018-06-11"
"696","2013-05-03","2025-10-21"
"697","2014-04-16","2026-04-11"
"698","2015-08-09","2025-12-20"
"699","2013-04-20","2023-11-02"
"700","",""
"701","2016-08-27","2016-08-27"
"702","2013-04-24","2019-09-03"
"703","2013-10-22","2023-09-04"
"704","2013-05-06","2026-05-08"
"705","2013-07-25","2015-08-29"
"706","2013-04-13","2019-12-28"
"707","2014-08-12","2018-08-19"
"708","2013-05-05","2026-05-31"
"709","2023-04-03","2025-10-05"
"710","2013-12-02","2019-09-08"
"711","2014-07-11","2026-06-11"
"712","2013-05-20","2025-10-22"
"713","2013-05-03","2026-05-01"
"714","2013-04-14","2025-06-10"
"715","2013-04-22","2025-12-17"
"716","2022-08-21","2024-12-22"
"717","2013-08-01","2025-10-01"
"718","2013-04-14","2026-05-25"
"719","2014-07-29","2020-03-15"
"720","2013-04-15","2015-01-04"
"721","2013-05-01","2020-01-31"
"722","2013-06-10","2025-12-12"
"723","2013-07-30","2021-07-02"
"724","2013-05-09","2020-05-29"
"725","2014-05-09","2026-04-06"
"726","",""
"727","2013-05-05","2023-10-16"
"728","2013-05-17","2026-05-24"
"729","2013-05-03","2017-10-24"
"730","2013-04-24","2022-12-20"
"731","2013-05-02","2022-09-01"
"732","2013-07-13","2025-06-19"
"733","2013-05-21","2018-12-01"
"734","2013-09-01","2020-03-13"
"735","2013-05-14","2015-04-10"
"736","2013-09-20","2026-05-31"
"737","2015-06-22","2017-12-07"
"738","2013-05-10","2020-11-15"
"739","2013-05-21","2025-10-31"
"740","2013-04-30","2026-03-07"
"741","2013-07-01","2026-05-02"
"742","2013-05-14","2020-03-09"
"743","2013-05-26","2020-07-31"
"744","2015-09-12","2015-09-12"
"745","2014-06-17","2026-03-28"
"746","2013-09-05","2023-08-24"
"747","2013-07-02","2018-01-01"
"748","2017-08-28","2023-07-03"
"749","2015-01-01","2023-09-02"
"750","2015-06-16","2026-05-24"
"751","2013-05-12","2024-11-03"
"752","2013-08-12","2026-05-09"
"753","2013-05-23","2022-05-12"
"754","2013-05-21","2014-07-01"
"755","2013-06-20","2016-01-27"
"756","2013-05-24","2013-05-24"
"757","2014-12-01","2026-04-01"
"758","",""
"759","2013-06-10","2026-03-07"
"760","2013-08-26","2015-10-03"
"761","2019-10-13","2019-10-13"
"762","2013-06-05","2023-09-30"
"763","2014-01-03","2019-10-08"
"764","2013-09-13","2019-12-23"
"765","2013-06-05","2026-04-15"
"766","2013-10-06","2026-03-26"
"767","2013-08-17","2023-07-22"
"768","2014-09-28","2014-10-12"
"769","2013-07-08","2023-09-05"
"770","2013-06-14","2026-05-31"
"771","2013-09-08","2023-01-17"
"772","2017-11-26","2022-04-23"
"773","2013-11-04","2016-09-27"
"774","2013-09-09","2020-03-07"
"775","2015-07-19","2017-06-29"
"776","2016-12-28","2025-12-08"
"777","2013-07-03","2026-05-05"
"778","2015-06-14","2015-10-08"
"779","2016-02-29","2026-05-28"
"780","2013-07-31","2019-08-30"
"781","2013-08-31","2025-07-19"
"782","2013-08-12","2026-05-11"
"783","2015-03-16","2015-03-16"
"784","2014-01-02","2015-12-19"
"785","2014-05-17","2014-05-17"
"786","2013-07-14","2026-05-26"
"787","2014-08-31","2025-02-09"
"788","2013-07-12","2019-01-02"
"789","2019-08-05","2023-07-28"
"790","",""
"791","2016-06-22","2016-09-19"
"792","2014-02-08","2026-06-10"
"793","2014-09-05","2025-07-25"
"794","2017-10-08","2023-05-28"
"795","2014-04-22","2015-10-09"
"796","2014-03-31","2024-08-21"
"797","2013-10-01","2019-12-16"
"798","2013-07-12","2016-09-04"
"799","2013-11-02","2024-08-01"
"800","2015-01-03","2022-10-15"
"801","2013-07-06","2026-05-25"
"802","2013-07-31","2022-09-29"
"803","2014-02-16","2020-01-02"
"804","2013-07-29","2026-05-31"
"805","2013-09-27","2023-09-04"
"806","2013-09-17","2026-05-27"
"807","2013-07-29","2019-11-10"
"808","2013-09-10","2017-12-03"
"809","2025-04-04","2025-09-02"
"810","2014-06-30","2024-09-12"
"811","2014-01-07","2020-01-19"
"812","2014-12-28","2026-05-17"
"813","2013-10-24","2024-11-15"
"814","2013-09-13","2020-03-07"
"815","2022-08-07","2025-06-14"
"816","2014-05-17","2025-08-31"
"817","2013-08-16","2023-09-04"
"818","2013-10-12","2025-10-18"
"819","2015-08-31","2016-08-22"
"820","2014-09-27","2019-04-27"
"821","2013-08-17","2023-01-04"
"822","2013-09-19","2024-05-14"
"823","2021-05-31","2021-09-30"
"824","2019-11-16","2019-12-31"
"825","2017-12-28","2018-12-31"
"826","2013-08-15","2017-12-20"
"827","2015-09-29","2016-10-09"
"828","2014-01-13","2026-06-06"
"829","2015-11-08","2016-05-31"
"830","2013-09-23","2015-10-04"
"831","2015-09-12","2026-01-31"
"832","2013-08-06","2026-05-18"
"833","",""
"834","2016-07-15","2024-06-17"
"835","2016-05-04","2016-05-04"
"836","2013-10-26","2024-11-23"
"837","2013-09-06","2022-05-11"
"838","2013-08-12","2026-05-11"
"839","2013-09-16","2023-10-14"
"840","2013-08-18","2022-08-29"
"841","2016-05-31","2024-11-15"
"842","2016-09-27","2018-01-02"
"843","2018-09-04","2018-11-07"
"844","2013-09-13","2025-12-08"
"845","2013-09-16","2013-09-16"
"846","2014-07-22","2018-10-22"
"847","2013-09-14","2014-09-20"
"848","2013-09-24","2025-01-06"
"849","2013-08-18","2026-06-14"
"850","2015-01-03","2023-11-01"
"851","2013-11-15","2026-05-10"
"852","2014-05-12","2025-08-17"
"853","2013-09-19","2026-03-29"
"854","2013-09-22","2020-02-18"
"855","2013-09-28","2014-10-13"
"856","2013-09-11","2016-10-12"
"857","2013-10-24","2018-07-08"
"858","2018-07-29","2023-11-02"
"859","2014-02-18","2026-06-03"
"860","2013-09-05","2024-11-25"
"861","2014-09-29","2019-05-25"
"862","2013-09-14","2023-11-04"
"863","2013-10-26","2016-09-19"
"864","2013-12-09","2019-05-27"
"865","2013-09-06","2023-11-27"
"866","2013-09-06","2023-09-03"
"867","2019-05-18","2019-11-09"
"868","2015-09-30","2015-09-30"
"869","2013-10-21","2025-12-14"
"870","2014-09-17","2019-09-18"
"871","2015-04-07","2026-03-27"
"872","2013-09-23","2026-05-28"
"873","2013-09-17","2026-06-13"
"874","2014-08-10","2014-08-10"
"875","2013-10-18","2022-10-08"
"876","2013-10-15","2016-10-01"
"877","2013-09-26","2023-10-25"
"878","2015-01-05","2026-04-06"
"879","2013-09-27","2026-02-22"
"880","2014-05-21","2026-06-06"
"881","2013-11-06","2024-01-09"
"882","2013-09-24","2024-11-11"
"883","2013-09-27","2023-11-27"
"884","2013-10-18","2019-09-29"
"885","2015-08-02","2025-06-30"
"886","2014-05-13","2023-08-14"
"887","2013-10-01","2022-05-30"
"888","2017-08-25","2019-12-08"
"889","2013-10-21","2020-03-21"
"890","",""
"891","2013-10-06","2020-03-21"
"892","2016-06-18","2026-06-04"
"893","2013-10-09","2023-12-01"
"894","2014-05-31","2014-05-31"
"895","2014-04-19","2016-04-11"
"896","2014-05-23","2024-11-28"
"897","",""
"898","2014-01-05","2022-08-10"
"899","2016-05-26","2023-10-15"
"900","2015-11-06","2015-11-06"
"901","2013-10-05","2021-11-14"
"902","2014-09-07","2017-07-03"
"903","2014-01-07","2023-07-16"
"904","2013-11-09","2025-06-30"
"905","2013-10-20","2017-12-17"
"906","2014-03-12","2022-05-18"
"907","2014-05-05","2020-11-15"
"908","2014-12-02","2016-01-15"
"909","2015-10-11","2024-12-31"
"910","2023-04-02","2023-10-24"
"911","2016-08-04","2020-06-27"
"912","2013-10-16","2018-01-01"
"913","2013-10-16","2026-04-30"
"914","2014-05-21","2020-03-05"
"915","2017-06-09","2017-06-24"
"916","2013-12-11","2018-11-01"
"917","2013-11-13","2026-06-03"
"918","2016-02-21","2025-07-27"
"919","2013-10-22","2019-09-26"
"920","2014-04-14","2020-02-22"
"921","2013-11-18","2016-09-01"
"922","2014-05-23","2021-12-27"
"923","2013-12-13","2026-03-31"
"924","2014-07-19","2022-06-30"
"925","2014-01-02","2015-12-01"
"926","2013-11-01","2024-05-23"
"927","2013-10-28","2021-03-18"
"928","2014-01-07","2015-08-07"
"929","2016-01-03","2016-01-03"
"930","2013-10-21","2020-07-13"
"931","2015-11-29","2016-07-29"
"932","2013-12-01","2016-01-02"
"933","2014-04-22","2019-08-10"
"934","2014-01-03","2023-08-31"
"935","2014-05-10","2023-10-12"
"936","",""
"937","2014-01-13","2023-09-18"
"938","2013-12-09","2019-12-22"
"939","2014-01-06","2025-04-11"
"940","2013-12-02","2016-09-07"
"941","2013-11-27","2023-01-02"
"942","2014-05-26","2020-03-18"
"943","2013-12-27","2022-01-02"
"944","2014-05-13","2024-10-18"
"945","2013-11-14","2022-10-23"
"946","",""
"947","2013-12-07","2023-10-07"
"948","2013-11-12","2025-11-15"
"949","",""
"950","",""
"951","2016-01-30","2017-06-06"
"952","2015-06-09","2017-10-24"
"953","2014-01-01","2025-02-15"
"954","2014-09-23","2025-11-02"
"955","2019-08-26","2025-10-06"
"956","2014-01-07","2018-05-19"
"957","2016-12-09","2020-01-03"
"958","2013-12-30","2016-05-25"
"959","2014-01-07","2019-12-30"
"960","2013-11-26","2023-11-12"
"961","2013-12-14","2026-05-30"
"962","2014-01-03","2025-11-30"
"963","2013-12-01","2016-10-04"
"964","2013-12-01","2023-01-09"
"965","2014-01-06","2014-06-21"
"966","2014-04-20","2018-07-31"
"967","2015-09-22","2016-06-26"
"968","2014-01-08","2014-11-01"
"969","2017-12-08","2024-01-04"
"970","2016-08-16","2016-08-16"
"971","2017-08-16","2025-12-22"
"972","2014-01-21","2026-05-03"
"973","2014-01-04","2018-07-16"
"974","2013-12-18","2025-06-22"
"975","2013-11-21","2026-01-06"
"976","",""
"977","2017-04-07","2023-06-02"
"978","2017-10-07","2024-11-09"
"979","2014-01-03","2026-05-26"
"980","2014-06-29","2025-08-02"
"981","2013-12-30","2019-01-20"
"982","2014-01-03","2020-01-01"
"983","2014-01-06","2017-12-30"
"984","2014-01-11","2018-09-26"
"985","2014-01-03","2019-09-02"
"986","2014-08-11","2014-10-26"
"987","",""
"988","2015-09-06","2016-01-02"
"989","2014-08-28","2022-05-25"
"990","2014-05-05","2020-01-01"
"991","2014-05-20","2021-11-17"
"992","2014-11-30","2017-12-02"
"993","2018-09-03","2019-11-04"
"994","2015-04-10","2015-08-20"
"995","2013-12-01","2026-05-27"
"996","2014-01-06","2023-11-13"
"997","2014-03-25","2015-09-27"
"998","2014-10-26","2015-05-08"
"999","2014-01-13","2025-04-11"
"1000","2014-01-02","2016-01-01"
"1001","2013-12-06","2023-09-04"
"1002","2014-12-27","2016-03-25"
"1003","",""
"1004","2013-12-12","2023-12-04"
"1005","2014-01-05","2014-08-01"
"1006","2014-04-04","2026-04-30"
"1007","2014-04-16","2022-10-25"
"1008","",""
"1009","2014-01-02","2021-07-27"
"1010","2014-01-02","2016-10-15"
"1011","2013-12-29","2016-04-09"
"1012","2016-09-22","2024-11-25"
"1013","2014-04-27","2022-05-22"
"1014","2014-04-04","2023-06-24"
"1015","2014-01-02","2016-06-07"
"1016","2014-04-13","2026-01-04"
"1017","2014-04-15","2016-09-06"
"1018","2013-12-21","2015-05-27"
"1019","2014-03-31","2020-03-11"
"1020","2014-07-16","2024-07-31"
"1021","2017-08-12","2017-08-12"
"1022","",""
"1023","",""
"1024","2014-09-07","2014-09-07"
"1025","2015-06-24","2020-02-22"
"1026","2014-02-03","2024-07-01"
"1027","2014-01-03","2019-01-02"
"1028","2014-01-05","2018-01-02"
"1029","2014-01-03","2019-01-01"
"1030","2015-07-22","2016-04-22"
"1031","",""
"1032","2014-01-02","2016-01-05"
"1033","2014-08-19","2014-08-19"
"1034","2014-03-04","2025-08-11"
"1035","2014-01-07","2016-12-30"
"1036","2023-08-30","2024-01-02"
"1037","2014-06-08","2017-02-20"
"1038","2014-01-13","2016-09-11"
"1039","2014-01-13","2025-08-30"
"1040","2015-05-26","2017-09-20"
"1041","2014-05-18","2025-12-29"
"1042","",""
"1043","2014-01-01","2017-08-30"
"1044","",""
"1045","2013-12-23","2015-12-14"
"1046","2022-09-03","2026-05-01"
"1047","2014-03-31","2026-02-14"
"1048","2015-11-16","2026-01-17"
"1049","2014-01-02","2017-01-02"
"1050","2014-01-02","2016-08-28"
"1051","2014-01-02","2018-08-27"
"1052","2014-05-14","2015-05-19"
"1053","",""
"1054","2014-02-06","2015-04-21"
"1055","2014-09-07","2019-10-19"
"1056","2014-01-07","2018-07-03"
"1057","2016-06-13","2023-11-04"
"1058","2025-03-01","2025-03-01"
"1059","2014-01-25","2014-07-13"
"1060","2014-01-03","2016-11-05"
"1061","2014-02-08","2014-06-14"
"1062","2014-05-02","2018-06-27"
"1063","2014-04-17","2015-12-06"
"1064","2014-04-16","2026-03-29"
"1065","2014-08-26","2018-08-24"
"1066","2015-06-28","2016-05-15"
"1067","2014-06-09","2023-08-21"
"1068","2014-06-07","2026-03-31"
"1069","2014-05-11","2026-06-07"
"1070","2014-01-27","2026-01-04"
"1071","2014-03-02","2025-09-06"
"1072","2014-06-03","2022-07-25"
"1073","2015-12-01","2017-12-06"
"1074","2014-09-02","2019-05-08"
"1075","2014-08-28","2019-01-02"
"1076","2014-05-16","2023-12-04"
"1077","2014-04-16","2026-05-31"
"1078","2014-05-05","2023-09-17"
"1079","2016-11-21","2017-01-05"
"1080","2016-02-01","2019-07-21"
"1081","2014-04-23","2018-05-21"
"1082","2015-01-07","2022-03-01"
"1083","2016-06-25","2025-08-09"
"1084","2014-12-11","2018-07-01"
"1085","2016-01-05","2021-08-28"
"1086","2017-09-03","2017-09-03"
"1087","2014-02-12","2019-12-01"
"1088","2014-09-01","2015-06-22"
"1089","",""
"1090","2014-03-01","2018-01-02"
"1091","2016-02-16","2023-11-20"
"1092","2014-02-17","2024-06-01"
"1093","2015-10-13","2019-10-17"
"1094","2016-02-24","2016-02-24"
"1095","2014-04-21","2016-12-30"
"1096","2018-11-22","2026-05-10"
"1097","2015-04-23","2026-03-03"
"1098","2014-06-27","2016-01-05"
"1099","",""
"1100","2015-04-20","2015-09-25"
"1101","2017-06-06","2023-09-04"
"1102","2014-08-24","2014-08-24"
"1103","2014-03-09","2026-05-28"
"1104","2014-02-17","2016-11-27"
"1105","2015-05-25","2015-06-21"
"1106","2018-09-04","2023-12-03"
"1107","2025-02-10","2026-06-11"
"1108","2016-01-05","2020-01-06"
"1109","2015-04-13","2023-08-29"
"1110","2015-05-04","2016-09-25"
"1111","2015-04-15","2026-05-31"
"1112","2014-03-31","2023-08-21"
"1113","2014-04-08","2016-06-02"
"1114","2014-03-05","2015-02-22"
"1115","2014-02-09","2026-03-16"
"1116","2014-09-10","2019-11-10"
"1117","2016-06-22","2018-09-02"
"1118","2014-08-21","2025-06-07"
"1119","2014-03-16","2018-01-16"
"1120","2014-03-04","2014-06-18"
"1121","2014-04-09","2020-02-29"
"1122","2015-08-16","2017-10-22"
"1123","2014-02-22","2022-05-29"
"1124","2014-10-14","2017-02-19"
"1125","2017-10-14","2026-05-23"
"1126","2014-04-07","2026-06-08"
"1127","",""
"1128","2014-08-28","2026-05-15"
"1129","2014-10-01","2021-01-31"
"1130","2014-05-25","2022-09-23"
"1131","2016-05-05","2017-06-26"
"1132","2016-01-05","2016-01-05"
"1133","2014-07-07","2018-06-24"
"1134","2014-08-10","2023-07-30"
"1135","2017-08-16","2026-04-02"
"1136","2015-12-16","2026-03-05"
"1137","2014-08-25","2022-08-14"
"1138","2014-03-22","2017-06-22"
"1139","2014-03-29","2026-05-29"
"1140","2014-10-11","2016-10-02"
"1141","2014-05-15","2026-05-26"
"1142","2022-05-25","2022-11-11"
"1143","2014-06-30","2025-12-02"
"1144","2016-11-10","2025-08-31"
"1145","",""
"1146","2014-06-28","2023-04-30"
"1147","2014-04-15","2026-05-21"
"1148","2014-04-11","2019-01-07"
"1149","2014-04-22","2024-05-31"
"1150","2014-03-17","2026-06-07"
"1151","2014-04-15","2019-07-24"
"1152","2014-05-05","2015-12-29"
"1153","2014-10-03","2015-07-13"
"1154","2015-08-03","2022-12-10"
"1155","2014-04-07","2019-09-30"
"1156","2014-05-24","2025-11-15"
"1157","2016-07-31","2016-07-31"
"1158","2014-07-31","2020-01-01"
"1159","2015-12-06","2015-12-06"
"1160","2014-12-12","2018-06-24"
"1161","2014-03-23","2016-03-11"
"1162","2014-03-30","2026-05-06"
"1163","2014-04-14","2020-01-04"
"1164","2014-04-14","2015-01-02"
"1165","2014-05-17","2026-05-31"
"1166","2014-05-26","2016-07-16"
"1167","2018-05-03","2018-05-03"
"1168","2014-05-26","2019-01-01"
"1169","2014-09-14","2019-10-23"
"1170","2014-05-27","2014-10-31"
"1171","2026-05-25","2026-05-25"
"1172","2021-12-28","2023-07-31"
"1173","2014-05-18","2020-10-01"
"1174","2014-07-08","2022-03-01"
"1175","2014-08-12","2018-01-01"
"1176","2014-04-26","2017-01-05"
"1177","2016-12-30","2025-12-22"
"1178","",""
"1179","2018-09-30","2025-08-20"
"1180","2015-02-02","2025-07-31"
"1181","2015-02-28","2025-11-03"
"1182","2016-03-16","2022-08-31"
"1183","2021-06-30","2022-07-31"
"1184","2014-04-20","2017-04-16"
"1185","2014-11-14","2026-04-30"
"1186","2014-10-07","2016-05-30"
"1187","2016-08-13","2025-12-23"
"1188","2018-11-16","2020-03-16"
"1189","2014-05-20","2016-12-31"
"1190","2014-09-21","2026-01-10"
"1191","2014-05-27","2023-11-30"
"1192","2015-03-22","2016-04-30"
"1193","2015-04-06","2019-06-01"
"1194","2015-11-09","2015-12-13"
"1195","2016-05-01","2025-12-31"
"1196","2014-04-14","2016-08-13"
"1197","2014-07-28","2020-08-11"
"1198","2014-07-09","2023-07-29"
"1199","2015-08-27","2020-02-24"
"1200","2014-05-06","2019-12-31"
"1201","2014-08-08","2023-12-07"
"1202","2014-04-21","2023-07-19"
"1203","2014-08-07","2014-08-07"
"1204","2014-04-20","2026-05-18"
"1205","2015-01-04","2015-10-12"
"1206","2015-10-02","2018-09-04"
"1207","2014-05-04","2026-03-02"
"1208","2014-05-22","2024-08-15"
"1209","2014-04-18","2022-10-15"
"1210","2018-09-10","2026-05-15"
"1211","2014-05-05","2014-05-05"
"1212","",""
"1213","",""
"1214","2014-04-15","2018-08-08"
"1215","2015-07-15","2016-08-28"
"1216","2015-10-18","2016-05-09"
"1217","2014-05-09","2019-11-19"
"1218","2014-10-26","2016-09-11"
"1219","2014-04-29","2023-09-01"
"1220","2014-07-15","2018-08-10"
"1221","2016-08-31","2025-08-31"
"1222","2014-08-16","2014-08-16"
"1223","2015-12-23","2019-10-01"
"1224","2014-05-10","2025-11-18"
"1225","2015-05-19","2015-05-19"
"1226","",""
"1227","2014-04-22","2024-10-27"
"1228","2014-10-18","2025-08-16"
"1229","2014-05-02","2015-11-15"
"1230","2014-05-19","2016-09-16"
"1231","2014-05-22","2019-07-30"
"1232","2015-01-03","2016-09-18"
"1233","2014-05-19","2025-09-30"
"1234","2021-08-15","2025-04-14"
"1235","",""
"1236","2015-01-28","2025-08-16"
"1237","2014-06-01","2014-12-18"
"1238","2014-08-17","2026-05-02"
"1239","2014-06-02","2025-09-29"
"1240","2016-11-30","2025-09-16"
"1241","2014-05-13","2015-12-25"
"1242","2016-04-01","2025-04-14"
"1243","2014-06-10","2023-11-17"
"1244","2015-07-26","2015-08-07"
"1245","2014-05-19","2016-10-02"
"1246","2014-05-17","2020-03-02"
"1247","2014-05-17","2015-07-28"
"1248","2014-05-18","2015-10-16"
"1249","2015-03-14","2025-10-31"
"1250","2015-04-06","2016-08-07"
"1251","2014-07-10","2019-11-18"
"1252","2014-05-21","2017-10-22"
"1253","2014-06-16","2022-06-03"
"1254","2014-05-26","2026-04-01"
"1255","2017-05-05","2020-01-01"
"1256","2014-09-20","2016-03-20"
"1257","2014-06-23","2019-10-15"
"1258","2014-08-18","2019-06-15"
"1259","2014-05-19","2026-05-16"
"1260","2014-05-11","2026-03-01"
"1261","2017-01-03","2018-01-03"
"1262","2014-09-13","2017-04-23"
"1263","2015-04-16","2015-06-18"
"1264","2015-07-22","2015-09-07"
"1265","2017-02-04","2026-05-31"
"1266","2014-07-03","2026-05-21"
"1267","2015-04-05","2025-12-07"
"1268","2014-05-11","2026-06-10"
"1269","2014-06-14","2023-08-03"
"1270","2014-05-20","2014-05-27"
"1271","2014-08-31","2023-08-07"
"1272","2014-07-08","2026-03-04"
"1273","",""
"1274","2014-05-27","2016-06-03"
"1275","2015-06-17","2018-01-02"
"1276","2015-06-30","2015-06-30"
"1277","2014-07-01","2022-09-21"
"1278","2014-10-13","2019-08-11"
"1279","2018-11-14","2019-07-14"
"1280","2014-08-10","2026-01-05"
"1281","2015-05-31","2025-06-16"
"1282","2014-06-26","2015-05-20"
"1283","2015-09-17","2015-12-01"
"1284","2015-04-10","2026-04-21"
"1285","2014-07-07","2025-12-10"
"1286","2014-08-18","2014-12-22"
"1287","2016-07-23","2018-08-25"
"1288","2016-03-13","2020-02-04"
"1289","2014-07-27","2023-09-08"
"1290","2015-01-04","2016-01-03"
"1291","",""
"1292","2014-09-12","2015-10-17"
"1293","2014-06-01","2026-03-01"
"1294","2014-10-17","2016-12-31"
"1295","2019-05-19","2019-05-19"
"1296","2014-06-23","2015-06-19"
"1297","2014-09-29","2015-08-03"
"1298","2014-07-10","2026-06-01"
"1299","",""
"1300","2016-04-19","2020-02-28"
"1301","2014-08-11","2017-11-11"
"1302","2014-08-10","2025-09-14"
"1303","2014-06-02","2023-08-22"
"1304","",""
"1305","2014-07-26","2026-03-01"
"1306","2014-08-31","2024-08-03"
"1307","2014-11-30","2016-09-22"
"1308","2016-01-03","2016-01-03"
"1309","2015-04-26","2025-03-31"
"1310","2015-03-29","2022-10-03"
"1311","2014-08-22","2023-12-13"
"1312","2014-06-29","2025-06-30"
"1313","2014-09-20","2015-07-03"
"1314","2014-07-30","2016-04-16"
"1315","2014-09-22","2023-07-21"
"1316","2014-08-07","2016-01-05"
"1317","2015-09-18","2017-10-15"
"1318","2014-08-16","2019-09-01"
"1319","2014-07-20","2025-08-15"
"1320","",""
"1321","2014-06-24","2019-10-01"
"1322","",""
"1323","2014-06-27","2026-05-01"
"1324","2014-06-12","2016-01-02"
"1325","2016-12-29","2026-06-06"
"1326","2014-07-22","2018-09-16"
"1327","2014-12-23","2016-07-06"
"1328","2014-07-22","2015-10-09"
"1329","2014-07-02","2023-09-05"
"1330","2014-08-26","2015-12-01"
"1331","2014-07-04","2019-06-30"
"1332","2014-07-29","2025-08-22"
"1333","2014-07-31","2025-08-31"
"1334","2014-08-06","2017-11-06"
"1335","2015-09-14","2018-07-29"
"1336","2016-06-06","2017-09-06"
"1337","2014-09-16","2026-05-28"
"1338","2014-06-18","2015-06-08"
"1339","2014-08-23","2023-11-05"
"1340","2014-08-04","2023-08-31"
"1341","2014-11-06","2024-10-08"
"1342","",""
"1343","2014-07-11","2023-08-19"
"1344","2014-07-07","2018-08-31"
"1345","2014-08-07","2016-01-03"
"1346","2014-12-25","2015-05-02"
"1347","2016-05-15","2016-05-15"
"1348","",""
"1349","2015-09-25","2024-08-12"
"1350","2015-02-01","2026-03-25"
"1351","2014-10-12","2025-05-31"
"1352","2014-06-28","2017-03-04"
"1353","2015-08-14","2015-09-27"
"1354","2014-07-19","2022-03-14"
"1355","2014-08-10","2019-10-20"
"1356","2014-07-28","2023-09-02"
"1357","2014-11-30","2017-08-10"
"1358","2014-08-21","2016-04-17"
"1359","2014-06-23","2026-06-01"
"1360","2014-11-26","2015-01-30"
"1361","2022-01-02","2022-11-13"
"1362","2014-08-14","2019-12-31"
"1363","2014-06-30","2025-09-13"
"1364","2015-05-15","2016-01-02"
"1365","2017-07-03","2017-07-03"
"1366","",""
"1367","2014-12-23","2025-10-05"
"1368","2014-09-16","2015-09-15"
"1369","2014-09-14","2014-11-13"
"1370","2016-09-22","2016-09-22"
"1371","2014-07-23","2025-06-17"
"1372","2016-02-01","2017-06-13"
"1373","2014-07-08","2024-10-31"
"1374","2014-07-25","2019-05-05"
"1375","2014-10-07","2016-09-05"
"1376","2015-03-23","2023-10-29"
"1377","",""
"1378","2014-08-09","2018-01-05"
"1379","2014-07-22","2019-07-16"
"1380","2024-03-03","2026-02-01"
"1381","2014-07-26","2016-09-09"
"1382","2015-01-05","2023-09-05"
"1383","",""
"1384","2014-08-24","2025-12-22"
"1385","2015-09-28","2016-11-27"
"1386","",""
"1387","2014-07-29","2015-10-04"
"1388","2014-07-07","2026-05-16"
"1389","2015-09-28","2019-12-06"
"1390","2014-12-30","2014-12-30"
"1391","2021-06-23","2026-05-09"
"1392","2015-01-06","2015-09-08"
"1393","",""
"1394","2014-11-01","2019-06-12"
"1395","2014-07-22","2026-06-01"
"1396","2014-09-13","2014-09-22"
"1397","2014-08-11","2026-05-02"
"1398","2014-08-31","2016-03-19"
"1399","2014-08-10","2016-09-02"
"1400","2015-01-01","2017-10-09"
"1401","2014-10-31","2017-07-31"
"1402","2014-09-02","2026-06-14"
"1403","2014-09-07","2020-10-18"
"1404","2025-06-17","2026-03-31"
"1405","2014-08-09","2014-08-26"
"1406","2014-08-04","2017-05-21"
"1407","2015-05-08","2025-12-01"
"1408","2014-08-05","2025-12-28"
"1409","2014-08-18","2016-01-17"
"1410","",""
"1411","2025-01-21","2026-05-25"
"1412","2014-10-27","2022-11-15"
"1413","2015-10-13","2017-01-07"
"1414","2014-08-04","2023-03-29"
"1415","2014-08-03","2019-02-03"
"1416","2014-08-07","2015-05-21"
"1417","2014-07-22","2015-12-31"
"1418","2014-07-27","2019-05-27"
"1419","2022-03-13","2026-05-23"
"1420","2014-08-31","2025-08-15"
"1421","2014-09-15","2025-07-01"
"1422","2015-08-12","2026-06-05"
"1423","",""
"1424","2014-08-18","2020-03-08"
"1425","2016-09-23","2016-09-23"
"1426","2014-08-05","2023-09-28"
"1427","2014-09-06","2019-12-27"
"1428","2015-01-01","2016-07-29"
"1429","2014-09-08","2018-12-22"
"1430","2014-09-02","2026-05-21"
"1431","2014-08-03","2018-05-16"
"1432","2016-05-15","2019-01-01"
"1433","2015-07-26","2015-07-26"
"1434","2015-08-16","2015-08-25"
"1435","2014-09-13","2015-09-27"
"1436","2014-08-20","2020-05-03"
"1437","2015-05-10","2017-07-31"
"1438","2016-12-06","2018-04-29"
"1439","2014-09-17","2026-05-04"
"1440","2014-08-30","2023-05-25"
"1441","2014-08-03","2016-04-29"
"1442","2014-09-26","2026-05-26"
"1443","2016-08-08","2025-06-01"
"1444","2017-10-08","2026-06-02"
"1445","2015-01-02","2018-08-19"
"1446","2014-12-18","2025-05-21"
"1447","2014-10-13","2019-08-18"
"1448","2014-08-21","2016-10-03"
"1449","2014-10-25","2017-03-13"
"1450","2014-07-26","2023-06-25"
"1451","2014-07-26","2023-09-03"
"1452","2014-09-01","2025-12-06"
"1453","2016-03-30","2016-11-13"
"1454","2015-01-02","2018-03-15"
"1455","2017-09-20","2018-09-15"
"1456","2014-09-21","2026-02-16"
"1457","2015-08-02","2024-10-31"
"1458","2015-05-16","2026-04-04"
"1459","2014-08-29","2020-02-16"
"1460","2014-10-26","2026-01-31"
"1461","2014-08-07","2022-11-26"
"1462","2014-09-08","2020-01-02"
"1463","2014-08-08","2023-08-03"
"1464","2015-05-18","2025-09-02"
"1465","2014-08-11","2014-08-21"
"1466","2015-07-01","2020-01-05"
"1467","2014-09-16","2017-01-04"
"1468","2015-02-28","2025-10-14"
"1469","2015-06-28","2020-08-30"
"1470","2015-08-26","2022-07-28"
"1471","2014-09-02","2025-11-13"
"1472","2014-08-18","2021-08-22"
"1473","2014-08-31","2016-01-01"
"1474","2014-09-05","2021-02-07"
"1475","2015-10-25","2020-09-01"
"1476","2014-08-23","2016-09-07"
"1477","2014-08-10","2018-08-25"
"1478","2014-10-03","2026-06-07"
"1479","2014-08-10","2025-06-01"
"1480","2016-05-11","2016-09-06"
"1481","2014-09-06","2014-10-22"
"1482","2016-06-02","2019-01-04"
"1483","2014-08-26","2016-07-11"
"1484","2015-04-01","2025-12-20"
"1485","",""
"1486","",""
"1487","2014-08-26","2020-03-10"
"1488","2015-11-22","2026-05-16"
"1489","2014-08-21","2015-08-07"
"1490","2015-09-07","2016-01-16"
"1491","2022-10-01","2026-04-21"
"1492","2014-08-11","2019-12-08"
"1493","2015-09-07","2018-01-02"
"1494","2014-10-19","2020-03-22"
"1495","2014-09-30","2020-02-17"
"1496","2015-05-25","2026-03-31"
"1497","2016-09-15","2025-09-03"
"1498","2014-08-03","2026-05-31"
"1499","2016-05-01","2021-08-23"
"1500","2014-09-07","2021-10-30"
"1501","2017-05-08","2017-09-19"
"1502","2014-08-28","2023-12-08"
"1503","2015-05-09","2026-04-29"
"1504","2014-12-14","2024-12-10"
"1505","2014-11-23","2024-10-05"
"1506","2014-11-01","2021-12-16"
"1507","2015-07-21","2022-08-31"
"1508","2015-04-11","2019-01-07"
"1509","2015-06-04","2015-06-26"
"1510","2014-09-02","2016-01-02"
"1511","2014-10-12","2016-09-05"
"1512","2014-09-05","2026-05-16"
"1513","2014-09-07","2016-06-19"
"1514","2014-08-27","2025-07-28"
"1515","2014-10-01","2025-04-04"
"1516","2014-10-30","2021-01-01"
"1517","2016-01-09","2016-01-09"
"1518","2014-11-09","2015-06-19"
"1519","2023-03-26","2025-06-28"
"1520","2014-08-31","2026-06-09"
"1521","2014-10-14","2026-05-30"
"1522","2014-08-21","2025-08-31"
"1523","2014-08-22","2026-05-20"
"1524","2015-09-07","2026-04-08"
"1525","2015-08-10","2016-10-31"
"1526","2014-10-01","2023-09-17"
"1527","2015-06-22","2015-09-16"
"1528","2014-12-01","2025-08-29"
"1529","2014-10-18","2019-12-15"
"1530","2014-09-01","2017-07-06"
"1531","2014-09-18","2018-12-31"
"1532","2014-09-30","2018-10-29"
"1533","2014-09-28","2020-08-19"
"1534","2014-09-01","2021-11-03"
"1535","2018-03-03","2026-04-15"
"1536","2014-10-17","2014-12-27"
"1537","2014-09-01","2015-09-13"
"1538","2014-09-02","2015-10-12"
"1539","2017-05-26","2026-01-09"
"1540","2014-09-02","2016-04-29"
"1541","2014-08-28","2017-07-28"
"1542","2014-09-01","2014-12-08"
"1543","2014-12-11","2024-07-28"
"1544","2016-12-25","2026-05-08"
"1545","2014-12-30","2016-12-22"
"1546","2014-09-15","2015-10-24"
"1547","2014-12-15","2015-07-11"
"1548","2014-12-21","2024-11-09"
"1549","2015-05-24","2016-08-14"
"1550","2014-09-28","2021-01-31"
"1551","2015-07-19","2020-02-18"
"1552","2014-10-27","2020-02-20"
"1553","2015-07-16","2021-02-08"
"1554","2015-07-29","2023-09-05"
"1555","2014-09-22","2024-08-13"
"1556","",""
"1557","",""
"1558","2014-12-15","2015-04-07"
"1559","2014-09-14","2015-12-03"
"1560","2014-10-25","2024-10-28"
"1561","2014-09-20","2026-06-01"
"1562","2014-10-01","2020-04-15"
"1563","2014-10-10","2026-05-30"
"1564","2014-11-29","2015-12-01"
"1565","2021-08-16","2023-07-31"
"1566","2014-10-02","2014-10-22"
"1567","2019-06-19","2023-06-25"
"1568","2016-03-20","2016-04-23"
"1569","2014-09-16","2026-06-07"
"1570","2014-09-22","2026-05-01"
"1571","2018-09-03","2023-07-24"
"1572","2014-12-09","2026-06-03"
"1573","2014-09-05","2025-11-17"
"1574","2014-09-13","2024-10-26"
"1575","2015-02-16","2023-04-05"
"1576","2014-09-28","2024-01-22"
"1577","2014-10-12","2023-11-21"
"1578","2014-10-07","2016-04-05"
"1579","2014-09-13","2019-09-15"
"1580","2015-08-20","2019-12-08"
"1581","2014-09-16","2016-01-03"
"1582","2016-08-09","2017-05-26"
"1583","2014-10-12","2016-04-02"
"1584","2017-05-25","2017-07-30"
"1585","2014-09-22","2019-10-13"
"1586","",""
"1587","2014-10-13","2018-12-30"
"1588","2014-09-21","2016-11-29"
"1589","2015-01-05","2016-09-29"
"1590","2015-06-07","2015-06-07"
"1591","2014-11-11","2015-11-10"
"1592","2015-03-13","2026-04-14"
"1593","2014-10-12","2025-09-13"
"1594","2015-04-01","2017-10-31"
"1595","2015-09-07","2024-09-09"
"1596","2014-11-06","2018-06-03"
"1597","2014-09-29","2017-10-23"
"1598","2014-09-25","2025-12-14"
"1599","2014-10-24","2019-07-01"
"1600","2016-01-02","2017-12-30"
"1601","2014-10-05","2014-10-12"
"1602","2015-05-06","2019-07-06"
"1603","2015-05-24","2015-05-24"
"1604","2014-09-20","2023-09-04"
"1605","2014-09-30","2016-09-11"
"1606","2015-05-30","2015-06-07"
"1607","2015-04-29","2026-05-29"
"1608","2015-08-24","2016-08-17"
"1609","2014-10-25","2024-06-24"
"1610","2015-07-27","2016-11-01"
"1611","2014-09-21","2023-10-20"
"1612","2018-01-02","2022-05-13"
"1613","2014-10-13","2014-10-18"
"1614","2014-09-22","2019-05-09"
"1615","2014-09-27","2026-06-09"
"1616","2016-04-02","2026-06-04"
"1617","2014-10-13","2015-07-10"
"1618","2014-11-11","2025-10-21"
"1619","2014-10-03","2026-05-31"
"1620","2014-09-29","2017-09-22"
"1621","2014-09-30","2026-04-03"
"1622","2017-08-01","2021-12-05"
"1623","2015-01-05","2023-06-30"
"1624","2014-10-11","2016-07-02"
"1625","2015-06-01","2025-05-20"
"1626","2014-10-08","2025-03-01"
"1627","2014-10-07","2020-02-17"
"1628","2016-11-01","2024-08-20"
"1629","2014-10-29","2026-01-17"
"1630","2016-09-24","2025-10-21"
"1631","2014-10-27","2014-10-27"
"1632","",""
"1633","",""
"1634","2014-10-09","2016-07-31"
"1635","2014-11-01","2015-05-03"
"1636","2014-11-30","2015-01-01"
"1637","2014-12-25","2016-10-31"
"1638","2014-12-15","2015-01-04"
"1639","",""
"1640","2014-10-13","2025-09-06"
"1641","2014-12-21","2018-08-13"
"1642","2014-11-19","2020-06-28"
"1643","2014-10-19","2025-07-20"
"1644","2014-10-14","2023-10-16"
"1645","2015-09-27","2015-11-27"
"1646","2016-02-08","2025-11-20"
"1647","2015-10-03","2019-10-07"
"1648","2015-02-09","2023-12-02"
"1649","2014-10-17","2015-01-03"
"1650","2014-11-05","2023-07-30"
"1651","2015-07-02","2024-10-07"
"1652","2016-08-23","2025-12-29"
"1653","2015-06-15","2023-11-02"
"1654","2016-08-24","2026-04-08"
"1655","2014-10-29","2026-06-12"
"1656","2014-12-24","2016-08-16"
"1657","2015-10-24","2023-10-02"
"1658","2015-03-14","2016-11-28"
"1659","2014-10-24","2017-04-09"
"1660","2015-04-18","2022-06-29"
"1661","2014-10-18","2016-07-31"
"1662","2015-05-03","2025-12-13"
"1663","2014-12-26","2024-05-27"
"1664","2015-01-03","2023-07-16"
"1665","2019-03-12","2023-07-31"
"1666","2014-10-17","2026-04-05"
"1667","2014-11-09","2026-06-07"
"1668","2014-11-13","2026-05-01"
"1669","2014-10-19","2020-02-23"
"1670","2015-09-12","2020-01-03"
"1671","2015-05-03","2020-03-15"
"1672","2014-10-21","2021-08-22"
"1673","2015-01-01","2018-01-01"
"1674","2014-10-25","2020-01-02"
"1675","2014-11-03","2017-01-04"
"1676","2015-01-05","2024-12-30"
"1677","2014-10-23","2016-10-04"
"1678","2014-12-05","2018-09-08"
"1679","2014-11-03","2025-06-30"
"1680","2014-12-18","2017-10-30"
"1681","2014-10-27","2018-12-30"
"1682","2014-10-21","2025-11-09"
"1683","2014-10-30","2023-09-05"
"1684","2014-11-02","2026-04-19"
"1685","2022-10-26","2024-05-31"
"1686","2015-10-20","2019-12-30"
"1687","2014-12-30","2026-04-18"
"1688","2014-10-26","2020-01-01"
"1689","2015-09-20","2023-10-21"
"1690","2015-02-14","2019-02-18"
"1691","2015-04-06","2024-01-31"
"1692","2014-12-04","2025-08-30"
"1693","2015-01-02","2025-06-06"
"1694","2014-11-04","2014-11-04"
"1695","",""
"1696","2015-02-22","2026-02-07"
"1697","2014-11-03","2015-09-06"
"1698","",""
"1699","2019-05-05","2019-05-26"
"1700","2015-04-21","2016-09-23"
"1701","2015-01-04","2016-10-03"
"1702","2014-11-08","2015-09-26"
"1703","2014-11-06","2026-05-02"
"1704","2015-05-08","2020-03-17"
"1705","2014-11-18","2016-01-06"
"1706","2014-12-13","2022-09-24"
"1707","2014-11-03","2025-08-30"
"1708","2015-01-01","2016-01-01"
"1709","2015-06-17","2025-09-21"
"1710","2014-11-30","2019-08-25"
"1711","",""
"1712","2014-11-30","2016-09-08"
"1713","2015-08-02","2018-08-13"
"1714","2015-06-10","2018-11-05"
"1715","2019-10-02","2021-12-31"
"1716","2015-06-16","2016-06-04"
"1717","2014-11-08","2016-07-08"
"1718","",""
"1719","2015-01-05","2018-08-12"
"1720","2016-09-16","2017-09-18"
"1721","",""
"1722","2015-01-04","2025-12-14"
"1723","2014-11-27","2015-10-17"
"1724","2014-12-30","2026-01-24"
"1725","2014-12-15","2026-02-26"
"1726","2015-08-31","2016-06-12"
"1727","2015-09-12","2025-08-06"
"1728","2014-11-02","2017-01-01"
"1729","2015-05-23","2020-03-19"
"1730","2014-12-01","2022-09-23"
"1731","2014-12-13","2024-05-01"
"1732","2014-12-07","2026-05-26"
"1733","2015-09-21","2026-03-01"
"1734","2015-01-04","2015-01-04"
"1735","2014-12-01","2016-10-24"
"1736","2015-01-04","2019-09-01"
"1737","2015-08-03","2015-08-03"
"1738","2015-01-02","2025-07-31"
"1739","2014-11-15","2015-10-11"
"1740","2015-01-05","2018-08-27"
"1741","2015-01-01","2025-10-19"
"1742","2015-09-29","2019-12-16"
"1743","2016-01-01","2016-01-01"
"1744","2014-11-25","2018-08-11"
"1745","2015-11-28","2016-05-06"
"1746","2015-01-05","2017-07-24"
"1747","2014-11-27","2018-01-01"
"1748","2015-01-01","2015-01-01"
"1749","2016-04-30","2026-03-12"
"1750","2015-09-07","2016-03-27"
"1751","2016-07-30","2023-07-24"
"1752","2018-07-20","2023-11-30"
"1753","2015-06-08","2025-07-11"
"1754","2014-11-13","2016-01-02"
"1755","2023-09-06","2023-09-06"
"1756","",""
"1757","2016-05-28","2016-05-28"
"1758","2014-11-15","2016-06-27"
"1759","2015-06-16","2023-05-22"
"1760","2015-01-02","2016-06-11"
"1761","2014-12-20","2017-09-29"
"1762","2015-01-02","2023-09-30"
"1763","2015-08-02","2023-09-03"
"1764","2014-12-28","2017-08-26"
"1765","2016-09-07","2023-06-01"
"1766","2014-11-19","2018-03-31"
"1767","2015-04-10","2025-11-05"
"1768","2017-08-24","2026-04-27"
"1769","2014-12-01","2015-01-02"
"1770","2015-01-05","2018-07-10"
"1771","2015-01-07","2026-06-09"
"1772","2014-12-28","2025-12-29"
"1773","2015-05-27","2023-03-25"
"1774","2015-08-09","2026-02-21"
"1775","2014-12-08","2026-06-11"
"1776","2015-04-10","2017-07-01"
"1777","2015-10-09","2015-10-09"
"1778","2014-11-22","2015-09-08"
"1779","2014-12-31","2026-05-16"
"1780","2015-01-05","2026-05-22"
"1781","2015-01-04","2015-09-22"
"1782","2015-01-01","2017-07-30"
"1783","2015-04-11","2015-06-02"
"1784","2015-07-21","2020-02-16"
"1785","2015-11-22","2026-04-15"
"1786","2016-01-15","2016-02-07"
"1787","2014-12-07","2020-10-14"
"1788","2014-12-26","2014-12-26"
"1789","2014-12-30","2017-01-01"
"1790","2015-01-02","2016-06-26"
"1791","2015-01-25","2026-02-16"
"1792","2014-12-28","2019-12-29"
"1793","2015-01-01","2025-09-03"
"1794","2015-01-20","2024-11-15"
"1795","2015-05-17","2025-08-07"
"1796","2015-02-16","2016-10-26"
"1797","2015-10-12","2026-03-21"
"1798","2015-05-01","2017-05-23"
"1799","2014-12-30","2020-03-28"
"1800","",""
"1801","2015-04-12","2017-12-31"
"1802","",""
"1803","2014-12-11","2016-06-13"
"1804","2015-09-25","2016-05-10"
"1805","2016-08-28","2025-04-21"
"1806","2014-12-18","2025-07-28"
"1807","2016-03-20","2017-01-06"
"1808","2015-07-05","2025-09-28"
"1809","2015-12-04","2020-01-05"
"1810","2015-01-04","2020-08-30"
"1811","2014-12-08","2025-10-23"
"1812","2014-12-27","2018-12-28"
"1813","2015-04-26","2020-02-01"
"1814","2021-10-04","2023-09-16"
"1815","2015-08-01","2026-02-28"
"1816","2015-07-13","2016-07-19"
"1817","2015-06-06","2017-11-23"
"1818","2015-05-17","2016-06-07"
"1819","",""
"1820","2015-01-02","2015-06-08"
"1821","",""
"1822","2015-01-02","2026-05-25"
"1823","2016-06-01","2016-06-01"
"1824","2014-12-28","2016-01-03"
"1825","2015-01-01","2015-01-09"
"1826","2015-02-16","2017-07-23"
"1827","2015-08-22","2015-08-22"
"1828","2015-07-11","2017-08-29"
"1829","2014-12-08","2014-12-08"
"1830","2014-12-27","2014-12-27"
"1831","2015-06-30","2020-01-06"
"1832","2014-12-29","2016-01-01"
"1833","2021-03-24","2025-10-31"
"1834","2016-03-22","2025-08-30"
"1835","2015-09-01","2020-03-13"
"1836","2015-01-01","2015-01-01"
"1837","2016-03-17","2020-12-01"
"1838","2015-01-02","2022-01-04"
"1839","2017-07-12","2019-07-29"
"1840","2019-06-09","2020-01-01"
"1841","",""
"1842","2015-01-05","2022-08-27"
"1843","2015-08-25","2017-04-14"
"1844","2015-09-14","2015-09-14"
"1845","2015-01-06","2016-02-18"
"1846","2015-03-14","2025-03-17"
"1847","2015-07-13","2016-08-26"
"1848","2016-01-03","2016-01-03"
"1849","2014-12-31","2017-01-01"
"1850","2017-08-03","2026-05-31"
"1851","2015-07-31","2017-03-31"
"1852","2015-01-24","2019-12-09"
"1853","2015-06-30","2015-11-27"
"1854","",""
"1855","2015-01-01","2026-05-20"
"1856","2014-12-13","2016-07-29"
"1857","2015-01-03","2015-01-03"
"1858","2015-05-15","2025-08-01"
"1859","2015-07-04","2026-06-10"
"1860","2015-08-22","2026-05-19"
"1861","",""
"1862","2016-05-18","2019-12-07"
"1863","2014-12-23","2026-06-09"
"1864","2014-12-15","2016-05-28"
"1865","2015-01-02","2016-12-25"
"1866","",""
"1867","2014-12-24","2015-01-10"
"1868","2015-04-13","2016-05-22"
"1869","2015-11-15","2025-11-02"
"1870","2014-12-30","2016-04-26"
"1871","2015-06-03","2018-11-01"
"1872","",""
"1873","2023-05-06","2026-03-09"
"1874","2015-05-12","2015-05-12"
"1875","2015-12-12","2025-07-03"
"1876","2015-05-25","2023-08-20"
"1877","2015-04-06","2023-09-04"
"1878","2015-06-30","2021-10-31"
"1879","2016-03-17","2016-03-27"
"1880","2015-01-03","2015-01-03"
"1881","2016-08-08","2025-05-25"
"1882","2015-03-02","2019-07-28"
"1883","2015-05-01","2015-10-19"
"1884","2015-03-12","2016-04-24"
"1885","2015-03-20","2024-11-10"
"1886","2015-08-15","2016-03-15"
"1887","2016-08-18","2019-08-05"
"1888","2015-02-03","2023-12-29"
"1889","2014-12-29","2026-05-31"
"1890","2017-03-14","2025-08-16"
"1891","2015-01-05","2016-07-24"
"1892","2017-04-02","2026-03-05"
"1893","2015-01-03","2017-07-22"
"1894","2015-01-04","2015-01-04"
"1895","2015-02-17","2025-11-02"
"1896","2018-05-15","2025-10-30"
"1897","2014-12-30","2017-01-01"
"1898","2015-05-20","2020-02-15"
"1899","2019-09-19","2020-07-08"
"1900","2017-01-01","2023-09-13"
"1901","",""
"1902","2016-03-16","2016-03-16"
"1903","2015-02-23","2017-07-12"
"1904","2015-01-02","2016-05-08"
"1905","2015-01-04","2015-01-04"
"1906","2017-10-27","2018-04-24"
"1907","2015-01-01","2019-03-24"
"1908","2015-01-09","2022-10-31"
"1909","2014-12-28","2018-01-01"
"1910","2015-02-24","2026-01-15"
"1911","2015-01-12","2025-09-23"
"1912","2024-08-09","2025-06-30"
"1913","2015-10-06","2016-09-01"
"1914","2017-06-21","2021-07-31"
"1915","",""
"1916","",""
"1917","2015-04-11","2015-04-11"
"1918","2015-01-16","2019-01-01"
"1919","2015-05-21","2025-07-24"
"1920","2015-07-23","2022-12-10"
"1921","2015-07-27","2026-04-12"
"1922","2015-01-01","2026-05-01"
"1923","",""
"1924","2015-05-22","2015-10-21"
"1925","2015-01-18","2020-03-16"
"1926","2016-06-28","2023-08-21"
"1927","",""
"1928","2015-01-25","2017-09-29"
"1929","",""
"1930","2015-02-15","2016-10-11"
"1931","2015-06-13","2016-01-03"
"1932","2016-05-05","2017-06-17"
"1933","2015-01-12","2020-02-10"
"1934","",""
"1935","2015-01-12","2019-12-29"
"1936","2015-01-02","2015-01-02"
"1937","2016-06-25","2022-12-01"
"1938","2016-12-10","2019-10-30"
"1939","",""
"1940","",""
"1941","",""
"1942","2015-05-02","2026-05-15"
"1943","2015-09-26","2015-12-08"
"1944","2015-01-01","2018-11-21"
"1945","2015-08-31","2026-05-17"
"1946","2015-09-08","2019-07-20"
"1947","2015-07-15","2015-10-27"
"1948","2015-02-18","2017-12-26"
"1949","2015-02-16","2023-11-24"
"1950","2015-06-03","2018-01-14"
"1951","2017-05-14","2022-04-14"
"1952","2016-05-17","2023-08-14"
"1953","2018-05-20","2022-12-27"
"1954","2015-02-11","2016-08-27"
"1955","2015-12-27","2026-06-04"
"1956","2015-04-04","2025-11-20"
"1957","2015-05-07","2019-12-15"
"1958","2015-11-17","2026-04-29"
"1959","2015-05-19","2020-02-21"
"1960","2015-11-16","2016-05-30"
"1961","2015-09-15","2019-09-06"
"1962","2015-09-23","2017-05-31"
"1963","2015-03-01","2015-10-07"
"1964","2015-04-01","2024-10-01"
"1965","2015-09-07","2016-09-01"
"1966","2017-03-31","2025-12-31"
"1967","2015-11-27","2016-01-03"
"1968","2015-06-22","2020-02-29"
"1969","2015-05-18","2022-06-04"
"1970","2015-01-21","2015-01-21"
"1971","2015-04-04","2019-09-29"
"1972","2015-06-06","2023-10-22"
"1973","2015-03-03","2015-10-28"
"1974","2018-07-14","2020-03-08"
"1975","2015-02-20","2026-05-31"
"1976","",""
"1977","2015-02-17","2016-05-25"
"1978","2015-04-12","2015-07-03"
"1979","",""
"1980","2016-02-24","2025-06-24"
"1981","2017-05-28","2020-03-02"
"1982","2015-07-31","2025-09-10"
"1983","2015-02-15","2026-05-11"
"1984","2016-02-16","2016-02-16"
"1985","2015-03-21","2026-05-11"
"1986","2015-05-20","2026-05-15"
"1987","2015-04-07","2025-11-01"
"1988","2015-09-06","2015-12-30"
"1989","2022-05-23","2023-05-03"
"1990","2015-04-07","2016-09-29"
"1991","2016-11-15","2026-05-10"
"1992","2016-08-28","2023-10-16"
"1993","2015-09-09","2016-12-05"
"1994","2016-08-01","2019-12-15"
"1995","2015-09-09","2017-12-27"
"1996","2015-08-31","2015-08-31"
"1997","2015-09-28","2015-10-14"
"1998","2015-05-14","2025-05-30"
"1999","2015-07-28","2015-08-27"
"2000","2016-05-03","2023-08-15"
"2001","2015-09-16","2025-03-02"
"2002","2015-06-21","2019-09-21"
"2003","2018-12-04","2026-06-06"
"2004","",""
"2005","2015-07-31","2021-11-20"
"2006","2015-07-01","2018-08-21"
"2007","2016-02-10","2021-08-31"
"2008","",""
"2009","2015-02-28","2015-02-28"
"2010","2015-02-21","2019-12-02"
"2011","2015-09-08","2025-09-07"
"2012","2015-09-29","2025-03-30"
"2013","",""
"2014","2015-12-22","2016-04-22"
"2015","2015-03-21","2023-12-06"
"2016","2015-02-16","2017-09-09"
"2017","2015-02-16","2018-10-01"
"2018","2021-05-01","2024-07-06"
"2019","2016-01-03","2016-01-03"
"2020","2015-04-04","2023-06-12"
"2021","2015-07-19","2015-09-21"
"2022","2016-10-14","2026-06-06"
"2023","2015-06-09","2026-02-10"
"2024","2016-05-29","2016-06-08"
"2025","2016-01-02","2026-05-11"
"2026","2015-05-17","2016-08-22"
"2027","2015-03-05","2023-03-03"
"2028","2015-05-10","2025-07-15"
"2029","2015-05-12","2020-04-20"
"2030","2016-05-23","2023-11-22"
"2031","2015-05-01","2023-09-09"
"2032","2015-12-24","2025-05-31"
"2033","2015-03-09","2016-01-05"
"2034","2016-05-17","2026-06-05"
"2035","2015-09-04","2025-12-16"
"2036","2015-03-10","2015-03-10"
"2037","2015-05-21","2020-03-07"
"2038","2015-03-05","2017-07-01"
"2039","2015-04-07","2022-10-17"
"2040","2015-05-08","2019-01-01"
"2041","2019-01-01","2025-01-02"
"2042","",""
"2043","2015-03-31","2020-07-06"
"2044","2015-07-20","2020-03-17"
"2045","2015-06-28","2018-09-24"
"2046","2016-03-25","2026-05-30"
"2047","2015-03-23","2015-11-16"
"2048","2015-05-05","2023-11-12"
"2049","2015-03-14","2018-01-20"
"2050","2015-04-25","2023-11-04"
"2051","2015-05-11","2026-05-16"
"2052","2018-11-16","2026-02-28"
"2053","2015-10-10","2016-11-27"
"2054","2015-10-09","2026-03-03"
"2055","2015-03-22","2026-05-30"
"2056","2015-05-26","2016-08-07"
"2057","2015-10-11","2016-05-23"
"2058","2015-05-28","2020-02-24"
"2059","2015-03-07","2018-09-30"
"2060","2017-01-02","2017-02-21"
"2061","2015-10-03","2015-10-03"
"2062","2015-03-22","2025-07-08"
"2063","2015-10-30","2015-10-30"
"2064","2015-06-08","2026-06-05"
"2065","2015-03-17","2025-07-01"
"2066","2015-04-06","2016-01-05"
"2067","2015-04-08","2018-07-19"
"2068","",""
"2069","2015-04-29","2019-05-13"
"2070","2018-05-06","2026-06-09"
"2071","2015-09-28","2016-11-06"
"2072","2015-04-25","2017-06-23"
"2073","2015-04-05","2017-06-22"
"2074","2015-04-08","2016-05-25"
"2075","2015-04-26","2025-05-03"
"2076","2015-04-07","2017-03-25"
"2077","2015-05-10","2016-01-03"
"2078","",""
"2079","2019-09-02","2023-07-31"
"2080","2015-05-21","2015-09-14"
"2081","2015-03-15","2015-08-17"
"2082","2016-03-28","2021-08-25"
"2083","2016-09-02","2022-10-27"
"2084","2015-03-20","2018-01-20"
"2085","2024-08-25","2025-08-02"
"2086","2018-04-04","2021-07-26"
"2087","2015-09-29","2016-10-03"
"2088","2015-06-05","2017-10-22"
"2089","",""
"2090","2015-04-05","2022-12-21"
"2091","2015-05-30","2020-01-01"
"2092","2015-06-18","2016-01-28"
"2093","2015-04-19","2022-01-01"
"2094","2024-03-13","2026-05-20"
"2095","2015-06-02","2018-06-10"
"2096","",""
"2097","2015-03-23","2018-12-10"
"2098","2017-09-12","2025-10-23"
"2099","2016-06-16","2024-12-15"
"2100","2015-04-15","2015-10-19"
"2101","2015-09-26","2015-09-26"
"2102","2015-06-02","2017-06-28"
"2103","",""
"2104","2016-09-17","2025-06-27"
"2105","2015-04-17","2023-05-09"
"2106","2015-04-06","2016-11-07"
"2107","2015-04-27","2015-04-27"
"2108","2015-12-05","2016-04-22"
"2109","2015-07-10","2016-10-06"
"2110","",""
"2111","2016-08-21","2023-07-01"
"2112","2015-12-06","2026-04-05"
"2113","2015-04-14","2016-09-04"
"2114","2015-12-25","2025-03-29"
"2115","2015-03-22","2015-03-22"
"2116","2015-08-09","2025-12-16"
"2117","",""
"2118","2015-09-28","2015-10-24"
"2119","2017-01-18","2023-08-27"
"2120","2015-07-28","2019-08-26"
"2121","2015-07-05","2020-09-12"
"2122","2016-12-31","2023-08-20"
"2123","2015-07-05","2016-01-03"
"2124","2015-03-29","2026-05-09"
"2125","2015-07-23","2016-10-18"
"2126","",""
"2127","2017-09-04","2017-09-04"
"2128","2015-04-30","2018-01-02"
"2129","2015-05-05","2024-11-08"
"2130","2016-02-17","2016-05-14"
"2131","2015-05-19","2017-12-30"
"2132","2015-04-18","2016-08-16"
"2133","2015-05-10","2023-10-29"
"2134","2017-06-28","2018-10-02"
"2135","2015-04-24","2015-08-10"
"2136","2017-03-10","2025-12-25"
"2137","2015-09-30","2019-12-07"
"2138","",""
"2139","2015-05-25","2017-05-29"
"2140","2015-05-14","2025-10-05"
"2141","2015-06-21","2026-04-01"
"2142","2019-11-30","2024-04-04"
"2143","2015-04-12","2020-02-10"
"2144","2015-05-03","2017-08-15"
"2145","2015-05-14","2015-10-07"
"2146","2015-04-01","2026-05-31"
"2147","2016-05-08","2016-05-08"
"2148","2016-05-25","2016-11-06"
"2149","2015-04-21","2020-12-30"
"2150","2015-05-06","2019-02-26"
"2151","2015-04-14","2020-02-28"
"2152","2015-05-17","2023-09-14"
"2153","2015-05-09","2018-12-30"
"2154","2016-07-09","2016-08-11"
"2155","2015-05-24","2019-07-26"
"2156","",""
"2157","2015-08-12","2015-08-12"
"2158","",""
"2159","2021-07-31","2021-07-31"
"2160","2015-05-04","2026-06-09"
"2161","",""
"2162","",""
"2163","2015-12-06","2016-01-20"
"2164","2015-07-25","2017-01-01"
"2165","2015-12-01","2026-03-15"
"2166","",""
"2167","2015-10-24","2015-12-28"
"2168","2015-05-01","2016-03-24"
"2169","2015-07-11","2016-06-12"
"2170","",""
"2171","2015-06-28","2018-05-24"
"2172","2017-09-23","2025-02-23"
"2173","",""
"2174","2016-07-30","2016-07-30"
"2175","2016-11-13","2025-10-16"
"2176","2015-05-04","2015-09-02"
"2177","2016-11-11","2017-08-16"
"2178","2016-01-05","2017-01-04"
"2179","2015-04-30","2023-08-27"
"2180","",""
"2181","2015-04-24","2022-08-18"
"2182","2015-05-24","2023-08-02"
"2183","2015-04-26","2016-12-06"
"2184","2023-04-05","2025-10-01"
"2185","2015-05-24","2023-12-09"
"2186","2015-07-07","2020-02-02"
"2187","2015-08-02","2026-06-14"
"2188","",""
"2189","2015-05-19","2022-08-07"
"2190","2015-05-22","2015-05-22"
"2191","2015-05-13","2015-05-13"
"2192","2015-07-06","2026-01-11"
"2193","2015-09-21","2015-09-21"
"2194","2016-01-01","2019-12-29"
"2195","2015-09-07","2016-05-30"
"2196","2015-06-30","2019-12-08"
"2197","2015-05-28","2023-08-27"
"2198","2015-08-22","2015-08-22"
"2199","2016-01-03","2016-04-19"
"2200","2018-09-15","2025-08-31"
"2201","2015-05-04","2015-10-05"
"2202","2015-06-02","2017-03-05"
"2203","",""
"2204","2015-06-10","2025-11-30"
"2205","2015-08-30","2021-01-29"
"2206","2015-05-19","2024-07-31"
"2207","2015-05-19","2023-09-12"
"2208","2015-05-24","2026-05-01"
"2209","2015-07-20","2026-06-06"
"2210","2015-05-10","2025-12-16"
"2211","",""
"2212","2018-01-02","2018-06-25"
"2213","2015-08-15","2026-05-23"
"2214","2015-08-26","2020-03-16"
"2215","2015-06-13","2023-07-25"
"2216","2015-07-01","2015-07-01"
"2217","2015-05-19","2023-12-02"
"2218","2015-05-13","2026-05-17"
"2219","2015-11-01","2015-11-01"
"2220","2015-10-05","2023-08-13"
"2221","2015-05-21","2015-05-21"
"2222","2016-03-17","2026-06-01"
"2223","2016-07-21","2016-07-21"
"2224","2015-05-30","2015-12-07"
"2225","2015-07-24","2015-07-27"
"2226","2015-05-04","2018-09-24"
"2227","2015-05-25","2016-09-05"
"2228","",""
"2229","2015-05-04","2016-09-10"
"2230","2016-05-25","2017-05-25"
"2231","2015-05-22","2026-06-01"
"2232","2015-05-03","2015-06-20"
"2233","2016-04-05","2021-05-14"
"2234","2015-05-13","2026-01-10"
"2235","2015-08-01","2015-08-01"
"2236","2015-06-09","2019-09-16"
"2237","2015-08-15","2024-10-25"
"2238","2015-05-12","2020-01-02"
"2239","2015-05-22","2015-05-22"
"2240","2015-06-30","2016-01-21"
"2241","2015-06-17","2016-07-31"
"2242","2015-06-22","2018-07-28"
"2243","2015-06-30","2026-04-01"
"2244","2015-05-16","2018-03-08"
"2245","2015-08-09","2023-07-05"
"2246","",""
"2247","2015-05-21","2025-12-02"
"2248","2015-05-03","2025-07-31"
"2249","2015-05-25","2026-05-31"
"2250","2015-05-19","2025-08-10"
"2251","2017-06-11","2018-03-19"
"2252","2015-09-28","2015-09-28"
"2253","2015-05-23","2015-12-16"
"2254","",""
"2255","2015-07-27","2015-08-26"
"2256","2015-05-19","2025-06-30"
"2257","2015-05-10","2015-05-10"
"2258","2015-05-07","2017-01-07"
"2259","2015-06-06","2015-08-16"
"2260","2015-07-05","2019-12-12"
"2261","2015-05-19","2020-01-02"
"2262","2015-05-24","2026-04-30"
"2263","2015-06-11","2015-06-18"
"2264","2015-05-30","2016-11-06"
"2265","2016-06-03","2020-03-09"
"2266","2015-06-21","2015-06-21"
"2267","",""
"2268","",""
"2269","2015-05-26","2025-05-18"
"2270","2015-07-31","2025-05-01"
"2271","2015-06-20","2017-05-27"
"2272","2015-05-19","2015-06-22"
"2273","2015-07-31","2016-05-18"
"2274","",""
"2275","2015-08-14","2016-10-16"
"2276","2015-06-13","2017-01-16"
"2277","2015-07-26","2025-08-24"
"2278","2015-06-07","2026-05-30"
"2279","2015-07-19","2015-07-19"
"2280","2015-08-12","2024-12-02"
"2281","2015-05-29","2022-07-25"
"2282","2015-07-05","2015-08-27"
"2283","2015-06-26","2017-10-25"
"2284","2015-08-08","2017-04-10"
"2285","2015-05-23","2026-06-07"
"2286","",""
"2287","2015-06-22","2020-01-05"
"2288","2016-04-23","2026-06-03"
"2289","2015-06-07","2023-04-30"
"2290","2015-05-26","2015-05-26"
"2291","2017-05-22","2026-06-11"
"2292","2015-06-06","2015-10-31"
"2293","2015-08-02","2016-06-18"
"2294","2015-06-08","2015-12-30"
"2295","",""
"2296","2015-06-02","2016-11-23"
"2297","2015-06-20","2018-01-18"
"2298","2015-08-05","2017-08-20"
"2299","2015-07-10","2015-07-10"
"2300","2015-08-10","2015-08-10"
"2301","2015-06-01","2018-01-07"
"2302","2015-09-10","2020-06-14"
"2303","2015-05-31","2016-03-28"
"2304","2015-07-06","2015-07-30"
"2305","2015-07-30","2016-07-06"
"2306","2015-10-30","2016-01-07"
"2307","2015-08-17","2019-06-12"
"2308","2015-07-06","2015-10-16"
"2309","2015-07-01","2016-06-13"
"2310","2015-05-26","2023-09-27"
"2311","2015-06-08","2017-05-06"
"2312","",""
"2313","2015-05-22","2015-08-18"
"2314","2016-11-01","2021-10-05"
"2315","2015-05-22","2026-05-27"
"2316","2015-09-03","2015-12-27"
"2317","2015-06-29","2016-05-21"
"2318","2015-06-27","2015-06-27"
"2319","2016-06-11","2016-06-11"
"2320","2015-06-11","2015-06-11"
"2321","2015-06-14","2017-07-01"
"2322","2015-09-01","2015-10-26"
"2323","2015-05-25","2022-12-26"
"2324","2015-06-01","2015-09-29"
"2325","2015-06-08","2019-01-01"
"2326","2015-06-30","2015-10-26"
"2327","2015-06-16","2015-06-16"
"2328","2015-06-28","2026-04-30"
"2329","",""
"2330","2015-09-30","2025-05-31"
"2331","2015-08-15","2016-12-30"
"2332","2015-06-20","2020-11-30"
"2333","2024-01-12","2026-05-09"
"2334","",""
"2335","2015-09-07","2026-06-07"
"2336","2015-06-09","2020-01-04"
"2337","2016-04-30","2026-05-12"
"2338","2015-05-27","2017-08-05"
"2339","2015-07-26","2015-08-15"
"2340","2015-08-01","2015-11-02"
"2341","2015-08-17","2025-10-06"
"2342","2015-05-25","2019-08-31"
"2343","2015-08-22","2024-11-21"
"2344","2015-06-08","2016-05-30"
"2345","2015-06-24","2016-08-06"
"2346","2016-09-09","2025-08-09"
"2347","2015-06-19","2021-08-31"
"2348","2015-06-30","2015-06-30"
"2349","2015-07-02","2026-05-17"
"2350","2015-08-23","2019-07-31"
"2351","2015-05-29","2016-08-18"
"2352","2015-08-04","2015-08-27"
"2353","2015-06-05","2023-09-04"
"2354","2015-07-22","2022-12-30"
"2355","2015-06-01","2015-10-25"
"2356","2015-06-16","2015-06-16"
"2357","2015-07-18","2016-11-16"
"2358","2015-06-10","2017-01-05"
"2359","",""
"2360","",""
"2361","2015-06-07","2023-07-08"
"2362","",""
"2363","2015-06-11","2016-01-01"
"2364","2015-06-15","2015-12-28"
"2365","2015-06-04","2016-01-20"
"2366","2015-09-21","2026-05-08"
"2367","2015-12-04","2020-07-16"
"2368","2015-09-08","2015-09-08"
"2369","2015-08-02","2016-04-11"
"2370","",""
"2371","2015-09-27","2020-03-23"
"2372","2015-06-24","2026-05-18"
"2373","2015-06-20","2015-07-22"
"2374","2015-06-29","2026-05-03"
"2375","2015-07-21","2016-08-15"
"2376","2015-07-31","2022-01-31"
"2377","2016-07-24","2023-12-04"
"2378","",""
"2379","2015-06-05","2026-04-18"
"2380","2015-06-07","2015-06-07"
"2381","2015-10-08","2021-05-01"
"2382","2015-06-06","2016-01-06"
"2383","2015-08-02","2015-08-02"
"2384","2015-08-07","2020-10-24"
"2385","2016-11-27","2019-04-24"
"2386","2015-06-09","2015-11-02"
"2387","2015-06-18","2026-05-20"
"2388","2015-07-31","2016-05-16"
"2389","2015-07-27","2015-07-27"
"2390","2015-09-16","2023-10-09"
"2391","2015-06-13","2017-10-24"
"2392","2015-10-11","2015-10-11"
"2393","2016-06-06","2016-07-06"
"2394","2015-07-30","2025-08-10"
"2395","2015-06-12","2026-05-22"
"2396","2015-06-14","2016-03-19"
"2397","2015-06-26","2023-07-03"
"2398","2015-07-22","2016-08-30"
"2399","2020-05-16","2025-03-04"
"2400","2016-01-02","2019-02-23"
"2401","2015-07-21","2016-06-03"
"2402","2015-08-27","2026-02-12"
"2403","2015-06-14","2015-09-09"
"2404","2015-06-28","2016-03-26"
"2405","2015-06-22","2023-09-12"
"2406","2015-10-19","2024-01-27"
"2407","2015-07-31","2017-12-31"
"2408","",""
"2409","2015-08-13","2025-12-28"
"2410","2020-05-16","2025-07-03"
"2411","",""
"2412","2015-07-31","2016-01-31"
"2413","2015-07-22","2017-12-29"
"2414","2015-10-11","2025-11-15"
"2415","2015-07-01","2015-11-07"
"2416","2023-12-16","2025-07-19"
"2417","2015-06-20","2016-10-09"
"2418","2015-11-09","2015-11-09"
"2419","2015-08-09","2015-08-09"
"2420","2015-07-14","2021-07-29"
"2421","2015-08-19","2015-08-24"
"2422","2015-07-26","2016-08-28"
"2423","2015-08-14","2015-08-14"
"2424","2022-06-18","2026-05-30"
"2425","2015-07-10","2018-11-27"
"2426","",""
"2427","2015-07-04","2015-09-08"
"2428","2015-08-08","2023-02-25"
"2429","",""
"2430","2015-08-27","2019-05-12"
"2431","2015-06-17","2015-06-26"
"2432","2015-06-15","2021-09-21"
"2433","2018-08-16","2019-12-29"
"2434","2015-08-31","2026-03-29"
"2435","2017-11-12","2019-10-06"
"2436","2015-07-04","2023-08-13"
"2437","2016-07-21","2019-08-14"
"2438","2015-09-01","2015-09-01"
"2439","2017-01-02","2019-11-06"
"2440","2015-08-25","2026-05-07"
"2441","2015-07-27","2019-08-02"
"2442","2015-07-11","2017-07-27"
"2443","2015-07-09","2022-10-13"
"2444","2015-06-24","2016-12-19"
"2445","",""
"2446","2015-06-21","2026-06-07"
"2447","2015-08-08","2022-09-01"
"2448","2015-07-06","2016-08-01"
"2449","2015-06-17","2024-09-13"
"2450","2015-06-21","2017-09-17"
"2451","2015-08-25","2015-08-25"
"2452","2015-08-01","2026-02-22"
"2453","2015-07-26","2020-03-31"
"2454","2015-08-30","2019-03-24"
"2455","2015-06-19","2021-06-27"
"2456","2015-06-19","2021-10-05"
"2457","2017-06-02","2020-12-12"
"2458","2015-07-01","2021-10-13"
"2459","2015-06-27","2021-10-04"
"2460","2015-06-26","2021-11-27"
"2461","2015-06-30","2022-02-14"
"2462","2015-06-25","2025-07-13"
"2463","2015-07-17","2021-10-13"
"2464","2015-07-02","2022-05-16"
"2465","2015-08-16","2017-07-01"
"2466","2015-08-14","2015-08-14"
"2467","2015-07-15","2026-05-29"
"2468","2015-12-18","2016-02-21"
"2469","2015-06-16","2015-11-25"
"2470","2015-09-18","2016-05-24"
"2471","2015-07-06","2017-12-11"
"2472","2015-09-12","2023-08-02"
"2473","2015-08-12","2015-08-12"
"2474","2015-07-05","2026-05-17"
"2475","2017-05-07","2018-05-08"
"2476","2015-07-15","2015-07-15"
"2477","",""
"2478","2015-06-27","2019-10-14"
"2479","",""
"2480","2015-09-12","2015-09-12"
"2481","2021-08-14","2021-08-14"
"2482","2015-07-04","2019-08-26"
"2483","2015-11-01","2025-09-06"
"2484","2015-07-14","2015-07-25"
"2485","2015-06-21","2026-04-22"
"2486","2015-06-28","2017-12-30"
"2487","2020-03-08","2026-05-31"
"2488","2015-07-26","2015-07-26"
"2489","2015-06-22","2016-04-05"
"2490","2015-07-07","2024-11-10"
"2491","2015-07-03","2020-01-24"
"2492","2015-09-10","2015-10-11"
"2493","2015-07-12","2025-07-03"
"2494","2015-08-10","2025-07-19"
"2495","2015-08-20","2015-08-20"
"2496","2015-07-07","2019-06-22"
"2497","2021-05-11","2021-10-24"
"2498","2015-10-06","2015-12-29"
"2499","2015-07-05","2025-09-30"
"2500","2016-07-03","2017-06-29"
"2501","2017-07-12","2017-07-12"
"2502","2015-06-27","2015-11-28"
"2503","2015-08-25","2015-08-25"
"2504","2016-03-20","2024-08-31"
"2505","2015-08-31","2023-05-27"
"2506","2015-11-18","2015-11-18"
"2507","2016-07-18","2016-07-18"
"2508","2015-09-25","2026-04-28"
"2509","2015-08-18","2016-08-25"
"2510","2015-06-23","2016-07-05"
"2511","2015-09-30","2016-08-09"
"2512","2015-08-24","2015-08-24"
"2513","2015-07-26","2015-12-31"
"2514","",""
"2515","2015-08-01","2018-12-26"
"2516","2015-06-26","2015-12-06"
"2517","2015-07-10","2026-05-18"
"2518","2015-07-09","2016-01-03"
"2519","2015-08-18","2018-05-31"
"2520","2015-07-20","2015-09-16"
"2521","2015-08-19","2016-08-28"
"2522","2015-07-27","2016-08-13"
"2523","2015-08-30","2020-03-23"
"2524","2015-08-03","2018-07-27"
"2525","2015-07-22","2018-07-11"
"2526","2015-07-31","2015-07-31"
"2527","2015-07-31","2023-10-02"
"2528","2015-12-27","2015-12-27"
"2529","2015-09-19","2015-09-19"
"2530","2015-07-29","2026-05-26"
"2531","",""
"2532","2015-07-16","2015-09-08"
"2533","2015-07-16","2017-06-25"
"2534","2015-09-07","2016-08-28"
"2535","2015-07-03","2015-07-03"
"2536","2015-08-08","2016-12-27"
"2537","2016-10-02","2026-05-24"
"2538","2015-08-13","2015-08-13"
"2539","2015-09-10","2020-03-13"
"2540","2016-03-28","2025-10-08"
"2541","2015-07-09","2026-06-12"
"2542","",""
"2543","2015-07-06","2019-11-04"
"2544","2017-12-01","2024-02-04"
"2545","2015-09-21","2015-10-17"
"2546","2015-07-28","2025-10-26"
"2547","2015-08-03","2015-08-10"
"2548","2019-05-04","2025-07-10"
"2549","2015-07-23","2025-10-11"
"2550","2015-08-31","2018-01-06"
"2551","2015-12-14","2026-01-27"
"2552","2015-08-05","2021-09-02"
"2553","2015-11-29","2016-05-15"
"2554","",""
"2555","2015-09-16","2015-09-16"
"2556","2015-08-08","2018-10-27"
"2557","2015-09-15","2017-01-11"
"2558","2015-07-10","2020-09-15"
"2559","2015-08-09","2020-01-01"
"2560","2015-07-21","2026-06-07"
"2561","2015-08-29","2016-08-08"
"2562","",""
"2563","2015-07-13","2015-09-06"
"2564","2015-10-03","2026-05-31"
"2565","2015-07-08","2018-05-10"
"2566","2015-10-07","2015-10-07"
"2567","2016-06-14","2024-12-25"
"2568","2015-07-06","2016-07-03"
"2569","2015-07-20","2024-10-16"
"2570","2017-07-29","2026-06-11"
"2571","2016-10-09","2017-08-31"
"2572","2015-07-13","2026-03-08"
"2573","2015-07-19","2015-07-19"
"2574","2016-08-14","2016-09-09"
"2575","2015-08-23","2017-01-01"
"2576","2016-10-10","2019-08-12"
"2577","2015-07-10","2015-07-15"
"2578","2015-08-12","2018-06-25"
"2579","2015-07-06","2023-02-26"
"2580","2015-11-21","2026-01-02"
"2581","2015-08-31","2016-05-01"
"2582","2015-08-24","2015-10-04"
"2583","2015-07-24","2015-07-24"
"2584","2016-08-19","2016-08-19"
"2585","2015-09-05","2015-09-05"
"2586","2017-02-25","2018-02-24"
"2587","2015-07-12","2023-07-20"
"2588","2015-08-16","2016-09-08"
"2589","",""
"2590","2015-07-25","2016-05-15"
"2591","2015-08-01","2017-10-15"
"2592","2015-07-26","2019-10-14"
"2593","2016-09-05","2023-05-28"
"2594","",""
"2595","2016-05-07","2017-06-21"
"2596","2015-07-07","2015-10-05"
"2597","2015-08-29","2016-04-14"
"2598","2015-09-05","2015-09-05"
"2599","",""
"2600","2015-09-09","2025-12-03"
"2601","2015-08-07","2017-03-16"
"2602","2015-08-07","2015-08-10"
"2603","2015-08-19","2015-10-24"
"2604","2016-03-08","2023-12-03"
"2605","2015-07-17","2015-10-28"
"2606","2015-08-14","2015-11-29"
"2607","2016-01-02","2021-08-13"
"2608","",""
"2609","2015-08-31","2020-10-08"
"2610","2015-08-20","2026-01-23"
"2611","2016-06-12","2016-07-25"
"2612","2020-02-15","2025-08-01"
"2613","2015-09-28","2017-09-30"
"2614","",""
"2615","2015-08-01","2015-08-01"
"2616","2015-07-31","2017-07-01"
"2617","2016-06-05","2016-07-20"
"2618","2015-09-04","2015-09-04"
"2619","2015-10-03","2015-10-29"
"2620","2015-07-26","2016-11-19"
"2621","2016-04-24","2023-10-23"
"2622","",""
"2623","2015-08-08","2020-08-10"
"2624","2015-08-16","2022-08-31"
"2625","2015-09-01","2025-09-01"
"2626","2015-08-13","2017-08-10"
"2627","2016-09-02","2018-04-04"
"2628","2022-10-03","2026-05-25"
"2629","2015-07-26","2020-01-01"
"2630","2015-08-29","2026-06-01"
"2631","2015-08-17","2022-10-05"
"2632","2015-11-14","2025-12-15"
"2633","2015-09-23","2015-12-07"
"2634","2015-07-22","2022-11-16"
"2635","2015-07-24","2019-07-30"
"2636","",""
"2637","2015-07-30","2026-05-01"
"2638","2016-01-03","2020-01-01"
"2639","2022-04-21","2023-11-13"
"2640","2015-11-29","2016-08-10"
"2641","2016-08-10","2020-01-03"
"2642","2015-08-08","2015-08-08"
"2643","",""
"2644","2015-07-31","2016-01-09"
"2645","2015-07-18","2017-08-14"
"2646","2018-03-06","2020-01-02"
"2647","2017-10-15","2021-07-01"
"2648","2015-07-28","2016-03-28"
"2649","2015-07-16","2018-04-20"
"2650","2015-09-12","2026-06-06"
"2651","",""
"2652","2015-07-19","2017-01-17"
"2653","2015-08-10","2018-01-12"
"2654","2015-08-13","2016-09-05"
"2655","2015-10-10","2019-07-01"
"2656","2016-12-26","2023-08-06"
"2657","2015-09-08","2015-12-30"
"2658","2021-07-16","2021-07-16"
"2659","2018-09-29","2019-09-06"
"2660","2015-09-04","2015-09-04"
"2661","2015-07-22","2015-08-12"
"2662","2015-10-31","2025-09-12"
"2663","2015-08-31","2022-08-28"
"2664","2015-07-22","2016-06-09"
"2665","2015-07-26","2025-08-07"
"2666","2015-07-21","2016-09-15"
"2667","2015-09-01","2015-09-06"
"2668","2015-08-07","2015-08-31"
"2669","2015-09-02","2015-09-02"
"2670","2015-09-16","2015-11-02"
"2671","2015-08-05","2015-08-20"
"2672","2015-08-02","2015-12-28"
"2673","2015-08-11","2018-06-06"
"2674","2015-10-03","2023-10-26"
"2675","2015-08-10","2015-08-10"
"2676","2015-07-23","2015-09-26"
"2677","2015-07-27","2026-02-25"
"2678","2015-12-18","2015-12-18"
"2679","2015-11-04","2017-06-08"
"2680","2015-07-26","2015-09-22"
"2681","2015-08-03","2015-12-27"
"2682","2015-09-21","2015-12-07"
"2683","2015-08-13","2026-04-26"
"2684","2015-08-10","2016-09-07"
"2685","2015-12-20","2015-12-20"
"2686","2015-10-17","2015-11-29"
"2687","",""
"2688","2015-11-01","2026-05-16"
"2689","2016-04-15","2020-03-19"
"2690","2015-07-28","2016-01-04"
"2691","",""
"2692","2015-09-11","2025-04-14"
"2693","2015-07-27","2015-08-10"
"2694","",""
"2695","2015-08-23","2016-07-01"
"2696","2015-10-06","2026-02-01"
"2697","2015-09-24","2015-10-12"
"2698","2016-05-25","2026-01-01"
"2699","2015-08-07","2016-06-26"
"2700","2015-08-01","2015-09-21"
"2701","2015-08-07","2015-08-20"
"2702","2015-08-09","2015-08-24"
"2703","",""
"2704","2015-09-04","2026-06-11"
"2705","2015-08-21","2015-09-19"
"2706","",""
"2707","2015-08-16","2018-12-09"
"2708","2015-08-16","2019-12-20"
"2709","2015-08-04","2016-04-30"
"2710","2015-11-29","2017-02-19"
"2711","2015-09-07","2017-06-26"
"2712","2015-08-24","2018-09-08"
"2713","2015-08-15","2015-09-18"
"2714","2015-09-21","2019-04-18"
"2715","2016-07-02","2025-11-24"
"2716","2015-09-14","2026-05-03"
"2717","2015-08-07","2018-07-24"
"2718","2015-09-12","2023-10-12"
"2719","",""
"2720","",""
"2721","2015-08-24","2015-12-31"
"2722","2015-08-31","2015-11-28"
"2723","",""
"2724","2015-08-09","2016-10-31"
"2725","2015-08-07","2016-02-15"
"2726","2019-04-22","2023-08-14"
"2727","",""
"2728","2015-08-21","2016-06-06"
"2729","2015-08-21","2022-01-02"
"2730","2015-12-28","2016-09-05"
"2731","2015-08-10","2018-05-19"
"2732","2016-05-18","2023-08-30"
"2733","2022-04-11","2023-05-17"
"2734","2016-06-05","2016-07-23"
"2735","2015-08-21","2015-08-26"
"2736","2017-03-17","2024-12-03"
"2737","2016-08-12","2019-08-17"
"2738","2015-08-17","2015-09-14"
"2739","2015-09-09","2023-09-20"
"2740","2015-08-25","2015-09-03"
"2741","2015-08-14","2022-05-29"
"2742","",""
"2743","2015-11-27","2016-03-17"
"2744","2016-09-05","2025-08-31"
"2745","2015-08-24","2015-09-09"
"2746","2015-08-01","2015-08-01"
"2747","2016-05-21","2016-10-17"
"2748","2015-12-20","2022-08-20"
"2749","2016-02-14","2024-01-12"
"2750","2015-08-25","2015-11-18"
"2751","2015-09-08","2016-11-27"
"2752","2015-08-08","2015-09-30"
"2753","2019-05-16","2020-03-13"
"2754","2015-08-08","2015-08-23"
"2755","2016-08-22","2020-02-16"
"2756","2015-09-13","2026-05-27"
"2757","2015-11-16","2019-08-31"
"2758","2015-10-05","2026-05-17"
"2759","2015-08-12","2017-07-29"
"2760","2015-08-05","2017-04-30"
"2761","2015-08-09","2015-08-22"
"2762","2015-09-05","2015-09-13"
"2763","2017-06-16","2025-06-12"
"2764","2015-09-04","2015-09-24"
"2765","2015-09-27","2020-01-02"
"2766","2015-09-22","2024-11-30"
"2767","2015-08-11","2019-01-01"
"2768","2015-08-29","2015-08-29"
"2769","",""
"2770","2015-09-26","2020-08-17"
"2771","2015-08-24","2025-07-24"
"2772","2015-09-06","2023-11-24"
"2773","2015-08-07","2016-08-04"
"2774","",""
"2775","2015-08-31","2016-03-30"
"2776","2019-05-11","2023-10-15"
"2777","2016-03-18","2026-05-30"
"2778","2015-08-12","2019-01-05"
"2779","2015-09-22","2015-09-22"
"2780","2015-09-09","2017-09-17"
"2781","",""
"2782","2015-08-11","2023-08-11"
"2783","2015-08-14","2016-03-31"
"2784","2015-08-12","2015-10-11"
"2785","2015-08-07","2026-05-31"
"2786","2016-09-11","2016-10-31"
"2787","2015-08-25","2016-07-04"
"2788","2015-09-14","2021-07-11"
"2789","2015-09-21","2025-08-31"
"2790","",""
"2791","2015-09-17","2015-09-27"
"2792","2015-08-30","2026-05-31"
"2793","2015-11-02","2023-02-06"
"2794","2015-08-29","2026-06-06"
"2795","2015-08-23","2016-03-12"
"2796","2016-06-22","2026-05-22"
"2797","2015-09-08","2015-09-08"
"2798","2015-10-16","2026-02-12"
"2799","2015-09-12","2015-09-12"
"2800","2015-12-20","2026-05-17"
"2801","2015-09-26","2017-12-29"
"2802","2015-09-14","2023-11-11"
"2803","2015-11-09","2019-05-27"
"2804","2016-05-28","2022-01-01"
"2805","2021-11-20","2023-12-09"
"2806","2024-05-25","2024-05-25"
"2807","2015-08-24","2015-09-27"
"2808","2015-09-04","2015-09-04"
"2809","2015-09-20","2016-07-10"
"2810","2015-10-08","2025-08-18"
"2811","2015-12-03","2019-09-08"
"2812","2015-08-24","2024-06-03"
"2813","2015-08-18","2025-07-01"
"2814","2015-09-21","2023-10-30"
"2815","2015-09-18","2015-09-18"
"2816","2015-10-11","2024-06-10"
"2817","2015-08-31","2015-09-03"
"2818","2015-09-07","2024-05-07"
"2819","2015-08-24","2015-09-18"
"2820","2015-10-12","2025-08-10"
"2821","2015-08-16","2022-07-31"
"2822","",""
"2823","2015-08-21","2016-06-27"
"2824","2015-09-27","2015-09-27"
"2825","2015-08-31","2015-08-31"
"2826","",""
"2827","2015-08-30","2019-05-21"
"2828","2016-05-24","2026-06-01"
"2829","2015-09-07","2015-10-26"
"2830","2015-09-28","2017-01-02"
"2831","",""
"2832","2015-10-07","2023-06-13"
"2833","2015-08-25","2025-08-30"
"2834","2015-09-07","2019-07-01"
"2835","2017-01-05","2025-06-03"
"2836","2015-09-10","2015-10-05"
"2837","2015-09-12","2026-05-30"
"2838","2015-08-24","2015-08-30"
"2839","2015-09-06","2026-06-10"
"2840","2015-10-08","2019-03-19"
"2841","2015-09-07","2015-09-07"
"2842","2015-08-19","2026-03-31"
"2843","2015-12-01","2026-01-12"
"2844","2015-09-03","2021-06-16"
"2845","",""
"2846","2015-08-18","2025-09-11"
"2847","2015-09-12","2017-07-30"
"2848","2015-10-03","2018-10-01"
"2849","2015-09-12","2015-09-15"
"2850","2015-09-01","2015-12-19"
"2851","2016-08-07","2017-10-08"
"2852","2015-09-16","2018-03-11"
"2853","2021-09-17","2026-05-14"
"2854","2016-02-15","2016-09-24"
"2855","2016-01-17","2016-01-17"
"2856","2016-09-21","2026-05-29"
"2857","2015-09-07","2016-05-21"
"2858","2023-06-14","2023-06-14"
"2859","",""
"2860","2015-09-12","2018-09-25"
"2861","2016-01-29","2024-09-05"
"2862","2016-02-08","2026-05-16"
"2863","2015-09-19","2015-09-26"
"2864","2015-09-09","2016-06-28"
"2865","2015-10-02","2023-10-26"
"2866","2015-10-02","2019-11-30"
"2867","2016-03-31","2017-01-03"
"2868","",""
"2869","2015-09-17","2015-11-10"
"2870","2015-09-04","2015-10-21"
"2871","2015-10-12","2016-06-20"
"2872","2015-09-22","2019-06-22"
"2873","2015-10-04","2025-02-01"
"2874","2015-10-10","2015-10-17"
"2875","2015-09-08","2015-09-21"
"2876","2015-09-09","2018-05-29"
"2877","2015-10-24","2017-01-02"
"2878","2015-09-21","2019-10-31"
"2879","2015-10-06","2019-01-03"
"2880","2017-12-28","2020-03-14"
"2881","2015-09-13","2016-01-14"
"2882","2015-09-06","2015-09-06"
"2883","2015-09-28","2015-10-24"
"2884","2015-09-26","2016-09-29"
"2885","2015-09-26","2015-11-01"
"2886","2015-09-05","2015-09-21"
"2887","2015-08-29","2025-08-23"
"2888","2016-09-19","2016-09-28"
"2889","2015-10-14","2026-05-07"
"2890","2015-09-12","2015-09-25"
"2891","2015-09-21","2017-01-03"
"2892","2015-09-30","2017-05-09"
"2893","2015-09-14","2025-07-15"
"2894","2015-09-14","2026-06-03"
"2895","2015-09-08","2026-06-02"
"2896","2015-09-11","2026-05-18"
"2897","2015-09-14","2026-06-01"
"2898","2015-09-21","2026-06-03"
"2899","2015-09-22","2025-08-04"
"2900","2015-09-16","2021-08-30"
"2901","2015-09-14","2021-09-18"
"2902","2015-09-21","2015-12-01"
"2903","2016-06-13","2022-09-11"
"2904","2015-09-12","2023-09-05"
"2905","2015-11-15","2015-11-15"
"2906","",""
"2907","",""
"2908","2015-10-18","2017-09-22"
"2909","2015-09-14","2024-09-15"
"2910","2015-11-07","2017-08-21"
"2911","2016-01-02","2023-12-04"
"2912","2015-10-12","2015-10-12"
"2913","2015-11-15","2018-06-01"
"2914","2015-10-11","2016-11-27"
"2915","2015-09-22","2017-01-02"
"2916","",""
"2917","2016-03-29","2025-11-01"
"2918","2015-09-26","2015-09-26"
"2919","2015-09-07","2024-05-17"
"2920","2015-09-24","2026-06-07"
"2921","2015-09-17","2016-01-02"
"2922","",""
"2923","2015-10-31","2021-02-21"
"2924","2015-09-20","2015-12-31"
"2925","2015-09-11","2016-07-01"
"2926","2015-09-24","2025-10-10"
"2927","2015-09-20","2026-05-24"
"2928","2015-09-25","2020-08-30"
"2929","2016-01-05","2017-02-14"
"2930","",""
"2931","2017-11-20","2018-07-28"
"2932","2015-10-12","2016-05-01"
"2933","2017-03-19","2019-09-17"
"2934","2017-01-01","2019-12-15"
"2935","2015-10-31","2018-10-02"
"2936","2015-12-15","2024-07-31"
"2937","2015-10-07","2023-12-03"
"2938","2015-09-23","2025-05-26"
"2939","2015-12-18","2025-10-17"
"2940","2015-09-21","2016-04-01"
"2941","2015-11-29","2018-09-10"
"2942","2015-12-10","2016-01-02"
"2943","2015-09-18","2023-10-14"
"2944","2015-09-25","2019-01-01"
"2945","2015-10-02","2017-07-15"
"2946","2015-10-18","2018-01-10"
"2947","2015-09-21","2015-09-21"
"2948","2015-09-20","2023-10-22"
"2949","2015-10-11","2015-10-30"
"2950","2015-10-13","2017-12-22"
"2951","2015-10-04","2019-01-02"
"2952","2016-04-08","2026-06-09"
"2953","2015-09-26","2016-03-19"
"2954","2015-11-21","2025-11-01"
"2955","2015-09-26","2026-06-07"
"2956","2016-05-16","2019-01-28"
"2957","2015-09-20","2017-03-19"
"2958","2015-10-01","2015-10-01"
"2959","2016-02-01","2024-07-30"
"2960","2015-10-05","2016-08-22"
"2961","",""
"2962","2015-09-29","2015-11-04"
"2963","2015-09-21","2015-11-01"
"2964","2015-10-01","2018-04-29"
"2965","2017-03-13","2026-06-06"
"2966","2015-09-26","2015-09-26"
"2967","2015-09-24","2024-03-03"
"2968","2019-12-23","2020-03-11"
"2969","2015-10-17","2026-04-18"
"2970","2016-04-30","2025-05-15"
"2971","2019-05-06","2025-07-04"
"2972","2015-10-03","2024-07-02"
"2973","2015-09-21","2026-05-25"
"2974","2015-12-20","2017-01-01"
"2975","2016-01-15","2017-04-19"
"2976","2015-09-26","2023-07-24"
"2977","",""
"2978","",""
"2979","2015-10-15","2017-06-12"
"2980","2015-09-16","2019-05-18"
"2981","",""
"2982","2015-09-28","2015-09-28"
"2983","2015-09-20","2026-05-04"
"2984","2018-06-03","2020-01-02"
"2985","2015-09-24","2015-10-20"
"2986","2017-01-01","2018-10-08"
"2987","2016-01-01","2016-01-01"
"2988","2015-09-30","2026-05-31"
"2989","2015-09-25","2022-11-21"
"2990","2015-09-28","2024-11-06"
"2991","2015-10-03","2021-02-16"
"2992","2015-10-08","2017-07-06"
"2993","",""
"2994","2016-09-14","2020-01-04"
"2995","2015-09-21","2018-05-21"
"2996","2015-10-01","2017-07-03"
"2997","2015-09-27","2024-10-25"
"2998","",""
"2999","2015-09-21","2019-01-01"
"3000","2021-06-24","2026-05-29"
"3001","2015-10-03","2015-10-03"
"3002","2018-07-29","2020-01-02"
"3003","2016-07-20","2019-05-18"
"3004","2017-09-02","2020-01-06"
"3005","2015-09-28","2023-08-19"
"3006","2015-10-12","2019-10-13"
"3007","2015-10-24","2015-11-02"
"3008","2015-10-02","2024-10-27"
"3009","2015-10-26","2015-11-02"
"3010","2019-01-01","2019-01-01"
"3011","2015-10-22","2025-11-02"
"3012","2016-12-04","2017-06-12"
"3013","2016-07-23","2026-06-05"
"3014","2015-09-29","2015-10-01"
"3015","2023-06-05","2023-08-05"
"3016","2015-10-26","2019-06-16"
"3017","2015-10-10","2015-10-17"
"3018","2015-09-28","2017-08-31"
"3019","2015-10-27","2015-10-27"
"3020","",""
"3021","2015-09-27","2015-12-28"
"3022","2015-10-06","2023-08-07"
"3023","2015-10-11","2016-01-02"
"3024","2015-10-17","2023-10-18"
"3025","2015-10-15","2018-11-05"
"3026","2015-10-24","2020-03-07"
"3027","2015-10-12","2017-07-25"
"3028","2015-09-27","2020-01-02"
"3029","2015-10-24","2017-01-29"
"3030","",""
"3031","2015-10-10","2024-05-11"
"3032","2016-10-11","2025-05-01"
"3033","2015-10-27","2016-10-09"
"3034","2015-10-14","2025-04-22"
"3035","2015-10-05","2017-04-26"
"3036","2015-10-30","2017-04-20"
"3037","2019-03-01","2025-09-28"
"3038","",""
"3039","2015-11-06","2019-01-01"
"3040","2015-11-02","2023-10-30"
"3041","2015-10-02","2026-06-04"
"3042","2015-10-17","2023-12-01"
"3043","2015-10-05","2018-12-28"
"3044","2017-04-23","2019-12-13"
"3045","2015-10-30","2026-05-25"
"3046","2015-10-10","2016-09-24"
"3047","2018-05-07","2020-01-09"
"3048","2015-09-27","2018-10-04"
"3049","2015-10-11","2016-07-25"
"3050","2015-10-13","2019-09-13"
"3051","2015-10-12","2023-09-25"
"3052","",""
"3053","2015-10-04","2017-02-22"
"3054","2015-10-12","2024-11-27"
"3055","2016-01-02","2016-05-28"
"3056","2015-10-17","2016-04-02"
"3057","2016-01-02","2017-01-05"
"3058","2015-10-12","2015-10-12"
"3059","2016-05-08","2023-10-22"
"3060","2015-10-13","2023-07-02"
"3061","2015-10-24","2023-01-02"
"3062","2015-10-05","2023-05-05"
"3063","2019-05-31","2023-11-30"
"3064","2015-10-11","2026-03-31"
"3065","2015-11-27","2019-07-07"
"3066","2015-11-01","2016-07-31"
"3067","2015-10-12","2016-06-17"
"3068","2015-10-05","2017-08-28"
"3069","2015-11-25","2015-11-25"
"3070","2018-09-04","2018-12-27"
"3071","2016-03-18","2016-04-27"
"3072","2015-11-17","2026-02-16"
"3073","2016-06-20","2016-06-20"
"3074","2015-10-19","2016-11-27"
"3075","2015-11-29","2019-09-05"
"3076","2015-10-24","2015-10-24"
"3077","2015-10-12","2023-08-29"
"3078","2016-08-31","2016-08-31"
"3079","2016-05-23","2017-06-19"
"3080","2015-10-19","2023-09-01"
"3081","2015-10-07","2016-09-22"
"3082","2015-10-28","2026-06-08"
"3083","2016-09-06","2016-10-01"
"3084","2015-10-13","2025-07-23"
"3085","2015-10-09","2015-11-22"
"3086","2015-10-24","2018-07-28"
"3087","2016-05-20","2025-10-01"
"3088","2015-11-01","2016-04-08"
"3089","2015-10-12","2026-05-30"
"3090","2015-11-01","2026-05-24"
"3091","",""
"3092","2015-10-09","2015-10-09"
"3093","2015-10-17","2026-05-20"
"3094","2015-10-12","2016-06-20"
"3095","2015-10-11","2016-08-10"
"3096","2015-10-17","2021-03-26"
"3097","2020-01-01","2026-02-25"
"3098","2016-05-31","2016-05-31"
"3099","2015-11-02","2019-12-31"
"3100","2017-03-05","2017-03-05"
"3101","2015-10-12","2023-07-01"
"3102","2015-10-10","2023-11-05"
"3103","2015-10-13","2015-10-13"
"3104","2015-10-20","2015-10-20"
"3105","2015-10-12","2026-05-29"
"3106","2016-08-09","2017-07-23"
"3107","2015-12-25","2023-11-19"
"3108","2015-11-20","2026-05-30"
"3109","2015-12-27","2015-12-27"
"3110","2016-10-30","2022-11-05"
"3111","2015-10-16","2026-05-26"
"3112","2015-10-16","2016-01-18"
"3113","2015-10-19","2016-05-09"
"3114","2015-10-19","2020-01-31"
"3115","2015-12-01","2015-12-01"
"3116","2015-12-16","2015-12-16"
"3117","2015-10-27","2017-06-14"
"3118","2015-11-28","2025-08-05"
"3119","2015-11-08","2025-07-26"
"3120","2015-11-03","2015-11-03"
"3121","2015-11-16","2016-05-22"
"3122","",""
"3123","",""
"3124","2015-10-22","2015-11-29"
"3125","2015-12-28","2017-06-02"
"3126","2015-11-01","2016-01-13"
"3127","2015-11-02","2015-11-02"
"3128","2015-11-15","2016-10-22"
"3129","2015-11-28","2015-12-28"
"3130","2015-10-18","2015-10-18"
"3131","2018-03-30","2024-12-23"
"3132","2015-12-22","2015-12-30"
"3133","2015-12-04","2026-06-08"
"3134","2015-12-19","2016-11-24"
"3135","2019-10-10","2020-03-09"
"3136","2015-12-28","2016-10-08"
"3137","2015-10-27","2016-06-26"
"3138","",""
"3139","2015-12-29","2019-05-15"
"3140","",""
"3141","2015-10-24","2015-12-14"
"3142","2015-11-25","2015-11-29"
"3143","2017-10-04","2018-05-20"
"3144","2015-10-25","2019-07-03"
"3145","2015-11-08","2023-09-07"
"3146","2015-12-26","2016-07-26"
"3147","2016-01-03","2016-08-16"
"3148","2015-11-06","2026-01-05"
"3149","2015-11-03","2025-06-01"
"3150","2015-11-29","2023-08-20"
"3151","2015-11-19","2024-11-27"
"3152","2015-11-04","2025-01-10"
"3153","2015-11-02","2018-12-16"
"3154","2015-11-08","2017-06-14"
"3155","2015-10-25","2016-04-18"
"3156","2016-04-12","2016-04-12"
"3157","2021-10-31","2023-10-16"
"3158","2015-12-20","2015-12-20"
"3159","2017-04-30","2020-03-14"
"3160","2015-10-24","2023-12-10"
"3161","2016-03-06","2016-08-17"
"3162","2015-11-27","2015-11-28"
"3163","2015-11-02","2021-08-01"
"3164","",""
"3165","2015-11-09","2025-08-11"
"3166","",""
"3167","2015-11-03","2015-11-25"
"3168","2015-10-26","2023-10-17"
"3169","2015-10-31","2026-03-17"
"3170","2016-01-31","2025-08-09"
"3171","2015-11-02","2015-11-02"
"3172","",""
"3173","2015-11-16","2018-05-28"
"3174","2015-12-03","2023-08-13"
"3175","2015-11-27","2023-08-28"
"3176","2016-08-03","2020-01-04"
"3177","",""
"3178","2015-12-14","2017-09-30"
"3179","",""
"3180","2015-11-01","2015-11-01"
"3181","2015-11-09","2015-11-18"
"3182","2015-11-07","2016-01-05"
"3183","2015-11-01","2024-08-23"
"3184","2015-12-22","2015-12-29"
"3185","",""
"3186","2015-12-22","2016-06-12"
"3187","2016-05-31","2022-07-01"
"3188","2015-11-02","2025-08-16"
"3189","2016-01-24","2018-09-09"
"3190","2015-11-07","2016-01-03"
"3191","2015-12-06","2022-10-18"
"3192","2016-10-10","2026-06-08"
"3193","2015-11-15","2015-11-25"
"3194","2015-11-02","2023-10-15"
"3195","2015-11-03","2018-06-29"
"3196","2015-11-03","2024-06-21"
"3197","2015-11-01","2016-09-30"
"3198","2015-11-10","2016-01-02"
"3199","2015-11-29","2016-03-24"
"3200","2015-12-14","2026-06-05"
"3201","2015-12-30","2016-07-30"
"3202","2022-07-29","2026-01-03"
"3203","2015-11-29","2015-11-29"
"3204","2016-03-31","2024-09-04"
"3205","",""
"3206","2015-12-01","2016-12-27"
"3207","2016-06-17","2016-08-16"
"3208","2016-10-14","2026-04-03"
"3209","2015-12-09","2025-07-10"
"3210","2015-11-20","2020-10-01"
"3211","2016-01-02","2016-01-02"
"3212","2015-12-27","2015-12-27"
"3213","2016-04-26","2025-07-03"
"3214","2016-04-17","2026-05-26"
"3215","2015-11-28","2016-11-27"
"3216","2015-11-27","2016-08-27"
"3217","2015-12-07","2015-12-29"
"3218","2016-01-05","2019-12-30"
"3219","2015-11-09","2015-11-09"
"3220","2016-03-12","2016-04-01"
"3221","2015-11-02","2023-09-30"
"3222","2015-11-20","2018-01-01"
"3223","2015-11-16","2025-11-30"
"3224","2016-02-08","2016-02-08"
"3225","2015-11-17","2026-02-03"
"3226","2016-01-03","2016-01-03"
"3227","2015-11-02","2015-12-09"
"3228","2019-07-13","2019-09-25"
"3229","2015-11-23","2016-12-27"
"3230","2015-12-01","2015-12-01"
"3231","",""
"3232","",""
"3233","",""
"3234","",""
"3235","2016-07-25","2017-12-09"
"3236","2016-02-03","2016-05-01"
"3237","2016-04-18","2025-10-15"
"3238","2016-06-16","2017-07-25"
"3239","2015-12-28","2024-11-30"
"3240","2015-12-05","2020-09-05"
"3241","2015-12-14","2018-03-02"
"3242","2015-12-07","2018-12-25"
"3243","2016-01-01","2016-01-01"
"3244","2016-09-04","2024-12-05"
"3245","2016-05-15","2025-06-01"
"3246","2016-01-03","2016-01-03"
"3247","2015-11-21","2025-07-30"
"3248","2019-08-09","2022-08-31"
"3249","2015-11-28","2015-11-28"
"3250","2015-11-22","2017-09-04"
"3251","2016-05-07","2026-06-08"
"3252","2015-12-10","2015-12-13"
"3253","2015-12-21","2016-12-31"
"3254","2016-06-06","2026-04-13"
"3255","2016-01-05","2016-06-04"
"3256","",""
"3257","2022-08-07","2023-08-20"
"3258","",""
"3259","2015-11-29","2016-10-16"
"3260","2022-08-20","2022-08-20"
"3261","2015-12-24","2016-02-22"
"3262","2015-12-03","2015-12-03"
"3263","2015-12-27","2015-12-27"
"3264","",""
"3265","2015-11-08","2016-03-17"
"3266","2016-01-09","2021-08-27"
"3267","2015-12-06","2025-07-02"
"3268","2016-04-18","2026-05-06"
"3269","2015-12-08","2020-01-02"
"3270","2016-01-07","2016-01-07"
"3271","2015-11-20","2016-03-30"
"3272","2015-11-23","2015-11-23"
"3273","2017-12-17","2026-04-05"
"3274","2015-12-24","2017-10-13"
"3275","2015-12-30","2016-05-01"
"3276","2015-12-19","2017-06-15"
"3277","2015-12-16","2024-10-08"
"3278","2016-01-05","2025-12-11"
"3279","2015-11-23","2016-01-01"
"3280","2015-11-17","2017-09-07"
"3281","2015-11-15","2025-01-07"
"3282","",""
"3283","2015-12-25","2019-10-14"
"3284","2017-01-01","2017-01-01"
"3285","2015-11-28","2015-11-28"
"3286","2015-12-30","2026-03-31"
"3287","2016-08-08","2016-08-08"
"3288","2015-12-06","2015-12-06"
"3289","2016-01-03","2026-05-28"
"3290","2015-12-27","2017-08-31"
"3291","2015-11-15","2018-10-08"
"3292","2015-12-06","2016-02-03"
"3293","2016-01-05","2025-09-22"
"3294","2016-06-07","2025-10-01"
"3295","2015-12-06","2017-12-08"
"3296","",""
"3297","2016-07-17","2018-07-01"
"3298","2015-12-14","2015-12-14"
"3299","2015-12-22","2026-03-31"
"3300","2016-02-01","2017-01-02"
"3301","",""
"3302","2016-05-01","2016-08-15"
"3303","2015-12-09","2023-08-05"
"3304","2015-12-07","2025-03-31"
"3305","",""
"3306","2018-11-14","2024-12-07"
"3307","2016-01-01","2016-06-26"
"3308","2016-01-02","2016-01-02"
"3309","2016-07-31","2022-12-19"
"3310","2016-02-01","2022-02-28"
"3311","",""
"3312","2016-02-01","2023-09-01"
"3313","2016-01-29","2023-12-20"
"3314","2016-04-01","2019-01-27"
"3315","2015-12-30","2016-01-03"
"3316","2016-05-24","2026-06-11"
"3317","2016-01-02","2021-10-17"
"3318","2015-12-30","2016-09-05"
"3319","2015-11-20","2026-05-11"
"3320","2023-09-29","2025-04-13"
"3321","2016-01-02","2016-01-02"
"3322","2016-01-02","2025-01-12"
"3323","2015-12-27","2015-12-27"
"3324","",""
"3325","2016-08-28","2016-08-28"
"3326","2016-10-19","2025-11-01"
"3327","2015-12-21","2015-12-21"
"3328","2016-03-29","2017-01-02"
"3329","2015-12-12","2016-01-01"
"3330","2016-05-31","2026-05-23"
"3331","2015-11-29","2015-12-07"
"3332","2016-01-01","2020-01-07"
"3333","",""
"3334","2016-07-25","2016-07-25"
"3335","2015-12-28","2016-01-01"
"3336","",""
"3337","2015-12-08","2025-08-01"
"3338","2016-08-28","2023-09-13"
"3339","2015-12-31","2024-05-06"
"3340","2017-04-16","2024-11-01"
"3341","2015-12-13","2016-05-26"
"3342","2016-07-11","2024-10-07"
"3343","",""
"3344","",""
"3345","2015-12-02","2015-12-25"
"3346","2015-11-28","2016-01-03"
"3347","2016-09-13","2025-05-24"
"3348","2015-11-22","2016-01-01"
"3349","2015-12-09","2026-01-21"
"3350","",""
"3351","2016-06-22","2016-06-22"
"3352","2015-12-14","2020-01-11"
"3353","2016-09-19","2023-10-03"
"3354","2015-12-06","2026-06-08"
"3355","2016-01-05","2016-01-05"
"3356","2016-08-21","2019-06-09"
"3357","2016-03-26","2022-10-02"
"3358","2016-01-06","2018-05-07"
"3359","2016-08-11","2025-08-30"
"3360","2015-11-28","2016-06-04"
"3361","2015-12-11","2022-08-13"
"3362","2015-12-29","2023-08-01"
"3363","2017-10-31","2019-06-30"
"3364","2021-05-31","2021-09-07"
"3365","2016-04-24","2026-05-05"
"3366","2016-01-17","2016-01-17"
"3367","",""
"3368","2016-08-26","2018-08-28"
"3369","2015-12-30","2015-12-30"
"3370","2015-12-31","2016-01-05"
"3371","2016-06-07","2025-01-16"
"3372","",""
"3373","2015-12-22","2017-02-22"
"3374","2015-12-31","2015-12-31"
"3375","",""
"3376","2018-05-08","2026-06-05"
"3377","2015-12-16","2016-01-02"
"3378","2015-12-01","2026-05-09"
"3379","",""
"3380","2017-07-08","2023-11-28"
"3381","2016-01-06","2016-01-06"
"3382","2015-12-07","2023-11-22"
"3383","2016-04-14","2026-05-31"
"3384","",""
"3385","2016-01-01","2016-08-22"
"3386","2016-08-14","2018-04-30"
"3387","2015-12-31","2022-12-11"
"3388","2016-01-02","2017-08-04"
"3389","2016-07-30","2020-03-10"
"3390","",""
"3391","",""
"3392","2016-04-14","2025-04-30"
"3393","2015-12-06","2023-08-31"
"3394","2017-09-12","2017-11-06"
"3395","2016-04-02","2016-04-02"
"3396","2016-01-03","2019-10-20"
"3397","2015-12-13","2015-12-13"
"3398","2015-12-08","2017-04-24"
"3399","2015-12-22","2026-06-09"
"3400","2015-12-31","2015-12-31"
"3401","",""
"3402","2016-01-03","2022-12-15"
"3403","2016-01-08","2017-01-04"
"3404","2016-01-06","2016-01-06"
"3405","2015-12-30","2016-01-05"
"3406","2015-12-19","2016-01-02"
"3407","2015-12-23","2016-01-13"
"3408","2016-01-19","2024-11-02"
"3409","2017-06-29","2023-12-04"
"3410","2016-01-05","2022-04-02"
"3411","2018-12-09","2019-12-26"
"3412","2016-04-11","2017-09-08"
"3413","2016-09-01","2017-11-25"
"3414","2015-12-31","2026-05-31"
"3415","2019-06-11","2025-12-14"
"3416","2016-07-08","2026-02-03"
"3417","2024-08-11","2026-05-22"
"3418","2015-12-27","2018-05-15"
"3419","",""
"3420","2016-05-16","2016-06-27"
"3421","2015-12-02","2016-10-23"
"3422","2016-03-01","2018-04-30"
"3423","2016-07-01","2016-08-06"
"3424","2016-01-03","2020-01-06"
"3425","2016-08-02","2026-03-15"
"3426","2016-06-26","2016-07-30"
"3427","2016-03-06","2025-11-02"
"3428","2015-12-29","2019-12-26"
"3429","2016-01-26","2024-10-31"
"3430","2016-01-01","2026-06-06"
"3431","2016-01-18","2017-01-03"
"3432","2015-12-20","2016-06-27"
"3433","2016-01-05","2016-01-08"
"3434","2016-08-27","2016-08-27"
"3435","2016-04-18","2020-11-27"
"3436","2015-12-13","2016-01-05"
"3437","2016-01-05","2016-01-05"
"3438","",""
"3439","",""
"3440","2016-01-02","2026-06-08"
"3441","2015-12-30","2025-07-11"
"3442","2015-12-29","2016-12-29"
"3443","2018-08-19","2019-01-01"
"3444","2016-08-02","2026-05-30"
"3445","2016-01-05","2018-05-21"
"3446","2016-05-22","2016-05-22"
"3447","2016-01-02","2020-01-04"
"3448","2015-12-31","2015-12-31"
"3449","2016-06-19","2025-09-20"
"3450","2016-01-11","2026-05-31"
"3451","2015-12-22","2018-01-25"
"3452","2016-02-17","2019-03-19"
"3453","",""
"3454","2017-01-02","2018-08-17"
"3455","2016-01-05","2016-01-05"
"3456","",""
"3457","2015-12-30","2016-09-01"
"3458","2016-10-21","2017-12-26"
"3459","2016-01-03","2025-01-31"
"3460","2016-04-17","2026-03-31"
"3461","2016-01-03","2020-01-01"
"3462","2016-01-14","2016-01-14"
"3463","2018-09-30","2020-01-05"
"3464","2016-05-04","2020-01-03"
"3465","2017-07-21","2019-04-22"
"3466","2016-01-03","2016-01-03"
"3467","2016-01-13","2023-09-18"
"3468","",""
"3469","",""
"3470","",""
"3471","2016-02-08","2023-07-12"
"3472","",""
"3473","2016-02-15","2016-10-01"
"3474","",""
"3475","2015-12-28","2025-09-20"
"3476","2015-12-27","2016-07-24"
"3477","2016-01-31","2016-08-24"
"3478","2016-01-02","2017-06-05"
"3479","2015-12-28","2019-11-03"
"3480","2016-01-01","2016-01-01"
"3481","",""
"3482","2015-12-14","2017-01-22"
"3483","2016-06-14","2017-06-20"
"3484","",""
"3485","2016-02-28","2016-09-21"
"3486","2016-01-01","2016-01-01"
"3487","2016-04-17","2023-09-30"
"3488","2016-01-03","2021-08-14"
"3489","2019-08-22","2019-08-22"
"3490","2016-06-24","2018-02-19"
"3491","2015-12-11","2023-05-21"
"3492","2016-01-08","2017-04-28"
"3493","2015-12-29","2019-02-12"
"3494","2015-12-29","2026-05-30"
"3495","2016-05-02","2018-08-11"
"3496","2015-12-12","2026-01-31"
"3497","",""
"3498","2016-01-01","2026-05-20"
"3499","2017-08-09","2024-08-31"
"3500","2016-09-26","2018-04-01"
"3501","2016-03-25","2025-08-31"
"3502","",""
"3503","2016-03-11","2016-06-22"
"3504","2016-01-02","2017-01-01"
"3505","2016-01-18","2021-10-06"
"3506","2015-12-30","2020-01-05"
"3507","2016-01-03","2016-06-27"
"3508","2015-12-30","2016-03-22"
"3509","2016-01-03","2016-01-03"
"3510","2015-12-21","2023-09-18"
"3511","2016-04-17","2023-11-05"
"3512","2017-10-09","2018-12-09"
"3513","2016-04-01","2020-02-18"
"3514","2016-05-08","2020-01-01"
"3515","",""
"3516","",""
"3517","2015-12-26","2015-12-26"
"3518","2015-12-29","2017-12-25"
"3519","2016-01-03","2018-01-01"
"3520","2015-12-26","2015-12-26"
"3521","2015-12-21","2017-07-01"
"3522","2016-01-03","2016-11-29"
"3523","2016-06-30","2025-08-30"
"3524","2017-05-28","2019-12-30"
"3525","",""
"3526","2016-01-05","2026-06-12"
"3527","2015-12-30","2026-03-31"
"3528","2016-04-01","2018-08-27"
"3529","2016-01-02","2016-01-02"
"3530","2016-05-08","2026-04-18"
"3531","2016-06-06","2017-06-10"
"3532","2015-12-19","2025-08-07"
"3533","",""
"3534","2016-07-04","2026-06-08"
"3535","2016-01-03","2016-05-28"
"3536","2016-01-02","2016-01-02"
"3537","2016-01-02","2016-01-05"
"3538","",""
"3539","",""
"3540","2024-04-21","2026-06-11"
"3541","2016-05-22","2024-10-27"
"3542","2016-01-01","2016-08-23"
"3543","2016-02-20","2026-06-14"
"3544","2016-01-23","2016-08-29"
"3545","2016-03-11","2016-11-26"
"3546","2016-01-03","2016-01-03"
"3547","2016-01-01","2022-12-18"
"3548","2016-06-27","2023-10-02"
"3549","2016-01-02","2016-01-02"
"3550","2017-07-01","2017-12-18"
"3551","2016-06-16","2025-08-31"
"3552","2016-04-20","2026-03-14"
"3553","2015-12-22","2015-12-22"
"3554","2016-01-01","2024-03-27"
"3555","2016-06-14","2025-05-21"
"3556","2016-01-03","2016-01-03"
"3557","2016-01-07","2024-06-21"
"3558","2016-01-03","2016-01-03"
"3559","2016-02-24","2016-02-24"
"3560","2017-09-14","2024-12-20"
"3561","2015-12-30","2023-12-19"
"3562","2016-10-30","2024-11-21"
"3563","",""
"3564","",""
"3565","2015-12-29","2016-11-27"
"3566","2015-12-27","2022-10-22"
"3567","2015-12-29","2024-02-04"
"3568","2017-01-07","2018-01-04"
"3569","2016-02-16","2016-07-25"
"3570","",""
"3571","2015-12-29","2025-03-13"
"3572","2016-01-03","2022-11-07"
"3573","2016-01-16","2016-01-16"
"3574","2022-01-24","2022-05-08"
"3575","2016-01-05","2016-01-05"
"3576","2016-04-22","2016-05-07"
"3577","2016-02-28","2026-05-28"
"3578","",""
"3579","2016-05-07","2026-06-02"
"3580","2016-04-24","2024-12-21"
"3581","2016-01-02","2024-06-07"
"3582","2016-01-02","2026-02-15"
"3583","2016-05-17","2018-01-02"
"3584","2018-01-07","2026-06-01"
"3585","2018-05-29","2024-07-07"
"3586","2016-01-02","2021-12-31"
"3587","2016-05-24","2025-08-31"
"3588","2016-01-02","2016-01-02"
"3589","2016-01-02","2020-02-12"
"3590","2016-01-05","2016-06-29"
"3591","2016-04-15","2025-11-01"
"3592","",""
"3593","",""
"3594","2016-08-20","2024-02-03"
"3595","2016-04-09","2017-01-01"
"3596","2016-01-20","2016-01-20"
"3597","2016-04-06","2026-03-14"
"3598","2016-01-02","2024-08-11"
"3599","2016-01-03","2016-01-17"
"3600","2015-12-31","2016-02-14"
"3601","2016-03-01","2024-04-05"
"3602","2016-01-12","2016-05-01"
"3603","2016-01-04","2026-05-02"
"3604","2016-01-09","2026-06-02"
"3605","2015-12-29","2023-11-27"
"3606","2016-05-04","2024-08-05"
"3607","2016-01-26","2026-05-02"
"3608","2016-06-03","2019-09-01"
"3609","2016-01-11","2018-07-02"
"3610","2016-01-05","2025-11-22"
"3611","2016-01-21","2016-01-21"
"3612","",""
"3613","2016-03-23","2022-10-12"
"3614","2017-04-03","2019-05-12"
"3615","2016-09-08","2017-02-03"
"3616","2016-02-07","2020-01-11"
"3617","",""
"3618","2016-04-14","2024-10-31"
"3619","",""
"3620","2016-06-05","2023-09-09"
"3621","",""
"3622","2016-12-21","2026-04-01"
"3623","2016-05-29","2020-01-03"
"3624","2018-06-24","2018-06-24"
"3625","2016-12-27","2016-12-31"
"3626","2016-01-24","2025-11-14"
"3627","2016-06-27","2016-10-11"
"3628","2017-06-02","2025-08-16"
"3629","2016-03-06","2024-06-30"
"3630","2016-05-21","2016-09-21"
"3631","2016-06-08","2026-03-17"
"3632","2016-04-06","2025-08-02"
"3633","2016-01-04","2017-01-09"
"3634","2016-01-24","2016-01-24"
"3635","2016-07-04","2016-08-23"
"3636","2016-04-21","2025-02-07"
"3637","",""
"3638","2016-02-15","2026-05-26"
"3639","",""
"3640","2016-02-23","2026-06-07"
"3641","2016-03-22","2026-05-25"
"3642","2016-03-23","2023-05-25"
"3643","2016-02-25","2018-06-16"
"3644","2016-01-25","2023-07-06"
"3645","2016-05-08","2022-12-30"
"3646","2016-05-08","2025-10-26"
"3647","",""
"3648","2016-08-21","2019-10-13"
"3649","2016-09-19","2023-07-01"
"3650","2016-11-29","2026-02-03"
"3651","2016-04-18","2024-07-25"
"3652","2016-05-06","2025-12-20"
"3653","2016-01-10","2020-01-01"
"3654","2016-05-02","2016-08-14"
"3655","2016-05-21","2016-12-10"
"3656","2019-06-21","2026-02-02"
"3657","2016-01-14","2026-05-28"
"3658","2016-01-18","2016-01-18"
"3659","2016-02-15","2016-07-06"
"3660","2016-01-31","2020-02-23"
"3661","2016-01-14","2019-04-29"
"3662","2016-11-22","2020-03-08"
"3663","2016-04-11","2025-06-04"
"3664","2016-03-19","2026-06-01"
"3665","",""
"3666","2019-01-01","2019-11-24"
"3667","2016-02-11","2026-04-24"
"3668","2016-09-13","2016-09-13"
"3669","2021-12-20","2025-11-30"
"3670","2016-07-23","2026-02-14"
"3671","2016-04-06","2021-12-23"
"3672","2016-02-01","2026-06-08"
"3673","2016-03-01","2016-04-01"
"3674","2016-01-20","2021-10-10"
"3675","2016-03-22","2016-03-22"
"3676","2016-03-02","2016-03-02"
"3677","2016-03-27","2016-03-27"
"3678","2016-04-08","2024-11-08"
"3679","2017-08-20","2026-05-31"
"3680","2016-03-13","2025-09-26"
"3681","2016-03-06","2016-10-31"
"3682","2016-01-13","2023-08-31"
"3683","2016-04-12","2025-01-31"
"3684","2016-01-13","2025-09-13"
"3685","",""
"3686","2016-05-22","2022-11-13"
"3687","2016-02-28","2016-04-11"
"3688","",""
"3689","2016-11-15","2026-02-01"
"3690","2016-03-28","2016-03-28"
"3691","2016-07-04","2018-12-30"
"3692","2017-09-24","2020-01-01"
"3693","2016-04-11","2025-10-11"
"3694","2016-11-30","2025-12-21"
"3695","2016-02-19","2023-09-04"
"3696","2016-06-19","2018-06-27"
"3697","2016-01-21","2020-02-16"
"3698","2016-02-26","2026-06-08"
"3699","",""
"3700","2016-06-25","2022-08-14"
"3701","",""
"3702","",""
"3703","",""
"3704","2016-02-13","2016-02-13"
"3705","2020-01-05","2025-09-30"
"3706","2016-03-10","2026-05-01"
"3707","2016-02-05","2025-12-25"
"3708","2016-03-22","2026-04-24"
"3709","2016-04-02","2025-04-01"
"3710","2017-05-11","2019-09-24"
"3711","2016-03-26","2026-05-19"
"3712","2016-02-01","2019-08-30"
"3713","2016-05-19","2026-04-01"
"3714","",""
"3715","2016-07-02","2016-07-02"
"3716","2016-04-30","2016-10-19"
"3717","2016-06-02","2016-11-16"
"3718","",""
"3719","2016-05-28","2024-09-28"
"3720","2016-03-06","2017-11-26"
"3721","2016-03-13","2016-04-26"
"3722","2016-06-24","2026-04-05"
"3723","",""
"3724","",""
"3725","2016-08-08","2025-09-15"
"3726","2016-02-22","2016-02-22"
"3727","2017-12-29","2021-05-15"
"3728","2016-08-14","2019-01-02"
"3729","2016-05-05","2020-01-20"
"3730","",""
"3731","",""
"3732","2016-05-05","2023-08-07"
"3733","2018-01-01","2026-01-10"
"3734","2016-09-01","2026-06-05"
"3735","2016-03-30","2016-10-11"
"3736","2016-03-30","2016-03-30"
"3737","2016-07-26","2023-08-22"
"3738","2016-09-09","2016-11-14"
"3739","2016-04-16","2024-08-10"
"3740","2016-03-09","2016-12-30"
"3741","2017-04-28","2019-09-16"
"3742","2017-04-09","2026-05-30"
"3743","2016-02-14","2024-09-21"
"3744","2016-07-20","2019-02-17"
"3745","2016-03-09","2022-05-14"
"3746","2016-04-11","2026-02-10"
"3747","2016-02-16","2016-10-13"
"3748","2023-01-02","2023-10-10"
"3749","",""
"3750","2016-04-13","2026-02-08"
"3751","",""
"3752","2016-03-10","2026-02-07"
"3753","",""
"3754","2016-03-19","2022-12-21"
"3755","2016-05-15","2018-12-02"
"3756","2016-05-16","2022-10-21"
"3757","2016-03-16","2016-03-28"
"3758","2016-04-03","2026-05-01"
"3759","2017-01-03","2018-08-25"
"3760","2019-07-07","2020-07-18"
"3761","2016-05-03","2017-05-18"
"3762","2016-08-09","2022-09-15"
"3763","2016-03-20","2018-06-17"
"3764","2016-02-25","2025-09-03"
"3765","2016-03-15","2016-06-23"
"3766","2016-02-27","2020-04-15"
"3767","",""
"3768","2016-03-06","2016-04-27"
"3769","2016-05-21","2026-06-07"
"3770","2016-03-27","2026-04-04"
"3771","2016-04-01","2025-06-11"
"3772","2016-09-30","2016-12-29"
"3773","2016-07-28","2023-08-12"
"3774","2016-04-18","2016-07-06"
"3775","2016-05-22","2016-12-26"
"3776","",""
"3777","2016-03-24","2016-03-24"
"3778","2017-03-06","2017-06-06"
"3779","2016-04-06","2019-07-07"
"3780","2016-04-08","2019-06-15"
"3781","2016-05-10","2018-01-02"
"3782","2016-02-21","2020-02-16"
"3783","2016-03-08","2016-04-02"
"3784","2017-03-31","2026-05-13"
"3785","2016-10-05","2025-10-30"
"3786","2016-04-05","2026-05-30"
"3787","2016-03-26","2025-11-24"
"3788","2016-07-05","2016-08-29"
"3789","2016-02-29","2016-06-20"
"3790","2016-12-30","2016-12-30"
"3791","2016-03-16","2016-11-06"
"3792","2016-03-27","2026-05-04"
"3793","2016-05-16","2026-05-01"
"3794","2016-06-18","2025-12-17"
"3795","2016-03-31","2019-12-06"
"3796","2016-03-24","2016-09-20"
"3797","2016-04-28","2017-07-23"
"3798","2016-03-13","2017-05-06"
"3799","2016-11-20","2017-01-10"
"3800","2016-07-31","2026-05-17"
"3801","",""
"3802","",""
"3803","2016-03-27","2016-09-11"
"3804","2016-03-17","2026-05-16"
"3805","2016-08-20","2017-09-24"
"3806","2016-05-16","2022-07-17"
"3807","2016-04-06","2017-07-26"
"3808","2016-08-30","2025-12-31"
"3809","2016-04-25","2025-09-07"
"3810","2016-07-29","2026-03-07"
"3811","2016-07-24","2024-07-31"
"3812","2017-12-06","2026-03-08"
"3813","2024-01-05","2024-01-05"
"3814","2022-05-31","2025-06-30"
"3815","2016-07-10","2016-08-07"
"3816","2016-02-28","2023-01-02"
"3817","2016-06-11","2024-02-09"
"3818","2016-03-19","2026-05-21"
"3819","2016-03-20","2016-10-16"
"3820","2016-07-18","2016-09-06"
"3821","2016-06-10","2018-01-03"
"3822","2016-08-11","2023-11-05"
"3823","2016-03-16","2016-03-23"
"3824","2016-04-01","2018-06-29"
"3825","2016-03-23","2016-10-17"
"3826","2016-03-09","2016-10-01"
"3827","2016-03-30","2017-11-10"
"3828","2016-05-31","2024-07-31"
"3829","2016-05-22","2018-01-02"
"3830","2016-08-20","2018-04-30"
"3831","2016-08-12","2023-12-15"
"3832","2016-03-19","2024-09-01"
"3833","2016-04-07","2025-12-18"
"3834","",""
"3835","2016-03-20","2024-05-11"
"3836","2016-03-13","2023-07-31"
"3837","",""
"3838","2016-03-20","2023-10-08"
"3839","2016-04-10","2022-05-15"
"3840","",""
"3841","2016-03-21","2026-05-27"
"3842","2016-04-05","2023-01-16"
"3843","2016-10-01","2024-03-31"
"3844","",""
"3845","2016-12-01","2017-04-23"
"3846","2016-10-31","2026-05-16"
"3847","2016-05-21","2023-09-11"
"3848","2016-03-28","2020-11-18"
"3849","2016-05-22","2016-07-31"
"3850","2016-07-04","2016-08-10"
"3851","2016-05-09","2023-10-24"
"3852","2016-09-25","2022-10-09"
"3853","2017-10-11","2025-04-18"
"3854","2016-07-13","2018-09-11"
"3855","2016-04-19","2024-10-21"
"3856","2016-04-10","2020-03-08"
"3857","2016-04-10","2020-03-07"
"3858","2017-05-28","2020-09-27"
"3859","2016-04-05","2023-02-01"
"3860","2016-05-01","2026-06-11"
"3861","2018-08-06","2024-08-31"
"3862","2016-06-30","2026-05-15"
"3863","2016-05-30","2019-01-02"
"3864","2017-01-01","2025-07-19"
"3865","2016-05-16","2025-12-05"
"3866","",""
"3867","2016-06-13","2016-06-13"
"3868","",""
"3869","",""
"3870","2016-04-05","2017-01-02"
"3871","2016-04-02","2017-01-01"
"3872","2016-04-17","2026-05-24"
"3873","",""
"3874","2017-06-25","2026-03-25"
"3875","2016-08-22","2021-11-16"
"3876","",""
"3877","2016-04-02","2017-04-30"
"3878","2016-07-23","2022-10-22"
"3879","2016-06-30","2017-03-20"
"3880","2016-09-08","2024-11-15"
"3881","2017-02-15","2026-06-02"
"3882","2024-07-02","2024-07-02"
"3883","2016-04-23","2026-05-01"
"3884","2016-04-05","2016-12-30"
"3885","2026-04-05","2026-05-16"
"3886","2021-07-04","2023-01-30"
"3887","2016-07-31","2025-10-01"
"3888","2016-03-28","2026-04-16"
"3889","2016-06-13","2016-06-13"
"3890","",""
"3891","2019-07-24","2026-05-31"
"3892","2016-07-01","2016-07-23"
"3893","2016-04-15","2024-08-24"
"3894","2016-03-28","2025-09-21"
"3895","2016-04-11","2016-05-15"
"3896","2016-05-13","2026-05-01"
"3897","",""
"3898","2016-05-11","2022-08-10"
"3899","2016-03-26","2017-05-29"
"3900","2022-08-28","2023-08-20"
"3901","2016-04-05","2017-01-29"
"3902","",""
"3903","2016-05-06","2025-12-08"
"3904","2017-04-15","2017-09-24"
"3905","2017-05-28","2025-11-09"
"3906","2016-09-10","2026-04-04"
"3907","2017-09-29","2026-02-23"
"3908","2016-04-18","2023-09-16"
"3909","2016-05-18","2019-05-08"
"3910","2016-04-30","2026-03-01"
"3911","2016-04-26","2025-10-09"
"3912","2016-05-09","2022-05-29"
"3913","2016-03-28","2019-09-16"
"3914","2016-05-04","2026-04-07"
"3915","2018-07-27","2025-06-25"
"3916","2018-10-03","2021-01-08"
"3917","2022-06-06","2026-05-21"
"3918","2020-08-22","2020-09-30"
"3919","2016-05-16","2026-05-24"
"3920","2018-02-05","2025-11-16"
"3921","2016-03-28","2026-04-17"
"3922","2016-04-25","2025-08-25"
"3923","2016-06-25","2017-09-09"
"3924","2016-05-08","2025-08-19"
"3925","2016-06-26","2016-12-11"
"3926","",""
"3927","2016-05-16","2023-05-27"
"3928","2016-08-28","2016-09-30"
"3929","2016-05-19","2026-03-31"
"3930","",""
"3931","2016-05-02","2019-05-31"
"3932","2016-04-17","2024-11-26"
"3933","2016-10-25","2026-03-29"
"3934","2016-06-06","2026-06-02"
"3935","2016-05-17","2017-08-20"
"3936","2016-07-23","2020-01-02"
"3937","2016-04-27","2022-06-04"
"3938","",""
"3939","2016-04-12","2016-07-21"
"3940","2018-04-08","2020-01-02"
"3941","2016-07-04","2018-11-09"
"3942","2023-04-06","2023-04-06"
"3943","",""
"3944","2016-05-08","2019-09-16"
"3945","2019-07-31","2019-07-31"
"3946","2016-04-16","2026-06-13"
"3947","2016-04-07","2016-06-09"
"3948","2016-05-18","2023-01-13"
"3949","2017-10-28","2025-08-31"
"3950","",""
"3951","2016-04-19","2016-10-04"
"3952","2016-05-13","2016-05-13"
"3953","2016-04-17","2020-05-25"
"3954","2016-05-04","2019-06-10"
"3955","2016-06-21","2017-11-01"
"3956","2016-04-16","2016-04-23"
"3957","",""
"3958","2016-04-14","2026-04-01"
"3959","2016-05-08","2020-09-07"
"3960","2016-05-09","2025-08-04"
"3961","2016-04-20","2016-04-20"
"3962","2017-03-31","2025-12-18"
"3963","2016-06-01","2026-05-01"
"3964","2016-04-30","2016-05-30"
"3965","2020-04-02","2020-04-02"
"3966","2016-04-26","2018-07-06"
"3967","2016-04-15","2016-12-29"
"3968","",""
"3969","2016-05-06","2023-10-28"
"3970","2016-07-23","2025-04-26"
"3971","2016-09-26","2019-01-03"
"3972","2016-04-17","2026-04-27"
"3973","",""
"3974","2016-06-12","2016-06-12"
"3975","2016-05-02","2020-02-28"
"3976","2016-10-16","2017-01-16"
"3977","2016-05-29","2026-06-07"
"3978","2016-05-31","2019-08-31"
"3979","2017-07-04","2023-10-09"
"3980","2016-05-13","2016-10-31"
"3981","2016-09-05","2023-12-19"
"3982","2016-06-10","2023-05-15"
"3983","2017-08-29","2018-01-02"
"3984","2016-04-14","2023-08-19"
"3985","2016-08-15","2017-06-18"
"3986","2017-06-29","2021-04-05"
"3987","2016-06-10","2022-11-16"
"3988","",""
"3989","2016-05-04","2023-12-03"
"3990","2016-04-30","2021-08-01"
"3991","2018-06-12","2018-08-03"
"3992","2016-06-03","2025-05-05"
"3993","2017-05-31","2023-10-09"
"3994","2016-05-18","2025-11-02"
"3995","2016-04-25","2016-11-18"
"3996","2016-04-23","2020-01-03"
"3997","2016-05-20","2016-05-20"
"3998","2017-07-10","2017-07-31"
"3999","2016-05-06","2016-05-29"
"4000","",""
"4001","2016-06-05","2023-04-09"
"4002","2016-07-16","2016-07-16"
"4003","2016-06-04","2022-08-13"
"4004","2016-05-12","2016-05-20"
"4005","",""
"4006","2016-08-14","2026-05-24"
"4007","2016-06-01","2026-04-30"
"4008","2016-06-25","2016-06-25"
"4009","2016-09-01","2017-01-05"
"4010","2017-07-10","2017-07-30"
"4011","2016-05-20","2024-11-01"
"4012","2016-05-16","2020-01-01"
"4013","2016-05-22","2019-12-17"
"4014","2016-05-03","2019-08-12"
"4015","2017-05-19","2019-12-22"
"4016","2016-08-07","2026-01-05"
"4017","2020-11-22","2026-06-04"
"4018","2016-06-18","2017-05-15"
"4019","2016-05-08","2019-10-20"
"4020","2016-05-08","2023-09-27"
"4021","2016-05-08","2024-07-31"
"4022","2017-01-02","2025-11-24"
"4023","2016-07-24","2017-09-09"
"4024","2016-10-08","2026-05-30"
"4025","2016-04-28","2023-11-04"
"4026","2016-08-05","2018-01-20"
"4027","2016-05-06","2019-12-30"
"4028","2016-05-11","2023-10-26"
"4029","2016-08-28","2026-04-13"
"4030","2016-12-15","2025-10-02"
"4031","2018-06-21","2019-12-19"
"4032","2016-07-01","2023-02-28"
"4033","2017-05-14","2017-06-24"
"4034","2016-05-15","2017-11-06"
"4035","2016-05-14","2026-05-27"
"4036","2016-08-15","2025-08-09"
"4037","2016-05-08","2016-11-28"
"4038","",""
"4039","",""
"4040","2016-05-17","2016-05-17"
"4041","2019-07-17","2026-01-13"
"4042","2016-06-06","2018-05-28"
"4043","2017-09-07","2020-01-01"
"4044","2016-05-20","2024-11-05"
"4045","2016-05-18","2025-12-17"
"4046","2016-08-07","2016-08-07"
"4047","",""
"4048","2016-05-23","2016-05-23"
"4049","",""
"4050","2016-05-23","2016-05-23"
"4051","",""
"4052","2016-10-31","2016-11-26"
"4053","2016-06-19","2016-06-19"
"4054","2016-11-05","2025-12-14"
"4055","2017-10-19","2018-02-19"
"4056","2016-05-16","2025-06-15"
"4057","2016-05-15","2021-09-15"
"4058","2016-06-15","2026-03-09"
"4059","2016-05-05","2025-11-05"
"4060","",""
"4061","2016-09-23","2025-04-30"
"4062","2016-10-28","2026-04-16"
"4063","2016-05-08","2018-01-01"
"4064","",""
"4065","2016-07-06","2026-06-06"
"4066","2017-01-03","2017-01-03"
"4067","2016-05-24","2025-06-01"
"4068","2016-05-16","2017-03-16"
"4069","2016-06-13","2023-07-31"
"4070","2017-10-14","2021-02-27"
"4071","2016-05-24","2026-06-11"
"4072","",""
"4073","2016-09-19","2017-03-31"
"4074","2016-06-30","2020-01-01"
"4075","2016-10-31","2026-05-08"
"4076","",""
"4077","2016-09-14","2023-06-20"
"4078","",""
"4079","2016-09-05","2016-11-26"
"4080","2016-07-30","2020-11-15"
"4081","2016-08-31","2026-03-08"
"4082","",""
"4083","2016-05-21","2016-06-06"
"4084","2016-10-02","2025-01-25"
"4085","2016-07-21","2016-08-16"
"4086","2016-11-20","2018-09-11"
"4087","2016-05-24","2016-05-26"
"4088","2016-06-23","2016-06-23"
"4089","2016-06-06","2016-07-30"
"4090","2016-05-13","2017-07-18"
"4091","2016-06-13","2017-10-22"
"4092","2016-09-15","2018-07-15"
"4093","2016-08-14","2016-08-14"
"4094","2017-10-08","2018-10-07"
"4095","2016-06-17","2024-01-10"
"4096","2016-07-21","2017-10-10"
"4097","",""
"4098","2019-12-15","2023-11-07"
"4099","2017-11-18","2021-04-09"
"4100","2016-05-25","2022-12-19"
"4101","2016-06-08","2016-06-14"
"4102","2016-05-16","2017-06-18"
"4103","2016-09-02","2026-02-01"
"4104","2016-06-06","2020-09-13"
"4105","2016-05-23","2018-09-27"
"4106","2023-02-02","2026-06-08"
"4107","2016-05-04","2017-07-31"
"4108","2016-05-22","2020-01-01"
"4109","2018-11-11","2024-11-03"
"4110","2018-06-13","2025-02-22"
"4111","2016-06-06","2019-10-30"
"4112","2017-01-02","2019-08-15"
"4113","2016-07-11","2020-10-17"
"4114","2016-08-26","2023-03-01"
"4115","2018-06-23","2026-05-04"
"4116","2016-10-01","2026-02-15"
"4117","2016-09-13","2026-01-03"
"4118","2016-06-04","2016-06-04"
"4119","",""
"4120","2016-05-23","2021-09-26"
"4121","2016-05-17","2022-01-02"
"4122","2023-08-17","2023-08-17"
"4123","2016-07-13","2017-01-23"
"4124","",""
"4125","2016-05-22","2016-07-17"
"4126","2016-05-29","2025-08-31"
"4127","2016-05-30","2019-12-29"
"4128","2016-06-18","2019-07-02"
"4129","2016-07-23","2018-10-29"
"4130","2020-09-27","2023-11-13"
"4131","2016-05-22","2017-07-21"
"4132","2016-05-21","2018-09-30"
"4133","2016-05-30","2025-08-30"
"4134","2016-05-21","2022-07-31"
"4135","2016-06-16","2016-06-16"
"4136","2017-10-12","2020-03-16"
"4137","2016-06-22","2016-08-30"
"4138","2016-08-01","2026-01-03"
"4139","2020-03-24","2021-07-11"
"4140","2016-08-10","2024-12-21"
"4141","",""
"4142","2016-12-07","2017-05-29"
"4143","2017-08-13","2025-08-04"
"4144","2016-10-04","2020-06-12"
"4145","2017-08-19","2017-08-19"
"4146","2016-07-26","2018-11-10"
"4147","2016-05-31","2017-06-30"
"4148","2016-05-31","2026-04-19"
"4149","2016-06-06","2020-02-03"
"4150","2019-07-21","2019-10-19"
"4151","2017-06-24","2023-08-06"
"4152","2021-08-31","2022-08-06"
"4153","2016-05-25","2026-05-21"
"4154","2016-06-21","2018-09-04"
"4155","2016-05-30","2016-05-30"
"4156","2016-10-15","2026-02-18"
"4157","2016-07-03","2017-11-24"
"4158","2016-05-24","2021-06-29"
"4159","2018-05-25","2019-11-04"
"4160","2016-06-09","2026-04-06"
"4161","2016-06-05","2016-06-05"
"4162","2016-06-06","2022-07-09"
"4163","2016-07-18","2024-03-31"
"4164","2017-05-13","2025-12-19"
"4165","2016-07-24","2016-11-19"
"4166","2017-10-01","2019-07-28"
"4167","2016-07-14","2016-07-18"
"4168","2016-06-12","2016-06-12"
"4169","2019-11-13","2021-12-05"
"4170","2018-10-07","2018-10-07"
"4171","2016-06-18","2026-05-01"
"4172","",""
"4173","2016-06-20","2022-05-31"
"4174","2016-07-14","2021-07-30"
"4175","2016-06-07","2018-07-15"
"4176","2016-12-26","2025-06-29"
"4177","2016-09-20","2022-06-06"
"4178","2016-08-01","2016-08-01"
"4179","2017-07-08","2019-06-29"
"4180","2016-06-09","2019-09-04"
"4181","",""
"4182","2016-05-27","2017-02-08"
"4183","2016-06-07","2016-06-23"
"4184","2016-06-27","2026-05-29"
"4185","2016-09-29","2025-11-30"
"4186","2016-08-24","2023-11-28"
"4187","2016-05-31","2018-09-03"
"4188","2016-06-13","2025-11-25"
"4189","2016-08-07","2022-03-08"
"4190","2016-12-18","2017-07-31"
"4191","2016-07-14","2019-08-03"
"4192","2016-07-27","2025-11-30"
"4193","2016-06-08","2017-04-30"
"4194","2016-07-16","2016-11-25"
"4195","2016-06-16","2020-03-11"
"4196","2016-07-01","2026-05-01"
"4197","2017-12-09","2020-01-04"
"4198","2016-06-06","2020-03-17"
"4199","2016-07-04","2017-12-17"
"4200","2016-06-12","2018-05-17"
"4201","2016-08-02","2024-10-18"
"4202","2016-09-25","2016-10-10"
"4203","2016-08-08","2018-01-01"
"4204","2016-06-06","2019-10-09"
"4205","2016-09-24","2020-07-10"
"4206","2017-12-15","2025-06-30"
"4207","2017-05-01","2025-11-02"
"4208","2016-06-27","2022-11-06"
"4209","2016-06-19","2020-06-07"
"4210","2016-10-23","2025-11-17"
"4211","2021-09-05","2023-12-18"
"4212","2016-06-07","2024-05-15"
"4213","2016-06-27","2024-11-13"
"4214","2016-08-07","2018-08-24"
"4215","2016-06-26","2017-03-13"
"4216","2021-11-19","2025-04-26"
"4217","2016-10-15","2016-10-30"
"4218","2016-06-08","2026-06-08"
"4219","2016-07-31","2016-07-31"
"4220","2016-07-04","2018-09-11"
"4221","2016-06-26","2019-03-17"
"4222","2016-08-22","2017-06-30"
"4223","2016-07-06","2016-11-06"
"4224","2016-07-31","2025-10-13"
"4225","2017-06-16","2025-10-13"
"4226","",""
"4227","2016-06-30","2019-07-09"
"4228","2017-08-25","2026-02-24"
"4229","2016-08-22","2026-05-21"
"4230","2016-06-13","2017-03-16"
"4231","2018-01-04","2026-04-17"
"4232","2016-06-21","2016-06-30"
"4233","2016-08-02","2016-08-13"
"4234","2016-06-21","2020-07-31"
"4235","2019-07-25","2023-11-30"
"4236","2016-06-20","2026-05-17"
"4237","2016-07-06","2026-05-24"
"4238","2016-06-25","2018-08-26"
"4239","2016-07-01","2016-07-01"
"4240","2016-07-09","2023-04-13"
"4241","2016-06-20","2017-01-08"
"4242","2016-07-04","2017-08-13"
"4243","2016-09-25","2026-05-12"
"4244","2018-08-14","2019-07-26"
"4245","2016-07-31","2025-09-02"
"4246","2016-07-05","2016-07-25"
"4247","2016-07-10","2026-01-22"
"4248","2017-08-08","2017-08-08"
"4249","2017-06-20","2017-06-20"
"4250","2016-11-01","2016-11-01"
"4251","2016-07-28","2026-06-08"
"4252","2016-10-25","2025-11-25"
"4253","2016-08-14","2017-01-02"
"4254","2017-03-08","2023-06-28"
"4255","2016-06-22","2023-06-30"
"4256","2016-07-05","2016-07-20"
"4257","",""
"4258","2016-07-25","2025-06-29"
"4259","2017-01-04","2026-05-24"
"4260","2016-07-25","2026-03-31"
"4261","2016-07-02","2016-11-18"
"4262","2017-03-20","2017-05-31"
"4263","2016-07-03","2016-09-17"
"4264","2016-08-14","2016-08-14"
"4265","2017-04-17","2026-03-29"
"4266","2016-06-23","2023-10-25"
"4267","2016-07-16","2025-01-01"
"4268","2022-01-01","2023-09-04"
"4269","2016-08-05","2020-03-16"
"4270","2016-06-21","2016-06-21"
"4271","2016-07-28","2022-07-01"
"4272","2016-07-05","2019-04-15"
"4273","2017-09-04","2024-10-01"
"4274","",""
"4275","2017-09-21","2019-05-12"
"4276","2016-07-25","2016-08-29"
"4277","2016-06-20","2026-05-31"
"4278","2016-11-26","2016-11-26"
"4279","",""
"4280","2016-10-24","2019-11-18"
"4281","2016-06-26","2025-12-29"
"4282","2016-09-17","2016-10-09"
"4283","2016-06-27","2026-05-14"
"4284","2016-08-14","2023-12-03"
"4285","",""
"4286","2016-08-15","2020-01-04"
"4287","2016-07-17","2018-12-29"
"4288","2016-07-16","2025-11-30"
"4289","2016-10-16","2018-01-17"
"4290","2016-08-22","2025-04-30"
"4291","2016-09-22","2019-12-08"
"4292","2016-06-27","2026-05-30"
"4293","2017-01-02","2025-09-18"
"4294","2016-06-27","2022-03-28"
"4295","2016-09-18","2025-01-16"
"4296","2016-07-04","2026-03-15"
"4297","2017-07-29","2025-08-04"
"4298","2016-07-20","2016-08-01"
"4299","2016-07-24","2016-08-08"
"4300","2016-08-31","2025-04-03"
"4301","2016-08-01","2016-08-01"
"4302","2016-09-06","2017-09-21"
"4303","",""
"4304","2016-08-23","2016-11-14"
"4305","2016-09-15","2019-03-22"
"4306","2016-10-18","2026-05-23"
"4307","",""
"4308","2016-07-24","2016-07-24"
"4309","2016-07-31","2016-08-28"
"4310","2016-07-04","2018-04-08"
"4311","",""
"4312","2016-07-03","2017-07-01"
"4313","2016-08-22","2026-05-30"
"4314","2016-08-12","2023-08-27"
"4315","2016-06-26","2026-04-30"
"4316","2017-03-31","2022-01-02"
"4317","2016-07-02","2023-11-06"
"4318","2016-09-11","2023-08-08"
"4319","2017-07-13","2017-07-17"
"4320","",""
"4321","2016-07-30","2019-07-31"
"4322","2017-07-17","2018-02-28"
"4323","2016-08-19","2019-08-26"
"4324","2016-07-04","2017-09-11"
"4325","2016-07-25","2019-07-11"
"4326","2016-08-13","2026-05-17"
"4327","2016-06-26","2016-06-26"
"4328","2016-07-15","2016-10-09"
"4329","2016-07-27","2026-05-31"
"4330","2016-10-24","2026-05-31"
"4331","",""
"4332","2016-08-19","2026-05-31"
"4333","2016-07-17","2018-06-26"
"4334","2016-07-27","2018-03-11"
"4335","2016-07-24","2017-09-02"
"4336","2016-07-20","2018-01-01"
"4337","2017-08-18","2022-05-08"
"4338","2016-07-11","2016-08-06"
"4339","2016-09-10","2016-09-10"
"4340","",""
"4341","2016-10-14","2022-08-31"
"4342","2016-10-12","2026-06-07"
"4343","2016-07-21","2023-10-08"
"4344","2016-09-22","2017-08-09"
"4345","2018-05-07","2019-11-30"
"4346","2016-10-14","2019-12-17"
"4347","2016-07-26","2016-07-26"
"4348","",""
"4349","2016-07-10","2023-08-20"
"4350","2016-07-26","2016-07-26"
"4351","2016-07-21","2026-05-24"
"4352","2016-08-10","2016-08-16"
"4353","2016-10-01","2026-06-01"
"4354","2016-07-28","2025-05-11"
"4355","2017-05-07","2026-06-01"
"4356","2016-07-22","2023-07-12"
"4357","2016-09-20","2019-07-30"
"4358","2016-08-10","2026-06-09"
"4359","2016-09-10","2023-10-04"
"4360","2017-08-28","2024-12-26"
"4361","2016-07-17","2019-11-01"
"4362","2016-09-14","2023-06-21"
"4363","2016-07-31","2023-07-07"
"4364","2016-09-22","2016-09-22"
"4365","2016-07-09","2025-08-11"
"4366","2016-07-29","2023-08-27"
"4367","2016-09-05","2016-09-25"
"4368","2016-08-12","2018-09-21"
"4369","2016-07-22","2020-01-02"
"4370","2016-07-25","2026-06-11"
"4371","2017-12-22","2021-08-07"
"4372","2016-09-21","2018-10-22"
"4373","2017-06-17","2022-10-31"
"4374","2019-03-06","2026-05-03"
"4375","2020-06-20","2020-06-20"
"4376","2016-08-09","2016-08-09"
"4377","2017-01-03","2025-02-28"
"4378","2017-10-21","2017-11-25"
"4379","2016-07-20","2017-01-05"
"4380","2016-09-07","2026-06-09"
"4381","2016-08-09","2019-01-02"
"4382","2018-06-18","2023-04-30"
"4383","2017-03-01","2026-04-16"
"4384","2016-09-02","2026-06-02"
"4385","2016-08-20","2019-01-01"
"4386","2016-08-04","2018-12-31"
"4387","2016-08-15","2025-08-30"
"4388","2016-09-17","2020-12-25"
"4389","2016-07-17","2025-09-22"
"4390","2016-08-08","2017-08-03"
"4391","2016-07-25","2026-06-10"
"4392","2019-12-27","2020-10-31"
"4393","2016-07-26","2020-08-31"
"4394","2017-11-27","2019-10-28"
"4395","2016-09-09","2021-12-17"
"4396","2018-09-03","2026-02-15"
"4397","2016-07-20","2026-04-30"
"4398","2016-08-22","2020-03-15"
"4399","2018-01-01","2018-01-01"
"4400","2016-09-11","2016-09-17"
"4401","2016-08-15","2023-07-22"
"4402","2016-08-16","2016-08-16"
"4403","2016-08-08","2026-06-13"
"4404","2016-09-11","2017-01-05"
"4405","2016-08-10","2026-06-14"
"4406","2016-09-30","2025-01-06"
"4407","2017-10-09","2024-08-18"
"4408","",""
"4409","",""
"4410","2016-09-06","2024-08-09"
"4411","2019-05-05","2025-08-31"
"4412","2016-09-23","2016-09-23"
"4413","2016-12-18","2026-05-03"
"4414","2019-05-04","2026-06-04"
"4415","2016-08-15","2026-05-31"
"4416","",""
"4417","2016-10-31","2018-10-26"
"4418","2016-08-18","2022-10-31"
"4419","2016-08-05","2026-06-11"
"4420","2016-08-21","2016-08-31"
"4421","2016-07-25","2016-07-29"
"4422","2016-08-07","2017-08-31"
"4423","2016-08-01","2016-08-28"
"4424","2017-09-12","2025-02-01"
"4425","",""
"4426","2016-09-08","2026-05-31"
"4427","2016-08-31","2019-01-02"
"4428","2016-08-08","2020-06-04"
"4429","2016-08-23","2024-07-22"
"4430","2016-12-06","2026-06-13"
"4431","2016-08-07","2022-01-21"
"4432","2016-09-05","2020-01-02"
"4433","2016-10-05","2026-05-02"
"4434","2016-08-14","2023-10-03"
"4435","2016-09-25","2026-02-18"
"4436","2016-10-02","2025-10-09"
"4437","2016-10-09","2016-10-09"
"4438","2016-08-06","2020-01-06"
"4439","",""
"4440","2016-08-26","2026-05-11"
"4441","2016-09-05","2022-05-13"
"4442","2017-10-28","2017-10-28"
"4443","2016-08-03","2024-07-18"
"4444","2017-12-02","2017-12-02"
"4445","2016-08-19","2016-11-30"
"4446","2017-07-24","2026-01-03"
"4447","2016-08-15","2026-04-25"
"4448","",""
"4449","2016-08-03","2017-07-30"
"4450","",""
"4451","2017-05-17","2026-03-18"
"4452","2016-09-12","2025-09-01"
"4453","2016-08-04","2017-01-01"
"4454","2016-08-02","2025-08-29"
"4455","2016-08-31","2024-08-05"
"4456","2016-09-12","2023-01-01"
"4457","2016-08-06","2017-08-31"
"4458","2016-08-21","2023-09-11"
"4459","2016-11-05","2026-06-11"
"4460","2016-08-25","2026-04-04"
"4461","2016-09-04","2020-01-01"
"4462","2016-09-06","2026-05-20"
"4463","2016-10-01","2026-05-31"
"4464","2016-08-28","2017-01-02"
"4465","2016-10-01","2018-01-02"
"4466","2016-09-10","2026-05-31"
"4467","2016-08-13","2016-08-27"
"4468","2016-08-26","2020-03-13"
"4469","2016-11-03","2025-12-08"
"4470","2016-09-06","2026-05-01"
"4471","2016-10-24","2018-01-03"
"4472","2016-08-19","2023-12-11"
"4473","2016-08-18","2018-05-06"
"4474","2016-08-25","2023-09-03"
"4475","2016-08-13","2018-08-27"
"4476","2016-10-29","2026-06-01"
"4477","2016-11-27","2026-05-24"
"4478","2016-08-22","2021-05-31"
"4479","2017-04-16","2019-08-20"
"4480","2016-08-25","2024-06-30"
"4481","2016-08-28","2024-06-20"
"4482","2016-08-19","2019-07-30"
"4483","2016-09-06","2025-11-01"
"4484","2016-12-31","2017-04-17"
"4485","2016-09-18","2017-05-09"
"4486","2016-09-23","2019-09-22"
"4487","2016-10-10","2023-01-02"
"4488","2016-12-22","2023-09-21"
"4489","2016-08-15","2026-06-01"
"4490","2016-09-06","2020-03-10"
"4491","2016-11-20","2026-05-18"
"4492","2017-11-01","2025-01-31"
"4493","2016-09-25","2025-07-28"
"4494","2016-11-01","2026-02-19"
"4495","2016-08-21","2021-04-15"
"4496","2016-08-22","2023-08-14"
"4497","2023-10-03","2024-05-05"
"4498","2016-09-11","2019-12-30"
"4499","2016-11-20","2025-04-27"
"4500","2017-01-08","2019-12-30"
"4501","2016-08-13","2016-08-13"
"4502","2017-02-17","2021-10-24"
"4503","2016-08-29","2026-05-20"
"4504","2018-05-07","2019-06-16"
"4505","2016-09-20","2025-02-02"
"4506","2016-09-23","2017-11-05"
"4507","",""
"4508","2016-08-13","2025-11-15"
"4509","2016-09-23","2025-12-21"
"4510","2016-08-23","2019-05-12"
"4511","2016-09-05","2025-09-30"
"4512","2016-08-21","2017-08-31"
"4513","2016-09-04","2025-12-02"
"4514","2016-08-28","2016-08-28"
"4515","2016-11-04","2021-01-31"
"4516","2016-10-30","2026-06-01"
"4517","2016-09-12","2017-10-31"
"4518","2016-10-13","2024-10-01"
"4519","2016-10-23","2016-12-31"
"4520","2016-10-17","2025-06-01"
"4521","2016-09-10","2020-03-08"
"4522","2016-08-27","2020-11-16"
"4523","2019-01-27","2019-11-03"
"4524","2018-05-31","2019-08-14"
"4525","2016-09-16","2023-06-24"
"4526","2017-11-30","2024-11-08"
"4527","2016-10-06","2018-06-30"
"4528","2016-09-15","2026-03-30"
"4529","2016-09-11","2023-10-02"
"4530","2016-09-16","2018-10-09"
"4531","2016-11-27","2016-11-27"
"4532","2016-10-11","2026-06-10"
"4533","2016-08-31","2020-02-25"
"4534","2024-10-20","2024-11-25"
"4535","2017-06-11","2025-09-03"
"4536","2016-08-28","2020-02-23"
"4537","2017-03-04","2026-05-01"
"4538","2016-08-27","2019-02-17"
"4539","2016-08-28","2024-10-01"
"4540","2016-08-29","2025-07-02"
"4541","2016-09-06","2026-05-27"
"4542","2016-09-02","2022-03-27"
"4543","2016-10-16","2022-08-14"
"4544","2016-10-30","2025-12-31"
"4545","2016-10-02","2016-12-10"
"4546","2016-08-31","2022-08-30"
"4547","2021-12-06","2022-03-13"
"4548","2017-01-01","2025-03-03"
"4549","2016-09-21","2020-01-01"
"4550","2016-09-06","2018-04-30"
"4551","2016-09-05","2024-08-15"
"4552","2017-10-14","2018-08-08"
"4553","2016-09-24","2017-09-10"
"4554","2016-10-04","2016-11-04"
"4555","2016-09-12","2019-06-09"
"4556","2016-10-22","2016-11-12"
"4557","2016-09-22","2020-03-14"
"4558","2016-09-15","2026-01-09"
"4559","2016-09-05","2019-12-28"
"4560","2017-01-03","2017-01-03"
"4561","2016-09-15","2023-11-04"
"4562","2017-09-01","2024-05-02"
"4563","2016-09-19","2023-06-25"
"4564","2016-09-22","2026-05-09"
"4565","2016-09-12","2017-06-18"
"4566","2016-09-30","2024-10-16"
"4567","2017-09-24","2018-03-09"
"4568","2016-10-01","2024-09-01"
"4569","2016-09-21","2025-08-10"
"4570","2017-06-11","2017-06-11"
"4571","2016-10-14","2017-08-13"
"4572","2016-09-25","2017-08-13"
"4573","2016-09-17","2026-04-16"
"4574","2016-09-14","2023-06-15"
"4575","2016-09-25","2023-10-23"
"4576","2016-09-09","2025-05-03"
"4577","2016-09-16","2023-10-02"
"4578","2016-09-18","2016-10-23"
"4579","2016-09-26","2021-02-21"
"4580","2016-09-10","2026-06-12"
"4581","2016-10-10","2024-04-14"
"4582","",""
"4583","2016-10-10","2026-04-22"
"4584","2017-08-02","2025-02-09"
"4585","2016-09-20","2023-08-17"
"4586","2016-09-20","2026-04-22"
"4587","2016-09-15","2016-09-19"
"4588","2016-10-02","2018-11-02"
"4589","2016-09-26","2025-10-19"
"4590","2016-10-24","2019-01-01"
"4591","2016-10-13","2023-09-23"
"4592","2016-09-18","2020-03-23"
"4593","2016-09-19","2023-10-16"
"4594","2016-10-02","2025-03-17"
"4595","2025-01-12","2026-06-10"
"4596","2016-10-30","2026-03-17"
"4597","2016-09-29","2023-09-16"
"4598","2016-10-21","2020-03-10"
"4599","2016-10-16","2026-06-01"
"4600","2016-10-03","2020-12-01"
"4601","2016-09-26","2023-10-10"
"4602","2018-01-04","2026-02-27"
"4603","2016-10-10","2026-05-30"
"4604","2016-09-21","2020-03-19"
"4605","2016-11-30","2025-01-20"
"4606","2016-09-29","2026-05-22"
"4607","2016-10-11","2024-07-12"
"4608","2016-09-24","2026-06-03"
"4609","2016-10-05","2016-10-29"
"4610","2021-12-25","2024-09-28"
"4611","2016-10-05","2026-06-10"
"4612","",""
"4613","2016-10-02","2017-02-19"
"4614","2016-09-29","2026-06-11"
"4615","2016-10-05","2017-09-23"
"4616","2017-01-15","2025-11-04"
"4617","2016-11-04","2025-12-23"
"4618","2016-12-07","2024-07-13"
"4619","2016-10-08","2020-01-01"
"4620","2016-10-15","2025-07-13"
"4621","2020-10-10","2022-01-20"
"4622","2016-11-27","2026-04-18"
"4623","2016-10-05","2023-09-05"
"4624","2016-10-08","2017-10-27"
"4625","2017-01-01","2026-06-05"
"4626","2016-10-08","2025-04-06"
"4627","2016-10-10","2016-10-22"
"4628","2016-10-11","2026-04-08"
"4629","2017-01-01","2025-03-14"
"4630","2017-04-22","2021-02-10"
"4631","2022-06-15","2026-01-02"
"4632","2016-10-11","2026-01-18"
"4633","2016-12-10","2019-01-06"
"4634","2016-11-04","2017-01-11"
"4635","2016-10-02","2017-09-15"
"4636","2016-10-01","2025-09-29"
"4637","2016-10-09","2022-09-28"
"4638","2016-11-07","2020-01-01"
"4639","2018-07-15","2019-10-30"
"4640","2016-10-09","2026-05-25"
"4641","2016-10-05","2017-04-16"
"4642","2018-05-05","2018-08-03"
"4643","2016-11-26","2023-10-31"
"4644","2016-11-27","2021-09-10"
"4645","2017-02-26","2026-01-31"
"4646","2016-11-26","2023-11-25"
"4647","2022-06-07","2022-07-17"
"4648","2019-09-01","2022-12-26"
"4649","2016-10-06","2017-03-11"
"4650","2016-10-16","2017-08-05"
"4651","2017-01-02","2026-06-02"
"4652","2018-07-20","2022-09-07"
"4653","2017-01-07","2026-02-15"
"4654","",""
"4655","2016-11-07","2021-12-26"
"4656","2016-12-10","2026-05-29"
"4657","2017-10-09","2019-01-03"
"4658","2016-10-15","2024-08-17"
"4659","2016-10-23","2025-05-21"
"4660","2016-10-24","2018-08-26"
"4661","2016-10-19","2022-02-03"
"4662","2017-10-22","2019-12-12"
"4663","2016-12-18","2023-09-04"
"4664","2016-12-18","2026-05-30"
"4665","2017-05-21","2026-03-15"
"4666","2016-10-26","2023-09-08"
"4667","2018-01-01","2018-01-01"
"4668","2016-10-16","2017-09-01"
"4669","2016-10-14","2023-12-03"
"4670","2017-03-14","2018-06-29"
"4671","2016-10-26","2025-09-26"
"4672","",""
"4673","2016-10-31","2021-02-11"
"4674","2016-10-22","2019-05-27"
"4675","2016-12-26","2025-01-12"
"4676","2016-10-24","2019-05-29"
"4677","2016-12-14","2018-01-06"
"4678","2016-10-19","2019-05-14"
"4679","2018-01-02","2026-01-30"
"4680","2017-01-01","2025-12-01"
"4681","2016-10-29","2026-06-11"
"4682","2017-04-30","2026-01-16"
"4683","2020-12-28","2022-05-01"
"4684","2016-10-23","2022-07-02"
"4685","2016-11-21","2023-09-16"
"4686","2016-11-15","2026-05-03"
"4687","2016-10-25","2026-05-01"
"4688","2016-10-21","2026-05-26"
"4689","2016-10-28","2024-08-20"
"4690","2016-10-19","2019-05-27"
"4691","2017-04-10","2023-11-18"
"4692","2017-04-09","2019-04-23"
"4693","2017-06-15","2026-04-20"
"4694","2016-10-24","2026-05-21"
"4695","2018-01-19","2026-04-30"
"4696","2017-10-23","2017-10-23"
"4697","2017-05-29","2025-12-03"
"4698","2016-11-02","2024-11-01"
"4699","2016-12-27","2024-05-01"
"4700","2016-12-04","2026-05-21"
"4701","2019-12-19","2020-02-29"
"4702","2016-11-07","2020-03-10"
"4703","2017-10-10","2019-12-08"
"4704","2016-11-07","2017-07-24"
"4705","",""
"4706","2016-11-08","2020-01-11"
"4707","2016-10-30","2024-04-15"
"4708","2016-11-04","2017-05-08"
"4709","",""
"4710","2016-11-18","2019-09-15"
"4711","2016-11-27","2024-08-10"
"4712","2016-12-28","2017-01-01"
"4713","2016-11-06","2025-05-28"
"4714","2017-05-02","2021-08-01"
"4715","2016-11-21","2018-04-30"
"4716","2016-11-25","2019-04-27"
"4717","2016-12-05","2025-08-09"
"4718","",""
"4719","2018-11-18","2026-05-15"
"4720","",""
"4721","2017-02-18","2026-05-24"
"4722","2016-11-08","2024-11-04"
"4723","2016-11-07","2024-11-03"
"4724","2023-10-08","2023-10-15"
"4725","2017-04-30","2025-12-22"
"4726","2023-06-10","2023-06-10"
"4727","2021-09-20","2025-10-01"
"4728","2016-11-13","2016-11-13"
"4729","2017-06-28","2017-06-28"
"4730","2022-04-30","2023-06-23"
"4731","2017-08-01","2022-01-25"
"4732","2016-11-13","2026-06-07"
"4733","2016-12-08","2026-01-02"
"4734","2017-02-07","2026-03-21"
"4735","",""
"4736","2017-05-09","2026-01-11"
"4737","",""
"4738","2016-11-06","2026-06-11"
"4739","2016-11-07","2024-09-05"
"4740","2024-04-27","2026-02-28"
"4741","2016-11-13","2023-11-09"
"4742","2016-11-05","2025-05-06"
"4743","2016-11-06","2023-10-31"
"4744","2016-12-31","2025-09-28"
"4745","2016-11-19","2026-06-02"
"4746","2017-04-06","2025-05-31"
"4747","",""
"4748","2017-02-28","2026-05-16"
"4749","2017-03-30","2022-08-26"
"4750","2017-08-19","2019-01-02"
"4751","2017-05-02","2023-01-14"
"4752","2016-12-12","2025-08-31"
"4753","2016-11-16","2026-03-21"
"4754","2016-12-08","2023-05-30"
"4755","2017-01-01","2025-10-24"
"4756","2017-01-04","2020-02-24"
"4757","2017-01-04","2023-09-04"
"4758","2018-11-14","2025-12-22"
"4759","2016-12-18","2026-01-01"
"4760","2017-01-27","2026-05-24"
"4761","2016-12-16","2026-03-09"
"4762","",""
"4763","",""
"4764","2016-11-13","2016-12-28"
"4765","2016-12-19","2025-04-15"
"4766","2016-12-06","2023-08-13"
"4767","2017-02-24","2026-03-14"
"4768","2016-11-18","2026-03-10"
"4769","2016-12-12","2026-01-15"
"4770","2016-11-30","2026-02-13"
"4771","2016-12-06","2026-05-31"
"4772","2017-01-01","2025-07-07"
"4773","2016-11-26","2023-09-04"
"4774","2017-01-03","2026-03-31"
"4775","2019-05-08","2021-12-24"
"4776","2016-12-09","2025-05-10"
"4777","2016-12-04","2022-05-27"
"4778","",""
"4779","2016-11-27","2017-05-01"
"4780","2016-11-29","2017-10-22"
"4781","2016-11-28","2018-01-04"
"4782","2017-01-22","2018-08-31"
"4783","2016-12-11","2023-11-05"
"4784","2017-01-04","2017-06-11"
"4785","2017-09-03","2020-02-15"
"4786","2017-02-04","2026-06-05"
"4787","2021-12-05","2025-12-26"
"4788","2017-06-13","2026-06-11"
"4789","2019-01-03","2019-01-03"
"4790","2016-11-25","2022-10-09"
"4791","2016-12-07","2018-11-24"
"4792","2017-09-19","2017-11-06"
"4793","2017-01-02","2023-10-30"
"4794","2017-05-12","2024-08-20"
"4795","2017-07-05","2021-03-03"
"4796","2017-01-02","2017-02-11"
"4797","",""
"4798","2017-03-20","2018-03-13"
"4799","2016-11-25","2018-02-25"
"4800","2017-09-01","2025-05-23"
"4801","2016-12-11","2017-04-17"
"4802","2018-09-14","2026-06-01"
"4803","2017-01-02","2019-10-13"
"4804","2016-12-28","2025-09-30"
"4805","2017-05-01","2026-03-19"
"4806","2016-12-11","2019-06-30"
"4807","2016-12-19","2018-02-06"
"4808","2016-12-30","2022-01-31"
"4809","2016-12-27","2024-10-31"
"4810","2021-11-26","2022-10-23"
"4811","2017-02-17","2019-09-23"
"4812","2017-04-11","2023-02-16"
"4813","2016-12-30","2020-03-01"
"4814","2019-02-16","2021-09-03"
"4815","2016-12-25","2020-09-01"
"4816","2017-03-31","2026-02-08"
"4817","2016-12-28","2019-02-27"
"4818","2016-12-08","2026-03-26"
"4819","2016-12-04","2025-12-01"
"4820","2016-12-30","2020-01-04"
"4821","2018-09-30","2023-07-08"
"4822","2018-03-04","2026-05-31"
"4823","2016-12-06","2026-05-31"
"4824","2017-01-22","2017-04-28"
"4825","2017-04-17","2021-08-14"
"4826","2018-01-01","2024-05-31"
"4827","2016-12-31","2025-09-01"
"4828","2022-06-13","2023-12-04"
"4829","2017-05-28","2017-09-17"
"4830","",""
"4831","2017-04-09","2025-07-27"
"4832","2016-12-15","2017-03-26"
"4833","2017-01-06","2017-01-16"
"4834","2016-12-26","2018-01-01"
"4835","2017-11-12","2020-08-23"
"4836","2016-12-30","2025-08-20"
"4837","2017-03-26","2023-09-24"
"4838","2016-12-31","2017-01-03"
"4839","2017-08-07","2018-02-10"
"4840","2020-03-03","2026-04-26"
"4841","2017-01-08","2026-04-11"
"4842","2017-06-11","2025-08-09"
"4843","2018-06-23","2022-05-20"
"4844","2017-02-20","2019-01-02"
"4845","2017-01-04","2017-04-25"
"4846","2016-12-13","2019-07-01"
"4847","2017-01-01","2023-08-05"
"4848","2017-09-18","2022-08-15"
"4849","2017-01-02","2020-03-10"
"4850","2016-12-22","2018-04-08"
"4851","2017-04-19","2018-08-05"
"4852","2017-03-02","2026-05-01"
"4853","2017-07-02","2017-07-25"
"4854","2017-01-15","2025-12-01"
"4855","2017-01-04","2019-08-11"
"4856","2017-02-05","2025-12-30"
"4857","2016-12-27","2017-01-15"
"4858","2018-07-13","2025-04-26"
"4859","2016-12-28","2019-06-20"
"4860","2017-01-03","2017-03-02"
"4861","2017-01-02","2017-01-14"
"4862","2017-01-08","2022-06-11"
"4863","2017-01-02","2017-01-02"
"4864","2017-05-31","2019-02-14"
"4865","2017-02-15","2019-05-26"
"4866","2016-12-27","2026-04-30"
"4867","2018-01-04","2025-06-30"
"4868","2018-01-06","2018-05-20"
"4869","2016-12-27","2023-09-11"
"4870","2017-01-08","2018-09-04"
"4871","2017-01-01","2017-06-16"
"4872","2016-12-27","2017-01-02"
"4873","2017-01-02","2017-05-16"
"4874","2017-01-03","2017-07-13"
"4875","2017-01-02","2017-01-02"
"4876","2016-12-31","2024-08-01"
"4877","2019-09-17","2024-04-30"
"4878","2017-10-21","2017-11-19"
"4879","2017-01-16","2024-08-11"
"4880","2017-03-17","2017-09-02"
"4881","2016-12-31","2023-05-16"
"4882","2017-07-03","2024-08-22"
"4883","",""
"4884","2018-01-03","2021-12-20"
"4885","2016-12-30","2020-03-16"
"4886","",""
"4887","2017-01-01","2022-01-03"
"4888","2017-06-30","2026-05-02"
"4889","2017-01-29","2017-10-06"
"4890","2016-12-26","2023-08-20"
"4891","2017-03-01","2023-11-12"
"4892","2017-06-04","2019-09-30"
"4893","2018-02-12","2023-03-19"
"4894","2017-06-04","2018-01-02"
"4895","",""
"4896","2021-12-22","2023-09-11"
"4897","2017-02-20","2026-05-24"
"4898","2016-12-31","2026-05-22"
"4899","2018-01-06","2020-09-20"
"4900","2017-02-19","2017-06-29"
"4901","2018-05-26","2026-05-24"
"4902","2017-01-08","2018-08-23"
"4903","2017-01-02","2025-06-14"
"4904","2017-01-01","2026-06-05"
"4905","2017-01-02","2023-01-01"
"4906","2017-01-16","2017-02-20"
"4907","2017-05-24","2025-11-01"
"4908","2017-06-28","2026-05-12"
"4909","2017-01-22","2017-05-29"
"4910","2017-06-05","2019-01-01"
"4911","2018-07-20","2020-03-08"
"4912","2017-09-23","2026-05-10"
"4913","2017-01-20","2021-01-02"
"4914","2017-05-19","2023-11-07"
"4915","2017-02-05","2024-11-01"
"4916","2017-01-14","2026-05-31"
"4917","2021-11-21","2026-05-19"
"4918","",""
"4919","2017-05-09","2018-12-16"
"4920","2017-06-04","2023-06-25"
"4921","2017-04-03","2026-05-12"
"4922","2017-01-15","2017-08-27"
"4923","2017-02-18","2025-07-12"
"4924","2017-03-06","2019-05-26"
"4925","",""
"4926","2017-01-23","2026-02-16"
"4927","2017-02-09","2019-07-31"
"4928","2017-01-14","2019-11-10"
"4929","2017-02-07","2018-02-02"
"4930","",""
"4931","2017-01-14","2019-08-01"
"4932","2017-09-04","2018-05-25"
"4933","2019-04-29","2024-08-21"
"4934","2017-02-14","2024-09-12"
"4935","2017-01-28","2020-01-28"
"4936","2017-03-03","2026-06-07"
"4937","2017-02-15","2025-12-14"
"4938","2018-08-20","2019-12-15"
"4939","2017-02-02","2025-03-15"
"4940","2017-12-23","2019-09-22"
"4941","2017-07-31","2019-06-18"
"4942","2017-01-22","2023-08-21"
"4943","2017-04-28","2025-11-18"
"4944","2017-09-09","2026-04-23"
"4945","2017-03-01","2020-07-03"
"4946","",""
"4947","2017-07-25","2024-07-17"
"4948","2017-01-22","2019-01-01"
"4949","2017-06-03","2017-06-19"
"4950","2017-04-14","2023-07-23"
"4951","2017-02-14","2025-08-16"
"4952","2017-02-14","2020-01-10"
"4953","2017-03-12","2024-11-29"
"4954","2017-11-25","2023-12-08"
"4955","",""
"4956","2017-06-11","2024-03-17"
"4957","2017-02-05","2020-03-31"
"4958","2018-01-06","2025-10-31"
"4959","2017-03-13","2017-04-03"
"4960","2017-04-30","2024-02-03"
"4961","2017-02-06","2020-03-12"
"4962","2018-02-03","2020-07-31"
"4963","2017-08-30","2017-10-23"
"4964","2017-02-20","2019-09-30"
"4965","2017-02-05","2026-06-04"
"4966","2017-08-15","2019-05-15"
"4967","2021-09-07","2022-09-22"
"4968","2017-08-29","2025-08-01"
"4969","2017-03-14","2026-06-14"
"4970","2018-08-20","2019-09-25"
"4971","2017-03-07","2024-04-14"
"4972","2017-04-30","2018-10-23"
"4973","2017-03-04","2022-03-22"
"4974","2017-02-12","2017-09-15"
"4975","2017-04-11","2018-07-29"
"4976","2018-10-15","2023-01-02"
"4977","2017-03-31","2019-07-21"
"4978","2017-02-12","2025-10-11"
"4979","2019-10-21","2026-05-05"
"4980","2017-06-09","2023-09-23"
"4981","2017-02-12","2026-06-04"
"4982","2017-02-19","2020-05-24"
"4983","2017-06-16","2021-08-09"
"4984","2021-04-16","2023-10-31"
"4985","2017-03-14","2026-03-20"
"4986","2017-02-27","2026-05-23"
"4987","2017-03-05","2026-05-07"
"4988","2017-07-25","2026-01-31"
"4989","2017-04-13","2025-08-01"
"4990","2018-05-19","2021-05-31"
"4991","2017-02-21","2018-07-17"
"4992","2017-03-12","2017-07-23"
"4993","2017-02-16","2020-03-14"
"4994","2017-04-20","2026-04-08"
"4995","2017-02-12","2026-06-03"
"4996","2017-02-12","2020-06-21"
"4997","2017-12-21","2025-12-19"
"4998","2017-02-25","2022-01-08"
"4999","2017-10-14","2023-10-20"
"5000","2017-02-15","2026-03-08"
"5001","2017-08-18","2023-08-31"
"5002","2018-09-11","2026-01-07"
"5003","2017-04-16","2019-08-28"
"5004","2017-02-20","2025-12-26"
"5005","2017-03-04","2026-06-09"
"5006","2017-06-25","2026-04-30"
"5007","2017-03-19","2020-03-11"
"5008","2017-04-12","2026-05-24"
"5009","2017-04-18","2017-10-03"
"5010","2017-03-12","2017-06-11"
"5011","2017-03-06","2017-03-26"
"5012","2017-04-10","2025-10-16"
"5013","2017-02-26","2026-03-31"
"5014","2017-05-06","2026-02-18"
"5015","2017-04-01","2017-05-27"
"5016","2017-03-05","2023-07-09"
"5017","2017-03-31","2025-09-30"
"5018","2017-10-17","2021-11-22"
"5019","2017-07-16","2025-12-20"
"5020","",""
"5021","",""
"5022","2017-08-19","2025-07-27"
"5023","",""
"5024","2017-05-21","2018-07-19"
"5025","",""
"5026","2017-05-07","2025-12-26"
"5027","2018-01-02","2020-01-01"
"5028","2017-07-31","2026-05-03"
"5029","2017-10-13","2024-10-20"
"5030","2017-05-18","2024-07-18"
"5031","2017-06-20","2025-08-24"
"5032","2017-03-25","2017-03-25"
"5033","2018-12-17","2022-10-08"
"5034","2018-05-06","2024-11-11"
"5035","2018-04-07","2019-08-14"
"5036","",""
"5037","2017-04-20","2026-05-28"
"5038","2023-10-29","2026-03-01"
"5039","2017-03-04","2019-11-03"
"5040","2017-05-19","2017-07-24"
"5041","2023-09-15","2023-09-15"
"5042","2017-08-12","2026-05-21"
"5043","2017-05-18","2025-04-26"
"5044","2017-05-01","2026-05-04"
"5045","2017-03-24","2017-04-11"
"5046","2017-03-13","2017-07-01"
"5047","2017-04-05","2020-03-15"
"5048","2017-04-30","2018-06-17"
"5049","2017-05-03","2017-05-03"
"5050","2017-05-10","2023-11-26"
"5051","2017-03-14","2026-04-30"
"5052","2017-07-02","2023-07-02"
"5053","2017-03-11","2017-11-01"
"5054","2017-06-11","2019-01-17"
"5055","2018-08-12","2019-06-05"
"5056","2017-10-01","2018-01-03"
"5057","2017-03-20","2021-07-11"
"5058","2017-05-18","2026-05-24"
"5059","2017-03-20","2024-08-31"
"5060","2017-04-04","2023-06-06"
"5061","2017-03-19","2023-01-06"
"5062","2017-04-21","2024-03-08"
"5063","2017-04-03","2023-12-05"
"5064","2020-09-05","2022-08-30"
"5065","2017-06-11","2024-10-01"
"5066","2017-03-25","2026-05-30"
"5067","2017-05-31","2025-12-17"
"5068","2017-03-13","2026-05-10"
"5069","2017-03-30","2026-01-01"
"5070","2017-03-27","2026-02-15"
"5071","2017-03-17","2026-05-28"
"5072","",""
"5073","2017-08-06","2023-08-13"
"5074","2017-04-15","2019-10-25"
"5075","2018-12-02","2025-08-31"
"5076","2017-04-09","2017-05-28"
"5077","2017-06-17","2023-08-28"
"5078","2017-10-05","2025-12-15"
"5079","2017-04-10","2023-11-12"
"5080","2021-07-11","2022-04-13"
"5081","2017-04-09","2018-10-21"
"5082","2018-10-21","2022-07-30"
"5083","2017-04-11","2026-05-25"
"5084","2017-04-25","2019-01-02"
"5085","2017-03-26","2018-11-04"
"5086","2017-04-15","2025-04-08"
"5087","2017-03-29","2017-04-02"
"5088","2017-04-09","2025-12-12"
"5089","2017-04-16","2023-09-08"
"5090","2017-10-25","2018-04-28"
"5091","2017-04-30","2017-04-30"
"5092","2017-12-31","2020-03-09"
"5093","2017-05-31","2018-05-17"
"5094","2017-04-09","2018-10-25"
"5095","2017-04-02","2024-12-28"
"5096","2017-05-05","2018-06-16"
"5097","2017-04-25","2025-11-14"
"5098","2021-12-01","2021-12-01"
"5099","2017-05-01","2017-05-01"
"5100","2023-05-01","2023-10-22"
"5101","",""
"5102","2017-05-01","2017-06-12"
"5103","2017-06-10","2020-03-27"
"5104","2017-08-14","2024-10-31"
"5105","2018-08-05","2023-08-16"
"5106","2017-08-19","2025-11-07"
"5107","2017-04-10","2023-08-19"
"5108","",""
"5109","2017-05-13","2017-05-13"
"5110","2017-05-27","2023-08-13"
"5111","2018-09-23","2026-05-11"
"5112","2018-05-05","2026-01-05"
"5113","2017-04-14","2025-10-31"
"5114","2017-05-22","2026-05-24"
"5115","2018-03-26","2026-05-17"
"5116","2017-05-05","2026-05-31"
"5117","2019-10-07","2026-01-31"
"5118","2017-04-08","2018-03-31"
"5119","2017-07-17","2023-12-04"
"5120","2018-12-15","2019-02-20"
"5121","2017-04-13","2025-07-03"
"5122","2017-12-28","2017-12-28"
"5123","2017-06-13","2017-09-26"
"5124","",""
"5125","2017-04-09","2022-11-09"
"5126","2022-12-29","2024-07-26"
"5127","2017-06-19","2025-08-24"
"5128","",""
"5129","",""
"5130","2017-07-01","2018-01-02"
"5131","2022-09-15","2023-01-02"
"5132","2022-11-20","2026-06-04"
"5133","2017-04-16","2019-08-09"
"5134","2017-05-10","2022-06-20"
"5135","2017-04-23","2026-05-22"
"5136","2017-05-11","2026-05-28"
"5137","2017-04-11","2024-10-15"
"5138","2017-04-16","2020-02-23"
"5139","2017-11-11","2024-06-03"
"5140","2017-05-14","2019-12-23"
"5141","2017-04-20","2024-08-12"
"5142","2017-04-16","2025-09-30"
"5143","",""
"5144","2018-05-28","2020-01-02"
"5145","2017-04-25","2023-07-31"
"5146","2017-07-20","2017-08-04"
"5147","2018-12-17","2020-03-01"
"5148","2017-05-22","2026-02-28"
"5149","2017-05-12","2024-07-31"
"5150","2017-04-23","2017-04-24"
"5151","",""
"5152","2017-12-26","2023-08-14"
"5153","2017-05-02","2022-05-30"
"5154","2022-05-01","2024-06-08"
"5155","2017-04-15","2022-09-11"
"5156","2017-05-02","2023-10-29"
"5157","2017-04-23","2024-10-14"
"5158","2017-04-16","2017-04-22"
"5159","2017-06-29","2022-04-16"
"5160","2017-06-10","2023-12-28"
"5161","2017-05-07","2019-05-28"
"5162","2017-04-23","2017-04-30"
"5163","2017-07-29","2025-07-28"
"5164","2017-06-05","2017-08-07"
"5165","2017-10-23","2023-07-31"
"5166","2017-05-28","2025-10-10"
"5167","2017-04-28","2017-10-08"
"5168","2017-04-17","2017-10-01"
"5169","2017-05-23","2017-05-27"
"5170","2021-09-08","2023-10-29"
"5171","2017-05-09","2026-05-31"
"5172","2017-04-21","2026-05-31"
"5173","2017-05-28","2024-09-01"
"5174","2017-08-13","2026-05-29"
"5175","2017-08-03","2026-05-28"
"5176","2017-05-27","2017-08-17"
"5177","2017-05-25","2019-09-22"
"5178","2018-12-02","2018-12-02"
"5179","2017-05-18","2026-06-09"
"5180","2017-05-17","2026-03-10"
"5181","2017-10-04","2023-12-21"
"5182","2017-06-10","2022-05-03"
"5183","2018-06-29","2019-05-12"
"5184","2017-04-28","2024-11-01"
"5185","2017-05-22","2023-10-31"
"5186","2017-05-08","2017-05-20"
"5187","2017-07-09","2026-01-02"
"5188","2017-04-29","2026-06-07"
"5189","2017-04-30","2026-05-24"
"5190","2017-10-09","2023-02-02"
"5191","2017-05-08","2018-10-08"
"5192","",""
"5193","2018-05-18","2024-03-31"
"5194","2018-01-02","2018-01-02"
"5195","2017-08-05","2024-01-01"
"5196","",""
"5197","2017-07-05","2025-12-19"
"5198","2017-05-07","2023-06-30"
"5199","2018-04-11","2025-09-26"
"5200","2017-05-31","2018-07-02"
"5201","2017-05-07","2019-05-27"
"5202","2017-05-06","2017-09-19"
"5203","2017-05-04","2018-07-29"
"5204","2017-06-04","2026-03-17"
"5205","2017-08-13","2025-08-15"
"5206","2017-07-01","2017-07-01"
"5207","2017-06-01","2020-12-05"
"5208","2017-12-24","2018-12-24"
"5209","2017-08-31","2022-12-04"
"5210","2017-05-01","2017-11-05"
"5211","2022-06-20","2025-10-11"
"5212","2018-04-07","2026-02-15"
"5213","2017-05-14","2020-01-05"
"5214","",""
"5215","2018-02-19","2025-08-31"
"5216","2017-06-12","2023-10-28"
"5217","2017-05-07","2018-07-05"
"5218","2018-12-09","2023-12-16"
"5219","2018-04-30","2025-05-17"
"5220","2017-05-21","2025-09-26"
"5221","2017-05-08","2020-01-02"
"5222","2017-05-22","2026-05-18"
"5223","2019-06-11","2024-11-17"
"5224","2017-11-19","2019-10-01"
"5225","2017-05-23","2017-05-23"
"5226","2017-06-16","2025-01-18"
"5227","",""
"5228","2017-05-07","2017-07-03"
"5229","2017-06-01","2022-07-06"
"5230","2018-07-08","2026-05-16"
"5231","2017-05-18","2023-11-21"
"5232","2017-07-06","2025-05-23"
"5233","2017-07-31","2019-12-31"
"5234","2017-11-01","2022-08-06"
"5235","2017-06-11","2017-06-11"
"5236","2017-06-09","2025-12-29"
"5237","2017-05-10","2017-05-24"
"5238","2017-06-02","2026-06-08"
"5239","2017-05-18","2025-11-01"
"5240","2017-05-07","2026-05-16"
"5241","2017-06-05","2017-11-25"
"5242","2017-05-22","2023-08-27"
"5243","2017-06-12","2017-09-14"
"5244","2017-05-25","2025-10-12"
"5245","2017-05-14","2019-12-30"
"5246","2018-12-21","2024-04-07"
"5247","2017-07-07","2018-08-01"
"5248","2017-07-26","2025-12-02"
"5249","",""
"5250","2017-05-22","2017-11-01"
"5251","2017-06-25","2023-10-26"
"5252","2017-05-22","2026-03-15"
"5253","2017-07-31","2023-09-21"
"5254","2017-05-26","2018-11-05"
"5255","2017-05-19","2020-03-24"
"5256","2019-11-04","2019-11-04"
"5257","2017-08-29","2017-08-29"
"5258","",""
"5259","2023-06-19","2026-05-30"
"5260","2017-06-16","2026-06-05"
"5261","2017-05-19","2025-09-01"
"5262","",""
"5263","2018-05-20","2026-06-12"
"5264","2017-07-19","2018-09-22"
"5265","2017-05-21","2017-09-20"
"5266","2017-05-22","2017-10-21"
"5267","2018-04-06","2021-09-22"
"5268","2017-05-16","2018-01-01"
"5269","2017-05-26","2026-04-01"
"5270","2017-06-30","2018-08-18"
"5271","2017-06-04","2023-12-03"
"5272","2017-09-17","2017-10-15"
"5273","2017-06-06","2026-01-13"
"5274","2020-10-31","2025-12-10"
"5275","2017-06-12","2022-07-09"
"5276","2017-05-27","2025-10-22"
"5277","2017-07-30","2017-07-30"
"5278","2017-06-25","2023-05-15"
"5279","2017-05-19","2026-06-04"
"5280","2017-05-24","2018-09-01"
"5281","2018-09-01","2019-08-26"
"5282","2017-05-29","2018-07-16"
"5283","2017-05-21","2018-12-27"
"5284","2020-11-29","2025-07-25"
"5285","2017-06-21","2026-05-16"
"5286","2017-06-22","2019-02-23"
"5287","2018-01-05","2018-01-25"
"5288","2017-10-25","2021-06-25"
"5289","2019-05-16","2021-06-05"
"5290","2017-06-25","2023-11-05"
"5291","2017-12-10","2017-12-10"
"5292","2017-05-25","2018-01-01"
"5293","2020-12-05","2026-05-25"
"5294","2017-07-17","2023-10-29"
"5295","2017-06-15","2020-10-31"
"5296","2017-06-25","2026-06-12"
"5297","2017-08-20","2023-06-25"
"5298","2017-09-07","2026-04-12"
"5299","2017-06-12","2020-04-13"
"5300","2017-10-08","2023-09-28"
"5301","2017-10-14","2025-03-06"
"5302","2017-05-28","2019-01-03"
"5303","2017-05-29","2023-10-25"
"5304","2017-06-10","2026-04-29"
"5305","2017-09-03","2026-06-11"
"5306","",""
"5307","2017-05-29","2025-11-05"
"5308","2017-10-16","2022-11-23"
"5309","2018-05-02","2025-04-24"
"5310","2017-05-29","2018-09-23"
"5311","2017-05-28","2026-06-06"
"5312","2019-10-27","2021-11-01"
"5313","2017-07-31","2024-07-31"
"5314","2019-03-16","2024-12-15"
"5315","2017-08-30","2020-09-01"
"5316","",""
"5317","2017-06-11","2023-03-27"
"5318","2017-06-01","2023-11-11"
"5319","2018-09-08","2021-10-31"
"5320","2017-05-27","2017-06-15"
"5321","2018-02-11","2019-02-02"
"5322","2017-09-22","2025-10-31"
"5323","2017-06-09","2019-07-01"
"5324","2017-05-29","2018-10-22"
"5325","2017-06-19","2025-12-06"
"5326","2017-06-15","2024-02-12"
"5327","2017-06-21","2017-07-11"
"5328","2017-06-04","2017-07-29"
"5329","2017-06-10","2026-03-08"
"5330","2017-09-17","2018-10-09"
"5331","2017-06-01","2017-06-08"
"5332","2017-06-20","2025-07-31"
"5333","2017-08-31","2026-05-25"
"5334","2017-09-28","2020-03-05"
"5335","2017-06-08","2023-11-30"
"5336","2017-06-03","2019-02-18"
"5337","2017-06-20","2024-09-17"
"5338","2017-06-25","2024-06-10"
"5339","2017-10-09","2017-10-09"
"5340","2017-07-01","2017-07-01"
"5341","2017-09-30","2026-05-31"
"5342","2017-07-16","2017-07-19"
"5343","2017-06-22","2017-06-22"
"5344","2017-07-02","2022-07-05"
"5345","2017-07-02","2019-05-18"
"5346","2018-07-15","2022-09-05"
"5347","2017-06-15","2019-11-30"
"5348","2017-06-18","2018-01-02"
"5349","2017-09-05","2017-09-09"
"5350","2023-06-20","2026-05-17"
"5351","2020-12-25","2025-12-14"
"5352","2017-06-26","2018-07-01"
"5353","2017-06-06","2026-05-31"
"5354","2017-06-19","2018-08-25"
"5355","",""
"5356","2017-07-31","2017-12-16"
"5357","",""
"5358","2017-07-28","2017-07-28"
"5359","2017-10-15","2026-04-10"
"5360","2017-07-02","2017-07-02"
"5361","2017-08-07","2019-08-21"
"5362","2017-07-03","2018-03-19"
"5363","2017-06-11","2021-10-21"
"5364","2017-06-06","2020-03-22"
"5365","2017-06-10","2020-03-13"
"5366","",""
"5367","2017-10-31","2026-05-19"
"5368","2017-08-06","2019-01-03"
"5369","2017-08-11","2017-09-05"
"5370","2017-06-14","2025-09-16"
"5371","2017-07-21","2026-05-22"
"5372","2017-08-12","2020-01-01"
"5373","",""
"5374","2017-08-07","2026-05-23"
"5375","2017-06-19","2017-06-19"
"5376","2017-06-18","2017-11-12"
"5377","2017-08-05","2026-03-02"
"5378","2017-07-05","2018-11-04"
"5379","2017-08-23","2017-09-23"
"5380","2017-07-17","2020-03-15"
"5381","2017-07-01","2025-10-31"
"5382","2017-06-26","2018-08-25"
"5383","2017-07-13","2018-06-22"
"5384","2017-07-02","2017-11-24"
"5385","2017-07-26","2025-01-14"
"5386","2017-06-19","2021-01-31"
"5387","2017-06-25","2020-07-24"
"5388","",""
"5389","2019-04-07","2019-10-23"
"5390","2017-06-28","2018-01-09"
"5391","2017-07-16","2019-01-14"
"5392","2017-07-03","2019-08-12"
"5393","2017-06-26","2017-06-26"
"5394","2017-10-02","2026-05-20"
"5395","2017-07-07","2025-07-16"
"5396","2017-07-31","2025-12-10"
"5397","2018-01-02","2019-08-16"
"5398","2017-06-18","2025-08-31"
"5399","",""
"5400","2017-07-14","2023-12-08"
"5401","2017-07-05","2017-09-03"
"5402","2017-06-24","2026-04-23"
"5403","2017-07-23","2023-10-01"
"5404","2017-08-28","2026-05-01"
"5405","2017-10-08","2017-11-05"
"5406","2018-08-06","2026-05-03"
"5407","",""
"5408","2017-07-04","2020-02-29"
"5409","2017-06-26","2026-05-09"
"5410","2017-07-07","2019-08-27"
"5411","2017-10-09","2025-05-02"
"5412","2018-05-31","2026-01-12"
"5413","2017-09-04","2026-06-14"
"5414","2017-06-18","2026-05-12"
"5415","2017-07-15","2019-12-30"
"5416","2017-06-30","2017-12-17"
"5417","2017-08-05","2023-08-24"
"5418","2017-09-30","2020-03-18"
"5419","2017-07-04","2025-12-01"
"5420","2017-08-27","2023-09-04"
"5421","2017-08-01","2026-05-31"
"5422","2018-07-02","2018-09-01"
"5423","2017-09-24","2020-02-16"
"5424","2017-06-28","2018-04-13"
"5425","2017-07-04","2019-08-26"
"5426","2017-06-25","2025-05-10"
"5427","2017-07-02","2025-08-25"
"5428","2017-07-16","2019-09-02"
"5429","2017-07-16","2017-08-02"
"5430","2017-08-13","2026-04-19"
"5431","2018-01-17","2021-03-02"
"5432","2018-01-31","2026-04-11"
"5433","2017-11-25","2025-09-10"
"5434","2017-07-10","2022-04-23"
"5435","2017-08-26","2018-05-25"
"5436","",""
"5437","2017-08-09","2020-01-05"
"5438","2017-07-20","2017-10-01"
"5439","2017-12-01","2023-03-17"
"5440","2017-07-01","2017-07-22"
"5441","2017-09-18","2018-04-22"
"5442","2017-07-02","2017-11-01"
"5443","2017-07-05","2023-06-23"
"5444","2017-11-06","2025-09-30"
"5445","2017-07-22","2020-01-02"
"5446","2017-07-06","2017-07-06"
"5447","",""
"5448","2017-08-07","2018-06-29"
"5449","2017-09-06","2017-11-27"
"5450","",""
"5451","2017-09-04","2018-09-16"
"5452","2017-08-06","2025-12-20"
"5453","2017-08-10","2026-05-29"
"5454","2018-08-28","2018-09-05"
"5455","2017-06-29","2020-03-01"
"5456","2017-08-27","2017-09-05"
"5457","",""
"5458","2017-07-16","2026-06-04"
"5459","2017-07-06","2020-02-19"
"5460","2017-09-30","2021-10-09"
"5461","2018-09-21","2019-08-10"
"5462","2017-10-22","2022-06-12"
"5463","2017-07-16","2025-10-19"
"5464","2017-06-30","2021-08-31"
"5465","2017-07-27","2017-08-30"
"5466","",""
"5467","2021-07-31","2022-12-01"
"5468","2018-03-29","2025-07-20"
"5469","2017-09-04","2020-10-21"
"5470","2017-08-26","2026-05-13"
"5471","2017-11-27","2026-04-06"
"5472","2017-07-13","2026-03-28"
"5473","2018-01-02","2020-08-02"
"5474","2018-06-30","2019-12-06"
"5475","",""
"5476","",""
"5477","2017-07-30","2020-03-15"
"5478","2017-07-16","2023-10-19"
"5479","2017-09-03","2025-08-29"
"5480","2017-09-07","2025-07-14"
"5481","2017-07-16","2019-09-01"
"5482","2017-07-21","2026-06-08"
"5483","2017-10-25","2026-04-04"
"5484","2019-09-22","2019-10-13"
"5485","2017-07-24","2019-10-14"
"5486","2017-08-31","2024-07-25"
"5487","2017-08-06","2020-03-07"
"5488","2017-07-26","2020-02-17"
"5489","2017-07-10","2018-04-28"
"5490","2017-08-07","2025-11-22"
"5491","2017-09-01","2024-03-03"
"5492","2017-10-03","2021-09-02"
"5493","2017-07-09","2019-09-02"
"5494","2017-07-07","2025-11-01"
"5495","2017-07-09","2019-08-13"
"5496","2017-08-03","2021-11-25"
"5497","2017-08-20","2018-01-01"
"5498","2017-08-06","2020-01-01"
"5499","2021-07-26","2025-07-25"
"5500","2017-09-02","2026-05-31"
"5501","2017-07-21","2017-10-29"
"5502","2017-11-12","2018-07-08"
"5503","2017-08-06","2017-08-06"
"5504","2017-07-12","2017-10-23"
"5505","2018-08-16","2026-05-24"
"5506","2019-04-08","2022-05-01"
"5507","2022-10-16","2023-05-28"
"5508","2017-07-26","2017-08-21"
"5509","2017-07-30","2026-05-03"
"5510","2017-08-10","2026-06-12"
"5511","2017-07-23","2026-04-04"
"5512","2018-04-10","2020-12-20"
"5513","2017-07-30","2026-05-24"
"5514","2017-08-11","2017-10-27"
"5515","2018-10-22","2026-05-01"
"5516","2017-08-14","2026-02-01"
"5517","2017-07-31","2017-10-10"
"5518","2017-08-06","2023-07-15"
"5519","2017-07-14","2017-07-28"
"5520","2018-01-03","2019-12-30"
"5521","2017-10-06","2026-03-31"
"5522","2017-09-04","2026-06-04"
"5523","2017-08-30","2020-03-08"
"5524","2017-09-05","2021-11-28"
"5525","2017-07-16","2020-01-01"
"5526","2017-07-17","2017-07-25"
"5527","2017-08-06","2017-10-16"
"5528","2017-08-06","2017-08-17"
"5529","",""
"5530","2017-08-07","2020-01-04"
"5531","2017-07-25","2020-03-01"
"5532","2017-08-29","2017-08-29"
"5533","2019-06-30","2020-08-10"
"5534","2021-09-26","2021-12-12"
"5535","2017-08-23","2024-01-04"
"5536","2017-11-30","2025-07-30"
"5537","2017-10-08","2019-01-01"
"5538","2017-09-01","2018-03-31"
"5539","2017-08-04","2026-05-20"
"5540","2017-07-27","2018-12-26"
"5541","2019-02-25","2026-06-08"
"5542","2017-07-30","2025-03-01"
"5543","2023-06-04","2023-09-15"
"5544","2017-08-12","2018-01-03"
"5545","2017-08-04","2024-12-20"
"5546","2017-12-29","2017-12-29"
"5547","2017-08-12","2020-02-24"
"5548","2017-07-29","2026-06-01"
"5549","2017-07-23","2018-05-13"
"5550","2018-01-02","2025-10-09"
"5551","2018-02-17","2019-11-30"
"5552","2017-09-02","2022-04-23"
"5553","2017-08-14","2026-01-20"
"5554","2022-05-16","2025-10-21"
"5555","2018-08-17","2019-09-29"
"5556","2017-11-25","2019-11-24"
"5557","2017-12-17","2025-09-08"
"5558","2021-08-22","2025-12-24"
"5559","2017-07-23","2025-06-30"
"5560","2017-07-23","2025-02-13"
"5561","2017-07-23","2024-08-31"
"5562","2017-08-13","2017-08-28"
"5563","2017-09-17","2020-11-30"
"5564","2017-10-22","2025-10-15"
"5565","",""
"5566","",""
"5567","2017-08-17","2026-02-13"
"5568","2017-08-21","2018-04-30"
"5569","2017-12-27","2026-04-11"
"5570","",""
"5571","2019-06-22","2019-10-11"
"5572","2018-01-28","2022-05-08"
"5573","2017-07-27","2019-08-27"
"5574","2017-10-29","2025-10-01"
"5575","",""
"5576","2017-08-27","2017-09-17"
"5577","2018-03-13","2023-10-14"
"5578","2018-07-01","2019-05-19"
"5579","2017-11-17","2026-06-07"
"5580","2017-07-30","2018-01-01"
"5581","2017-08-22","2025-10-23"
"5582","2017-08-27","2025-08-31"
"5583","2017-09-21","2023-11-30"
"5584","2017-08-16","2017-08-16"
"5585","2017-08-14","2020-10-18"
"5586","2017-08-06","2018-01-27"
"5587","2017-12-29","2018-01-01"
"5588","2017-09-19","2023-11-21"
"5589","2017-08-28","2026-01-05"
"5590","2017-07-30","2018-08-26"
"5591","2017-08-13","2023-08-31"
"5592","2017-11-14","2024-08-18"
"5593","2017-09-23","2022-03-14"
"5594","2017-08-27","2025-09-02"
"5595","2017-08-03","2018-06-23"
"5596","2017-09-03","2018-03-19"
"5597","2017-08-18","2025-01-16"
"5598","2017-12-05","2023-04-23"
"5599","2017-08-07","2026-06-05"
"5600","2017-08-18","2025-09-01"
"5601","2017-08-21","2018-09-04"
"5602","2017-10-06","2026-05-08"
"5603","2017-10-22","2019-05-23"
"5604","2017-09-18","2019-06-17"
"5605","2017-08-31","2025-10-13"
"5606","2017-08-05","2017-08-26"
"5607","2017-09-19","2020-10-19"
"5608","2017-08-03","2026-01-15"
"5609","2018-05-20","2020-06-20"
"5610","2017-09-01","2021-03-31"
"5611","2018-02-01","2026-02-23"
"5612","2017-08-07","2019-01-04"
"5613","2017-08-22","2020-03-15"
"5614","2017-08-19","2018-08-24"
"5615","2017-08-05","2026-05-20"
"5616","2017-08-06","2025-07-01"
"5617","2017-09-05","2026-06-22"
"5618","2018-08-03","2018-08-03"
"5619","2018-04-28","2026-06-05"
"5620","2017-08-19","2023-01-02"
"5621","",""
"5622","2017-09-18","2018-01-01"
"5623","2017-09-03","2017-10-28"
"5624","2019-06-10","2023-10-08"
"5625","2017-08-12","2025-11-30"
"5626","2017-08-16","2026-05-01"
"5627","2017-08-26","2019-09-01"
"5628","2017-08-19","2017-08-19"
"5629","2017-12-15","2025-09-01"
"5630","2017-08-10","2019-06-18"
"5631","2017-08-14","2026-05-26"
"5632","2017-11-01","2026-05-26"
"5633","2017-09-10","2018-05-03"
"5634","2017-08-06","2018-01-17"
"5635","2017-08-27","2019-08-10"
"5636","2017-08-27","2024-12-02"
"5637","2017-09-14","2020-01-02"
"5638","2017-08-09","2017-11-05"
"5639","2018-01-01","2020-01-05"
"5640","2019-07-03","2020-01-01"
"5641","2018-08-20","2025-04-13"
"5642","",""
"5643","2017-09-04","2023-06-25"
"5644","",""
"5645","2017-08-30","2019-09-03"
"5646","2017-09-20","2023-12-02"
"5647","2017-09-04","2026-06-11"
"5648","2017-08-28","2017-08-28"
"5649","2019-07-22","2020-03-11"
"5650","2018-01-26","2026-03-27"
"5651","2017-08-22","2025-10-08"
"5652","2017-08-22","2023-10-07"
"5653","2017-09-21","2020-03-18"
"5654","2025-03-21","2026-04-25"
"5655","",""
"5656","2017-08-27","2025-09-04"
"5657","",""
"5658","2017-09-05","2018-09-03"
"5659","2017-09-19","2026-01-11"
"5660","2017-09-17","2020-01-01"
"5661","2019-02-28","2019-02-28"
"5662","2017-09-18","2019-06-05"
"5663","2018-04-14","2019-01-21"
"5664","2017-09-01","2025-05-01"
"5665","2017-08-25","2024-12-21"
"5666","2017-08-31","2019-05-19"
"5667","2017-09-19","2025-09-16"
"5668","2017-09-04","2023-09-04"
"5669","2017-10-04","2026-05-17"
"5670","2017-08-28","2018-09-21"
"5671","2017-11-26","2017-11-26"
"5672","2017-09-02","2018-01-02"
"5673","2017-09-03","2019-12-09"
"5674","2017-08-27","2018-12-02"
"5675","2017-09-14","2018-09-16"
"5676","2017-09-11","2019-11-11"
"5677","2017-08-31","2018-05-20"
"5678","2017-12-22","2025-12-20"
"5679","2017-12-21","2019-02-12"
"5680","2017-11-12","2017-11-25"
"5681","2017-09-04","2018-11-24"
"5682","2017-09-10","2017-12-30"
"5683","",""
"5684","2017-09-10","2026-04-20"
"5685","2017-10-01","2026-03-31"
"5686","2017-09-04","2024-06-17"
"5687","2017-10-08","2026-05-28"
"5688","2017-11-01","2023-11-25"
"5689","2018-04-30","2024-12-17"
"5690","2019-04-19","2026-05-22"
"5691","2017-08-27","2018-10-06"
"5692","2017-09-01","2018-04-15"
"5693","2017-10-04","2018-12-24"
"5694","2017-09-04","2025-07-15"
"5695","2017-08-27","2023-08-16"
"5696","2017-09-24","2018-03-31"
"5697","2017-08-27","2017-10-27"
"5698","2017-09-04","2018-09-13"
"5699","2017-09-25","2018-09-13"
"5700","2017-09-16","2023-06-28"
"5701","2017-09-06","2018-06-04"
"5702","2017-08-27","2017-08-27"
"5703","2017-08-27","2026-05-17"
"5704","2024-12-23","2025-05-06"
"5705","2018-01-21","2025-11-01"
"5706","2017-09-19","2025-09-07"
"5707","2017-09-04","2020-01-02"
"5708","2017-10-15","2018-06-10"
"5709","2018-05-12","2026-06-13"
"5710","2017-09-04","2019-06-09"
"5711","2018-09-03","2020-01-07"
"5712","2017-08-31","2023-12-02"
"5713","2017-09-21","2018-01-02"
"5714","2017-09-05","2025-11-01"
"5715","2018-04-11","2019-11-16"
"5716","",""
"5717","2017-09-02","2025-10-10"
"5718","2017-12-16","2024-02-03"
"5719","2017-09-04","2020-07-15"
"5720","2017-09-18","2019-05-14"
"5721","2017-10-07","2018-01-01"
"5722","2017-11-05","2022-02-20"
"5723","2017-09-15","2026-05-01"
"5724","2017-10-13","2019-12-03"
"5725","2017-09-09","2022-07-03"
"5726","2017-09-11","2025-02-27"
"5727","2017-09-19","2025-10-30"
"5728","2017-09-12","2022-01-05"
"5729","2018-04-17","2026-03-10"
"5730","2017-11-03","2025-12-01"
"5731","2017-11-03","2019-02-17"
"5732","2017-09-17","2020-07-24"
"5733","",""
"5734","2017-09-04","2026-05-03"
"5735","2017-09-14","2023-09-06"
"5736","2017-09-08","2017-11-02"
"5737","2017-09-03","2019-10-27"
"5738","2017-10-07","2018-01-03"
"5739","2017-09-02","2019-09-20"
"5740","2018-05-06","2026-03-05"
"5741","2017-09-16","2025-07-02"
"5742","2020-02-21","2024-08-17"
"5743","2017-09-10","2026-06-07"
"5744","2017-09-14","2018-07-17"
"5745","2017-09-14","2018-04-14"
"5746","2017-09-21","2026-06-08"
"5747","2018-01-03","2022-08-16"
"5748","2017-09-13","2026-05-22"
"5749","2017-12-31","2023-09-17"
"5750","",""
"5751","",""
"5752","2017-09-13","2025-02-24"
"5753","2018-03-25","2021-09-15"
"5754","2018-01-02","2023-06-24"
"5755","2018-08-17","2020-12-12"
"5756","2017-10-22","2019-04-22"
"5757","2017-09-09","2025-08-31"
"5758","2017-09-11","2025-11-10"
"5759","2019-05-22","2020-08-01"
"5760","2017-10-09","2026-03-24"
"5761","",""
"5762","2017-09-17","2026-04-26"
"5763","2017-09-17","2018-02-13"
"5764","2018-08-11","2026-03-01"
"5765","2018-08-19","2022-11-13"
"5766","2018-10-21","2020-01-17"
"5767","2017-09-26","2024-09-01"
"5768","2017-09-18","2018-05-10"
"5769","2017-09-15","2023-10-13"
"5770","2017-12-03","2019-10-20"
"5771","2017-10-09","2018-07-27"
"5772","2017-09-25","2018-05-28"
"5773","2021-12-19","2025-10-02"
"5774","2017-09-24","2017-09-24"
"5775","2017-10-29","2018-04-01"
"5776","2017-10-08","2023-02-10"
"5777","2017-11-12","2025-02-28"
"5778","2017-10-16","2020-01-03"
"5779","2017-09-24","2019-04-10"
"5780","2019-04-13","2021-08-01"
"5781","2018-06-10","2023-09-11"
"5782","2017-10-02","2020-01-04"
"5783","2017-10-24","2021-09-11"
"5784","2017-09-23","2020-03-08"
"5785","2018-01-02","2023-05-04"
"5786","2017-11-21","2024-12-31"
"5787","2018-01-13","2024-06-12"
"5788","2017-09-22","2019-05-06"
"5789","2018-09-30","2025-06-09"
"5790","2017-09-20","2019-08-29"
"5791","2017-10-11","2026-06-08"
"5792","2018-01-15","2025-11-14"
"5793","2017-10-02","2025-07-12"
"5794","2017-10-07","2023-12-06"
"5795","2017-12-20","2018-01-09"
"5796","2017-09-22","2022-09-18"
"5797","2017-10-02","2024-09-30"
"5798","2017-09-25","2025-08-11"
"5799","2017-09-23","2026-06-01"
"5800","2017-12-20","2026-06-06"
"5801","2017-09-28","2017-09-28"
"5802","2017-10-08","2019-01-02"
"5803","2017-10-08","2025-05-08"
"5804","2017-09-25","2023-09-03"
"5805","2017-11-26","2026-05-31"
"5806","2019-12-11","2020-01-02"
"5807","2017-09-24","2017-11-04"
"5808","2018-09-04","2024-06-11"
"5809","2017-10-01","2019-08-24"
"5810","2018-09-28","2026-06-05"
"5811","",""
"5812","2019-11-18","2026-05-29"
"5813","2018-01-17","2024-12-15"
"5814","2019-04-09","2021-04-10"
"5815","2019-01-01","2021-03-25"
"5816","2017-10-09","2017-11-26"
"5817","2018-05-31","2018-07-28"
"5818","2017-10-08","2026-05-01"
"5819","2018-03-17","2026-05-04"
"5820","2017-11-02","2026-04-30"
"5821","2018-04-10","2026-05-02"
"5822","2017-10-17","2017-10-17"
"5823","",""
"5824","2018-06-16","2024-02-15"
"5825","2019-02-01","2021-07-18"
"5826","2018-01-06","2021-02-28"
"5827","2017-10-01","2026-04-01"
"5828","2018-01-01","2026-05-04"
"5829","2018-02-04","2020-09-01"
"5830","2022-11-28","2023-03-26"
"5831","2017-10-24","2018-08-28"
"5832","2017-10-29","2018-01-04"
"5833","2017-11-12","2021-02-08"
"5834","2018-01-05","2018-04-01"
"5835","2017-11-01","2018-06-10"
"5836","2019-04-23","2023-01-01"
"5837","2017-10-03","2026-05-25"
"5838","2017-10-11","2018-05-30"
"5839","2017-10-13","2019-06-10"
"5840","2017-10-25","2026-02-01"
"5841","2017-10-17","2019-11-17"
"5842","2017-10-29","2018-07-02"
"5843","2017-10-06","2022-07-31"
"5844","2017-10-21","2019-10-31"
"5845","2018-12-07","2025-10-25"
"5846","2017-12-10","2022-10-01"
"5847","2018-09-25","2019-05-31"
"5848","",""
"5849","2018-04-03","2022-12-10"
"5850","2018-05-06","2021-02-01"
"5851","2017-11-01","2025-11-15"
"5852","2019-12-10","2020-01-12"
"5853","2017-10-16","2017-10-29"
"5854","",""
"5855","2019-02-17","2019-02-17"
"5856","2018-05-25","2024-11-05"
"5857","2021-08-01","2023-08-05"
"5858","2017-11-15","2022-12-29"
"5859","2018-03-31","2023-07-19"
"5860","2018-06-17","2021-05-31"
"5861","2017-10-18","2020-10-31"
"5862","2017-10-08","2025-11-06"
"5863","2017-10-23","2018-04-06"
"5864","2017-11-25","2026-05-30"
"5865","2018-01-04","2023-06-26"
"5866","2018-09-30","2023-12-19"
"5867","2017-11-09","2019-01-03"
"5868","",""
"5869","2018-05-13","2026-06-01"
"5870","2018-01-02","2018-02-24"
"5871","2017-12-28","2017-12-28"
"5872","2017-10-13","2017-10-13"
"5873","2017-10-29","2017-12-05"
"5874","2018-10-18","2018-10-18"
"5875","2017-10-16","2018-02-24"
"5876","2018-05-18","2020-01-04"
"5877","2017-11-14","2019-09-26"
"5878","2018-06-13","2026-03-03"
"5879","2017-11-20","2026-06-04"
"5880","2017-12-11","2026-02-28"
"5881","2018-02-27","2020-03-02"
"5882","2017-10-25","2025-11-24"
"5883","2017-10-20","2025-10-17"
"5884","2017-10-15","2021-06-29"
"5885","2017-11-14","2022-03-31"
"5886","2017-11-08","2022-06-12"
"5887","2017-11-07","2026-06-07"
"5888","2017-10-21","2025-11-15"
"5889","2020-04-23","2023-07-01"
"5890","2017-10-27","2018-06-27"
"5891","2021-06-27","2021-06-27"
"5892","2017-10-22","2023-01-07"
"5893","2017-11-18","2017-12-09"
"5894","2017-11-13","2024-08-31"
"5895","2019-07-01","2020-03-19"
"5896","2017-11-09","2026-05-03"
"5897","",""
"5898","2017-11-05","2022-09-04"
"5899","2018-01-31","2025-08-29"
"5900","2017-11-06","2019-10-12"
"5901","2017-10-22","2023-08-06"
"5902","2017-11-26","2019-08-10"
"5903","2017-11-12","2020-03-14"
"5904","2017-11-14","2026-04-08"
"5905","2017-12-16","2025-08-01"
"5906","2018-01-02","2020-12-28"
"5907","2018-06-11","2021-12-01"
"5908","2017-10-23","2020-01-01"
"5909","2017-11-15","2021-12-27"
"5910","2017-10-20","2019-03-31"
"5911","2017-10-27","2023-12-23"
"5912","2017-12-14","2019-03-14"
"5913","2017-11-28","2020-01-02"
"5914","2018-06-24","2020-02-23"
"5915","2018-08-21","2026-05-30"
"5916","2020-02-19","2022-05-04"
"5917","2017-10-28","2026-05-29"
"5918","2017-12-07","2018-01-02"
"5919","2017-10-29","2026-03-31"
"5920","2017-11-20","2024-02-05"
"5921","2017-11-25","2019-11-01"
"5922","2017-10-31","2020-02-28"
"5923","2017-10-22","2019-08-07"
"5924","2017-11-27","2018-05-15"
"5925","2017-11-25","2019-01-18"
"5926","2017-11-26","2018-06-01"
"5927","",""
"5928","2017-11-06","2023-10-02"
"5929","2017-10-29","2021-08-31"
"5930","2017-11-01","2020-11-11"
"5931","2018-08-06","2018-12-09"
"5932","2017-11-06","2018-02-11"
"5933","2018-01-01","2023-05-22"
"5934","2017-10-27","2018-07-22"
"5935","2017-11-03","2025-08-16"
"5936","2017-11-21","2025-09-01"
"5937","2018-03-10","2026-02-07"
"5938","2017-11-27","2023-11-26"
"5939","2017-12-02","2025-10-04"
"5940","2024-06-29","2025-10-23"
"5941","2017-11-20","2019-03-24"
"5942","2018-01-05","2018-06-11"
"5943","2017-11-14","2026-04-07"
"5944","2018-01-02","2018-01-02"
"5945","2017-11-29","2026-06-03"
"5946","2017-12-03","2019-12-28"
"5947","2017-11-04","2023-10-16"
"5948","2018-04-30","2019-09-18"
"5949","2017-11-12","2022-01-31"
"5950","2023-09-03","2023-09-03"
"5951","2017-12-04","2018-03-25"
"5952","2018-01-01","2026-05-27"
"5953","2018-05-13","2019-10-14"
"5954","2017-11-08","2020-07-16"
"5955","2017-11-28","2022-01-29"
"5956","2017-11-25","2023-09-24"
"5957","2017-11-12","2026-04-27"
"5958","2017-11-11","2026-06-06"
"5959","2017-11-06","2020-02-20"
"5960","2017-12-05","2018-04-27"
"5961","2017-11-24","2026-02-28"
"5962","2017-11-19","2022-06-27"
"5963","2018-04-08","2026-05-21"
"5964","2017-11-02","2023-09-04"
"5965","2021-03-12","2024-07-31"
"5966","2017-12-03","2019-05-13"
"5967","2017-11-26","2023-08-10"
"5968","",""
"5969","2017-12-03","2026-06-06"
"5970","2017-12-03","2025-03-07"
"5971","2017-11-18","2026-06-01"
"5972","2017-11-11","2021-04-01"
"5973","2017-11-28","2026-05-30"
"5974","2017-12-17","2018-01-01"
"5975","2017-12-07","2018-01-12"
"5976","2017-11-27","2023-06-15"
"5977","2017-12-25","2023-04-29"
"5978","2017-11-26","2020-03-09"
"5979","2017-12-04","2026-06-08"
"5980","2018-04-01","2022-04-03"
"5981","2017-11-10","2023-12-10"
"5982","2019-10-16","2023-09-09"
"5983","2017-11-28","2026-05-24"
"5984","2018-04-15","2020-01-09"
"5985","2018-03-09","2025-11-20"
"5986","",""
"5987","",""
"5988","2017-11-20","2018-04-26"
"5989","2017-11-11","2017-12-29"
"5990","2019-07-12","2026-03-05"
"5991","2018-01-03","2018-01-03"
"5992","2018-01-02","2019-01-01"
"5993","",""
"5994","2018-03-06","2019-06-30"
"5995","2018-07-31","2022-07-27"
"5996","2017-11-25","2025-10-01"
"5997","2017-11-25","2018-09-29"
"5998","2017-11-19","2020-11-01"
"5999","2017-11-15","2017-11-30"
"6000","2018-01-03","2025-08-05"
"6001","",""
"6002","2017-11-25","2019-05-16"
"6003","2017-11-19","2026-02-14"
"6004","2018-03-18","2020-03-09"
"6005","2017-12-03","2023-08-20"
"6006","2017-11-23","2020-09-29"
"6007","2018-01-07","2019-01-20"
"6008","2021-07-24","2023-01-03"
"6009","2017-11-25","2020-02-12"
"6010","",""
"6011","2018-02-16","2025-09-09"
"6012","2018-01-05","2019-11-10"
"6013","2018-02-08","2025-01-21"
"6014","2018-01-01","2026-05-26"
"6015","2017-12-13","2017-12-13"
"6016","2017-12-25","2018-01-02"
"6017","",""
"6018","2017-12-02","2024-10-21"
"6019","2018-01-01","2025-12-16"
"6020","2022-01-05","2022-10-09"
"6021","2018-05-15","2018-05-15"
"6022","2017-12-04","2023-07-18"
"6023","2017-12-13","2026-06-05"
"6024","",""
"6025","2017-12-29","2017-12-29"
"6026","2017-12-21","2026-05-10"
"6027","2017-12-11","2025-10-08"
"6028","2017-12-17","2026-06-05"
"6029","2017-12-03","2025-09-30"
"6030","2017-12-12","2017-12-12"
"6031","2022-12-12","2023-10-20"
"6032","2018-01-01","2018-09-06"
"6033","2017-12-10","2026-05-25"
"6034","2017-12-02","2022-10-12"
"6035","2019-08-10","2025-08-10"
"6036","2017-11-26","2023-09-05"
"6037","2017-12-30","2017-12-30"
"6038","",""
"6039","2018-09-24","2025-07-15"
"6040","",""
"6041","2021-10-31","2026-06-09"
"6042","2018-01-02","2025-03-05"
"6043","2017-11-25","2020-01-01"
"6044","2018-05-20","2026-02-26"
"6045","2018-01-05","2026-02-16"
"6046","2017-12-24","2020-02-01"
"6047","2017-12-08","2025-06-06"
"6048","2022-11-23","2024-05-31"
"6049","2017-12-03","2025-08-07"
"6050","",""
"6051","2018-01-04","2018-01-04"
"6052","2017-11-25","2026-06-06"
"6053","2018-01-01","2018-01-01"
"6054","2018-04-29","2023-04-14"
"6055","2018-02-28","2018-06-30"
"6056","",""
"6057","2023-07-30","2023-09-26"
"6058","2018-09-27","2024-10-31"
"6059","2017-12-12","2019-12-18"
"6060","2018-04-28","2021-12-24"
"6061","2018-04-10","2025-10-17"
"6062","2017-12-08","2018-01-02"
"6063","2017-12-30","2023-09-23"
"6064","2017-11-24","2020-03-07"
"6065","2017-12-26","2018-11-26"
"6066","2018-08-05","2021-08-07"
"6067","2017-12-19","2018-07-24"
"6068","2017-12-13","2019-08-07"
"6069","2017-12-08","2026-04-04"
"6070","",""
"6071","2018-01-06","2020-10-15"
"6072","2018-12-19","2021-06-14"
"6073","2017-12-25","2019-08-25"
"6074","2019-04-23","2020-01-01"
"6075","2017-12-30","2019-08-10"
"6076","2018-01-15","2023-12-02"
"6077","2017-12-13","2019-05-18"
"6078","",""
"6079","2017-12-12","2018-01-01"
"6080","",""
"6081","2018-01-03","2024-09-02"
"6082","2019-01-14","2025-05-06"
"6083","2018-01-23","2023-08-23"
"6084","2017-12-11","2018-01-14"
"6085","2018-01-01","2018-03-18"
"6086","2017-12-10","2026-05-01"
"6087","2018-04-05","2018-11-14"
"6088","2017-12-08","2017-12-08"
"6089","2018-02-13","2023-09-08"
"6090","2018-07-02","2026-03-15"
"6091","2017-12-28","2018-01-11"
"6092","2017-12-10","2019-11-17"
"6093","2018-05-07","2020-01-02"
"6094","2017-12-10","2018-03-18"
"6095","",""
"6096","2017-12-29","2018-07-21"
"6097","2017-12-26","2025-08-25"
"6098","2017-12-28","2019-08-24"
"6099","2017-12-30","2025-10-01"
"6100","",""
"6101","2018-12-30","2023-09-04"
"6102","2017-12-10","2019-02-24"
"6103","2017-12-23","2019-01-02"
"6104","",""
"6105","2017-12-27","2026-06-07"
"6106","2018-03-22","2018-03-22"
"6107","2017-12-26","2017-12-26"
"6108","2018-01-13","2018-01-13"
"6109","",""
"6110","2017-12-30","2019-10-07"
"6111","2018-07-01","2023-10-06"
"6112","2018-01-03","2024-08-18"
"6113","2017-12-18","2023-10-08"
"6114","2017-12-09","2025-08-11"
"6115","2017-12-11","2020-01-26"
"6116","2018-09-01","2018-09-01"
"6117","2018-02-11","2026-05-21"
"6118","2017-12-27","2018-04-18"
"6119","",""
"6120","2017-12-11","2018-08-26"
"6121","2019-01-30","2025-08-17"
"6122","2017-12-17","2026-03-10"
"6123","2018-03-04","2026-05-20"
"6124","2018-01-01","2019-11-11"
"6125","2018-03-17","2026-05-31"
"6126","2017-12-11","2018-10-07"
"6127","",""
"6128","2017-12-25","2026-05-28"
"6129","2018-01-02","2022-07-31"
"6130","2018-01-03","2025-03-31"
"6131","2018-07-13","2018-07-13"
"6132","",""
"6133","2017-12-29","2017-12-29"
"6134","2018-02-14","2022-02-18"
"6135","2018-01-01","2026-05-29"
"6136","2018-01-02","2025-12-01"
"6137","2018-07-19","2019-12-31"
"6138","2018-07-19","2018-07-19"
"6139","2018-02-14","2018-12-27"
"6140","2017-12-10","2018-01-01"
"6141","",""
"6142","2017-12-10","2018-04-08"
"6143","",""
"6144","2018-01-01","2021-01-31"
"6145","2017-12-10","2026-06-01"
"6146","2018-04-22","2025-08-12"
"6147","2018-01-04","2025-11-02"
"6148","2017-12-17","2019-06-29"
"6149","2017-12-27","2017-12-27"
"6150","2017-12-28","2020-11-07"
"6151","2018-01-01","2018-08-22"
"6152","2017-12-24","2024-01-06"
"6153","2018-01-01","2018-01-01"
"6154","",""
"6155","",""
"6156","2018-02-20","2018-09-30"
"6157","2017-12-26","2018-01-01"
"6158","2018-01-12","2024-08-31"
"6159","2023-02-07","2026-04-19"
"6160","2018-03-03","2018-10-18"
"6161","2018-01-01","2026-04-01"
"6162","2017-12-29","2026-05-10"
"6163","2018-02-03","2020-03-01"
"6164","",""
"6165","2018-01-04","2018-03-12"
"6166","2018-11-18","2019-01-01"
"6167","2018-01-14","2023-09-29"
"6168","2018-01-02","2018-01-02"
"6169","2017-12-31","2023-07-25"
"6170","",""
"6171","2018-01-02","2018-03-18"
"6172","2017-12-19","2020-03-01"
"6173","2018-10-01","2022-01-12"
"6174","2017-12-30","2023-06-20"
"6175","2018-01-02","2020-03-15"
"6176","2018-01-05","2024-05-01"
"6177","2018-06-27","2018-06-27"
"6178","2018-01-02","2018-01-02"
"6179","2017-12-27","2026-05-07"
"6180","",""
"6181","2017-12-30","2023-09-11"
"6182","2017-12-28","2018-01-05"
"6183","",""
"6184","2017-12-30","2017-12-30"
"6185","",""
"6186","2018-01-22","2026-05-12"
"6187","2018-01-05","2019-04-27"
"6188","",""
"6189","2018-01-08","2018-11-10"
"6190","2017-12-25","2018-12-09"
"6191","",""
"6192","2017-12-27","2023-08-20"
"6193","2018-05-16","2025-10-08"
"6194","2018-01-02","2018-07-01"
"6195","2018-02-18","2025-04-29"
"6196","2018-01-01","2024-08-21"
"6197","2017-12-30","2018-09-03"
"6198","2017-12-29","2026-03-27"
"6199","2018-01-25","2023-09-01"
"6200","2019-04-06","2023-12-30"
"6201","",""
"6202","2017-12-31","2018-05-16"
"6203","2017-12-31","2017-12-31"
"6204","2017-12-30","2018-03-02"
"6205","2018-06-06","2025-01-05"
"6206","2018-01-01","2022-07-02"
"6207","2018-01-02","2026-04-29"
"6208","2017-12-28","2020-01-04"
"6209","2018-01-03","2026-04-01"
"6210","",""
"6211","",""
"6212","2018-01-26","2026-05-02"
"6213","2018-02-19","2026-04-01"
"6214","2018-05-13","2018-10-14"
"6215","2018-02-08","2019-03-15"
"6216","2018-01-03","2026-06-04"
"6217","2017-12-30","2025-08-25"
"6218","2018-01-01","2021-11-12"
"6219","2018-01-02","2018-12-25"
"6220","2019-03-10","2023-09-21"
"6221","2018-01-02","2020-11-12"
"6222","2017-12-28","2020-03-01"
"6223","2017-12-28","2025-07-26"
"6224","2018-02-20","2026-04-13"
"6225","2018-06-26","2019-10-08"
"6226","2018-03-11","2026-05-01"
"6227","2018-03-11","2024-12-20"
"6228","2018-11-12","2019-12-30"
"6229","2022-08-07","2023-09-27"
"6230","2019-05-02","2023-01-16"
"6231","2018-01-23","2019-02-15"
"6232","2018-01-04","2020-03-11"
"6233","2018-03-12","2025-10-05"
"6234","2018-01-21","2026-06-09"
"6235","2018-01-15","2018-01-28"
"6236","",""
"6237","2018-01-07","2018-04-01"
"6238","2018-01-08","2026-06-08"
"6239","2018-02-19","2025-09-29"
"6240","2020-09-20","2022-10-24"
"6241","2018-01-14","2018-06-11"
"6242","2018-07-12","2018-07-27"
"6243","2020-08-10","2025-10-15"
"6244","2018-01-02","2018-10-21"
"6245","2018-01-22","2025-11-08"
"6246","2018-01-14","2026-06-01"
"6247","2018-01-17","2023-10-27"
"6248","2018-05-21","2019-12-10"
"6249","2018-03-26","2023-10-30"
"6250","2018-02-04","2019-09-27"
"6251","2018-04-24","2019-01-01"
"6252","2018-01-31","2018-01-31"
"6253","2018-02-09","2020-03-08"
"6254","2018-01-12","2018-01-24"
"6255","2018-02-18","2026-01-22"
"6256","2018-01-30","2018-03-15"
"6257","2018-01-26","2025-08-31"
"6258","",""
"6259","2018-06-19","2026-06-05"
"6260","2018-04-01","2018-04-06"
"6261","2018-01-22","2018-01-24"
"6262","2018-01-12","2018-01-15"
"6263","2018-03-01","2026-05-16"
"6264","2018-04-01","2023-07-02"
"6265","2018-02-09","2018-02-11"
"6266","2018-01-31","2018-10-07"
"6267","2018-01-14","2019-06-13"
"6268","2018-02-20","2020-03-21"
"6269","2018-02-22","2023-08-07"
"6270","2018-06-23","2019-12-26"
"6271","2018-01-21","2018-01-21"
"6272","2018-02-12","2025-08-31"
"6273","2018-06-10","2020-01-01"
"6274","2020-01-02","2020-01-02"
"6275","",""
"6276","",""
"6277","2018-07-01","2020-01-03"
"6278","2023-08-28","2026-04-27"
"6279","2023-08-27","2023-09-12"
"6280","2018-01-20","2020-03-07"
"6281","2018-06-29","2025-10-01"
"6282","2018-05-31","2025-12-19"
"6283","2018-04-30","2018-11-30"
"6284","2023-09-01","2025-12-06"
"6285","2018-09-01","2019-12-31"
"6286","2018-03-31","2026-06-10"
"6287","2018-08-01","2026-05-30"
"6288","2018-08-11","2023-01-01"
"6289","",""
"6290","2018-01-28","2026-06-07"
"6291","2018-03-20","2023-07-18"
"6292","2018-04-03","2020-02-23"
"6293","2018-04-06","2026-05-30"
"6294","2018-08-27","2019-05-31"
"6295","2018-02-15","2019-11-10"
"6296","2023-01-04","2025-12-01"
"6297","2018-06-03","2026-05-02"
"6298","2018-02-26","2018-09-15"
"6299","2018-03-11","2025-05-07"
"6300","2018-02-04","2023-08-13"
"6301","2018-06-17","2026-05-24"
"6302","2018-03-03","2025-08-07"
"6303","2018-03-18","2024-09-01"
"6304","",""
"6305","2018-04-15","2018-04-15"
"6306","2018-08-26","2020-01-12"
"6307","2018-04-15","2026-05-27"
"6308","2018-09-30","2023-04-02"
"6309","2023-01-07","2023-01-07"
"6310","2023-07-22","2023-09-04"
"6311","",""
"6312","",""
"6313","2018-02-23","2018-11-05"
"6314","2018-02-01","2023-11-19"
"6315","",""
"6316","2018-02-03","2025-12-25"
"6317","2018-02-23","2022-10-19"
"6318","2018-03-18","2025-06-13"
"6319","2018-02-05","2023-10-16"
"6320","2021-08-08","2026-03-27"
"6321","2018-03-20","2021-04-05"
"6322","2018-02-25","2025-10-31"
"6323","2022-04-15","2026-04-30"
"6324","2018-03-20","2019-12-04"
"6325","",""
"6326","2018-03-13","2020-01-05"
"6327","2019-06-17","2026-02-02"
"6328","2018-04-24","2022-04-05"
"6329","2018-02-11","2026-05-30"
"6330","2022-03-13","2026-06-03"
"6331","2021-07-31","2022-03-30"
"6332","2018-02-08","2022-10-04"
"6333","2018-02-18","2023-06-18"
"6334","2018-04-22","2018-06-22"
"6335","2018-07-15","2025-10-04"
"6336","2018-07-06","2025-07-19"
"6337","2018-02-11","2025-12-19"
"6338","2023-04-23","2023-10-30"
"6339","2018-02-10","2023-07-13"
"6340","2018-03-31","2025-11-16"
"6341","2018-05-20","2023-12-16"
"6342","2018-06-08","2025-12-27"
"6343","2018-08-14","2023-07-30"
"6344","2018-02-25","2020-02-18"
"6345","2018-03-04","2023-10-18"
"6346","2018-02-11","2018-03-25"
"6347","2018-04-28","2023-09-10"
"6348","2018-06-18","2020-10-09"
"6349","2018-02-11","2018-10-20"
"6350","2018-02-17","2026-02-18"
"6351","2018-03-11","2019-08-08"
"6352","2018-12-09","2026-06-06"
"6353","2018-04-09","2018-11-08"
"6354","2018-04-08","2020-01-02"
"6355","",""
"6356","",""
"6357","2018-09-08","2026-04-11"
"6358","2018-09-04","2023-12-27"
"6359","2018-02-19","2020-03-31"
"6360","2018-02-25","2026-06-04"
"6361","2018-03-18","2024-08-13"
"6362","2018-02-24","2024-06-30"
"6363","2018-02-18","2026-05-26"
"6364","2023-07-29","2023-08-13"
"6365","2018-07-26","2024-08-10"
"6366","2018-02-23","2020-03-15"
"6367","2018-03-28","2025-09-08"
"6368","2018-03-18","2019-12-30"
"6369","2018-02-19","2026-05-22"
"6370","2018-04-15","2021-05-16"
"6371","",""
"6372","2018-02-16","2026-06-04"
"6373","2018-03-25","2024-08-09"
"6374","2018-03-11","2018-07-15"
"6375","2018-03-05","2020-03-21"
"6376","2018-03-11","2023-08-06"
"6377","2018-03-12","2026-06-13"
"6378","2018-02-25","2019-08-15"
"6379","2018-03-18","2026-05-24"
"6380","2018-04-27","2023-05-05"
"6381","2018-03-25","2019-07-02"
"6382","2018-03-18","2025-12-05"
"6383","2019-07-16","2020-03-01"
"6384","2018-05-20","2023-03-31"
"6385","2018-03-15","2023-06-18"
"6386","",""
"6387","2018-03-11","2025-09-15"
"6388","2018-02-24","2018-03-30"
"6389","",""
"6390","2018-03-11","2021-03-02"
"6391","2018-07-28","2018-07-28"
"6392","2018-05-13","2025-12-23"
"6393","2018-03-18","2026-04-07"
"6394","2018-03-03","2018-12-27"
"6395","2018-08-05","2019-08-03"
"6396","2018-04-30","2025-12-23"
"6397","2018-07-15","2018-07-22"
"6398","",""
"6399","2018-03-11","2019-08-04"
"6400","2018-05-22","2025-11-15"
"6401","2023-05-25","2023-05-25"
"6402","2018-08-16","2026-05-11"
"6403","2018-03-29","2023-06-23"
"6404","2018-04-28","2025-06-09"
"6405","2022-09-27","2022-11-13"
"6406","2018-03-03","2020-08-30"
"6407","2018-03-05","2023-08-20"
"6408","2018-03-20","2026-04-01"
"6409","2018-09-04","2024-08-31"
"6410","2018-03-08","2019-11-02"
"6411","2018-04-26","2023-11-28"
"6412","2018-03-26","2023-10-18"
"6413","2022-12-29","2026-05-10"
"6414","2018-04-01","2022-08-15"
"6415","2018-03-16","2024-01-04"
"6416","2018-03-12","2023-05-30"
"6417","2018-06-04","2019-06-25"
"6418","",""
"6419","",""
"6420","",""
"6421","2018-05-17","2025-04-11"
"6422","2018-05-05","2026-05-29"
"6423","2018-06-13","2026-06-10"
"6424","2018-03-19","2019-01-13"
"6425","2018-03-21","2025-09-15"
"6426","2018-03-30","2026-05-18"
"6427","2022-07-17","2025-10-31"
"6428","2022-06-14","2023-10-11"
"6429","2018-06-27","2018-06-27"
"6430","",""
"6431","",""
"6432","2018-08-25","2025-07-15"
"6433","2018-03-25","2020-03-02"
"6434","2018-04-08","2021-07-31"
"6435","2018-03-17","2026-03-09"
"6436","2018-03-23","2018-03-23"
"6437","2019-06-30","2023-09-10"
"6438","",""
"6439","2022-01-22","2026-03-22"
"6440","2018-07-22","2026-05-31"
"6441","2019-06-22","2026-03-31"
"6442","2018-04-22","2025-12-01"
"6443","2019-08-18","2026-05-30"
"6444","2019-04-08","2026-05-15"
"6445","2018-08-27","2026-06-09"
"6446","2019-07-31","2026-05-31"
"6447","2018-04-15","2018-11-16"
"6448","2018-04-01","2023-11-09"
"6449","2018-03-25","2023-11-21"
"6450","2018-04-14","2025-12-22"
"6451","2018-03-28","2020-02-07"
"6452","2018-03-29","2026-02-05"
"6453","2018-05-04","2024-11-27"
"6454","2018-04-08","2026-06-07"
"6455","2018-04-23","2020-03-09"
"6456","2018-05-11","2026-06-19"
"6457","2022-05-31","2026-04-03"
"6458","2018-03-20","2020-01-01"
"6459","2018-04-02","2022-08-15"
"6460","2018-03-17","2018-08-19"
"6461","2018-10-21","2020-03-14"
"6462","2018-04-24","2019-07-01"
"6463","2018-04-03","2023-12-04"
"6464","2018-03-31","2019-12-22"
"6465","2018-08-31","2024-06-01"
"6466","2018-04-08","2022-07-15"
"6467","",""
"6468","2018-03-25","2018-03-25"
"6469","",""
"6470","2018-05-08","2026-06-09"
"6471","2018-04-29","2019-08-25"
"6472","2018-10-10","2026-01-11"
"6473","",""
"6474","2018-04-22","2020-01-01"
"6475","2018-04-08","2024-06-30"
"6476","2022-12-28","2025-11-01"
"6477","2018-04-23","2018-05-10"
"6478","",""
"6479","",""
"6480","2018-06-18","2024-07-23"
"6481","2018-03-29","2026-04-26"
"6482","2018-04-11","2021-06-04"
"6483","2019-07-31","2019-12-26"
"6484","2018-04-11","2018-05-02"
"6485","2018-05-07","2019-04-27"
"6486","2018-04-15","2022-11-30"
"6487","2018-05-31","2026-06-14"
"6488","",""
"6489","2024-02-05","2025-07-12"
"6490","2018-05-04","2019-06-02"
"6491","2018-05-11","2020-03-31"
"6492","2018-04-29","2023-11-26"
"6493","2018-03-31","2023-09-27"
"6494","2018-05-10","2018-11-12"
"6495","2018-04-27","2018-12-03"
"6496","2018-05-08","2018-05-08"
"6497","2018-04-25","2020-02-23"
"6498","2018-07-01","2020-01-04"
"6499","2018-09-16","2018-09-16"
"6500","2018-04-16","2024-05-06"
"6501","2018-05-13","2023-05-29"
"6502","2018-04-10","2020-02-26"
"6503","2018-04-06","2018-04-13"
"6504","2018-05-04","2025-12-17"
"6505","2018-04-10","2026-04-30"
"6506","2018-04-15","2019-12-30"
"6507","2024-05-07","2026-02-15"
"6508","2018-04-24","2021-03-28"
"6509","2021-12-23","2022-10-14"
"6510","2018-06-18","2019-05-01"
"6511","2018-04-17","2023-11-29"
"6512","2018-09-02","2023-12-03"
"6513","2018-05-11","2026-06-03"
"6514","2018-04-28","2026-06-12"
"6515","2018-04-14","2023-10-18"
"6516","2018-04-08","2018-04-29"
"6517","2018-05-25","2019-08-17"
"6518","2019-10-16","2025-11-21"
"6519","2018-05-15","2021-03-26"
"6520","2018-06-03","2019-08-02"
"6521","2019-04-21","2022-09-19"
"6522","2023-09-03","2023-09-03"
"6523","2018-04-11","2026-01-01"
"6524","2018-04-14","2024-12-28"
"6525","2018-12-29","2024-02-23"
"6526","2018-04-22","2026-05-28"
"6527","2018-04-24","2018-12-02"
"6528","2018-05-31","2025-12-22"
"6529","2019-04-01","2023-04-24"
"6530","2018-09-15","2020-01-02"
"6531","2018-05-02","2019-05-29"
"6532","2018-04-20","2019-09-23"
"6533","2023-04-06","2023-09-05"
"6534","2018-04-22","2024-10-31"
"6535","2024-12-20","2026-05-16"
"6536","2018-04-22","2026-04-03"
"6537","2018-04-25","2024-09-15"
"6538","2018-05-20","2018-06-16"
"6539","2019-04-28","2021-01-31"
"6540","2018-04-26","2020-02-12"
"6541","2018-04-25","2025-04-29"
"6542","2018-06-03","2025-06-04"
"6543","2018-08-20","2026-05-31"
"6544","2018-06-11","2020-02-23"
"6545","2018-05-23","2025-01-15"
"6546","2018-04-29","2025-09-05"
"6547","2018-06-29","2026-05-07"
"6548","2018-07-01","2026-01-28"
"6549","2018-06-12","2025-06-08"
"6550","2018-04-29","2026-05-31"
"6551","2018-12-31","2018-12-31"
"6552","2018-05-02","2025-12-08"
"6553","2021-05-29","2021-05-29"
"6554","2018-04-28","2025-08-27"
"6555","2021-04-01","2021-04-01"
"6556","2018-05-23","2020-11-07"
"6557","",""
"6558","",""
"6559","2018-04-29","2025-10-04"
"6560","2018-07-24","2025-06-30"
"6561","2018-05-06","2018-10-11"
"6562","2018-05-06","2018-12-26"
"6563","2018-05-20","2023-10-10"
"6564","2018-07-04","2024-10-21"
"6565","2018-04-29","2023-07-21"
"6566","2018-05-21","2019-01-03"
"6567","2018-05-22","2023-09-11"
"6568","2018-04-30","2018-08-26"
"6569","2018-04-29","2022-06-29"
"6570","2018-05-06","2026-06-10"
"6571","2018-05-10","2018-06-01"
"6572","2018-05-06","2025-07-16"
"6573","2018-05-20","2026-05-31"
"6574","2018-04-29","2024-04-01"
"6575","2018-05-09","2023-07-20"
"6576","2025-09-04","2026-05-17"
"6577","2018-05-20","2018-08-30"
"6578","2018-05-12","2023-11-25"
"6579","2022-10-10","2026-06-12"
"6580","2018-05-27","2023-12-09"
"6581","2018-05-20","2025-08-13"
"6582","2018-05-07","2023-09-18"
"6583","2018-05-07","2019-01-30"
"6584","2018-05-06","2019-09-07"
"6585","2018-06-07","2018-09-22"
"6586","2018-05-12","2019-11-20"
"6587","2018-05-02","2023-11-01"
"6588","2018-05-28","2025-08-22"
"6589","2018-07-15","2020-04-11"
"6590","2018-05-31","2018-05-31"
"6591","2018-06-19","2025-08-15"
"6592","2018-12-31","2018-12-31"
"6593","",""
"6594","2018-07-14","2025-12-27"
"6595","2018-05-11","2023-12-07"
"6596","2018-05-08","2018-10-24"
"6597","",""
"6598","2018-05-17","2023-12-05"
"6599","2018-10-22","2023-05-20"
"6600","2018-06-25","2023-09-03"
"6601","2018-06-05","2023-10-31"
"6602","2018-12-29","2018-12-29"
"6603","",""
"6604","",""
"6605","2018-07-08","2022-01-19"
"6606","2019-08-29","2025-05-31"
"6607","2018-05-12","2026-06-07"
"6608","",""
"6609","2022-11-27","2022-12-27"
"6610","2018-06-24","2023-06-19"
"6611","2018-05-28","2020-01-01"
"6612","2018-09-07","2023-08-26"
"6613","2018-05-21","2019-07-11"
"6614","2022-06-12","2026-06-06"
"6615","2018-06-11","2018-06-23"
"6616","2018-08-15","2021-03-29"
"6617","2018-05-27","2022-10-31"
"6618","",""
"6619","",""
"6620","2019-10-06","2020-01-01"
"6621","2018-05-23","2018-09-23"
"6622","2018-05-11","2019-06-23"
"6623","2018-05-18","2018-07-20"
"6624","2018-06-26","2025-10-01"
"6625","2018-07-14","2026-06-05"
"6626","2018-06-18","2024-11-16"
"6627","2018-06-12","2024-07-15"
"6628","2018-05-19","2026-06-11"
"6629","",""
"6630","2018-06-03","2019-10-20"
"6631","2018-05-29","2026-06-08"
"6632","2018-06-10","2025-08-09"
"6633","2018-06-12","2018-06-27"
"6634","2018-06-30","2025-10-08"
"6635","2018-05-31","2023-12-03"
"6636","2018-06-09","2018-12-25"
"6637","2018-06-07","2026-06-02"
"6638","2018-06-03","2020-03-08"
"6639","2018-07-01","2025-03-03"
"6640","2018-06-25","2021-09-19"
"6641","",""
"6642","2018-05-28","2019-10-15"
"6643","2018-06-19","2019-11-26"
"6644","2018-05-19","2024-09-24"
"6645","2018-06-03","2023-09-11"
"6646","2018-05-23","2020-09-29"
"6647","2018-06-10","2018-11-11"
"6648","2018-06-11","2025-08-04"
"6649","2018-07-04","2019-03-10"
"6650","2018-06-10","2023-10-04"
"6651","2018-05-24","2025-12-05"
"6652","2018-08-31","2025-08-02"
"6653","2018-07-04","2026-06-01"
"6654","2018-06-05","2019-01-01"
"6655","2018-06-07","2020-02-14"
"6656","2018-06-29","2026-04-04"
"6657","2018-06-22","2022-08-27"
"6658","2019-08-30","2019-08-30"
"6659","2018-06-30","2018-06-30"
"6660","2019-08-27","2025-12-02"
"6661","2018-06-17","2026-06-01"
"6662","2020-09-05","2026-04-26"
"6663","2018-07-16","2018-09-23"
"6664","2018-06-04","2021-09-05"
"6665","2023-01-02","2023-05-03"
"6666","2018-06-29","2019-06-16"
"6667","2018-06-20","2024-01-03"
"6668","2018-05-29","2018-08-26"
"6669","2018-06-03","2019-02-17"
"6670","2022-03-07","2026-03-14"
"6671","2018-09-03","2020-12-30"
"6672","2018-06-26","2026-01-07"
"6673","2018-10-08","2022-11-26"
"6674","2019-05-21","2020-01-03"
"6675","2018-12-31","2021-04-30"
"6676","2018-05-29","2025-06-08"
"6677","2018-06-10","2018-10-22"
"6678","2018-06-04","2024-08-03"
"6679","2018-06-23","2026-04-01"
"6680","2018-05-31","2020-11-30"
"6681","2018-06-14","2026-06-02"
"6682","2018-07-02","2026-02-18"
"6683","2019-01-18","2023-08-16"
"6684","2018-09-24","2022-10-15"
"6685","2018-07-30","2026-05-09"
"6686","2018-06-07","2023-08-31"
"6687","2020-11-22","2026-05-13"
"6688","2022-04-29","2026-05-19"
"6689","2018-07-24","2026-05-20"
"6690","2018-07-28","2025-10-20"
"6691","2018-06-17","2022-10-03"
"6692","2018-06-29","2020-01-05"
"6693","2018-06-24","2025-08-01"
"6694","2018-06-30","2018-08-04"
"6695","2019-02-23","2025-05-31"
"6696","2018-06-17","2018-12-28"
"6697","2019-04-28","2025-01-01"
"6698","2018-10-22","2020-03-03"
"6699","2024-11-01","2024-11-01"
"6700","2018-07-08","2020-11-28"
"6701","2020-11-13","2024-09-25"
"6702","",""
"6703","2018-06-24","2018-10-08"
"6704","2019-04-29","2026-04-30"
"6705","2018-07-30","2019-07-06"
"6706","2018-07-10","2023-10-29"
"6707","2019-06-25","2025-06-30"
"6708","",""
"6709","2019-06-23","2023-11-13"
"6710","2018-06-23","2023-09-04"
"6711","2018-07-01","2019-10-13"
"6712","2018-06-13","2025-08-07"
"6713","2018-06-17","2018-06-17"
"6714","2018-07-01","2026-05-24"
"6715","2018-06-26","2023-08-09"
"6716","2018-07-15","2018-07-15"
"6717","2018-06-04","2026-04-30"
"6718","2018-08-04","2019-01-01"
"6719","2018-06-10","2023-09-05"
"6720","2018-06-25","2018-12-09"
"6721","2018-06-15","2025-12-31"
"6722","2018-06-18","2026-05-24"
"6723","2018-07-24","2020-03-07"
"6724","2018-06-30","2025-12-31"
"6725","2018-06-17","2019-12-31"
"6726","2018-08-18","2026-05-01"
"6727","2018-08-15","2024-06-30"
"6728","2018-06-17","2026-02-28"
"6729","2018-06-13","2026-05-17"
"6730","2022-04-11","2026-04-30"
"6731","2021-11-20","2026-06-10"
"6732","2018-07-29","2020-03-23"
"6733","2018-07-08","2018-09-22"
"6734","2018-06-25","2018-12-30"
"6735","2019-05-18","2019-12-16"
"6736","2018-08-31","2026-03-06"
"6737","2018-09-23","2025-12-14"
"6738","2019-02-28","2019-02-28"
"6739","2018-06-30","2018-06-30"
"6740","2021-05-08","2025-08-01"
"6741","2018-07-01","2026-06-08"
"6742","",""
"6743","2018-07-31","2026-05-05"
"6744","",""
"6745","2019-04-06","2020-01-26"
"6746","2019-08-11","2025-07-29"
"6747","2018-06-30","2019-07-29"
"6748","2021-03-28","2023-05-29"
"6749","2022-02-21","2023-06-04"
"6750","",""
"6751","2018-09-30","2020-02-24"
"6752","2018-06-23","2018-07-26"
"6753","2018-07-06","2026-05-09"
"6754","2018-08-24","2023-08-27"
"6755","2018-09-19","2025-09-17"
"6756","",""
"6757","2018-06-15","2026-05-20"
"6758","2018-06-15","2018-07-08"
"6759","2018-09-06","2025-08-25"
"6760","2018-06-17","2023-12-01"
"6761","2018-07-10","2019-07-19"
"6762","2018-06-18","2019-05-26"
"6763","2021-04-23","2026-05-04"
"6764","2018-09-03","2024-09-29"
"6765","2019-01-28","2021-01-31"
"6766","2019-08-03","2025-12-24"
"6767","",""
"6768","2025-10-04","2025-11-11"
"6769","2018-08-23","2025-09-08"
"6770","2018-06-29","2026-06-13"
"6771","2018-08-06","2026-06-06"
"6772","2018-07-15","2020-12-22"
"6773","2018-06-24","2020-02-17"
"6774","2018-07-20","2026-06-14"
"6775","2018-06-24","2018-12-27"
"6776","2018-07-09","2026-06-15"
"6777","2018-12-23","2020-03-22"
"6778","2018-06-24","2023-08-27"
"6779","",""
"6780","2018-06-19","2025-09-27"
"6781","2019-04-15","2021-09-12"
"6782","2018-08-25","2025-12-20"
"6783","2019-01-02","2023-07-30"
"6784","2018-08-21","2019-06-29"
"6785","2018-07-04","2019-01-02"
"6786","2019-08-01","2026-04-04"
"6787","2019-01-31","2025-12-28"
"6788","2018-06-24","2018-11-04"
"6789","2018-07-02","2018-07-05"
"6790","2018-07-22","2026-04-17"
"6791","",""
"6792","2018-10-07","2025-11-16"
"6793","2018-06-22","2021-12-19"
"6794","2018-07-19","2026-05-13"
"6795","2018-06-23","2018-11-28"
"6796","2018-07-03","2024-11-01"
"6797","2018-06-24","2018-06-24"
"6798","",""
"6799","2018-07-04","2018-09-03"
"6800","2018-07-16","2022-01-08"
"6801","2018-07-04","2023-09-28"
"6802","2018-07-16","2026-05-31"
"6803","2018-07-17","2018-10-30"
"6804","",""
"6805","2018-07-06","2023-01-25"
"6806","2018-08-18","2026-05-03"
"6807","2018-07-22","2019-06-12"
"6808","2018-12-30","2019-04-09"
"6809","2018-08-13","2025-05-11"
"6810","2018-07-15","2018-10-15"
"6811","2018-08-06","2023-02-04"
"6812","2018-07-23","2026-04-08"
"6813","2018-08-30","2019-08-27"
"6814","2019-09-14","2019-11-03"
"6815","2018-08-12","2023-07-05"
"6816","2019-07-04","2026-03-28"
"6817","2018-07-01","2025-08-17"
"6818","2018-06-28","2023-07-26"
"6819","2018-07-11","2018-08-19"
"6820","2018-07-14","2019-11-03"
"6821","2021-08-09","2021-10-31"
"6822","2018-07-14","2019-09-28"
"6823","2019-05-23","2024-08-01"
"6824","2019-01-01","2025-12-26"
"6825","2018-11-11","2020-02-23"
"6826","2018-07-28","2022-10-08"
"6827","2018-09-03","2024-07-27"
"6828","2019-03-01","2019-08-25"
"6829","2022-06-30","2026-05-27"
"6830","",""
"6831","2018-08-05","2026-01-12"
"6832","2018-07-07","2026-05-31"
"6833","2018-10-07","2020-01-26"
"6834","2020-01-03","2021-09-15"
"6835","2019-01-25","2025-04-01"
"6836","2018-07-02","2018-09-16"
"6837","2018-07-08","2021-05-31"
"6838","2018-07-09","2019-12-01"
"6839","2018-07-16","2026-05-15"
"6840","2018-09-11","2026-05-31"
"6841","2018-08-06","2023-07-13"
"6842","2018-07-22","2026-05-31"
"6843","2018-07-28","2020-01-03"
"6844","2018-07-05","2020-03-15"
"6845","2018-08-04","2025-09-15"
"6846","2025-08-22","2026-05-30"
"6847","2021-08-01","2026-04-04"
"6848","2018-08-07","2019-01-03"
"6849","2018-08-11","2020-01-02"
"6850","2018-08-10","2019-11-23"
"6851","2018-10-15","2026-05-18"
"6852","2018-07-10","2024-07-31"
"6853","2018-07-19","2021-02-03"
"6854","2018-07-22","2019-11-22"
"6855","",""
"6856","2018-07-26","2025-08-22"
"6857","2018-08-15","2018-08-15"
"6858","2019-08-15","2025-07-05"
"6859","2018-07-24","2018-08-26"
"6860","2018-08-17","2019-05-31"
"6861","2018-07-27","2023-12-03"
"6862","2018-07-26","2026-05-23"
"6863","2018-09-23","2023-01-03"
"6864","2018-07-13","2024-07-21"
"6865","2020-08-06","2026-05-16"
"6866","2019-03-01","2026-04-06"
"6867","2018-07-16","2020-10-13"
"6868","2018-08-12","2024-08-29"
"6869","2018-09-11","2026-05-30"
"6870","2019-02-17","2025-09-30"
"6871","2018-07-30","2024-08-25"
"6872","2018-08-05","2026-03-01"
"6873","2018-09-01","2021-12-04"
"6874","2018-07-26","2026-06-04"
"6875","2018-07-25","2023-08-05"
"6876","2018-09-04","2022-08-19"
"6877","2018-07-22","2018-12-05"
"6878","2019-11-12","2023-11-12"
"6879","2018-08-28","2026-06-07"
"6880","2019-01-02","2023-07-30"
"6881","2018-10-07","2019-09-03"
"6882","2018-07-22","2020-03-16"
"6883","2018-08-23","2021-06-26"
"6884","2018-12-15","2025-06-05"
"6885","",""
"6886","",""
"6887","2018-12-20","2022-07-01"
"6888","",""
"6889","",""
"6890","",""
"6891","2018-08-20","2018-08-20"
"6892","2018-08-13","2022-06-25"
"6893","2018-12-31","2025-01-31"
"6894","",""
"6895","2018-08-31","2019-10-19"
"6896","",""
"6897","2021-11-02","2025-12-27"
"6898","2018-08-18","2023-11-06"
"6899","2019-07-29","2024-04-12"
"6900","2018-12-24","2025-07-05"
"6901","2018-08-13","2023-07-28"
"6902","2020-11-24","2022-08-01"
"6903","2018-08-31","2022-07-31"
"6904","2018-11-15","2019-12-10"
"6905","2018-09-01","2026-03-23"
"6906","2018-09-01","2021-09-16"
"6907","",""
"6908","2018-07-28","2026-05-29"
"6909","2022-07-27","2023-09-03"
"6910","",""
"6911","2021-12-18","2026-02-16"
"6912","2018-10-13","2026-06-07"
"6913","2021-05-25","2021-07-28"
"6914","2021-09-20","2021-09-20"
"6915","2021-03-01","2025-11-29"
"6916","2018-08-20","2019-12-03"
"6917","2018-07-22","2022-10-30"
"6918","2018-08-26","2018-09-21"
"6919","2023-05-17","2026-01-02"
"6920","",""
"6921","",""
"6922","2021-03-08","2025-11-10"
"6923","",""
"6924","2021-07-25","2026-06-07"
"6925","2018-10-05","2019-12-15"
"6926","2018-07-28","2018-10-08"
"6927","2018-09-24","2026-04-30"
"6928","2018-08-16","2018-08-18"
"6929","2018-07-25","2024-03-31"
"6930","2019-10-26","2025-07-14"
"6931","2019-12-06","2020-03-14"
"6932","2018-08-12","2019-07-06"
"6933","2021-09-06","2025-12-18"
"6934","2018-09-30","2019-11-03"
"6935","2019-04-01","2019-07-19"
"6936","2018-08-05","2026-03-02"
"6937","2018-09-26","2026-06-05"
"6938","2018-08-04","2018-11-30"
"6939","2018-07-30","2019-05-27"
"6940","2018-09-01","2026-01-01"
"6941","2018-08-11","2018-08-11"
"6942","2018-09-16","2025-10-24"
"6943","2018-08-10","2024-09-26"
"6944","2018-09-02","2022-01-04"
"6945","2018-08-13","2025-05-16"
"6946","2021-08-05","2022-05-11"
"6947","2018-08-17","2019-01-01"
"6948","2019-09-17","2020-01-01"
"6949","2018-08-05","2019-06-14"
"6950","",""
"6951","2022-12-16","2023-06-04"
"6952","2022-10-13","2024-07-28"
"6953","2018-07-29","2019-10-19"
"6954","2018-08-12","2025-11-22"
"6955","2018-08-01","2024-04-02"
"6956","2018-08-07","2020-06-16"
"6957","2019-10-06","2019-10-23"
"6958","2019-10-29","2019-10-29"
"6959","",""
"6960","2019-11-30","2021-11-25"
"6961","2018-09-29","2026-05-20"
"6962","2018-08-05","2025-06-30"
"6963","",""
"6964","2018-08-14","2026-01-11"
"6965","2018-07-30","2026-05-28"
"6966","2018-08-06","2026-06-09"
"6967","2018-08-11","2019-08-14"
"6968","2019-02-27","2024-04-03"
"6969","2019-01-05","2025-08-08"
"6970","2019-06-20","2020-03-23"
"6971","2018-09-02","2025-03-04"
"6972","2018-09-22","2022-12-08"
"6973","2018-08-07","2025-12-08"
"6974","2018-08-05","2026-04-03"
"6975","2018-08-02","2026-05-28"
"6976","2023-06-28","2023-06-28"
"6977","2018-08-11","2018-08-27"
"6978","2020-02-18","2026-06-02"
"6979","2018-08-29","2023-09-03"
"6980","2018-08-19","2023-09-04"
"6981","2018-08-10","2026-06-05"
"6982","",""
"6983","2022-12-29","2025-05-21"
"6984","2018-08-08","2026-04-25"
"6985","2019-09-29","2025-07-30"
"6986","2018-08-12","2026-01-31"
"6987","2018-08-27","2020-03-18"
"6988","2019-03-28","2026-01-15"
"6989","2019-04-14","2023-10-14"
"6990","2018-11-02","2026-04-25"
"6991","2018-09-12","2018-09-12"
"6992","2018-09-18","2023-11-20"
"6993","2018-09-03","2021-04-29"
"6994","2019-10-06","2025-11-14"
"6995","2018-09-01","2019-01-05"
"6996","2018-09-25","2026-06-11"
"6997","2019-01-01","2019-03-01"
"6998","2022-01-21","2025-07-09"
"6999","2019-01-03","2019-01-03"
"7000","2018-12-01","2026-04-12"
"7001","2018-09-10","2026-05-30"
"7002","2019-01-03","2019-05-19"
"7003","2018-10-23","2023-09-09"
"7004","2018-08-19","2023-12-25"
"7005","2018-09-01","2018-09-01"
"7006","2021-06-07","2025-12-08"
"7007","",""
"7008","",""
"7009","2018-08-07","2019-09-29"
"7010","2018-08-13","2019-01-01"
"7011","2018-09-09","2026-05-31"
"7012","2018-09-02","2025-08-02"
"7013","2018-08-12","2025-05-07"
"7014","2018-09-02","2021-01-29"
"7015","2018-10-01","2020-08-15"
"7016","2019-06-30","2019-06-30"
"7017","2018-08-22","2025-06-01"
"7018","2018-08-17","2026-04-08"
"7019","2018-08-09","2026-06-10"
"7020","2018-09-27","2019-10-27"
"7021","2018-08-27","2020-02-21"
"7022","2018-08-12","2019-12-15"
"7023","2018-08-11","2021-02-28"
"7024","2018-09-11","2023-10-25"
"7025","2018-09-27","2024-08-18"
"7026","2018-09-26","2019-04-26"
"7027","2019-10-01","2023-03-01"
"7028","2018-09-09","2019-02-06"
"7029","2018-10-26","2019-11-11"
"7030","2018-08-25","2024-05-05"
"7031","2019-02-10","2026-04-16"
"7032","",""
"7033","2018-08-27","2026-01-20"
"7034","2021-05-29","2026-01-05"
"7035","2024-05-19","2026-05-24"
"7036","2018-08-12","2026-06-05"
"7037","2018-09-01","2023-11-04"
"7038","2018-08-12","2025-12-19"
"7039","2018-09-09","2019-06-24"
"7040","2018-09-25","2022-12-30"
"7041","2018-09-03","2026-05-28"
"7042","2018-09-04","2026-06-01"
"7043","2018-09-23","2022-09-06"
"7044","2018-09-02","2019-01-01"
"7045","2019-03-16","2019-03-30"
"7046","2019-02-15","2025-09-01"
"7047","2018-08-18","2023-08-16"
"7048","2018-08-20","2022-08-15"
"7049","2018-11-17","2026-04-27"
"7050","",""
"7051","2018-09-21","2018-09-21"
"7052","2018-11-18","2025-10-27"
"7053","",""
"7054","2018-08-25","2023-07-23"
"7055","2018-08-18","2024-01-17"
"7056","2018-09-02","2023-05-06"
"7057","2018-08-25","2026-05-23"
"7058","2019-07-06","2026-01-08"
"7059","",""
"7060","2018-10-08","2020-01-02"
"7061","2018-09-13","2024-08-16"
"7062","2018-10-11","2020-09-26"
"7063","2018-08-19","2026-06-06"
"7064","2018-10-08","2025-12-31"
"7065","2018-09-19","2025-11-08"
"7066","2018-10-16","2019-10-23"
"7067","2018-08-27","2023-08-09"
"7068","2018-08-23","2018-10-01"
"7069","2018-10-09","2023-08-06"
"7070","2018-08-24","2020-03-09"
"7071","2018-09-01","2025-08-10"
"7072","2020-08-04","2023-09-03"
"7073","2019-05-11","2019-06-18"
"7074","",""
"7075","2019-05-24","2022-09-30"
"7076","2018-08-31","2025-02-27"
"7077","2018-08-25","2019-04-07"
"7078","2018-09-16","2020-09-22"
"7079","",""
"7080","2018-10-03","2019-05-27"
"7081","",""
"7082","2018-09-03","2023-09-04"
"7083","2018-10-28","2023-09-04"
"7084","2018-09-05","2019-10-18"
"7085","2018-10-06","2026-06-01"
"7086","2018-08-30","2018-12-10"
"7087","2018-10-03","2020-03-01"
"7088","2018-10-03","2022-06-05"
"7089","2018-08-27","2024-07-20"
"7090","2018-09-05","2019-09-02"
"7091","2018-09-02","2018-12-30"
"7092","2018-10-31","2018-10-31"
"7093","2018-10-07","2026-02-28"
"7094","2018-09-26","2024-08-03"
"7095","2018-09-30","2024-06-03"
"7096","2019-02-25","2026-06-04"
"7097","2018-10-20","2019-07-25"
"7098","2019-09-02","2019-11-02"
"7099","2018-09-04","2019-11-02"
"7100","2018-10-01","2025-07-22"
"7101","2018-10-01","2022-11-04"
"7102","2018-08-26","2026-05-30"
"7103","2018-09-16","2019-09-14"
"7104","2019-08-02","2025-10-18"
"7105","2018-09-03","2018-09-08"
"7106","2018-11-11","2024-11-01"
"7107","2018-10-21","2024-10-25"
"7108","2018-09-15","2020-01-03"
"7109","",""
"7110","2018-09-02","2026-06-08"
"7111","2018-09-11","2026-06-13"
"7112","2019-12-31","2021-08-24"
"7113","2019-09-01","2021-07-24"
"7114","2018-09-26","2026-05-16"
"7115","2018-09-06","2026-03-15"
"7116","2018-09-16","2018-10-07"
"7117","2021-07-12","2025-11-18"
"7118","2018-09-08","2019-05-09"
"7119","2018-09-13","2019-04-10"
"7120","2018-09-04","2026-05-30"
"7121","2018-11-05","2024-07-31"
"7122","2018-09-13","2020-01-01"
"7123","2018-10-17","2019-10-14"
"7124","2019-08-13","2026-03-14"
"7125","2018-12-09","2019-01-14"
"7126","2018-10-07","2026-04-30"
"7127","2018-09-06","2019-06-08"
"7128","2018-09-03","2026-05-14"
"7129","2021-10-12","2023-12-18"
"7130","2025-04-16","2026-05-04"
"7131","2018-09-17","2021-08-20"
"7132","2018-09-24","2018-10-08"
"7133","2018-09-10","2026-06-09"
"7134","2018-09-16","2018-12-01"
"7135","2018-10-31","2026-05-20"
"7136","2022-12-28","2022-12-28"
"7137","2018-10-07","2026-01-01"
"7138","2020-03-01","2026-05-31"
"7139","2018-09-15","2019-06-05"
"7140","2018-09-25","2019-12-19"
"7141","2018-10-21","2026-06-10"
"7142","2018-10-16","2019-07-28"
"7143","",""
"7144","2018-09-19","2022-09-21"
"7145","2018-10-08","2026-02-28"
"7146","2018-10-21","2019-04-25"
"7147","2018-10-09","2023-09-04"
"7148","2018-09-08","2025-11-01"
"7149","2018-09-22","2020-03-09"
"7150","2018-12-06","2026-05-01"
"7151","2021-12-13","2025-10-13"
"7152","2018-09-16","2019-10-21"
"7153","2018-09-15","2026-06-10"
"7154","2019-10-13","2019-10-13"
"7155","2018-10-07","2019-09-01"
"7156","2018-10-07","2019-10-13"
"7157","2018-09-16","2019-10-07"
"7158","2018-10-05","2018-10-05"
"7159","2018-12-17","2019-03-03"
"7160","2019-06-19","2026-04-26"
"7161","2018-09-20","2021-11-29"
"7162","2018-09-22","2020-04-17"
"7163","2018-09-09","2026-06-09"
"7164","2018-11-02","2026-06-14"
"7165","2021-02-01","2021-02-01"
"7166","2018-10-08","2025-09-28"
"7167","2018-12-17","2025-12-12"
"7168","2018-09-14","2018-10-01"
"7169","2018-10-02","2026-05-28"
"7170","2023-05-18","2024-05-15"
"7171","2018-09-13","2025-10-03"
"7172","2018-10-18","2020-03-17"
"7173","2018-09-26","2025-08-12"
"7174","2018-09-21","2018-10-01"
"7175","2018-09-23","2025-10-02"
"7176","2018-09-13","2025-07-01"
"7177","2018-10-04","2025-10-06"
"7178","2022-01-26","2022-01-26"
"7179","2018-09-18","2024-06-19"
"7180","2018-09-24","2024-04-14"
"7181","2018-10-09","2026-05-31"
"7182","2018-09-30","2019-07-11"
"7183","2018-10-08","2024-12-22"
"7184","2018-12-03","2024-09-01"
"7185","2018-11-11","2019-10-20"
"7186","2019-05-19","2024-12-08"
"7187","2018-11-24","2023-11-19"
"7188","2018-09-23","2021-09-15"
"7189","2018-10-13","2019-08-29"
"7190","2018-09-22","2020-03-11"
"7191","2020-04-20","2020-04-20"
"7192","2018-09-16","2019-01-04"
"7193","2018-10-18","2024-11-11"
"7194","2018-11-02","2021-07-25"
"7195","2018-10-06","2026-01-26"
"7196","2019-01-02","2019-01-02"
"7197","2018-09-23","2025-08-23"
"7198","2018-09-30","2020-03-16"
"7199","2021-10-09","2023-10-13"
"7200","2018-10-08","2019-07-10"
"7201","2018-10-05","2018-10-15"
"7202","2018-10-14","2024-07-31"
"7203","",""
"7204","",""
"7205","2019-03-24","2024-02-22"
"7206","2018-10-08","2024-08-17"
"7207","2020-01-31","2026-05-15"
"7208","2018-10-28","2019-12-29"
"7209","2018-10-08","2026-02-26"
"7210","2018-10-09","2026-02-10"
"7211","2020-08-31","2025-01-21"
"7212","",""
"7213","2018-10-08","2026-05-09"
"7214","",""
"7215","2019-08-31","2024-06-16"
"7216","2018-10-05","2026-05-28"
"7217","2018-10-06","2025-08-20"
"7218","2025-06-07","2025-06-07"
"7219","2020-05-19","2023-10-07"
"7220","",""
"7221","2018-09-24","2023-05-13"
"7222","2019-06-29","2023-09-30"
"7223","2021-05-29","2022-12-31"
"7224","2022-01-30","2024-11-02"
"7225","2018-10-08","2025-11-15"
"7226","2018-10-02","2019-11-10"
"7227","2018-10-01","2023-01-03"
"7228","2018-09-29","2019-09-25"
"7229","",""
"7230","2018-10-06","2026-04-21"
"7231","2018-11-18","2020-01-13"
"7232","2022-09-23","2023-06-18"
"7233","2018-10-21","2019-10-28"
"7234","2019-02-01","2021-10-09"
"7235","2018-09-27","2024-01-02"
"7236","2018-10-06","2020-02-08"
"7237","2018-12-04","2023-10-28"
"7238","2018-10-01","2026-01-02"
"7239","2018-10-02","2025-10-06"
"7240","2018-11-01","2026-01-16"
"7241","2022-11-23","2022-12-23"
"7242","2018-12-31","2019-10-28"
"7243","2021-04-10","2026-03-13"
"7244","2018-10-02","2026-06-03"
"7245","2018-10-09","2019-02-24"
"7246","2018-10-08","2023-09-30"
"7247","2018-09-28","2023-11-28"
"7248","2018-10-14","2019-08-26"
"7249","",""
"7250","2018-10-07","2026-06-04"
"7251","2018-11-01","2026-02-13"
"7252","2018-12-15","2023-09-17"
"7253","2018-12-31","2025-10-18"
"7254","2018-10-06","2026-06-08"
"7255","2018-10-06","2020-05-23"
"7256","2019-02-18","2022-10-22"
"7257","2018-10-06","2026-02-15"
"7258","2018-10-23","2020-02-18"
"7259","2019-06-20","2024-10-03"
"7260","2018-10-13","2026-06-05"
"7261","2019-05-19","2019-08-24"
"7262","2018-10-06","2020-07-30"
"7263","2018-11-10","2024-11-27"
"7264","2021-07-30","2023-12-15"
"7265","",""
"7266","2019-09-03","2025-09-23"
"7267","2018-11-09","2023-08-21"
"7268","2019-01-01","2019-01-01"
"7269","2018-11-05","2019-08-24"
"7270","2018-10-11","2025-06-06"
"7271","2018-11-25","2019-03-24"
"7272","2018-10-22","2026-04-11"
"7273","2023-02-03","2023-03-26"
"7274","2020-01-06","2025-10-03"
"7275","2018-10-09","2024-05-05"
"7276","2021-07-23","2025-08-16"
"7277","2022-09-14","2023-05-24"
"7278","2018-12-29","2026-06-01"
"7279","2018-12-15","2026-05-09"
"7280","2018-10-14","2023-09-05"
"7281","2018-10-12","2020-01-01"
"7282","2019-06-22","2019-07-07"
"7283","2018-10-18","2019-12-28"
"7284","2018-10-15","2023-05-26"
"7285","2019-04-22","2019-09-03"
"7286","2019-05-02","2020-04-21"
"7287","2019-01-07","2023-10-20"
"7288","2018-11-18","2023-10-31"
"7289","2018-12-28","2025-09-28"
"7290","",""
"7291","2019-05-06","2023-10-23"
"7292","2018-10-16","2019-09-25"
"7293","2018-11-14","2018-12-09"
"7294","2018-10-21","2019-05-02"
"7295","2019-04-12","2026-04-27"
"7296","2019-01-01","2026-05-31"
"7297","2018-11-13","2020-08-03"
"7298","2018-12-14","2023-09-04"
"7299","2018-10-12","2026-05-15"
"7300","2018-10-20","2020-01-05"
"7301","2018-11-25","2023-05-29"
"7302","2018-10-10","2025-06-08"
"7303","2018-10-21","2021-11-12"
"7304","2018-10-14","2019-09-01"
"7305","2018-10-19","2026-06-12"
"7306","2019-06-20","2026-05-04"
"7307","2018-12-30","2019-01-06"
"7308","2019-01-05","2020-11-08"
"7309","2018-10-21","2023-09-05"
"7310","2018-11-02","2023-12-05"
"7311","2018-10-31","2023-08-21"
"7312","2020-12-26","2023-08-05"
"7313","2021-09-26","2023-10-14"
"7314","",""
"7315","2019-05-01","2026-05-17"
"7316","2018-11-30","2019-02-01"
"7317","2018-12-12","2021-12-17"
"7318","",""
"7319","2018-10-21","2019-10-06"
"7320","2018-11-02","2025-06-10"
"7321","2018-11-20","2019-06-09"
"7322","2018-11-01","2020-03-20"
"7323","2019-01-02","2023-09-08"
"7324","2019-01-02","2024-10-19"
"7325","2019-05-03","2024-05-01"
"7326","2018-10-21","2019-09-22"
"7327","2018-11-03","2025-08-10"
"7328","2018-10-26","2023-04-12"
"7329","2018-12-08","2019-01-27"
"7330","2019-12-02","2023-10-22"
"7331","2018-12-01","2026-05-10"
"7332","2019-04-30","2020-02-08"
"7333","",""
"7334","",""
"7335","2018-11-13","2019-10-12"
"7336","2018-12-24","2021-02-27"
"7337","",""
"7338","2021-06-21","2023-01-28"
"7339","2019-02-10","2019-08-11"
"7340","2018-10-26","2025-11-04"
"7341","2019-02-04","2021-08-05"
"7342","2019-05-28","2023-09-20"
"7343","2018-10-30","2022-06-03"
"7344","",""
"7345","2018-11-04","2025-10-14"
"7346","2018-10-22","2025-12-20"
"7347","",""
"7348","2018-11-04","2019-10-27"
"7349","2018-11-25","2018-11-25"
"7350","2019-02-05","2023-05-31"
"7351","2018-11-05","2024-01-02"
"7352","2022-01-06","2022-08-14"
"7353","2018-10-26","2026-06-11"
"7354","2019-01-15","2026-05-29"
"7355","2018-11-23","2026-01-09"
"7356","2024-04-29","2026-06-02"
"7357","2018-12-17","2025-08-11"
"7358","2019-01-02","2020-02-28"
"7359","2018-12-02","2022-06-30"
"7360","2018-11-01","2020-02-08"
"7361","",""
"7362","2018-11-08","2019-10-13"
"7363","2018-12-03","2026-03-19"
"7364","2018-11-05","2025-06-21"
"7365","2020-01-01","2023-08-22"
"7366","",""
"7367","2018-11-14","2026-04-19"
"7368","2019-02-06","2026-05-25"
"7369","2018-10-31","2025-11-08"
"7370","2019-07-23","2025-07-29"
"7371","2018-11-06","2018-11-17"
"7372","2019-01-04","2026-05-27"
"7373","2018-11-03","2026-05-20"
"7374","2019-10-13","2023-05-06"
"7375","2019-02-02","2020-01-04"
"7376","2018-11-24","2022-03-15"
"7377","2018-11-11","2018-12-30"
"7378","2018-11-22","2019-06-02"
"7379","2018-11-03","2020-01-05"
"7380","2018-11-13","2025-11-29"
"7381","2018-11-10","2026-05-20"
"7382","2018-10-31","2026-01-06"
"7383","2018-12-03","2025-02-15"
"7384","2019-01-04","2025-10-01"
"7385","2019-01-31","2024-12-24"
"7386","2019-04-16","2024-11-24"
"7387","",""
"7388","2018-12-26","2019-03-26"
"7389","2018-11-20","2020-01-01"
"7390","2019-05-23","2026-05-17"
"7391","2018-11-13","2026-03-24"
"7392","2018-11-11","2019-08-16"
"7393","2020-08-13","2024-08-17"
"7394","2019-01-05","2020-02-22"
"7395","2018-12-01","2019-06-11"
"7396","",""
"7397","2018-12-26","2019-09-28"
"7398","2018-12-31","2020-09-06"
"7399","2019-05-20","2020-02-23"
"7400","2018-11-18","2018-11-18"
"7401","2018-11-19","2025-12-07"
"7402","2018-11-25","2022-01-11"
"7403","2018-12-29","2023-01-01"
"7404","2018-12-02","2024-10-12"
"7405","2018-12-27","2020-04-04"
"7406","",""
"7407","2018-11-24","2024-10-27"
"7408","2018-12-14","2025-12-14"
"7409","2018-11-18","2026-05-15"
"7410","2020-10-26","2025-12-15"
"7411","2018-11-25","2022-03-15"
"7412","2018-12-08","2026-06-07"
"7413","2019-01-02","2019-04-14"
"7414","2019-03-24","2025-09-30"
"7415","",""
"7416","2018-11-09","2023-06-19"
"7417","2019-05-26","2022-11-28"
"7418","2018-11-24","2024-04-25"
"7419","2019-05-16","2025-09-16"
"7420","2019-01-02","2020-01-01"
"7421","",""
"7422","2019-06-17","2021-01-01"
"7423","2019-01-21","2020-03-14"
"7424","2018-12-23","2020-01-01"
"7425","2023-08-31","2023-08-31"
"7426","2019-03-20","2024-10-21"
"7427","2018-12-03","2026-05-31"
"7428","2022-03-31","2026-05-31"
"7429","2019-01-02","2020-02-23"
"7430","2019-04-01","2020-02-29"
"7431","2020-02-23","2020-02-23"
"7432","",""
"7433","",""
"7434","",""
"7435","2019-07-02","2019-07-02"
"7436","",""
"7437","2019-06-18","2019-06-18"
"7438","",""
"7439","2020-01-01","2020-01-01"
"7440","2018-12-02","2023-11-13"
"7441","2018-12-29","2023-07-17"
"7442","2018-11-17","2025-11-03"
"7443","2018-12-28","2023-09-06"
"7444","2019-04-27","2022-12-25"
"7445","2018-11-27","2026-06-07"
"7446","2018-12-31","2025-12-23"
"7447","",""
"7448","2018-12-31","2025-01-31"
"7449","2019-09-30","2019-10-17"
"7450","2018-12-23","2018-12-23"
"7451","2018-12-22","2020-12-04"
"7452","",""
"7453","2019-01-01","2019-01-01"
"7454","2018-12-01","2020-10-31"
"7455","2018-11-22","2020-08-09"
"7456","",""
"7457","2019-01-03","2019-01-03"
"7458","2018-12-16","2022-09-01"
"7459","2019-06-14","2026-05-16"
"7460","",""
"7461","2019-10-03","2020-10-01"
"7462","2020-01-02","2023-11-20"
"7463","2019-03-20","2019-03-20"
"7464","2018-11-24","2018-12-08"
"7465","2023-08-15","2025-10-11"
"7466","2018-11-23","2025-09-21"
"7467","2023-03-11","2023-03-11"
"7468","",""
"7469","2019-01-28","2026-05-12"
"7470","2018-12-05","2023-10-05"
"7471","2018-12-03","2020-11-01"
"7472","2018-11-25","2019-09-24"
"7473","2018-11-18","2023-11-19"
"7474","2019-02-02","2026-04-06"
"7475","2018-12-28","2019-12-01"
"7476","2019-03-10","2019-03-10"
"7477","2019-03-04","2024-09-30"
"7478","",""
"7479","2024-09-08","2024-09-08"
"7480","2024-09-17","2024-10-28"
"7481","",""
"7482","2018-12-02","2019-04-28"
"7483","2018-12-12","2020-01-20"
"7484","2019-01-20","2026-06-01"
"7485","2019-06-14","2026-05-19"
"7486","2018-12-02","2026-05-30"
"7487","2018-12-01","2023-06-28"
"7488","2020-10-25","2023-03-15"
"7489","2018-11-18","2026-05-24"
"7490","2019-03-02","2026-05-10"
"7491","2019-09-11","2024-06-15"
"7492","2018-12-19","2020-07-18"
"7493","2019-03-13","2023-07-25"
"7494","2018-11-25","2025-12-05"
"7495","2020-02-10","2020-02-10"
"7496","2018-11-26","2019-05-06"
"7497","2019-09-30","2019-09-30"
"7498","2019-01-01","2019-01-01"
"7499","2019-06-13","2025-10-04"
"7500","2019-10-25","2024-10-25"
"7501","2018-12-10","2026-05-24"
"7502","2019-03-12","2023-09-20"
"7503","",""
"7504","2025-06-14","2025-08-03"
"7505","2019-01-02","2025-07-31"
"7506","2018-12-10","2023-05-27"
"7507","2019-01-27","2019-10-04"
"7508","2022-03-25","2025-05-31"
"7509","",""
"7510","2019-03-01","2026-04-03"
"7511","2018-12-13","2019-02-15"
"7512","2019-01-01","2023-07-04"
"7513","2018-12-05","2023-09-01"
"7514","2019-02-08","2021-08-29"
"7515","2022-07-30","2023-05-25"
"7516","2019-05-01","2025-09-01"
"7517","2019-02-03","2021-05-26"
"7518","2019-04-16","2021-01-30"
"7519","2019-01-03","2019-06-04"
"7520","2023-04-12","2023-04-12"
"7521","2018-12-30","2019-01-02"
"7522","2018-12-02","2025-06-21"
"7523","2018-12-21","2025-08-15"
"7524","2019-01-01","2020-02-10"
"7525","2018-12-09","2023-09-05"
"7526","2019-03-04","2026-04-18"
"7527","2019-04-25","2026-05-16"
"7528","2019-02-05","2026-01-03"
"7529","2018-12-04","2025-10-30"
"7530","2018-11-30","2019-12-01"
"7531","2018-12-02","2022-02-04"
"7532","2019-01-08","2019-01-21"
"7533","2018-12-29","2020-01-01"
"7534","2021-04-06","2025-03-31"
"7535","2019-01-02","2026-05-18"
"7536","2019-01-04","2025-01-26"
"7537","2022-01-12","2022-01-12"
"7538","2019-01-01","2019-01-01"
"7539","2018-12-30","2020-01-05"
"7540","",""
"7541","2018-12-24","2019-05-27"
"7542","2019-01-01","2022-01-04"
"7543","2018-12-15","2019-06-05"
"7544","2018-12-29","2026-05-15"
"7545","2018-12-26","2019-01-02"
"7546","2019-05-10","2026-05-03"
"7547","",""
"7548","",""
"7549","2021-05-23","2021-08-11"
"7550","2019-06-01","2026-01-09"
"7551","2019-04-27","2026-06-13"
"7552","",""
"7553","2019-02-01","2019-02-18"
"7554","2018-12-10","2019-08-14"
"7555","2018-12-30","2020-02-26"
"7556","2018-12-24","2026-06-08"
"7557","",""
"7558","2020-08-05","2020-08-05"
"7559","2026-01-15","2026-01-15"
"7560","",""
"7561","",""
"7562","2019-04-15","2019-04-15"
"7563","",""
"7564","2021-07-14","2021-07-14"
"7565","",""
"7566","",""
"7567","2019-01-31","2019-01-31"
"7568","2020-07-11","2020-07-11"
"7569","2021-07-29","2021-07-29"
"7570","",""
"7571","2022-01-12","2022-01-12"
"7572","",""
"7573","",""
"7574","2021-08-09","2023-11-01"
"7575","2026-04-18","2026-04-18"
"7576","",""
"7577","",""
"7578","",""
"7579","",""
"7580","2022-10-26","2023-11-19"
"7581","2025-08-14","2025-08-14"
"7582","2023-10-30","2023-10-30"
"7583","2020-02-01","2020-02-01"
"7584","2019-08-10","2020-09-07"
"7585","2018-12-31","2019-08-26"
"7586","",""
"7587","",""
"7588","2020-01-11","2020-01-11"
"7589","",""
"7590","2024-10-02","2024-10-02"
"7591","",""
"7592","2023-12-28","2023-12-28"
"7593","",""
"7594","2019-02-05","2019-02-05"
"7595","",""
"7596","",""
"7597","2020-07-12","2020-07-12"
"7598","",""
"7599","2025-01-08","2025-01-08"
"7600","",""
"7601","2020-05-31","2024-01-11"
"7602","",""
"7603","",""
"7604","",""
"7605","",""
"7606","",""
"7607","",""
"7608","",""
"7609","",""
"7610","",""
"7611","",""
"7612","2021-01-07","2021-01-07"
"7613","2024-08-08","2024-08-08"
"7614","2020-08-01","2024-01-09"
"7615","2019-04-11","2020-07-19"
"7616","",""
"7617","",""
"7618","2024-03-27","2024-03-27"
"7619","2026-02-08","2026-02-08"
"7620","",""
"7621","",""
"7622","",""
"7623","",""
"7624","2023-05-18","2023-05-18"
"7625","2018-12-09","2025-08-31"
"7626","2019-04-07","2024-04-16"
"7627","2019-01-15","2026-05-25"
"7628","2020-02-09","2023-12-06"
"7629","2020-12-11","2026-02-03"
"7630","2018-12-29","2018-12-29"
"7631","2019-01-01","2020-03-14"
"7632","2019-04-23","2024-10-15"
"7633","",""
"7634","2018-12-10","2020-10-09"
"7635","2021-05-01","2026-03-23"
"7636","2019-05-18","2026-06-14"
"7637","2018-12-16","2023-07-31"
"7638","2018-12-06","2020-03-26"
"7639","2019-07-27","2026-03-08"
"7640","",""
"7641","2019-06-22","2019-06-22"
"7642","2020-10-16","2025-04-08"
"7643","2023-04-16","2023-12-13"
"7644","2018-12-29","2018-12-31"
"7645","2019-01-01","2025-11-01"
"7646","2019-01-02","2021-08-30"
"7647","",""
"7648","2018-12-30","2020-01-02"
"7649","2021-10-25","2023-03-08"
"7650","2021-01-30","2023-10-15"
"7651","2019-01-01","2019-10-20"
"7652","2018-12-23","2020-11-01"
"7653","2018-12-17","2025-08-04"
"7654","2018-12-28","2023-08-01"
"7655","2018-12-31","2023-09-05"
"7656","2019-03-10","2024-09-30"
"7657","2020-08-02","2025-01-16"
"7658","2018-12-31","2023-11-28"
"7659","2019-02-07","2026-04-26"
"7660","2019-01-08","2019-01-08"
"7661","2019-01-03","2019-01-03"
"7662","2019-01-05","2019-10-01"
"7663","2019-10-21","2024-08-08"
"7664","2019-01-09","2019-06-16"
"7665","2022-10-09","2026-05-22"
"7666","2022-10-10","2022-10-19"
"7667","2019-02-25","2026-04-27"
"7668","2018-12-30","2018-12-30"
"7669","2018-12-21","2026-05-31"
"7670","2018-12-16","2025-09-30"
"7671","2020-01-05","2020-01-05"
"7672","2018-12-15","2023-11-25"
"7673","2019-06-11","2022-02-14"
"7674","2019-04-05","2023-09-01"
"7675","2018-12-09","2018-12-14"
"7676","2018-12-29","2026-04-12"
"7677","2019-06-08","2026-01-27"
"7678","2018-12-30","2018-12-30"
"7679","2021-06-30","2023-10-24"
"7680","2019-01-02","2023-05-20"
"7681","2021-10-07","2023-09-05"
"7682","2023-10-22","2026-05-31"
"7683","2018-12-15","2026-06-08"
"7684","2018-12-26","2020-08-23"
"7685","2018-12-14","2019-02-17"
"7686","2018-12-16","2025-11-13"
"7687","2019-08-12","2023-11-01"
"7688","2019-03-16","2026-06-05"
"7689","",""
"7690","2018-12-21","2019-02-21"
"7691","2018-12-19","2019-03-01"
"7692","2019-04-20","2020-12-14"
"7693","2019-01-01","2020-02-22"
"7694","2019-09-30","2022-09-13"
"7695","2018-12-28","2026-06-04"
"7696","2018-12-30","2020-01-01"
"7697","2018-12-16","2026-05-31"
"7698","2021-07-03","2024-07-18"
"7699","2019-01-20","2026-04-26"
"7700","2018-12-26","2019-12-28"
"7701","2019-01-01","2020-02-23"
"7702","2020-08-21","2025-10-09"
"7703","",""
"7704","2019-08-03","2025-08-30"
"7705","2019-01-01","2025-07-02"
"7706","2018-12-17","2025-06-09"
"7707","2019-04-21","2019-04-28"
"7708","",""
"7709","2021-08-23","2026-04-30"
"7710","2018-12-30","2020-06-01"
"7711","2019-03-25","2026-03-31"
"7712","",""
"7713","2019-08-07","2020-01-11"
"7714","2019-01-31","2020-01-20"
"7715","2019-05-03","2025-04-30"
"7716","2019-08-18","2025-09-01"
"7717","2019-02-05","2026-03-03"
"7718","2018-12-29","2025-09-22"
"7719","2019-01-08","2026-05-30"
"7720","2018-12-16","2023-11-12"
"7721","2019-01-02","2020-01-02"
"7722","2019-04-21","2026-04-18"
"7723","2018-12-31","2025-01-31"
"7724","2019-03-02","2024-07-27"
"7725","2019-01-02","2020-02-23"
"7726","2021-12-14","2026-04-01"
"7727","2019-03-25","2025-10-28"
"7728","2019-03-17","2020-03-14"
"7729","2018-12-16","2025-12-01"
"7730","2019-01-03","2024-11-15"
"7731","2019-05-05","2023-11-05"
"7732","",""
"7733","2023-02-13","2025-03-31"
"7734","2019-01-05","2019-02-17"
"7735","2019-04-03","2019-09-07"
"7736","",""
"7737","2018-12-30","2019-09-22"
"7738","2019-01-01","2019-01-01"
"7739","2019-01-02","2019-09-01"
"7740","2019-01-01","2024-09-01"
"7741","2018-12-30","2021-06-01"
"7742","2019-01-01","2020-02-24"
"7743","2019-01-14","2019-04-01"
"7744","2019-01-05","2026-06-09"
"7745","",""
"7746","2019-01-05","2022-07-16"
"7747","2021-03-05","2021-03-05"
"7748","2018-12-25","2025-09-03"
"7749","2019-01-03","2019-11-01"
"7750","2019-01-01","2019-01-01"
"7751","2019-05-31","2019-05-31"
"7752","2019-01-01","2020-01-01"
"7753","",""
"7754","2019-01-21","2019-01-21"
"7755","2019-05-17","2025-12-13"
"7756","",""
"7757","2019-06-24","2024-09-25"
"7758","2018-12-24","2026-05-31"
"7759","2019-02-09","2025-12-01"
"7760","2020-07-05","2021-12-20"
"7761","2019-12-08","2026-04-06"
"7762","2022-02-18","2025-06-20"
"7763","2019-01-01","2023-01-02"
"7764","",""
"7765","",""
"7766","2019-01-01","2019-01-01"
"7767","2019-03-10","2020-03-07"
"7768","2019-02-27","2020-03-14"
"7769","2019-01-07","2020-03-12"
"7770","2019-04-24","2019-06-15"
"7771","2019-01-08","2020-06-14"
"7772","2018-12-30","2018-12-30"
"7773","2019-01-03","2019-11-05"
"7774","2018-12-29","2026-06-07"
"7775","",""
"7776","2019-01-06","2026-03-31"
"7777","2019-06-03","2026-05-31"
"7778","",""
"7779","2019-01-02","2026-01-18"
"7780","2019-01-08","2020-08-09"
"7781","2019-01-21","2025-11-09"
"7782","2019-01-22","2025-08-10"
"7783","2018-12-28","2023-09-04"
"7784","2018-12-29","2023-10-19"
"7785","2019-01-22","2019-12-19"
"7786","2018-12-26","2019-09-19"
"7787","2019-08-20","2020-04-04"
"7788","2019-02-02","2025-11-29"
"7789","",""
"7790","2022-01-01","2023-01-07"
"7791","2019-02-03","2019-02-28"
"7792","2019-02-17","2025-11-22"
"7793","2019-01-20","2020-03-09"
"7794","2018-12-30","2019-07-07"
"7795","2018-12-27","2023-08-22"
"7796","2019-02-24","2019-02-24"
"7797","2019-01-09","2020-01-06"
"7798","2019-02-08","2026-03-12"
"7799","2019-01-01","2019-01-01"
"7800","2019-05-07","2025-10-05"
"7801","2019-04-11","2022-07-05"
"7802","2019-08-04","2025-06-30"
"7803","2019-07-05","2025-12-15"
"7804","2019-09-22","2020-05-04"
"7805","2019-02-11","2021-11-13"
"7806","2019-03-19","2026-02-17"
"7807","",""
"7808","2018-12-31","2023-09-03"
"7809","2019-08-31","2020-01-02"
"7810","2019-01-13","2020-06-17"
"7811","2019-04-14","2026-03-31"
"7812","2019-01-26","2023-05-29"
"7813","2019-01-20","2026-01-01"
"7814","2019-01-05","2020-03-16"
"7815","2019-01-02","2019-02-13"
"7816","2019-04-12","2024-12-30"
"7817","2021-06-17","2026-06-10"
"7818","2019-01-26","2019-10-27"
"7819","2019-01-11","2025-12-08"
"7820","2021-10-15","2021-10-15"
"7821","2019-01-06","2019-05-06"
"7822","2019-01-08","2025-12-20"
"7823","2019-02-18","2026-05-31"
"7824","2019-02-03","2023-10-22"
"7825","2019-02-19","2022-12-01"
"7826","2019-01-31","2026-02-02"
"7827","2019-01-13","2023-09-03"
"7828","2023-08-26","2023-08-26"
"7829","2019-01-05","2023-08-25"
"7830","2019-03-16","2026-05-26"
"7831","2024-09-13","2024-09-13"
"7832","2019-03-24","2023-08-24"
"7833","2019-01-21","2019-01-21"
"7834","2019-01-09","2020-08-16"
"7835","2019-02-01","2019-02-01"
"7836","2019-01-21","2020-08-17"
"7837","2019-10-23","2026-05-30"
"7838","2019-05-12","2020-02-24"
"7839","",""
"7840","2019-02-10","2026-01-26"
"7841","2019-03-04","2026-06-12"
"7842","2019-01-20","2025-07-10"
"7843","2019-01-10","2019-08-23"
"7844","2019-01-31","2026-05-16"
"7845","2019-05-06","2023-01-19"
"7846","2019-02-09","2026-06-02"
"7847","2019-04-21","2025-11-15"
"7848","2019-04-06","2019-04-14"
"7849","2019-02-15","2025-02-18"
"7850","2019-01-15","2019-05-10"
"7851","",""
"7852","2019-01-14","2026-06-09"
"7853","",""
"7854","2019-02-07","2023-11-01"
"7855","2021-12-19","2021-12-19"
"7856","2019-02-10","2023-01-01"
"7857","2021-07-18","2026-05-30"
"7858","2019-08-06","2024-04-13"
"7859","2020-12-22","2025-11-27"
"7860","2019-03-03","2026-06-01"
"7861","2020-03-01","2022-12-31"
"7862","2019-01-27","2020-01-03"
"7863","2019-01-13","2026-05-29"
"7864","2019-02-16","2026-05-28"
"7865","2019-05-10","2026-05-29"
"7866","2019-06-09","2020-12-18"
"7867","2019-07-27","2019-07-27"
"7868","2019-01-21","2020-03-01"
"7869","2019-02-22","2026-06-06"
"7870","2019-03-02","2025-07-27"
"7871","2019-01-27","2025-05-30"
"7872","2019-03-10","2019-03-10"
"7873","2019-02-03","2022-08-27"
"7874","2022-03-20","2022-05-01"
"7875","2019-01-26","2025-08-02"
"7876","2019-03-28","2019-08-30"
"7877","2019-01-21","2024-10-31"
"7878","2019-05-02","2024-06-30"
"7879","",""
"7880","2019-07-31","2025-03-02"
"7881","2019-02-18","2019-09-30"
"7882","2019-01-21","2019-11-10"
"7883","",""
"7884","2019-01-29","2022-12-26"
"7885","2019-09-03","2022-09-13"
"7886","2019-02-10","2025-10-01"
"7887","2025-05-29","2025-05-29"
"7888","2019-06-16","2019-09-02"
"7889","2019-06-11","2025-10-31"
"7890","2019-05-18","2026-02-16"
"7891","",""
"7892","2019-01-27","2025-11-06"
"7893","2019-02-04","2023-11-09"
"7894","2019-01-28","2026-03-31"
"7895","2023-01-02","2023-04-10"
"7896","2019-05-16","2026-05-30"
"7897","2019-03-24","2023-08-31"
"7898","2019-02-16","2019-04-06"
"7899","2019-05-02","2021-04-01"
"7900","",""
"7901","",""
"7902","2019-02-17","2021-09-30"
"7903","2019-01-27","2025-07-13"
"7904","2019-03-17","2024-11-11"
"7905","2019-09-23","2019-09-23"
"7906","2019-03-03","2019-12-09"
"7907","2019-06-04","2026-05-16"
"7908","",""
"7909","2019-03-12","2023-09-28"
"7910","2023-10-05","2023-10-05"
"7911","2019-02-03","2019-02-03"
"7912","2019-03-01","2025-06-26"
"7913","2019-06-15","2022-03-31"
"7914","2019-02-11","2020-01-01"
"7915","2019-01-26","2026-05-31"
"7916","2019-02-10","2025-11-15"
"7917","2019-01-23","2023-10-31"
"7918","2019-02-13","2019-03-04"
"7919","2019-04-05","2019-04-07"
"7920","2019-11-02","2025-08-30"
"7921","",""
"7922","2022-04-20","2022-04-20"
"7923","2019-12-16","2022-10-03"
"7924","2019-03-03","2022-06-21"
"7925","2020-01-24","2026-05-26"
"7926","2019-03-31","2025-02-15"
"7927","2019-04-13","2026-06-13"
"7928","2019-07-18","2019-07-18"
"7929","2019-02-17","2026-03-10"
"7930","2019-01-26","2025-09-21"
"7931","2019-01-29","2024-09-01"
"7932","2019-04-02","2020-03-13"
"7933","2019-02-15","2023-01-01"
"7934","2019-02-07","2026-06-05"
"7935","2019-07-01","2020-10-07"
"7936","2019-05-20","2019-05-20"
"7937","2019-04-21","2019-11-01"
"7938","2019-03-18","2019-06-09"
"7939","2019-01-29","2019-06-22"
"7940","2019-02-12","2019-02-12"
"7941","2019-03-10","2025-12-22"
"7942","2020-03-21","2021-08-14"
"7943","2019-02-03","2020-03-29"
"7944","2019-02-18","2025-08-31"
"7945","2019-03-06","2025-11-12"
"7946","2019-02-17","2026-05-14"
"7947","2019-02-05","2023-05-16"
"7948","2019-05-27","2026-06-10"
"7949","2020-09-27","2026-05-29"
"7950","2019-05-15","2024-10-12"
"7951","2019-05-09","2019-09-17"
"7952","2019-03-24","2019-06-30"
"7953","2019-04-02","2025-11-01"
"7954","2019-04-07","2019-12-15"
"7955","2019-02-13","2022-01-02"
"7956","2019-02-24","2021-08-17"
"7957","2019-02-05","2024-08-10"
"7958","2019-03-06","2026-02-23"
"7959","2019-04-17","2019-07-18"
"7960","",""
"7961","2019-03-17","2023-08-27"
"7962","2019-02-17","2022-01-10"
"7963","2019-03-27","2025-12-17"
"7964","2019-03-12","2020-03-28"
"7965","",""
"7966","2019-03-21","2026-05-21"
"7967","2019-03-17","2026-06-10"
"7968","2021-04-05","2025-10-04"
"7969","2019-02-08","2026-01-05"
"7970","2019-05-03","2020-01-20"
"7971","2019-03-08","2026-05-26"
"7972","2019-02-15","2020-01-05"
"7973","2019-03-13","2025-12-31"
"7974","2019-03-24","2020-02-16"
"7975","2019-06-29","2024-07-27"
"7976","2019-05-18","2026-04-30"
"7977","",""
"7978","2019-03-16","2026-04-02"
"7979","2019-04-06","2023-09-05"
"7980","2022-04-20","2025-12-22"
"7981","2019-03-03","2025-01-03"
"7982","2019-03-09","2021-11-01"
"7983","2019-04-22","2020-01-02"
"7984","2019-09-30","2026-01-12"
"7985","2019-02-22","2026-05-31"
"7986","2019-02-28","2023-11-15"
"7987","2019-04-04","2026-04-30"
"7988","2019-02-16","2026-05-01"
"7989","",""
"7990","2019-07-05","2026-05-10"
"7991","2019-03-10","2020-08-06"
"7992","2019-04-22","2025-10-17"
"7993","2019-04-08","2026-05-12"
"7994","2019-06-01","2023-12-15"
"7995","2019-04-07","2026-01-20"
"7996","2019-02-17","2022-11-06"
"7997","2019-03-18","2023-01-15"
"7998","2019-03-31","2024-10-20"
"7999","2019-03-09","2026-05-25"
"8000","2019-03-10","2019-06-28"
"8001","2019-05-31","2020-02-29"
"8002","2019-02-22","2020-02-24"
"8003","2019-04-24","2020-03-05"
"8004","2019-05-01","2020-11-15"
"8005","",""
"8006","2019-12-01","2020-01-09"
"8007","2020-01-21","2023-10-21"
"8008","2019-04-28","2022-12-20"
"8009","2019-02-28","2026-04-09"
"8010","2019-06-30","2022-08-25"
"8011","2019-08-04","2023-12-05"
"8012","2019-03-06","2026-05-29"
"8013","2019-04-01","2026-04-12"
"8014","2019-06-16","2025-06-26"
"8015","2019-03-31","2025-12-03"
"8016","2019-03-30","2020-02-17"
"8017","",""
"8018","2019-03-21","2023-09-29"
"8019","2019-03-31","2025-12-20"
"8020","",""
"8021","2019-03-10","2022-12-21"
"8022","2020-02-09","2024-09-02"
"8023","2019-05-07","2026-05-31"
"8024","2019-03-07","2026-01-07"
"8025","2020-05-31","2020-05-31"
"8026","2019-03-08","2023-01-08"
"8027","2019-04-08","2022-04-24"
"8028","2020-07-31","2025-03-11"
"8029","2019-03-31","2026-05-31"
"8030","2019-03-17","2019-10-30"
"8031","2024-03-31","2025-02-13"
"8032","2022-05-01","2025-10-31"
"8033","2019-03-25","2020-01-02"
"8034","2019-09-14","2026-06-01"
"8035","2019-04-15","2024-10-03"
"8036","2019-03-06","2026-06-07"
"8037","2019-03-16","2026-02-15"
"8038","2019-03-12","2026-02-06"
"8039","2019-03-19","2026-05-11"
"8040","2019-03-15","2026-04-15"
"8041","2019-03-22","2024-09-03"
"8042","2019-04-24","2026-06-01"
"8043","2019-03-28","2019-06-01"
"8044","2019-03-10","2025-08-15"
"8045","",""
"8046","2020-06-12","2024-01-02"
"8047","2019-07-12","2019-08-30"
"8048","2019-04-19","2023-06-09"
"8049","2019-03-10","2026-01-23"
"8050","2019-03-10","2020-03-16"
"8051","",""
"8052","2019-04-19","2019-12-04"
"8053","2019-03-10","2024-10-13"
"8054","2019-03-24","2026-05-21"
"8055","2019-12-13","2025-12-06"
"8056","2019-05-31","2020-05-18"
"8057","2019-03-10","2025-10-03"
"8058","",""
"8059","",""
"8060","2019-03-08","2023-08-29"
"8061","2019-03-27","2019-10-14"
"8062","2020-01-26","2023-10-01"
"8063","2019-04-06","2025-10-15"
"8064","2019-04-04","2019-11-17"
"8065","2019-04-10","2019-07-29"
"8066","2019-03-10","2021-06-23"
"8067","2019-06-23","2026-06-07"
"8068","",""
"8069","2019-04-03","2024-02-16"
"8070","2019-04-10","2025-12-31"
"8071","2019-04-06","2023-06-17"
"8072","2019-06-10","2025-09-14"
"8073","2019-03-19","2023-03-27"
"8074","2019-04-10","2026-05-27"
"8075","2019-04-04","2026-05-17"
"8076","2019-04-13","2026-06-02"
"8077","",""
"8078","2019-04-07","2026-05-25"
"8079","2019-04-05","2026-05-05"
"8080","2019-03-08","2026-05-25"
"8081","2019-03-25","2019-06-13"
"8082","2019-08-04","2020-02-09"
"8083","2019-08-31","2022-07-31"
"8084","2019-06-24","2023-08-09"
"8085","2019-03-12","2022-09-04"
"8086","2019-03-30","2021-08-16"
"8087","2019-04-16","2023-09-07"
"8088","2020-10-16","2024-11-15"
"8089","2019-05-20","2026-05-07"
"8090","",""
"8091","",""
"8092","2022-07-14","2022-07-14"
"8093","2019-08-10","2024-09-30"
"8094","2019-03-25","2024-05-05"
"8095","2019-12-24","2024-09-28"
"8096","2019-08-08","2025-07-31"
"8097","2019-03-17","2023-12-06"
"8098","",""
"8099","2019-05-12","2023-09-30"
"8100","2019-04-26","2026-01-26"
"8101","2019-03-22","2019-03-22"
"8102","2019-05-07","2026-06-07"
"8103","2019-07-07","2026-05-01"
"8104","2019-04-20","2020-01-01"
"8105","2019-03-31","2023-03-31"
"8106","2023-04-01","2026-06-04"
"8107","2019-07-10","2020-10-19"
"8108","2019-03-26","2024-10-01"
"8109","2019-04-08","2026-05-31"
"8110","2019-04-09","2026-06-08"
"8111","2022-01-13","2026-06-10"
"8112","2023-09-03","2023-09-03"
"8113","2019-03-17","2026-01-21"
"8114","2019-05-19","2025-04-15"
"8115","2019-07-19","2023-09-18"
"8116","2019-05-24","2026-01-02"
"8117","2019-03-18","2026-03-01"
"8118","2022-12-11","2025-03-31"
"8119","2019-03-23","2026-06-12"
"8120","2019-05-02","2022-10-24"
"8121","2019-03-26","2020-02-29"
"8122","2019-08-01","2026-05-01"
"8123","2019-04-22","2019-05-26"
"8124","2019-05-05","2021-01-03"
"8125","2020-06-14","2026-03-16"
"8126","2019-05-04","2026-01-05"
"8127","2019-10-07","2023-08-31"
"8128","2019-03-23","2023-08-09"
"8129","2019-04-05","2024-12-20"
"8130","2023-04-07","2026-06-01"
"8131","2019-05-06","2019-05-28"
"8132","2019-04-04","2025-07-25"
"8133","",""
"8134","2019-09-22","2019-09-22"
"8135","2019-08-28","2019-09-24"
"8136","2025-09-20","2025-09-20"
"8137","2019-04-28","2019-07-05"
"8138","2019-03-31","2020-01-07"
"8139","2019-06-12","2024-10-17"
"8140","2019-05-09","2019-05-09"
"8141","2023-01-03","2026-05-18"
"8142","",""
"8143","2019-03-29","2019-11-30"
"8144","",""
"8145","",""
"8146","2019-05-24","2025-11-05"
"8147","2019-04-26","2020-02-16"
"8148","2019-08-03","2023-08-12"
"8149","2019-05-17","2019-10-06"
"8150","2019-04-05","2026-04-29"
"8151","2019-12-29","2023-08-07"
"8152","",""
"8153","2019-05-13","2019-09-27"
"8154","2019-08-07","2026-06-11"
"8155","",""
"8156","2022-09-30","2023-09-05"
"8157","2019-05-18","2024-02-11"
"8158","",""
"8159","2019-05-19","2022-11-02"
"8160","2019-08-29","2020-03-20"
"8161","2019-06-02","2019-09-01"
"8162","2019-03-31","2020-01-26"
"8163","2019-04-22","2019-12-28"
"8164","2019-05-23","2026-01-11"
"8165","2019-04-11","2019-06-24"
"8166","2019-05-15","2026-06-06"
"8167","2019-04-22","2020-09-22"
"8168","2019-07-16","2026-05-14"
"8169","2019-04-07","2019-12-30"
"8170","2019-08-18","2025-02-25"
"8171","2019-06-02","2026-01-31"
"8172","2022-09-15","2022-11-08"
"8173","2019-04-05","2023-11-03"
"8174","2019-04-04","2023-12-04"
"8175","2021-06-30","2026-05-20"
"8176","2019-06-24","2024-07-21"
"8177","2019-04-26","2019-04-26"
"8178","2019-09-02","2023-10-08"
"8179","2019-05-03","2023-09-26"
"8180","2019-08-12","2026-01-10"
"8181","2019-04-21","2025-01-02"
"8182","2023-04-11","2025-12-15"
"8183","2019-06-07","2024-09-05"
"8184","2019-04-07","2025-02-28"
"8185","2019-04-22","2026-05-18"
"8186","2022-02-20","2025-09-30"
"8187","2021-12-19","2021-12-19"
"8188","2019-04-27","2019-07-07"
"8189","2019-04-14","2020-03-01"
"8190","2019-10-31","2024-10-06"
"8191","",""
"8192","2019-04-08","2026-05-01"
"8193","2019-04-21","2023-09-03"
"8194","2019-08-06","2025-11-23"
"8195","2019-04-26","2023-10-25"
"8196","2019-04-23","2026-05-02"
"8197","2019-04-16","2024-03-12"
"8198","2019-05-17","2024-10-01"
"8199","2019-11-30","2024-07-09"
"8200","2019-04-22","2023-12-05"
"8201","2019-04-11","2019-06-30"
"8202","2019-05-19","2025-08-31"
"8203","2019-04-22","2021-03-21"
"8204","",""
"8205","2019-05-26","2026-03-06"
"8206","",""
"8207","2019-06-20","2021-11-14"
"8208","",""
"8209","2019-04-21","2020-11-15"
"8210","2019-04-17","2026-06-14"
"8211","2019-04-11","2020-11-27"
"8212","2019-04-17","2023-09-06"
"8213","2019-12-20","2025-09-01"
"8214","2019-04-12","2024-08-14"
"8215","2022-04-01","2026-05-09"
"8216","2019-04-21","2020-02-23"
"8217","2019-04-19","2020-01-12"
"8218","2019-04-17","2019-04-17"
"8219","2019-04-27","2022-01-02"
"8220","2019-05-06","2019-09-14"
"8221","2019-05-19","2025-07-01"
"8222","2019-07-26","2025-10-24"
"8223","",""
"8224","2019-04-21","2026-05-01"
"8225","2019-04-25","2025-02-08"
"8226","2019-04-22","2019-04-22"
"8227","2019-06-01","2021-04-24"
"8228","2019-04-18","2020-01-25"
"8229","2019-04-21","2023-08-31"
"8230","2019-04-25","2024-12-01"
"8231","2019-09-11","2025-11-23"
"8232","2019-12-31","2023-10-01"
"8233","2019-05-02","2023-07-24"
"8234","2019-04-19","2026-05-01"
"8235","2019-08-02","2026-04-01"
"8236","2019-04-30","2022-11-15"
"8237","2019-04-29","2025-10-31"
"8238","2021-11-14","2024-05-13"
"8239","2019-07-18","2023-08-15"
"8240","2019-04-20","2024-01-31"
"8241","2019-06-21","2026-06-07"
"8242","2023-01-31","2023-11-30"
"8243","2019-05-06","2019-07-21"
"8244","",""
"8245","2019-04-28","2023-11-24"
"8246","2019-08-05","2025-12-31"
"8247","2019-05-08","2019-10-20"
"8248","2019-05-23","2020-03-05"
"8249","2019-09-14","2025-11-03"
"8250","",""
"8251","2021-12-14","2023-11-14"
"8252","2019-10-27","2019-10-27"
"8253","2019-08-10","2019-08-10"
"8254","2021-04-14","2022-08-12"
"8255","2019-05-03","2025-09-30"
"8256","2019-04-22","2025-12-30"
"8257","2019-05-02","2026-02-17"
"8258","2019-05-16","2023-11-12"
"8259","2019-04-27","2026-05-01"
"8260","2019-04-21","2026-03-01"
"8261","2019-06-13","2026-05-17"
"8262","2019-04-27","2023-09-04"
"8263","2019-06-03","2019-06-10"
"8264","2019-07-31","2026-05-10"
"8265","2019-05-08","2020-04-18"
"8266","2020-08-30","2024-02-03"
"8267","2021-03-27","2021-04-28"
"8268","2019-09-27","2023-06-26"
"8269","2021-03-18","2021-03-18"
"8270","2019-09-22","2023-11-26"
"8271","2020-03-15","2023-07-24"
"8272","2020-03-22","2021-06-19"
"8273","2020-04-25","2022-02-06"
"8274","2019-09-01","2021-12-05"
"8275","2019-09-03","2025-02-26"
"8276","2019-09-16","2022-11-06"
"8277","2020-07-06","2022-06-19"
"8278","2020-09-04","2023-01-03"
"8279","2020-03-14","2025-02-16"
"8280","2020-04-21","2021-12-05"
"8281","2020-01-01","2023-04-24"
"8282","2022-09-24","2025-01-04"
"8283","2019-06-02","2019-09-15"
"8284","",""
"8285","",""
"8286","2019-07-31","2026-03-16"
"8287","2019-05-17","2020-06-01"
"8288","",""
"8289","2019-05-05","2020-01-02"
"8290","2019-12-29","2024-12-06"
"8291","2019-05-26","2026-05-04"
"8292","2022-10-23","2023-09-20"
"8293","2019-05-19","2025-08-31"
"8294","2019-07-15","2025-11-09"
"8295","2021-03-06","2021-03-06"
"8296","",""
"8297","2024-08-07","2024-08-07"
"8298","2019-04-30","2024-11-17"
"8299","2019-05-26","2019-07-06"
"8300","2019-12-29","2026-04-07"
"8301","",""
"8302","2019-05-27","2026-02-27"
"8303","2019-08-31","2026-01-20"
"8304","2019-05-26","2023-09-24"
"8305","2019-12-08","2024-05-23"
"8306","2024-10-14","2026-01-11"
"8307","2019-05-26","2024-01-20"
"8308","2019-05-27","2020-01-05"
"8309","2021-08-21","2021-08-21"
"8310","2019-07-21","2026-03-09"
"8311","2019-04-29","2026-05-14"
"8312","2019-06-13","2026-05-29"
"8313","2019-05-11","2025-08-09"
"8314","2019-06-09","2024-08-15"
"8315","2020-09-13","2025-03-08"
"8316","2019-12-31","2023-08-19"
"8317","2020-01-01","2026-03-31"
"8318","2019-08-12","2026-04-26"
"8319","2019-06-11","2025-09-28"
"8320","2019-05-11","2019-05-31"
"8321","2019-05-08","2026-04-07"
"8322","2022-07-21","2023-01-02"
"8323","2019-05-19","2019-07-17"
"8324","2019-05-12","2026-05-26"
"8325","2019-06-01","2026-05-02"
"8326","2019-09-18","2026-04-12"
"8327","2019-05-18","2019-10-13"
"8328","2019-07-03","2019-08-01"
"8329","2019-06-22","2026-02-11"
"8330","",""
"8331","2019-05-11","2026-04-06"
"8332","2019-05-07","2020-01-02"
"8333","2019-05-22","2026-02-23"
"8334","",""
"8335","2019-07-03","2020-08-26"
"8336","2019-07-13","2023-09-01"
"8337","2019-08-18","2026-01-03"
"8338","2019-08-06","2025-06-30"
"8339","2019-05-27","2026-05-31"
"8340","2019-05-16","2023-12-04"
"8341","2019-09-17","2026-05-22"
"8342","2021-05-01","2025-12-14"
"8343","2019-05-15","2019-11-01"
"8344","",""
"8345","2019-05-28","2019-08-10"
"8346","",""
"8347","2019-07-28","2020-07-31"
"8348","2019-06-18","2023-10-30"
"8349","2019-08-12","2024-09-27"
"8350","2019-05-26","2019-09-22"
"8351","2019-08-15","2022-07-31"
"8352","",""
"8353","",""
"8354","2019-06-06","2023-09-30"
"8355","",""
"8356","",""
"8357","2019-05-20","2026-05-11"
"8358","2019-05-24","2025-07-27"
"8359","",""
"8360","2019-07-01","2025-07-06"
"8361","",""
"8362","2020-01-12","2025-06-29"
"8363","",""
"8364","",""
"8365","2019-10-05","2026-03-08"
"8366","2019-12-15","2024-11-18"
"8367","2023-08-15","2023-08-15"
"8368","2019-05-31","2024-04-05"
"8369","2019-06-09","2021-12-25"
"8370","2020-10-25","2025-12-07"
"8371","2019-11-29","2026-05-22"
"8372","2020-10-03","2026-06-09"
"8373","2019-07-21","2026-05-30"
"8374","2019-06-30","2023-06-04"
"8375","2020-01-20","2023-11-10"
"8376","2019-09-15","2022-09-28"
"8377","2019-09-08","2021-12-23"
"8378","",""
"8379","2019-05-26","2020-11-28"
"8380","2019-05-20","2025-11-06"
"8381","2020-01-28","2022-07-31"
"8382","2019-05-10","2019-10-07"
"8383","2019-06-24","2024-06-24"
"8384","",""
"8385","2019-09-16","2025-02-15"
"8386","2019-06-17","2020-09-11"
"8387","2019-05-20","2023-10-06"
"8388","2019-10-23","2025-11-29"
"8389","2019-06-30","2023-10-08"
"8390","2019-05-11","2026-05-31"
"8391","2019-08-31","2023-10-19"
"8392","2019-07-08","2019-09-16"
"8393","2022-04-03","2026-05-03"
"8394","2019-06-08","2019-11-14"
"8395","2019-08-16","2026-05-09"
"8396","",""
"8397","2021-07-02","2021-07-02"
"8398","",""
"8399","2019-06-07","2020-02-21"
"8400","2019-08-18","2025-12-14"
"8401","2019-06-24","2025-12-15"
"8402","2019-07-26","2023-03-18"
"8403","2021-10-30","2021-11-15"
"8404","2019-05-24","2022-06-20"
"8405","2019-05-28","2025-12-18"
"8406","2019-05-12","2025-08-20"
"8407","2019-05-20","2020-01-05"
"8408","2019-08-03","2019-08-23"
"8409","",""
"8410","2019-09-30","2026-06-06"
"8411","2019-05-21","2021-07-05"
"8412","2021-07-22","2021-07-22"
"8413","2019-06-02","2019-09-02"
"8414","2019-05-14","2023-07-31"
"8415","2019-11-11","2026-04-26"
"8416","2019-05-27","2019-06-30"
"8417","2019-07-03","2026-06-06"
"8418","2019-10-15","2026-01-23"
"8419","2019-06-29","2019-12-06"
"8420","2019-08-22","2021-03-08"
"8421","2020-10-05","2023-09-08"
"8422","2019-08-04","2026-05-30"
"8423","",""
"8424","2021-08-22","2021-08-22"
"8425","2019-06-17","2019-06-17"
"8426","2024-07-31","2024-07-31"
"8427","2019-06-29","2025-11-29"
"8428","2019-06-09","2025-10-21"
"8429","2019-05-29","2020-01-27"
"8430","2019-06-21","2025-08-17"
"8431","2019-06-03","2026-05-30"
"8432","2019-07-04","2024-08-31"
"8433","2019-07-18","2023-07-15"
"8434","2019-06-01","2021-07-31"
"8435","2019-06-28","2019-07-27"
"8436","2019-07-03","2020-01-01"
"8437","2019-06-13","2020-01-03"
"8438","2019-05-26","2019-11-24"
"8439","2025-07-16","2025-07-16"
"8440","2021-11-21","2022-06-26"
"8441","2019-05-25","2026-05-30"
"8442","2019-06-22","2020-07-26"
"8443","2019-06-09","2023-03-13"
"8444","2019-09-22","2025-11-08"
"8445","2023-05-20","2026-05-05"
"8446","2019-06-11","2023-07-31"
"8447","2019-08-14","2023-09-03"
"8448","2019-06-18","2020-02-16"
"8449","",""
"8450","2020-01-19","2025-08-27"
"8451","2019-11-01","2020-04-09"
"8452","2019-07-31","2021-01-31"
"8453","2019-05-26","2024-07-01"
"8454","2019-06-30","2024-07-01"
"8455","2019-06-02","2023-10-07"
"8456","2019-06-04","2026-05-04"
"8457","2019-06-29","2020-01-04"
"8458","2019-12-03","2023-11-03"
"8459","2019-05-28","2026-03-04"
"8460","2020-07-01","2025-09-15"
"8461","2019-06-20","2019-12-24"
"8462","2019-06-17","2022-01-02"
"8463","2019-05-26","2020-03-24"
"8464","2021-11-29","2023-05-01"
"8465","2019-08-15","2025-05-29"
"8466","2023-10-01","2024-08-26"
"8467","2019-05-26","2020-01-02"
"8468","2019-05-26","2019-12-28"
"8469","2019-07-08","2020-06-23"
"8470","2019-06-05","2023-08-18"
"8471","2019-07-20","2026-05-31"
"8472","2021-12-31","2026-02-15"
"8473","2020-07-25","2025-08-04"
"8474","2019-10-01","2025-07-05"
"8475","2019-05-30","2020-02-23"
"8476","2019-06-23","2025-08-30"
"8477","2020-11-01","2025-11-15"
"8478","2019-06-02","2025-11-11"
"8479","2020-08-14","2024-08-30"
"8480","2019-06-12","2019-11-06"
"8481","2019-10-18","2026-05-15"
"8482","2019-06-19","2026-05-29"
"8483","2019-06-30","2026-06-08"
"8484","2019-08-25","2023-10-08"
"8485","2019-06-01","2024-08-06"
"8486","2019-06-17","2026-05-01"
"8487","2022-08-17","2026-06-07"
"8488","2019-07-10","2019-07-10"
"8489","2019-08-10","2019-08-10"
"8490","2019-07-01","2019-07-31"
"8491","2019-06-06","2023-11-05"
"8492","2019-06-16","2020-01-01"
"8493","2019-06-30","2024-12-30"
"8494","2019-08-01","2019-08-01"
"8495","2021-12-05","2024-09-02"
"8496","",""
"8497","2019-06-30","2025-09-08"
"8498","2019-07-07","2019-07-07"
"8499","2019-06-16","2023-08-21"
"8500","2019-05-30","2023-09-05"
"8501","2019-05-29","2023-10-06"
"8502","2020-02-21","2026-04-26"
"8503","2019-11-23","2026-05-03"
"8504","2020-07-23","2025-11-25"
"8505","2023-12-19","2026-05-20"
"8506","2020-07-05","2025-04-04"
"8507","2019-11-16","2026-02-25"
"8508","2019-06-16","2026-05-05"
"8509","2019-06-29","2026-05-24"
"8510","2019-06-22","2026-05-01"
"8511","2019-06-16","2026-06-08"
"8512","2019-06-10","2025-08-01"
"8513","2019-06-09","2022-12-08"
"8514","2019-05-31","2023-12-28"
"8515","2019-06-01","2024-07-27"
"8516","2019-09-02","2019-09-02"
"8517","2019-06-26","2025-12-17"
"8518","2019-06-24","2026-05-18"
"8519","2019-08-16","2026-05-17"
"8520","2019-07-31","2026-01-25"
"8521","2019-06-10","2025-08-31"
"8522","2021-08-30","2021-10-07"
"8523","",""
"8524","2019-06-09","2019-06-28"
"8525","2019-06-16","2023-11-08"
"8526","2022-01-18","2026-03-15"
"8527","2019-06-23","2025-03-10"
"8528","2024-09-23","2026-06-09"
"8529","2019-06-30","2020-01-01"
"8530","2019-06-04","2026-05-22"
"8531","2019-07-01","2020-08-18"
"8532","2019-07-16","2026-05-30"
"8533","2019-07-31","2019-12-11"
"8534","2020-01-01","2026-05-11"
"8535","",""
"8536","2019-06-15","2025-06-09"
"8537","2020-01-02","2026-04-13"
"8538","2019-10-14","2026-05-31"
"8539","2019-06-16","2023-09-29"
"8540","",""
"8541","",""
"8542","2023-09-04","2023-09-04"
"8543","2019-06-08","2026-03-04"
"8544","",""
"8545","2022-05-31","2023-12-04"
"8546","2025-06-26","2025-06-26"
"8547","2019-08-25","2022-07-31"
"8548","2019-06-07","2024-10-14"
"8549","2024-10-25","2025-09-23"
"8550","2022-12-04","2022-12-11"
"8551","2019-11-22","2025-01-03"
"8552","2020-12-26","2022-05-23"
"8553","2019-06-12","2019-06-12"
"8554","2019-06-23","2020-01-01"
"8555","",""
"8556","2022-04-03","2026-05-26"
"8557","2019-06-22","2020-01-04"
"8558","2019-06-06","2019-08-31"
"8559","2019-08-10","2019-08-10"
"8560","2019-07-29","2022-07-21"
"8561","2019-07-02","2019-12-09"
"8562","2020-11-08","2023-09-04"
"8563","2019-09-22","2019-09-22"
"8564","2019-08-31","2020-12-09"
"8565","2019-07-06","2026-05-27"
"8566","2020-03-07","2023-09-03"
"8567","2019-09-10","2021-10-22"
"8568","2019-09-12","2020-02-16"
"8569","2019-06-21","2025-07-01"
"8570","2019-06-24","2020-03-03"
"8571","2019-06-18","2024-07-30"
"8572","2019-07-13","2023-10-20"
"8573","2019-09-03","2026-05-31"
"8574","2019-08-09","2026-01-04"
"8575","2019-07-05","2022-09-21"
"8576","2019-06-23","2020-01-04"
"8577","2019-06-16","2025-03-22"
"8578","2019-06-21","2023-10-13"
"8579","2021-01-01","2026-02-22"
"8580","2023-10-16","2024-10-12"
"8581","",""
"8582","2019-07-06","2019-12-29"
"8583","2021-10-15","2023-08-27"
"8584","2022-05-03","2026-05-30"
"8585","2019-11-08","2026-05-22"
"8586","2019-12-15","2023-10-15"
"8587","2021-10-04","2023-09-30"
"8588","2019-07-21","2023-09-05"
"8589","2019-09-29","2026-06-07"
"8590","2019-10-06","2024-12-24"
"8591","2019-09-25","2025-12-29"
"8592","2019-08-29","2025-12-30"
"8593","2019-08-29","2025-06-06"
"8594","2019-09-02","2025-06-22"
"8595","2019-06-29","2020-01-01"
"8596","2020-03-16","2026-05-01"
"8597","2019-12-27","2026-06-21"
"8598","2020-01-15","2026-03-13"
"8599","2019-11-08","2026-03-07"
"8600","2020-01-10","2024-05-16"
"8601","2019-06-16","2023-10-25"
"8602","2019-06-27","2019-12-27"
"8603","2019-07-08","2026-01-01"
"8604","2020-02-16","2020-07-16"
"8605","2019-09-29","2019-10-14"
"8606","2023-05-02","2026-03-02"
"8607","2019-07-07","2021-09-08"
"8608","2020-08-14","2025-05-01"
"8609","2019-07-02","2019-09-02"
"8610","2023-07-29","2023-07-29"
"8611","2019-06-22","2020-03-06"
"8612","2019-07-05","2023-04-03"
"8613","2019-06-21","2025-03-23"
"8614","2019-08-13","2020-02-08"
"8615","2020-03-15","2025-08-01"
"8616","",""
"8617","2019-06-30","2024-07-22"
"8618","2022-09-05","2022-12-04"
"8619","2019-07-22","2025-10-13"
"8620","2019-06-20","2025-07-21"
"8621","2019-07-06","2019-12-31"
"8622","2019-07-08","2019-11-16"
"8623","2023-09-24","2025-03-13"
"8624","2019-06-20","2020-02-17"
"8625","",""
"8626","2019-07-20","2019-07-20"
"8627","2021-02-28","2021-04-04"
"8628","2019-08-04","2024-08-10"
"8629","",""
"8630","2019-06-23","2023-11-20"
"8631","2019-06-23","2023-11-01"
"8632","2019-06-30","2023-01-22"
"8633","2019-06-26","2025-12-20"
"8634","2019-06-24","2023-08-06"
"8635","2020-11-08","2026-04-20"
"8636","2019-10-21","2026-01-09"
"8637","2019-11-03","2020-10-30"
"8638","2019-06-30","2021-02-12"
"8639","2019-06-30","2023-08-31"
"8640","2019-07-02","2020-03-14"
"8641","2019-06-23","2024-06-12"
"8642","2019-07-22","2024-07-31"
"8643","",""
"8644","",""
"8645","2019-09-05","2020-03-15"
"8646","2019-06-24","2026-06-11"
"8647","2020-05-26","2020-05-26"
"8648","",""
"8649","2023-08-20","2023-10-14"
"8650","2019-06-20","2026-06-11"
"8651","",""
"8652","2019-08-09","2023-11-16"
"8653","2019-06-21","2026-06-07"
"8654","2019-07-13","2019-08-05"
"8655","2019-07-31","2021-01-10"
"8656","2022-06-28","2026-05-31"
"8657","2019-07-22","2020-03-13"
"8658","2020-10-11","2026-05-17"
"8659","2019-07-27","2020-03-21"
"8660","2019-07-02","2019-07-06"
"8661","2019-06-26","2019-07-06"
"8662","2022-05-21","2022-10-09"
"8663","2019-09-25","2020-06-30"
"8664","2021-10-23","2026-04-27"
"8665","2019-07-06","2026-02-14"
"8666","2019-06-27","2025-03-25"
"8667","2019-07-01","2025-05-04"
"8668","2020-08-30","2025-01-27"
"8669","2019-06-30","2020-07-04"
"8670","2020-09-13","2025-01-30"
"8671","2022-07-31","2025-01-14"
"8672","2019-07-19","2026-05-27"
"8673","2019-06-28","2026-06-08"
"8674","2019-07-01","2026-05-06"
"8675","2019-06-29","2019-08-29"
"8676","2019-06-29","2026-05-21"
"8677","2019-09-15","2025-10-31"
"8678","",""
"8679","2019-07-01","2019-07-07"
"8680","2019-06-26","2025-11-02"
"8681","2019-08-02","2019-08-02"
"8682","2019-07-04","2023-10-23"
"8683","2019-06-30","2026-06-06"
"8684","2019-09-06","2026-05-28"
"8685","2019-10-05","2020-03-17"
"8686","2019-07-31","2024-04-17"
"8687","",""
"8688","2019-07-07","2019-10-13"
"8689","2019-07-01","2019-11-02"
"8690","2020-11-12","2023-09-04"
"8691","2019-07-06","2020-02-16"
"8692","2019-08-03","2019-10-19"
"8693","2019-09-02","2023-05-29"
"8694","2019-06-30","2022-01-01"
"8695","",""
"8696","2019-09-24","2025-12-03"
"8697","2020-08-22","2020-10-25"
"8698","2019-07-07","2019-07-20"
"8699","2019-11-11","2021-05-27"
"8700","2019-09-13","2024-09-20"
"8701","2019-07-26","2021-07-31"
"8702","2019-07-11","2019-07-16"
"8703","2019-06-30","2020-03-13"
"8704","2019-08-01","2019-10-08"
"8705","2019-07-13","2025-05-15"
"8706","",""
"8707","2019-07-28","2020-03-14"
"8708","2019-08-06","2019-09-02"
"8709","2022-11-26","2026-06-07"
"8710","2019-07-06","2025-01-05"
"8711","2019-07-01","2024-05-24"
"8712","2019-07-22","2020-03-06"
"8713","2023-05-12","2023-05-12"
"8714","2019-07-28","2026-06-02"
"8715","",""
"8716","2019-08-04","2023-01-04"
"8717","2019-07-07","2019-09-02"
"8718","2019-07-14","2023-01-22"
"8719","2019-08-27","2019-09-10"
"8720","2019-07-31","2026-01-31"
"8721","2019-07-27","2026-06-08"
"8722","",""
"8723","2019-12-19","2024-06-17"
"8724","2020-07-10","2021-03-14"
"8725","2020-06-22","2020-11-26"
"8726","2020-02-08","2024-11-16"
"8727","2020-01-05","2025-04-16"
"8728","2020-06-01","2024-08-27"
"8729","2021-02-28","2024-09-02"
"8730","",""
"8731","",""
"8732","2020-12-23","2020-12-23"
"8733","",""
"8734","2019-09-02","2023-11-14"
"8735","2019-10-25","2024-06-14"
"8736","2019-07-30","2019-08-12"
"8737","2019-08-03","2025-08-07"
"8738","2019-08-25","2022-06-27"
"8739","2019-08-15","2019-09-09"
"8740","2019-07-19","2024-01-02"
"8741","2020-11-01","2026-01-09"
"8742","2019-07-13","2019-09-24"
"8743","",""
"8744","2019-07-28","2023-08-27"
"8745","",""
"8746","2019-07-21","2019-11-11"
"8747","2021-08-25","2021-08-25"
"8748","2019-07-14","2019-08-28"
"8749","2019-07-19","2025-11-09"
"8750","2019-11-22","2026-01-04"
"8751","2022-12-04","2023-06-25"
"8752","2025-09-03","2025-11-08"
"8753","",""
"8754","2021-06-27","2026-06-11"
"8755","",""
"8756","2019-09-01","2026-05-07"
"8757","2019-07-28","2021-04-30"
"8758","2019-11-01","2023-07-23"
"8759","",""
"8760","2021-11-07","2023-09-10"
"8761","",""
"8762","2022-06-24","2022-07-05"
"8763","",""
"8764","2021-02-23","2021-02-23"
"8765","2020-02-29","2020-02-29"
"8766","2020-02-20","2020-10-31"
"8767","",""
"8768","2019-10-31","2021-01-04"
"8769","2019-07-22","2020-09-26"
"8770","2019-09-30","2022-08-22"
"8771","2019-08-11","2023-01-01"
"8772","2022-04-11","2026-06-13"
"8773","2021-06-06","2025-08-31"
"8774","2019-07-15","2025-08-07"
"8775","2019-09-06","2026-04-26"
"8776","2019-08-20","2026-05-31"
"8777","2020-01-11","2025-10-01"
"8778","2019-08-18","2020-02-16"
"8779","2019-07-13","2023-01-06"
"8780","2019-08-31","2020-02-16"
"8781","2019-07-22","2019-10-22"
"8782","2019-07-13","2022-04-03"
"8783","2023-08-19","2025-02-09"
"8784","2023-02-17","2026-05-04"
"8785","2023-02-20","2026-04-26"
"8786","2025-01-31","2025-08-03"
"8787","2022-08-14","2023-07-21"
"8788","2019-07-26","2023-11-10"
"8789","2019-08-28","2026-03-01"
"8790","",""
"8791","2022-10-30","2024-09-09"
"8792","2019-07-21","2023-10-29"
"8793","2019-07-29","2025-03-31"
"8794","2019-12-25","2022-06-12"
"8795","",""
"8796","2021-10-10","2021-10-10"
"8797","2021-11-08","2021-12-12"
"8798","2020-09-20","2023-02-18"
"8799","2019-10-29","2023-06-23"
"8800","2020-11-01","2020-11-01"
"8801","2020-07-30","2020-09-27"
"8802","2021-10-03","2021-11-24"
"8803","2020-07-02","2023-09-03"
"8804","",""
"8805","",""
"8806","",""
"8807","2019-08-03","2026-02-26"
"8808","2019-07-18","2019-12-29"
"8809","2022-05-08","2025-06-30"
"8810","2019-07-14","2026-06-09"
"8811","2019-07-19","2019-10-01"
"8812","2019-09-20","2025-11-02"
"8813","2023-10-26","2026-05-21"
"8814","2019-08-24","2026-05-24"
"8815","2019-09-30","2019-09-30"
"8816","2019-07-13","2026-06-14"
"8817","2019-07-14","2023-11-15"
"8818","2019-08-02","2025-11-05"
"8819","2019-07-29","2026-03-28"
"8820","2019-08-07","2020-02-09"
"8821","2019-08-04","2026-02-28"
"8822","2019-07-24","2023-01-02"
"8823","2019-09-02","2023-11-12"
"8824","",""
"8825","2019-08-04","2026-05-25"
"8826","2019-08-04","2020-01-03"
"8827","2020-12-13","2021-11-08"
"8828","2021-01-28","2026-05-31"
"8829","2019-07-30","2025-11-21"
"8830","2019-09-08","2025-10-12"
"8831","2019-09-02","2020-12-12"
"8832","2019-07-28","2022-08-15"
"8833","2019-07-23","2020-09-28"
"8834","2024-10-24","2024-10-24"
"8835","2019-07-25","2020-02-17"
"8836","2019-08-13","2026-05-10"
"8837","2022-11-04","2022-11-04"
"8838","2019-10-09","2019-10-09"
"8839","2019-07-21","2020-06-13"
"8840","2019-08-09","2025-07-17"
"8841","2019-07-21","2026-04-28"
"8842","2019-09-02","2019-09-02"
"8843","2019-07-26","2026-02-07"
"8844","2019-08-05","2026-04-25"
"8845","2020-10-31","2025-02-10"
"8846","2019-08-26","2024-11-02"
"8847","2020-11-08","2026-02-02"
"8848","2024-02-29","2025-12-01"
"8849","2019-09-01","2023-07-10"
"8850","2019-08-28","2025-03-31"
"8851","2019-08-03","2020-03-08"
"8852","2019-08-03","2024-09-29"
"8853","2019-07-25","2019-08-29"
"8854","2019-07-31","2026-02-01"
"8855","2019-07-25","2026-05-23"
"8856","2019-09-02","2020-02-17"
"8857","2019-09-21","2019-10-31"
"8858","2019-12-11","2026-06-04"
"8859","2019-08-14","2026-03-20"
"8860","2020-03-31","2020-03-31"
"8861","",""
"8862","2019-08-04","2026-06-14"
"8863","2019-08-18","2025-02-13"
"8864","2019-08-27","2019-09-02"
"8865","2019-07-28","2026-06-01"
"8866","2019-09-02","2020-09-24"
"8867","2019-09-30","2025-11-22"
"8868","2019-12-09","2023-08-27"
"8869","2019-08-04","2025-09-02"
"8870","2019-09-03","2024-05-31"
"8871","2019-09-08","2025-04-01"
"8872","2019-08-22","2020-03-05"
"8873","2019-09-23","2023-02-19"
"8874","",""
"8875","2024-08-24","2026-04-04"
"8876","2019-08-16","2026-06-14"
"8877","2020-01-10","2025-10-05"
"8878","2024-08-25","2026-05-31"
"8879","2019-08-04","2023-09-03"
"8880","2019-10-06","2020-09-21"
"8881","2019-08-18","2023-10-19"
"8882","2019-10-20","2026-02-28"
"8883","2020-01-25","2026-02-10"
"8884","2019-08-24","2025-08-04"
"8885","2019-08-02","2020-12-12"
"8886","2019-08-04","2023-07-30"
"8887","2020-02-02","2026-05-29"
"8888","2019-12-15","2026-03-27"
"8889","2019-11-16","2026-05-30"
"8890","2020-08-28","2026-06-08"
"8891","2019-07-27","2023-11-06"
"8892","2019-12-09","2023-02-04"
"8893","2020-04-19","2023-07-29"
"8894","2019-12-16","2023-05-04"
"8895","2020-02-02","2023-01-08"
"8896","2019-12-22","2023-08-26"
"8897","",""
"8898","",""
"8899","2021-04-16","2023-07-31"
"8900","",""
"8901","2019-09-02","2023-05-01"
"8902","2019-09-01","2023-08-10"
"8903","2019-08-25","2024-02-08"
"8904","",""
"8905","2019-09-01","2023-07-31"
"8906","2020-12-19","2026-01-16"
"8907","2019-09-08","2025-12-09"
"8908","2019-08-18","2019-08-18"
"8909","2019-09-30","2020-03-23"
"8910","2019-08-03","2019-12-28"
"8911","2019-08-05","2026-04-16"
"8912","2019-08-02","2021-11-29"
"8913","2019-08-02","2026-04-28"
"8914","2019-08-12","2019-12-25"
"8915","2019-08-09","2020-01-01"
"8916","2020-06-30","2024-10-04"
"8917","2019-09-08","2025-08-31"
"8918","2019-12-06","2026-05-31"
"8919","2019-10-22","2025-12-20"
"8920","2019-08-12","2025-11-02"
"8921","2019-09-01","2019-09-29"
"8922","2021-09-02","2024-05-24"
"8923","2019-08-12","2026-05-13"
"8924","2019-09-09","2023-09-08"
"8925","2019-08-05","2019-11-30"
"8926","2019-08-31","2020-02-29"
"8927","2026-01-30","2026-01-30"
"8928","2019-11-17","2025-02-10"
"8929","2019-08-03","2023-09-02"
"8930","2019-08-20","2025-11-27"
"8931","2019-09-07","2024-08-31"
"8932","2020-02-15","2026-01-25"
"8933","2023-05-03","2025-10-21"
"8934","2019-11-04","2023-10-01"
"8935","2021-05-04","2024-07-16"
"8936","",""
"8937","2019-08-18","2026-01-13"
"8938","2019-09-11","2026-06-11"
"8939","",""
"8940","2019-10-26","2026-05-31"
"8941","",""
"8942","2019-09-15","2026-05-01"
"8943","2020-10-02","2025-10-28"
"8944","",""
"8945","2019-08-17","2020-02-13"
"8946","2020-08-15","2020-08-15"
"8947","2019-11-23","2026-03-16"
"8948","2019-09-04","2025-10-13"
"8949","",""
"8950","2020-08-09","2020-08-09"
"8951","2019-09-30","2026-05-24"
"8952","",""
"8953","2019-08-21","2026-03-23"
"8954","2019-08-18","2023-08-13"
"8955","2019-10-05","2024-12-11"
"8956","2019-08-22","2020-02-09"
"8957","2019-08-18","2026-06-05"
"8958","2022-06-11","2022-06-11"
"8959","2019-12-30","2019-12-30"
"8960","2019-10-01","2019-10-01"
"8961","",""
"8962","2023-01-01","2023-01-01"
"8963","",""
"8964","2019-08-12","2026-05-31"
"8965","2019-08-11","2025-11-19"
"8966","2019-09-27","2026-05-31"
"8967","2019-10-01","2024-02-24"
"8968","2019-08-31","2023-01-09"
"8969","2019-09-03","2026-05-06"
"8970","2019-10-07","2019-10-27"
"8971","",""
"8972","2019-11-09","2019-11-09"
"8973","2022-09-02","2026-05-14"
"8974","2019-11-13","2025-11-09"
"8975","2019-10-15","2025-07-27"
"8976","2019-08-20","2025-12-02"
"8977","2019-09-03","2022-09-16"
"8978","",""
"8979","2019-09-03","2020-01-03"
"8980","2019-09-09","2022-06-27"
"8981","2019-09-02","2026-05-27"
"8982","2019-09-01","2019-12-12"
"8983","2019-09-18","2023-11-30"
"8984","2019-09-02","2026-04-30"
"8985","2019-08-23","2020-03-14"
"8986","2019-11-17","2019-11-17"
"8987","2019-08-31","2020-11-20"
"8988","2019-09-11","2026-05-07"
"8989","2019-10-08","2025-11-14"
"8990","2019-10-10","2025-06-21"
"8991","2019-08-26","2023-12-01"
"8992","2019-09-03","2026-06-04"
"8993","2020-10-01","2023-08-31"
"8994","2019-11-30","2022-07-15"
"8995","2019-09-30","2026-05-05"
"8996","2020-07-31","2021-08-31"
"8997","2019-08-16","2019-12-22"
"8998","2019-09-01","2026-01-31"
"8999","",""
"9000","2021-05-31","2022-02-28"
"9001","2022-07-10","2026-04-04"
"9002","2019-09-09","2024-12-16"
"9003","2019-08-16","2021-03-22"
"9004","2019-08-21","2020-01-02"
"9005","2019-08-18","2026-05-22"
"9006","2019-08-21","2025-06-11"
"9007","2019-08-18","2020-01-06"
"9008","2019-10-21","2024-01-01"
"9009","2019-08-29","2019-11-17"
"9010","2019-08-18","2020-02-16"
"9011","2019-09-30","2022-01-30"
"9012","2019-09-26","2019-10-03"
"9013","2019-09-22","2022-06-23"
"9014","2020-02-23","2023-12-05"
"9015","2019-08-28","2020-01-02"
"9016","2019-08-24","2021-04-30"
"9017","2019-08-25","2019-10-31"
"9018","",""
"9019","2019-09-09","2023-09-03"
"9020","2019-09-02","2023-08-13"
"9021","2022-05-15","2023-09-05"
"9022","2019-11-21","2026-01-05"
"9023","2019-12-14","2025-08-02"
"9024","2019-09-22","2026-01-31"
"9025","2019-10-13","2024-10-25"
"9026","2023-02-01","2026-02-01"
"9027","2022-12-30","2026-03-01"
"9028","2019-08-20","2023-10-21"
"9029","2019-09-01","2020-03-17"
"9030","2021-11-07","2024-09-01"
"9031","2019-09-03","2025-03-04"
"9032","2019-09-08","2025-10-06"
"9033","2019-09-02","2020-01-02"
"9034","2019-09-12","2026-06-07"
"9035","2019-11-09","2019-11-09"
"9036","",""
"9037","2020-01-01","2023-01-02"
"9038","2022-08-12","2025-01-14"
"9039","2019-10-31","2024-12-15"
"9040","2019-11-06","2026-02-14"
"9041","2019-09-03","2020-03-06"
"9042","2019-10-19","2023-06-05"
"9043","2019-10-28","2024-01-19"
"9044","2019-11-09","2020-03-17"
"9045","2019-09-20","2022-05-20"
"9046","2019-10-13","2026-05-09"
"9047","2020-09-30","2023-12-22"
"9048","2020-07-19","2024-09-13"
"9049","2019-09-15","2020-01-16"
"9050","2019-08-30","2026-05-31"
"9051","2019-08-25","2026-06-08"
"9052","2019-12-23","2024-09-09"
"9053","2019-09-03","2021-08-29"
"9054","2019-09-22","2026-06-05"
"9055","2019-08-28","2023-08-30"
"9056","2020-01-09","2024-06-01"
"9057","2022-09-04","2023-01-01"
"9058","2021-12-24","2021-12-24"
"9059","2019-10-14","2025-06-01"
"9060","2019-09-02","2023-01-01"
"9061","2019-11-03","2019-12-09"
"9062","2019-10-13","2026-05-31"
"9063","2019-12-19","2025-12-01"
"9064","2022-04-10","2024-02-08"
"9065","2019-09-05","2026-05-29"
"9066","2019-09-30","2023-06-04"
"9067","2019-08-24","2025-04-21"
"9068","2019-10-12","2019-12-08"
"9069","2019-09-23","2026-06-13"
"9070","",""
"9071","2019-09-02","2020-02-23"
"9072","2019-09-02","2020-03-10"
"9073","2019-10-02","2021-08-14"
"9074","2019-09-02","2020-03-16"
"9075","2019-09-02","2023-01-16"
"9076","2019-08-31","2019-12-02"
"9077","",""
"9078","2020-08-22","2026-02-12"
"9079","2019-09-16","2020-01-01"
"9080","2019-09-30","2021-07-18"
"9081","2019-09-09","2020-03-08"
"9082","2019-09-28","2020-02-29"
"9083","2019-09-08","2020-02-16"
"9084","2019-09-18","2025-07-06"
"9085","2019-09-01","2023-12-09"
"9086","2019-09-01","2022-10-19"
"9087","2019-10-08","2019-12-10"
"9088","2019-09-09","2020-03-08"
"9089","2019-09-11","2022-11-16"
"9090","2019-09-30","2022-03-31"
"9091","2019-09-02","2026-05-24"
"9092","2019-10-14","2023-10-15"
"9093","2019-09-08","2024-04-28"
"9094","2019-11-07","2019-12-14"
"9095","2021-06-14","2026-05-31"
"9096","2019-09-08","2025-10-23"
"9097","2020-10-13","2024-02-20"
"9098","2019-10-31","2024-06-22"
"9099","2019-09-13","2022-05-23"
"9100","2025-05-27","2026-05-31"
"9101","2019-09-01","2025-10-14"
"9102","2019-09-02","2020-02-17"
"9103","2019-10-13","2023-11-04"
"9104","2019-09-02","2025-09-24"
"9105","2021-01-02","2026-02-16"
"9106","2023-11-19","2025-09-06"
"9107","2019-10-14","2019-10-20"
"9108","2019-10-24","2026-05-15"
"9109","2019-10-02","2020-01-05"
"9110","2020-01-22","2025-07-20"
"9111","",""
"9112","2019-10-06","2025-01-01"
"9113","2019-09-16","2022-06-01"
"9114","2019-09-22","2025-07-31"
"9115","2019-09-20","2020-02-09"
"9116","2020-01-03","2026-04-30"
"9117","2019-09-28","2023-06-17"
"9118","2020-02-02","2026-06-10"
"9119","",""
"9120","2019-11-10","2024-12-15"
"9121","2019-09-20","2019-10-12"
"9122","2019-10-21","2022-10-12"
"9123","",""
"9124","2019-09-09","2026-04-03"
"9125","2019-09-21","2023-09-18"
"9126","2019-09-14","2025-12-18"
"9127","2019-10-05","2019-10-12"
"9128","",""
"9129","2019-10-14","2026-01-27"
"9130","",""
"9131","2019-09-28","2026-05-27"
"9132","2020-06-14","2026-06-06"
"9133","2019-09-15","2020-03-14"
"9134","2019-09-30","2020-03-14"
"9135","2019-09-21","2019-10-06"
"9136","2019-12-02","2026-03-01"
"9137","2019-09-13","2019-12-11"
"9138","2020-02-28","2021-08-07"
"9139","2019-09-12","2023-08-28"
"9140","2019-09-20","2022-01-01"
"9141","2019-09-15","2026-05-09"
"9142","2019-09-15","2021-01-01"
"9143","",""
"9144","2019-10-06","2023-11-29"
"9145","2019-09-18","2021-05-03"
"9146","2019-12-29","2019-12-29"
"9147","2019-10-06","2023-05-16"
"9148","2019-09-29","2025-12-24"
"9149","2019-09-21","2023-09-03"
"9150","2019-09-19","2022-10-31"
"9151","2019-09-24","2026-06-14"
"9152","2019-09-16","2024-02-11"
"9153","2020-12-01","2023-10-14"
"9154","2019-09-22","2023-01-05"
"9155","2020-03-21","2022-10-31"
"9156","2019-09-29","2019-10-06"
"9157","2021-04-04","2025-10-13"
"9158","2020-03-14","2026-05-31"
"9159","2019-12-18","2026-04-02"
"9160","",""
"9161","2020-01-12","2020-01-12"
"9162","2019-10-22","2026-03-03"
"9163","2019-09-24","2025-09-30"
"9164","2019-10-06","2021-10-19"
"9165","2019-10-13","2026-02-05"
"9166","2019-12-27","2026-05-15"
"9167","2020-06-30","2026-06-07"
"9168","2019-10-26","2026-02-25"
"9169","2021-06-27","2025-10-20"
"9170","2019-09-16","2026-06-10"
"9171","2022-05-31","2026-05-23"
"9172","2019-10-15","2019-10-15"
"9173","2019-09-22","2023-03-23"
"9174","2019-09-25","2026-06-10"
"9175","2019-09-17","2025-06-30"
"9176","2019-09-30","2023-08-29"
"9177","2019-12-09","2025-10-10"
"9178","2021-03-02","2025-09-27"
"9179","2021-10-10","2025-05-03"
"9180","2021-05-29","2026-05-30"
"9181","",""
"9182","2019-12-23","2024-06-30"
"9183","2019-10-31","2026-06-07"
"9184","2020-03-12","2026-04-22"
"9185","2019-11-21","2019-12-17"
"9186","2019-11-21","2026-01-05"
"9187","2019-09-20","2026-04-06"
"9188","2019-10-03","2020-02-17"
"9189","2020-03-17","2023-03-29"
"9190","2019-09-29","2020-04-01"
"9191","2020-02-10","2020-02-16"
"9192","2019-09-30","2026-05-10"
"9193","2019-12-05","2020-01-03"
"9194","",""
"9195","",""
"9196","2019-10-14","2019-11-11"
"9197","2019-10-24","2023-03-26"
"9198","2019-10-14","2023-01-03"
"9199","2019-12-01","2019-12-29"
"9200","2019-09-22","2022-06-26"
"9201","2019-11-17","2021-11-23"
"9202","",""
"9203","2019-09-24","2023-01-01"
"9204","2019-09-22","2026-01-31"
"9205","",""
"9206","",""
"9207","2019-10-05","2023-09-15"
"9208","2019-10-13","2026-05-26"
"9209","2019-09-30","2025-07-21"
"9210","2019-09-25","2025-03-02"
"9211","",""
"9212","2019-11-18","2020-01-01"
"9213","2019-10-06","2026-01-01"
"9214","2019-12-16","2026-04-22"
"9215","2019-10-17","2020-03-08"
"9216","2019-10-19","2026-06-14"
"9217","2020-03-08","2026-06-07"
"9218","2019-10-09","2020-11-05"
"9219","2019-10-16","2023-11-07"
"9220","2019-10-07","2019-12-05"
"9221","2019-09-29","2026-06-02"
"9222","2020-03-04","2026-04-22"
"9223","2019-12-13","2025-11-30"
"9224","",""
"9225","2019-10-14","2026-02-05"
"9226","2019-10-01","2024-12-02"
"9227","2019-10-27","2024-05-15"
"9228","2019-10-07","2024-10-20"
"9229","2019-11-07","2025-03-03"
"9230","2019-12-08","2024-12-20"
"9231","2019-10-19","2024-11-28"
"9232","2023-01-30","2023-07-24"
"9233","",""
"9234","2024-06-09","2026-04-17"
"9235","2019-12-08","2025-10-31"
"9236","2021-11-15","2026-05-07"
"9237","2023-01-01","2024-07-26"
"9238","2019-11-18","2020-07-07"
"9239","",""
"9240","",""
"9241","",""
"9242","",""
"9243","",""
"9244","",""
"9245","",""
"9246","2019-10-20","2023-08-18"
"9247","2019-10-15","2023-07-03"
"9248","2019-10-30","2023-07-31"
"9249","2019-12-01","2026-06-11"
"9250","",""
"9251","2019-11-05","2025-10-01"
"9252","2019-12-01","2023-09-04"
"9253","2019-10-04","2025-07-12"
"9254","",""
"9255","2021-08-31","2026-05-27"
"9256","2019-12-02","2020-03-11"
"9257","2019-10-11","2020-01-02"
"9258","2024-08-10","2026-05-01"
"9259","2019-10-09","2024-03-17"
"9260","2019-11-10","2025-10-20"
"9261","2020-01-19","2023-09-25"
"9262","2019-10-11","2025-08-25"
"9263","2019-10-24","2019-10-24"
"9264","2019-10-07","2020-03-30"
"9265","2019-10-06","2020-01-01"
"9266","2019-10-15","2019-12-11"
"9267","2020-02-02","2023-08-06"
"9268","2019-11-15","2026-05-18"
"9269","2019-10-28","2025-11-01"
"9270","2019-11-24","2026-05-25"
"9271","",""
"9272","2020-02-22","2023-08-02"
"9273","2022-04-30","2023-08-01"
"9274","2019-12-11","2022-10-25"
"9275","2019-11-06","2026-03-29"
"9276","2020-10-18","2025-12-31"
"9277","2022-06-02","2022-06-25"
"9278","2019-12-29","2019-12-29"
"9279","2021-07-07","2024-03-05"
"9280","2019-10-14","2019-10-14"
"9281","2019-11-29","2021-01-18"
"9282","2019-10-30","2024-08-05"
"9283","2024-04-02","2026-06-05"
"9284","2019-10-17","2020-03-08"
"9285","2021-08-14","2026-06-11"
"9286","2019-10-18","2019-10-18"
"9287","2019-10-14","2025-12-27"
"9288","2019-10-24","2021-10-31"
"9289","2020-02-02","2022-08-25"
"9290","2024-04-08","2024-07-14"
"9291","",""
"9292","2019-10-16","2026-06-08"
"9293","2019-12-09","2026-05-09"
"9294","2019-11-18","2020-02-08"
"9295","2019-10-14","2026-06-03"
"9296","2022-03-10","2025-06-11"
"9297","2019-12-01","2020-10-31"
"9298","2019-11-08","2020-02-09"
"9299","2019-11-10","2020-12-31"
"9300","",""
"9301","2019-11-30","2021-06-03"
"9302","2019-10-17","2021-10-11"
"9303","2019-10-21","2019-10-27"
"9304","2019-10-29","2023-01-13"
"9305","2019-10-14","2025-09-09"
"9306","",""
"9307","2019-10-21","2022-05-16"
"9308","2019-11-07","2019-12-15"
"9309","2020-01-03","2024-08-18"
"9310","2019-11-08","2026-05-30"
"9311","",""
"9312","2025-07-30","2025-07-30"
"9313","2019-12-11","2023-10-01"
"9314","2020-01-04","2026-06-07"
"9315","",""
"9316","2019-11-02","2023-09-05"
"9317","2020-06-15","2026-05-26"
"9318","2019-12-08","2019-12-08"
"9319","2019-12-08","2019-12-15"
"9320","",""
"9321","2019-11-05","2022-06-17"
"9322","2019-11-20","2020-02-15"
"9323","2019-10-16","2025-10-01"
"9324","2019-11-09","2019-11-09"
"9325","2019-11-08","2026-02-15"
"9326","2019-10-20","2026-06-02"
"9327","2022-04-24","2023-07-08"
"9328","2023-05-15","2025-06-21"
"9329","2019-11-14","2026-06-01"
"9330","",""
"9331","2019-12-16","2026-04-30"
"9332","2019-10-27","2023-03-02"
"9333","2019-11-04","2023-01-27"
"9334","",""
"9335","",""
"9336","",""
"9337","",""
"9338","",""
"9339","2024-08-09","2024-08-09"
"9340","2019-12-07","2022-08-26"
"9341","2021-04-30","2021-04-30"
"9342","2019-10-21","2020-03-09"
"9343","2022-06-16","2025-09-13"
"9344","2019-10-27","2019-11-18"
"9345","2019-11-03","2020-01-02"
"9346","2022-08-27","2024-11-17"
"9347","2019-11-10","2023-08-10"
"9348","2019-12-18","2022-08-01"
"9349","2020-02-15","2025-05-01"
"9350","2020-02-29","2024-08-24"
"9351","2019-12-12","2024-11-05"
"9352","2019-12-04","2026-06-06"
"9353","2026-06-09","2026-06-09"
"9354","2019-10-30","2026-06-07"
"9355","2020-01-06","2020-03-07"
"9356","2019-12-01","2019-12-28"
"9357","2020-01-31","2022-06-25"
"9358","2019-11-23","2019-12-30"
"9359","2019-12-03","2025-11-05"
"9360","2019-10-27","2020-01-01"
"9361","2021-09-19","2023-09-05"
"9362","2021-01-03","2023-09-22"
"9363","2019-11-11","2023-10-31"
"9364","2019-12-29","2023-05-18"
"9365","2021-11-15","2025-06-15"
"9366","2019-12-31","2019-12-31"
"9367","2019-11-20","2023-05-19"
"9368","2019-11-08","2020-05-15"
"9369","2020-03-15","2020-03-15"
"9370","2020-01-02","2025-09-15"
"9371","",""
"9372","",""
"9373","2019-10-27","2026-04-06"
"9374","2020-11-11","2026-05-17"
"9375","2019-11-03","2020-06-27"
"9376","2022-04-01","2022-05-16"
"9377","2021-05-10","2026-04-25"
"9378","2022-03-23","2023-05-29"
"9379","2021-01-01","2023-06-07"
"9380","2021-02-13","2021-04-25"
"9381","2019-11-03","2022-12-12"
"9382","",""
"9383","2019-11-30","2020-12-30"
"9384","2020-10-29","2024-08-03"
"9385","2020-01-01","2020-01-01"
"9386","2019-11-03","2020-01-01"
"9387","",""
"9388","2019-11-04","2025-10-01"
"9389","2019-11-22","2026-04-01"
"9390","2021-01-03","2023-10-09"
"9391","2021-07-31","2026-05-04"
"9392","2020-01-13","2025-08-12"
"9393","2019-11-03","2023-12-01"
"9394","2019-11-03","2023-08-21"
"9395","2019-11-23","2020-03-28"
"9396","2019-11-02","2020-03-16"
"9397","2019-10-27","2020-03-10"
"9398","",""
"9399","2019-11-30","2019-12-31"
"9400","2019-11-03","2020-02-23"
"9401","",""
"9402","2022-10-19","2024-08-23"
"9403","2019-10-28","2026-04-22"
"9404","2020-01-17","2020-01-17"
"9405","2019-11-23","2023-01-01"
"9406","2020-09-01","2020-10-31"
"9407","2019-11-30","2022-07-11"
"9408","2019-12-08","2026-05-18"
"9409","2019-11-10","2023-12-01"
"9410","2019-11-03","2020-01-13"
"9411","2020-01-01","2025-05-01"
"9412","",""
"9413","2019-12-08","2023-05-04"
"9414","2020-02-15","2025-10-25"
"9415","2019-11-13","2025-01-22"
"9416","",""
"9417","2022-07-17","2025-10-05"
"9418","2023-01-01","2026-06-08"
"9419","2022-05-29","2023-10-14"
"9420","",""
"9421","2019-12-26","2025-06-30"
"9422","2019-11-17","2026-06-01"
"9423","2019-11-10","2019-12-02"
"9424","2019-12-15","2026-04-24"
"9425","2019-12-22","2025-02-01"
"9426","2019-11-10","2020-04-03"
"9427","2019-11-10","2020-03-15"
"9428","2019-12-21","2025-12-17"
"9429","2019-12-15","2026-04-17"
"9430","",""
"9431","2023-02-16","2023-02-16"
"9432","2021-12-05","2021-12-24"
"9433","2022-03-04","2022-03-04"
"9434","2023-04-08","2023-04-08"
"9435","2023-11-19","2023-11-19"
"9436","",""
"9437","",""
"9438","2022-03-18","2025-08-07"
"9439","2020-07-18","2026-06-09"
"9440","2020-12-06","2026-04-12"
"9441","2020-07-06","2026-03-17"
"9442","2020-11-25","2026-05-26"
"9443","2020-07-21","2026-01-13"
"9444","2021-07-15","2026-06-02"
"9445","2024-03-07","2025-06-21"
"9446","",""
"9447","2020-01-05","2024-12-25"
"9448","2019-11-17","2024-10-27"
"9449","2019-11-11","2019-11-21"
"9450","2019-11-10","2020-02-23"
"9451","2021-08-13","2021-08-13"
"9452","",""
"9453","",""
"9454","",""
"9455","",""
"9456","2020-12-17","2026-05-30"
"9457","",""
"9458","2020-01-31","2020-01-31"
"9459","2019-11-23","2020-01-05"
"9460","2019-12-03","2025-10-31"
"9461","2024-09-14","2026-06-12"
"9462","2020-01-01","2020-01-01"
"9463","2019-11-21","2026-04-22"
"9464","2019-12-01","2019-12-01"
"9465","2020-01-21","2026-03-31"
"9466","2023-01-02","2023-01-16"
"9467","2021-08-04","2025-08-06"
"9468","2025-02-06","2025-06-15"
"9469","2022-11-13","2022-11-13"
"9470","2021-01-31","2023-06-07"
"9471","2021-01-02","2024-05-17"
"9472","2020-11-27","2024-05-17"
"9473","2021-09-19","2025-08-11"
"9474","",""
"9475","",""
"9476","",""
"9477","",""
"9478","2023-09-10","2023-09-10"
"9479","2021-11-15","2021-11-15"
"9480","2021-11-02","2021-11-02"
"9481","2019-12-01","2024-03-31"
"9482","2019-11-10","2020-03-09"
"9483","",""
"9484","",""
"9485","2019-11-18","2025-11-02"
"9486","2019-11-17","2026-05-09"
"9487","2019-11-11","2020-03-14"
"9488","2019-11-12","2019-12-08"
"9489","2019-11-16","2026-05-01"
"9490","2019-12-07","2020-03-11"
"9491","2019-11-17","2023-12-12"
"9492","2020-01-03","2024-12-07"
"9493","2019-12-11","2025-10-02"
"9494","2020-01-01","2020-01-01"
"9495","2019-12-01","2025-05-06"
"9496","2020-01-02","2020-01-02"
"9497","2019-11-26","2020-11-15"
"9498","2024-05-25","2026-05-24"
"9499","2019-11-22","2025-07-30"
"9500","2023-05-31","2023-08-09"
"9501","2019-12-01","2020-12-30"
"9502","2020-04-17","2023-11-08"
"9503","2020-03-02","2026-01-06"
"9504","2019-12-14","2020-01-02"
"9505","2019-12-30","2026-06-14"
"9506","",""
"9507","2019-11-16","2026-06-12"
"9508","2021-07-10","2022-07-25"
"9509","",""
"9510","2020-02-28","2022-11-28"
"9511","",""
"9512","2019-12-05","2026-03-17"
"9513","",""
"9514","",""
"9515","2020-01-02","2026-06-11"
"9516","2019-12-01","2020-02-20"
"9517","2019-12-01","2020-01-04"
"9518","2019-11-30","2020-04-20"
"9519","2021-06-21","2025-11-01"
"9520","2019-12-26","2020-01-02"
"9521","2019-12-15","2020-03-15"
"9522","2020-01-03","2020-01-03"
"9523","2021-02-23","2024-12-22"
"9524","",""
"9525","2019-12-11","2021-08-31"
"9526","2019-11-30","2025-11-19"
"9527","",""
"9528","2019-12-01","2026-05-25"
"9529","2019-12-29","2023-01-01"
"9530","2021-09-18","2026-05-13"
"9531","2021-09-27","2023-04-17"
"9532","",""
"9533","2021-03-31","2021-03-31"
"9534","2019-11-24","2021-08-10"
"9535","",""
"9536","2020-02-15","2025-12-13"
"9537","2019-12-11","2023-06-25"
"9538","2019-12-31","2020-01-02"
"9539","2019-12-02","2023-08-07"
"9540","2019-11-30","2019-11-30"
"9541","2020-12-25","2025-12-15"
"9542","2021-07-16","2026-02-06"
"9543","2019-11-23","2023-09-05"
"9544","2019-12-08","2019-12-08"
"9545","2020-01-01","2022-01-02"
"9546","2019-12-08","2020-03-15"
"9547","2019-12-11","2026-05-31"
"9548","2019-12-29","2020-10-08"
"9549","2019-12-25","2023-10-10"
"9550","2020-01-02","2026-06-07"
"9551","2020-01-04","2020-01-04"
"9552","2020-10-29","2023-06-01"
"9553","2020-03-05","2025-12-28"
"9554","2019-12-14","2019-12-14"
"9555","2020-02-19","2022-10-31"
"9556","2020-01-01","2020-01-01"
"9557","2019-12-25","2022-04-03"
"9558","2020-02-11","2023-10-30"
"9559","2021-12-21","2023-11-06"
"9560","2025-09-05","2025-11-05"
"9561","2019-12-14","2019-12-30"
"9562","2019-12-15","2020-01-01"
"9563","2020-02-13","2025-10-13"
"9564","2019-12-31","2025-07-16"
"9565","2020-01-09","2026-05-31"
"9566","2021-12-18","2025-10-19"
"9567","2019-12-29","2023-10-16"
"9568","2020-01-15","2025-09-28"
"9569","2019-12-22","2020-03-14"
"9570","2022-04-21","2023-09-04"
"9571","2020-01-20","2025-12-01"
"9572","2020-01-06","2020-01-06"
"9573","2019-12-08","2020-01-02"
"9574","2022-02-06","2024-01-01"
"9575","2020-01-04","2024-12-22"
"9576","2021-09-11","2025-07-20"
"9577","",""
"9578","2019-12-24","2025-08-02"
"9579","",""
"9580","",""
"9581","2021-07-05","2025-12-08"
"9582","2019-12-05","2020-01-01"
"9583","",""
"9584","2020-01-04","2023-09-02"
"9585","2019-12-22","2022-01-02"
"9586","",""
"9587","2019-12-31","2019-12-31"
"9588","2019-12-08","2020-10-06"
"9589","",""
"9590","2019-12-29","2020-01-26"
"9591","2019-12-26","2023-07-21"
"9592","",""
"9593","2023-08-02","2023-08-02"
"9594","2019-12-09","2020-01-08"
"9595","2021-07-16","2023-04-28"
"9596","2019-12-08","2026-05-31"
"9597","2019-12-08","2026-05-02"
"9598","2019-12-28","2024-12-04"
"9599","2019-12-29","2020-01-01"
"9600","2020-01-19","2020-01-30"
"9601","",""
"9602","",""
"9603","",""
"9604","2019-12-22","2026-05-31"
"9605","2019-12-09","2020-01-03"
"9606","2020-05-15","2023-08-21"
"9607","2019-12-26","2020-02-17"
"9608","2020-01-01","2023-10-28"
"9609","2019-12-22","2020-03-08"
"9610","2020-01-02","2020-01-02"
"9611","",""
"9612","2019-12-11","2020-03-15"
"9613","2020-01-11","2024-05-04"
"9614","2020-01-11","2023-10-08"
"9615","2020-01-08","2023-09-23"
"9616","2019-12-24","2026-05-31"
"9617","2020-01-01","2020-01-01"
"9618","2020-01-01","2021-08-07"
"9619","",""
"9620","2020-01-24","2020-03-11"
"9621","2020-01-04","2021-12-29"
"9622","2020-01-23","2020-03-11"
"9623","2020-01-02","2020-01-02"
"9624","2020-01-02","2023-09-04"
"9625","2023-09-04","2023-09-04"
"9626","2020-01-02","2026-06-06"
"9627","",""
"9628","2020-01-04","2025-05-04"
"9629","2020-01-07","2023-11-08"
"9630","",""
"9631","2020-03-04","2020-03-04"
"9632","2020-02-15","2025-04-26"
"9633","2021-01-22","2025-10-08"
"9634","",""
"9635","2020-02-03","2025-12-07"
"9636","2019-12-13","2020-03-15"
"9637","",""
"9638","2022-01-22","2023-08-11"
"9639","2019-12-26","2023-11-13"
"9640","2020-01-02","2024-04-30"
"9641","2020-01-01","2026-05-31"
"9642","2021-09-20","2022-01-31"
"9643","2019-12-30","2020-03-21"
"9644","2019-12-28","2021-01-15"
"9645","2019-12-26","2026-03-30"
"9646","2020-02-02","2020-07-19"
"9647","",""
"9648","2021-10-31","2023-11-12"
"9649","2020-01-08","2022-12-06"
"9650","2019-12-22","2023-11-22"
"9651","2020-06-04","2021-08-26"
"9652","2019-12-29","2025-08-23"
"9653","2019-12-29","2019-12-29"
"9654","2019-12-31","2024-09-25"
"9655","2020-12-07","2022-05-08"
"9656","2020-01-01","2020-01-01"
"9657","",""
"9658","2019-12-25","2025-12-31"
"9659","2022-07-31","2022-07-31"
"9660","",""
"9661","2020-03-01","2020-03-01"
"9662","2020-07-06","2025-01-25"
"9663","2020-01-01","2026-04-18"
"9664","",""
"9665","2020-03-23","2025-09-01"
"9666","2021-01-02","2021-01-02"
"9667","2022-01-22","2026-05-23"
"9668","2019-12-28","2019-12-28"
"9669","2023-05-30","2025-10-12"
"9670","2020-02-18","2020-02-24"
"9671","",""
"9672","2020-03-31","2026-04-03"
"9673","2020-05-08","2020-07-11"
"9674","2020-01-28","2021-08-31"
"9675","2019-12-28","2026-05-23"
"9676","2020-01-05","2023-11-19"
"9677","2020-03-08","2026-05-25"
"9678","2019-12-31","2019-12-31"
"9679","2022-07-17","2025-08-19"
"9680","2019-12-31","2020-02-27"
"9681","2020-01-03","2026-05-23"
"9682","2020-01-13","2020-01-20"
"9683","",""
"9684","2019-12-27","2025-06-28"
"9685","2019-12-22","2021-09-05"
"9686","",""
"9687","",""
"9688","2020-01-01","2025-05-01"
"9689","2019-12-28","2023-10-23"
"9690","2019-12-29","2020-02-10"
"9691","2020-01-06","2023-12-02"
"9692","",""
"9693","2020-02-02","2026-03-31"
"9694","",""
"9695","",""
"9696","",""
"9697","2020-01-02","2020-03-14"
"9698","2020-02-16","2023-10-16"
"9699","2020-01-04","2026-05-26"
"9700","2021-10-30","2026-04-03"
"9701","2020-01-02","2023-03-21"
"9702","2023-08-19","2025-12-22"
"9703","2020-01-22","2021-08-01"
"9704","2021-08-14","2021-08-14"
"9705","2019-12-29","2022-04-26"
"9706","2020-01-31","2026-04-28"
"9707","2020-09-20","2026-04-30"
"9708","",""
"9709","2020-01-02","2026-01-04"
"9710","2020-01-06","2020-10-16"
"9711","2021-08-22","2025-07-03"
"9712","2020-01-02","2026-01-10"
"9713","",""
"9714","2020-03-17","2020-11-22"
"9715","2022-03-08","2023-05-29"
"9716","2020-01-02","2020-01-05"
"9717","2020-01-02","2020-11-16"
"9718","2020-01-01","2023-07-04"
"9719","",""
"9720","",""
"9721","2019-12-30","2026-06-02"
"9722","2020-08-10","2022-11-05"
"9723","2020-01-04","2026-06-13"
"9724","2020-01-01","2020-01-04"
"9725","2020-07-06","2026-05-10"
"9726","2021-06-01","2023-07-29"
"9727","2020-07-05","2026-05-29"
"9728","2020-01-13","2026-05-21"
"9729","2022-07-09","2023-01-02"
"9730","2025-11-28","2025-11-28"
"9731","2020-03-07","2025-11-08"
"9732","2020-01-21","2026-03-18"
"9733","2020-01-18","2022-12-12"
"9734","",""
"9735","2023-08-13","2026-03-01"
"9736","2020-11-01","2024-12-22"
"9737","2020-01-12","2026-05-26"
"9738","",""
"9739","",""
"9740","2020-02-04","2026-06-05"
"9741","2020-03-06","2026-03-31"
"9742","2021-04-20","2026-05-09"
"9743","2020-01-24","2025-07-29"
"9744","2020-06-04","2023-09-04"
"9745","",""
"9746","2020-02-17","2020-09-20"
"9747","2020-01-26","2022-09-15"
"9748","2024-02-05","2024-02-05"
"9749","2020-03-05","2026-03-22"
"9750","2021-08-27","2025-07-27"
"9751","",""
"9752","2020-01-20","2025-06-08"
"9753","2020-03-02","2026-03-31"
"9754","2020-01-29","2026-05-30"
"9755","2020-01-15","2026-04-30"
"9756","2020-05-22","2026-04-01"
"9757","2020-01-12","2026-06-05"
"9758","2020-01-06","2026-06-01"
"9759","",""
"9760","2020-01-11","2026-01-01"
"9761","2020-02-22","2026-04-05"
"9762","2021-08-22","2021-08-22"
"9763","2022-07-31","2026-05-01"
"9764","2022-03-31","2022-03-31"
"9765","2020-02-03","2025-02-23"
"9766","",""
"9767","2021-03-20","2025-09-05"
"9768","2020-01-27","2026-06-07"
"9769","2021-01-09","2025-12-20"
"9770","2021-04-23","2026-02-17"
"9771","2022-05-04","2026-06-09"
"9772","2021-02-15","2026-02-08"
"9773","2021-09-22","2026-04-12"
"9774","2020-01-24","2020-03-03"
"9775","2024-01-03","2024-01-03"
"9776","2020-01-26","2024-09-28"
"9777","2020-03-02","2026-03-18"
"9778","2021-09-26","2026-03-28"
"9779","",""
"9780","",""
"9781","2020-02-18","2026-01-15"
"9782","",""
"9783","",""
"9784","2022-05-25","2022-05-25"
"9785","2021-02-06","2022-03-30"
"9786","2020-05-28","2020-05-28"
"9787","2020-02-14","2026-05-27"
"9788","2023-06-03","2024-12-01"
"9789","2022-05-31","2024-12-03"
"9790","2021-09-15","2026-01-01"
"9791","2020-01-20","2022-10-07"
"9792","",""
"9793","",""
"9794","2022-02-16","2026-05-22"
"9795","2020-03-01","2026-05-27"
"9796","2020-03-06","2026-05-25"
"9797","2020-02-03","2023-10-18"
"9798","",""
"9799","",""
"9800","2020-02-25","2022-07-21"
"9801","",""
"9802","2023-12-16","2026-05-30"
"9803","2020-08-23","2026-04-25"
"9804","2020-11-16","2025-08-02"
"9805","2020-05-06","2024-07-15"
"9806","2021-05-28","2023-08-20"
"9807","2020-02-09","2026-05-30"
"9808","2020-01-20","2026-02-18"
"9809","2020-02-29","2020-02-29"
"9810","2020-03-06","2025-07-01"
"9811","2020-01-19","2026-01-09"
"9812","2020-05-01","2020-05-01"
"9813","2020-01-19","2023-11-20"
"9814","2020-01-16","2025-10-18"
"9815","2023-08-18","2023-11-05"
"9816","2020-01-19","2022-01-01"
"9817","2020-05-04","2026-02-28"
"9818","",""
"9819","2021-08-08","2025-05-31"
"9820","2022-12-20","2022-12-26"
"9821","2020-01-26","2025-10-18"
"9822","2020-01-26","2025-11-03"
"9823","2020-02-17","2025-11-06"
"9824","2020-02-25","2025-11-07"
"9825","2020-02-14","2025-06-26"
"9826","2020-02-23","2026-06-12"
"9827","2022-08-01","2024-10-31"
"9828","2020-02-22","2020-08-23"
"9829","2021-06-30","2022-01-23"
"9830","",""
"9831","2021-12-05","2023-12-03"
"9832","2020-02-16","2026-05-25"
"9833","2020-01-26","2026-06-12"
"9834","2020-08-10","2025-09-14"
"9835","2020-02-18","2026-06-13"
"9836","2023-01-03","2025-06-01"
"9837","2020-03-08","2020-03-09"
"9838","",""
"9839","2020-02-15","2022-01-03"
"9840","2020-02-04","2026-05-22"
"9841","2020-08-22","2020-08-22"
"9842","2020-02-09","2023-07-30"
"9843","2022-09-19","2025-09-24"
"9844","2021-07-02","2021-08-12"
"9845","2020-02-23","2025-11-21"
"9846","2020-01-25","2025-11-13"
"9847","2020-08-02","2025-08-01"
"9848","2020-02-17","2026-04-17"
"9849","2020-06-30","2023-11-06"
"9850","2020-05-16","2025-09-05"
"9851","2020-03-01","2021-06-16"
"9852","2020-02-16","2026-06-06"
"9853","2020-02-09","2025-07-31"
"9854","2020-02-29","2025-08-05"
"9855","2020-10-31","2025-11-28"
"9856","2020-03-08","2020-03-14"
"9857","2021-05-28","2026-06-06"
"9858","",""
"9859","2022-09-25","2023-05-21"
"9860","2020-03-31","2025-05-08"
"9861","2021-05-29","2022-04-30"
"9862","",""
"9863","2021-09-02","2025-04-30"
"9864","2022-09-09","2026-02-14"
"9865","2020-02-17","2024-10-20"
"9866","2020-03-14","2022-10-15"
"9867","2020-02-23","2025-11-30"
"9868","2025-10-02","2025-10-02"
"9869","2022-03-06","2022-06-28"
"9870","",""
"9871","2021-06-30","2025-11-14"
"9872","2020-02-09","2023-10-29"
"9873","2021-05-22","2025-10-04"
"9874","2020-02-16","2023-09-20"
"9875","2020-03-07","2023-09-09"
"9876","2020-07-09","2024-05-09"
"9877","2020-02-12","2023-09-04"
"9878","2021-07-04","2025-10-09"
"9879","2020-08-06","2025-08-31"
"9880","",""
"9881","2020-09-16","2020-09-16"
"9882","",""
"9883","",""
"9884","2021-01-23","2021-05-31"
"9885","2021-04-18","2021-05-29"
"9886","2020-05-25","2025-12-12"
"9887","2022-04-06","2023-09-02"
"9888","2020-07-25","2022-09-24"
"9889","2020-02-18","2023-10-24"
"9890","2020-02-21","2026-02-09"
"9891","2022-04-18","2022-04-18"
"9892","2020-09-14","2020-09-14"
"9893","2022-03-31","2026-03-10"
"9894","2020-02-23","2020-02-23"
"9895","2020-03-08","2020-03-08"
"9896","2020-11-16","2023-12-24"
"9897","2020-03-24","2026-04-02"
"9898","2020-02-17","2026-04-04"
"9899","2020-03-07","2025-07-11"
"9900","2020-10-25","2023-10-02"
"9901","2020-06-11","2026-04-10"
"9902","2020-03-09","2020-08-09"
"9903","2021-12-03","2026-01-08"
"9904","2021-12-17","2025-07-26"
"9905","2020-03-16","2026-01-14"
"9906","2021-12-15","2022-04-30"
"9907","2020-02-17","2020-11-12"
"9908","",""
"9909","2020-02-15","2023-12-02"
"9910","2020-05-15","2020-05-15"
"9911","2020-07-01","2023-09-04"
"9912","",""
"9913","2020-03-03","2026-04-26"
"9914","",""
"9915","",""
"9916","2020-04-21","2025-09-28"
"9917","2020-02-13","2020-03-15"
"9918","",""
"9919","",""
"9920","2020-03-06","2020-03-11"
"9921","2023-05-31","2026-02-01"
"9922","2020-09-19","2026-06-07"
"9923","2020-07-31","2026-02-15"
"9924","2021-04-07","2024-02-22"
"9925","2022-10-10","2026-02-28"
"9926","2020-04-15","2026-05-12"
"9927","2021-08-31","2025-03-31"
"9928","2020-02-22","2025-02-25"
"9929","2020-02-18","2024-05-01"
"9930","2020-03-22","2023-11-22"
"9931","2021-11-13","2024-03-12"
"9932","2020-03-31","2026-04-28"
"9933","2020-02-21","2026-01-07"
"9934","2020-02-21","2025-10-25"
"9935","2022-07-31","2026-05-27"
"9936","2020-03-31","2023-07-09"
"9937","2020-02-18","2020-07-13"
"9938","2020-03-15","2020-03-15"
"9939","2020-05-24","2023-09-04"
"9940","2020-02-20","2020-04-25"
"9941","2021-10-10","2026-05-26"
"9942","2022-05-16","2025-09-30"
"9943","2025-12-21","2025-12-21"
"9944","2022-09-07","2023-09-16"
"9945","2020-02-28","2026-06-01"
"9946","2020-02-27","2026-03-31"
"9947","2020-08-28","2024-07-31"
"9948","",""
"9949","",""
"9950","2021-10-30","2023-05-27"
"9951","",""
"9952","2020-10-16","2026-03-09"
"9953","2020-02-28","2026-02-21"
"9954","2020-05-29","2026-04-02"
"9955","2022-08-15","2025-10-01"
"9956","2020-03-03","2025-07-30"
"9957","2020-04-04","2024-03-01"
"9958","2020-03-04","2020-03-31"
"9959","2020-02-22","2026-05-16"
"9960","2022-01-17","2023-09-04"
"9961","2020-12-30","2026-04-28"
"9962","",""
"9963","",""
"9964","2020-03-01","2026-04-30"
"9965","2020-09-01","2025-11-15"
"9966","2020-03-31","2024-01-01"
"9967","2020-10-19","2022-09-20"
"9968","2020-03-11","2021-07-13"
"9969","2022-06-15","2022-10-07"
"9970","2020-03-14","2025-10-01"
"9971","2020-07-30","2023-10-02"
"9972","",""
"9973","2023-08-15","2026-06-05"
"9974","2020-06-18","2026-03-31"
"9975","2020-06-05","2023-11-02"
"9976","2022-11-01","2023-01-13"
"9977","2022-06-01","2025-10-25"
"9978","",""
"9979","2022-10-07","2022-10-07"
"9980","2023-05-06","2026-02-14"
"9981","2020-05-01","2026-04-19"
"9982","",""
"9983","2020-03-14","2026-05-20"
"9984","2023-04-01","2024-05-05"
"9985","2022-12-08","2026-05-23"
"9986","",""
"9987","2021-11-30","2026-02-28"
"9988","2020-03-07","2023-06-25"
"9989","2020-03-13","2025-10-01"
"9990","2020-06-16","2024-05-30"
"9991","2021-04-11","2023-08-21"
"9992","2020-03-08","2025-10-01"
"9993","2021-08-21","2026-06-01"
"9994","2022-10-12","2024-09-20"
"9995","2020-03-18","2025-11-20"
"9996","2020-09-17","2026-06-06"
"9997","",""
"9998","2021-12-17","2025-02-15"
"9999","2020-03-06","2025-12-18"
"10000","2022-08-01","2023-11-23"
"10001","2023-05-18","2025-09-06"
"10002","",""
"10003","",""
"10004","2022-01-02","2025-10-14"
"10005","",""
"10006","2023-04-11","2026-05-15"
"10007","2020-04-03","2026-05-31"
"10008","2024-11-01","2024-11-01"
"10009","2020-03-15","2025-06-01"
"10010","",""
"10011","",""
"10012","2020-03-05","2025-11-29"
"10013","",""
"10014","2020-12-12","2024-05-19"
"10015","2020-10-01","2020-10-01"
"10016","2020-03-29","2024-07-31"
"10017","",""
"10018","2020-03-31","2026-05-25"
"10019","2021-10-19","2026-02-17"
"10020","2021-10-06","2026-05-01"
"10021","2021-11-08","2026-03-20"
"10022","2021-08-30","2026-03-08"
"10023","2020-04-17","2026-05-20"
"10024","",""
"10025","2020-07-13","2023-10-30"
"10026","2022-05-15","2023-12-03"
"10027","2024-08-20","2025-08-26"
"10028","",""
"10029","",""
"10030","",""
"10031","2021-03-27","2022-04-18"
"10032","2020-07-31","2026-05-02"
"10033","2022-01-15","2025-02-16"
"10034","2022-04-30","2025-10-05"
"10035","2020-03-11","2025-03-01"
"10036","2020-04-04","2025-12-15"
"10037","",""
"10038","2020-06-10","2025-11-23"
"10039","2020-04-05","2026-05-25"
"10040","",""
"10041","2020-03-16","2020-03-16"
"10042","",""
"10043","",""
"10044","2021-04-30","2021-04-30"
"10045","2020-03-23","2020-03-23"
"10046","",""
"10047","2020-07-19","2023-06-12"
"10048","2020-10-03","2022-09-01"
"10049","2023-05-31","2023-05-31"
"10050","2022-11-14","2022-12-17"
"10051","2022-02-27","2025-11-17"
"10052","2026-05-13","2026-05-13"
"10053","2023-08-23","2023-08-23"
"10054","2020-06-05","2020-06-05"
"10055","2024-01-08","2024-01-08"
"10056","",""
"10057","",""
"10058","2022-07-06","2026-05-09"
"10059","",""
"10060","2020-06-30","2026-01-31"
"10061","2020-06-15","2026-03-12"
"10062","2020-03-14","2020-03-14"
"10063","2020-06-10","2025-09-19"
"10064","",""
"10065","2020-12-26","2020-12-26"
"10066","",""
"10067","",""
"10068","2020-06-30","2023-12-07"
"10069","2020-06-13","2025-11-15"
"10070","2021-10-04","2022-02-19"
"10071","2020-03-16","2025-08-16"
"10072","2020-05-24","2020-08-24"
"10073","2020-08-08","2026-03-31"
"10074","",""
"10075","",""
"10076","",""
"10077","",""
"10078","2020-10-31","2021-08-10"
"10079","2021-04-04","2023-07-23"
"10080","",""
"10081","2023-09-18","2023-09-18"
"10082","2022-09-30","2023-11-30"
"10083","2020-08-25","2025-06-05"
"10084","2022-03-18","2023-04-24"
"10085","",""
"10086","2020-06-01","2024-08-11"
"10087","2021-01-05","2022-12-20"
"10088","2021-07-08","2022-06-30"
"10089","2022-11-02","2024-08-31"
"10090","2020-10-14","2025-03-30"
"10091","2021-01-16","2026-05-16"
"10092","2020-09-14","2020-09-14"
"10093","2022-06-30","2022-11-20"
"10094","2022-12-14","2022-12-14"
"10095","2022-02-01","2022-04-02"
"10096","2023-03-09","2024-03-02"
"10097","2022-03-31","2023-03-26"
"10098","",""
"10099","",""
"10100","",""
"10101","",""
"10102","2021-07-15","2021-08-18"
"10103","2020-05-22","2024-04-20"
"10104","2020-04-03","2022-12-04"
"10105","2022-07-02","2022-07-02"
"10106","2020-05-15","2024-09-12"
"10107","2020-05-02","2023-11-12"
"10108","2021-01-26","2021-01-26"
"10109","2020-06-04","2025-02-16"
"10110","",""
"10111","2020-05-01","2020-08-16"
"10112","",""
"10113","",""
"10114","2020-04-30","2023-10-27"
"10115","2020-04-10","2026-05-31"
"10116","2020-06-20","2023-10-16"
"10117","2020-05-10","2026-06-01"
"10118","2022-05-09","2024-07-01"
"10119","",""
"10120","",""
"10121","2022-11-30","2022-11-30"
"10122","",""
"10123","",""
"10124","",""
"10125","",""
"10126","2020-07-10","2024-12-13"
"10127","2022-07-01","2024-09-26"
"10128","2021-10-19","2024-04-01"
"10129","2021-05-02","2025-01-08"
"10130","2022-08-17","2023-03-19"
"10131","2021-08-21","2021-09-26"
"10132","2020-05-06","2025-05-31"
"10133","2021-04-30","2025-09-09"
"10134","2020-05-01","2026-05-31"
"10135","",""
"10136","2021-08-30","2026-05-22"
"10137","",""
"10138","2021-12-05","2024-11-30"
"10139","",""
"10140","",""
"10141","2020-04-11","2026-05-27"
"10142","2020-10-31","2026-05-13"
"10143","2022-05-20","2026-01-03"
"10144","2020-06-14","2021-06-14"
"10145","2020-07-19","2020-07-19"
"10146","2021-12-17","2021-12-17"
"10147","2020-08-03","2022-09-30"
"10148","2020-06-14","2025-07-15"
"10149","2023-05-17","2026-06-06"
"10150","2020-09-24","2025-10-23"
"10151","",""
"10152","2020-06-24","2023-09-27"
"10153","2020-09-01","2025-08-16"
"10154","2022-11-20","2025-06-16"
"10155","2020-08-23","2025-07-20"
"10156","2020-06-07","2023-08-27"
"10157","2020-05-30","2025-11-09"
"10158","2020-08-24","2020-08-24"
"10159","2020-08-11","2024-05-31"
"10160","2020-06-01","2020-06-01"
"10161","2021-11-14","2021-11-14"
"10162","",""
"10163","2022-06-09","2026-05-31"
"10164","2021-05-13","2023-09-04"
"10165","2021-07-19","2021-07-19"
"10166","2020-04-30","2024-09-04"
"10167","",""
"10168","2021-06-21","2021-11-30"
"10169","",""
"10170","",""
"10171","2022-05-31","2022-05-31"
"10172","2020-08-17","2026-06-12"
"10173","",""
"10174","2021-09-18","2025-10-13"
"10175","2020-07-31","2026-05-06"
"10176","2024-07-31","2024-07-31"
"10177","2020-08-18","2024-06-20"
"10178","2020-12-26","2024-11-14"
"10179","2020-09-25","2025-12-31"
"10180","2021-01-31","2026-05-03"
"10181","",""
"10182","",""
"10183","2021-08-26","2021-08-26"
"10184","2021-07-06","2021-07-06"
"10185","2022-01-31","2022-08-04"
"10186","2020-12-24","2022-03-06"
"10187","",""
"10188","2021-08-31","2026-05-28"
"10189","",""
"10190","",""
"10191","2020-10-13","2026-05-07"
"10192","2021-01-02","2026-04-10"
"10193","2020-12-19","2026-05-25"
"10194","2020-08-28","2026-03-30"
"10195","2021-11-21","2026-05-22"
"10196","",""
"10197","",""
"10198","",""
"10199","",""
"10200","2020-05-21","2026-04-27"
"10201","2020-05-29","2026-05-03"
"10202","",""
"10203","2024-08-02","2026-01-08"
"10204","",""
"10205","2020-06-08","2025-02-02"
"10206","2021-01-31","2021-01-31"
"10207","",""
"10208","",""
"10209","2020-10-13","2023-08-18"
"10210","2020-06-08","2026-03-27"
"10211","2021-02-20","2026-03-17"
"10212","2020-05-25","2026-03-29"
"10213","2020-11-01","2026-05-20"
"10214","2021-04-12","2026-05-03"
"10215","2020-06-29","2026-05-29"
"10216","2020-11-21","2026-05-03"
"10217","2020-05-21","2026-05-14"
"10218","2020-05-17","2026-05-23"
"10219","2020-05-17","2026-05-26"
"10220","2020-08-29","2026-05-30"
"10221","2020-06-21","2026-05-02"
"10222","2020-05-31","2026-05-16"
"10223","2020-07-05","2026-05-21"
"10224","2020-06-01","2026-05-23"
"10225","2020-10-05","2026-05-24"
"10226","2020-06-15","2026-05-14"
"10227","2021-03-10","2026-05-08"
"10228","2021-05-03","2023-01-05"
"10229","",""
"10230","",""
"10231","2020-06-30","2021-10-30"
"10232","",""
"10233","2021-08-27","2026-04-21"
"10234","2021-06-04","2026-05-30"
"10235","2020-06-07","2026-06-07"
"10236","2024-01-06","2024-01-06"
"10237","2022-12-01","2024-06-15"
"10238","2024-07-01","2025-12-12"
"10239","2021-11-21","2024-10-25"
"10240","2020-11-30","2020-11-30"
"10241","2025-01-30","2025-01-30"
"10242","2021-08-31","2025-09-14"
"10243","2020-10-20","2024-09-01"
"10244","2020-09-07","2025-10-03"
"10245","2021-09-19","2022-07-13"
"10246","2023-07-30","2023-09-05"
"10247","2020-07-20","2023-08-28"
"10248","2020-09-15","2024-11-22"
"10249","2021-11-01","2023-07-31"
"10250","2020-05-14","2025-11-24"
"10251","2020-08-29","2020-08-29"
"10252","",""
"10253","",""
"10254","",""
"10255","2022-05-01","2022-05-01"
"10256","2022-07-20","2024-12-22"
"10257","2024-10-01","2024-10-01"
"10258","2021-01-31","2021-01-31"
"10259","2023-09-30","2024-09-01"
"10260","2024-07-11","2024-07-11"
"10261","2020-08-12","2023-09-11"
"10262","",""
"10263","2020-09-30","2023-05-12"
"10264","2020-10-31","2020-11-30"
"10265","2021-04-20","2021-05-26"
"10266","2020-11-21","2020-11-21"
"10267","2021-04-30","2026-05-19"
"10268","2023-09-11","2025-10-05"
"10269","2022-07-31","2026-05-25"
"10270","2020-06-24","2020-06-24"
"10271","",""
"10272","2020-08-18","2020-08-18"
"10273","2020-09-01","2026-05-03"
"10274","2020-06-08","2024-04-30"
"10275","2020-07-31","2020-07-31"
"10276","2020-09-30","2021-05-31"
"10277","2021-05-15","2025-10-25"
"10278","2020-08-02","2020-08-02"
"10279","2021-08-22","2024-08-05"
"10280","2021-04-29","2025-10-17"
"10281","",""
"10282","2020-06-22","2025-10-23"
"10283","",""
"10284","2020-07-06","2024-10-12"
"10285","2020-05-24","2026-06-09"
"10286","2020-11-03","2025-03-08"
"10287","2020-07-28","2022-12-03"
"10288","2021-07-04","2026-05-30"
"10289","2020-07-25","2026-05-01"
"10290","2023-08-13","2023-08-13"
"10291","2020-06-11","2026-05-31"
"10292","",""
"10293","",""
"10294","",""
"10295","2021-04-11","2026-03-30"
"10296","2020-06-17","2025-01-06"
"10297","2020-06-02","2023-07-08"
"10298","2020-06-08","2026-01-25"
"10299","2020-11-30","2025-02-28"
"10300","2020-05-30","2025-09-30"
"10301","2020-06-13","2025-07-02"
"10302","",""
"10303","",""
"10304","2020-06-06","2025-09-07"
"10305","2020-06-14","2023-03-04"
"10306","2020-06-19","2023-12-10"
"10307","",""
"10308","",""
"10309","2020-06-15","2023-01-04"
"10310","2020-08-09","2022-07-01"
"10311","2021-01-05","2023-09-04"
"10312","2020-06-07","2025-08-16"
"10313","2021-07-27","2023-06-07"
"10314","2020-08-03","2026-02-15"
"10315","2021-03-05","2022-08-30"
"10316","2020-08-11","2021-08-06"
"10317","2023-12-03","2026-01-31"
"10318","",""
"10319","2021-04-25","2026-05-11"
"10320","2020-06-22","2026-05-09"
"10321","2020-06-07","2026-05-04"
"10322","2020-08-26","2026-05-24"
"10323","2020-09-20","2026-03-21"
"10324","2020-06-27","2026-04-19"
"10325","2020-08-25","2025-09-16"
"10326","",""
"10327","2021-08-29","2025-07-06"
"10328","2022-05-23","2023-11-06"
"10329","",""
"10330","2020-07-21","2026-05-28"
"10331","",""
"10332","",""
"10333","2020-06-15","2026-05-17"
"10334","2021-07-08","2021-07-08"
"10335","2020-10-13","2021-05-28"
"10336","2020-07-15","2026-05-04"
"10337","2020-07-25","2025-05-10"
"10338","2021-07-30","2022-09-24"
"10339","",""
"10340","2020-12-21","2021-03-11"
"10341","",""
"10342","2020-12-02","2026-01-05"
"10343","",""
"10344","2023-04-10","2023-11-26"
"10345","",""
"10346","2022-01-23","2025-10-17"
"10347","2021-10-09","2023-01-02"
"10348","2020-07-03","2026-06-11"
"10349","2020-07-07","2023-09-11"
"10350","2020-12-03","2021-06-13"
"10351","2020-08-31","2020-08-31"
"10352","2020-07-09","2022-09-25"
"10353","2020-07-09","2023-09-18"
"10354","2022-06-01","2026-05-16"
"10355","2022-05-27","2026-06-05"
"10356","2020-06-25","2026-06-13"
"10357","2023-01-15","2023-01-15"
"10358","2020-07-05","2025-07-20"
"10359","2020-10-11","2025-02-28"
"10360","",""
"10361","2020-07-02","2023-08-25"
"10362","2020-08-21","2026-06-01"
"10363","2020-08-18","2025-08-17"
"10364","2021-04-03","2025-08-05"
"10365","2021-06-30","2026-05-30"
"10366","2022-07-25","2022-07-25"
"10367","2022-12-01","2022-12-01"
"10368","2022-07-18","2022-09-22"
"10369","2021-07-16","2022-05-27"
"10370","2023-04-28","2023-09-05"
"10371","2021-07-01","2024-03-10"
"10372","2020-07-12","2025-08-17"
"10373","2020-09-13","2021-01-31"
"10374","",""
"10375","2020-08-08","2026-01-18"
"10376","2020-07-17","2022-03-31"
"10377","2022-06-01","2026-06-08"
"10378","",""
"10379","2021-09-15","2024-12-01"
"10380","2020-09-22","2024-11-04"
"10381","2021-03-01","2026-02-16"
"10382","2020-07-31","2025-10-12"
"10383","2021-08-29","2021-09-20"
"10384","2020-09-05","2020-09-05"
"10385","2020-08-30","2025-12-01"
"10386","2020-07-08","2020-09-20"
"10387","2021-12-05","2025-08-17"
"10388","2022-06-11","2022-06-11"
"10389","2021-11-04","2026-04-01"
"10390","2020-07-25","2020-08-17"
"10391","2020-07-05","2020-07-13"
"10392","",""
"10393","2022-11-16","2024-05-27"
"10394","2020-12-02","2024-08-10"
"10395","2020-09-10","2020-09-10"
"10396","2022-09-02","2025-09-05"
"10397","2023-04-29","2025-10-18"
"10398","2021-12-20","2025-12-30"
"10399","2023-07-08","2026-05-15"
"10400","",""
"10401","2021-01-02","2026-05-28"
"10402","2021-06-15","2026-05-19"
"10403","2021-05-23","2023-09-03"
"10404","2020-07-07","2023-05-19"
"10405","2020-08-02","2026-05-20"
"10406","",""
"10407","2020-09-11","2024-06-16"
"10408","2020-10-20","2021-11-27"
"10409","",""
"10410","2025-03-12","2025-03-12"
"10411","2021-10-15","2021-10-15"
"10412","",""
"10413","2020-07-26","2026-04-10"
"10414","2020-08-14","2025-10-31"
"10415","2022-08-06","2025-08-10"
"10416","2020-07-26","2020-11-23"
"10417","2020-07-17","2026-01-25"
"10418","2020-08-30","2026-06-01"
"10419","2020-10-30","2023-07-21"
"10420","2020-10-08","2023-07-08"
"10421","2021-01-20","2025-03-18"
"10422","",""
"10423","2021-07-03","2023-04-22"
"10424","2021-06-11","2023-11-23"
"10425","2020-08-02","2023-04-11"
"10426","2020-09-21","2026-05-27"
"10427","2020-09-07","2026-05-13"
"10428","2020-07-25","2026-04-30"
"10429","2020-10-30","2026-04-17"
"10430","2020-07-27","2026-06-20"
"10431","2021-10-17","2025-11-14"
"10432","2020-08-31","2026-05-20"
"10433","2020-07-25","2026-05-30"
"10434","2020-10-03","2021-02-24"
"10435","2021-06-18","2026-05-08"
"10436","2020-08-05","2020-08-17"
"10437","2022-10-01","2026-02-12"
"10438","2020-07-26","2023-08-17"
"10439","2021-06-11","2022-09-16"
"10440","2020-08-11","2026-05-31"
"10441","2020-10-01","2025-04-26"
"10442","2020-08-31","2025-07-18"
"10443","",""
"10444","2023-11-14","2024-11-03"
"10445","2020-09-15","2026-05-29"
"10446","2020-08-01","2024-11-01"
"10447","2020-11-01","2022-01-04"
"10448","2020-08-02","2024-09-05"
"10449","2020-08-07","2026-05-02"
"10450","2020-10-18","2024-06-01"
"10451","2020-09-07","2021-12-28"
"10452","2020-08-02","2025-11-07"
"10453","2020-09-14","2023-10-29"
"10454","2020-09-02","2022-10-24"
"10455","2021-01-15","2024-01-25"
"10456","2020-08-11","2020-08-11"
"10457","2020-08-09","2023-10-29"
"10458","",""
"10459","",""
"10460","",""
"10461","2021-03-30","2023-06-14"
"10462","2022-02-27","2023-04-01"
"10463","2021-01-11","2025-03-06"
"10464","2023-03-26","2026-04-03"
"10465","2021-04-11","2022-07-28"
"10466","2022-08-28","2026-05-01"
"10467","2020-12-12","2021-08-01"
"10468","2021-07-04","2021-10-31"
"10469","2020-12-19","2026-03-05"
"10470","",""
"10471","2020-11-27","2026-05-27"
"10472","2021-04-05","2021-12-23"
"10473","2020-08-13","2021-07-25"
"10474","2022-08-14","2026-05-12"
"10475","2020-11-05","2025-11-03"
"10476","2020-10-03","2026-03-13"
"10477","",""
"10478","",""
"10479","2020-12-09","2026-03-22"
"10480","2020-11-01","2026-04-15"
"10481","2020-10-04","2024-07-29"
"10482","2022-08-31","2026-01-17"
"10483","",""
"10484","2020-08-31","2026-02-01"
"10485","2020-11-10","2021-11-30"
"10486","2021-04-03","2026-05-02"
"10487","2020-10-31","2023-10-31"
"10488","2020-11-06","2026-04-30"
"10489","2020-09-15","2023-05-08"
"10490","2021-01-02","2025-07-01"
"10491","2020-08-31","2020-08-31"
"10492","2021-02-22","2021-03-31"
"10493","2020-08-22","2020-08-22"
"10494","2021-05-23","2022-02-28"
"10495","2020-08-11","2026-05-31"
"10496","2020-08-16","2021-01-02"
"10497","2022-01-04","2024-11-20"
"10498","2023-08-31","2025-09-24"
"10499","",""
"10500","2021-05-14","2024-06-24"
"10501","2020-09-20","2025-12-21"
"10502","2020-09-11","2023-01-04"
"10503","2021-01-03","2021-06-13"
"10504","",""
"10505","2021-03-01","2026-05-31"
"10506","2020-11-14","2023-02-04"
"10507","",""
"10508","2020-09-06","2022-11-27"
"10509","",""
"10510","2020-10-02","2025-12-31"
"10511","2021-08-13","2023-12-06"
"10512","2020-09-07","2022-01-02"
"10513","2020-08-17","2021-01-04"
"10514","2020-08-17","2026-06-13"
"10515","2020-09-14","2023-06-25"
"10516","2020-10-08","2026-04-03"
"10517","2020-11-12","2022-12-27"
"10518","2023-08-21","2023-09-04"
"10519","2020-08-16","2026-05-27"
"10520","2020-11-08","2022-05-24"
"10521","2020-08-31","2026-04-30"
"10522","2021-10-17","2023-04-07"
"10523","",""
"10524","2021-04-01","2026-04-30"
"10525","2021-06-04","2026-01-31"
"10526","2020-11-17","2021-08-09"
"10527","2021-04-11","2023-05-24"
"10528","",""
"10529","2020-10-30","2026-04-25"
"10530","2021-05-23","2026-03-31"
"10531","2022-04-02","2022-11-04"
"10532","2023-01-05","2025-08-02"
"10533","2021-01-17","2026-06-03"
"10534","2021-06-23","2022-11-20"
"10535","",""
"10536","",""
"10537","2020-09-29","2021-12-01"
"10538","2021-05-01","2024-09-04"
"10539","2021-09-22","2023-01-29"
"10540","2021-09-27","2026-05-01"
"10541","2022-07-26","2026-05-31"
"10542","2020-08-30","2024-06-30"
"10543","2021-09-18","2022-08-24"
"10544","",""
"10545","2020-11-01","2026-05-09"
"10546","",""
"10547","2020-09-30","2024-09-22"
"10548","2020-10-31","2026-05-30"
"10549","",""
"10550","2020-08-31","2020-08-31"
"10551","2020-09-24","2026-05-10"
"10552","2021-07-31","2026-06-01"
"10553","",""
"10554","2020-09-07","2026-05-31"
"10555","2021-12-11","2022-08-17"
"10556","2020-08-27","2023-09-10"
"10557","2021-04-28","2023-08-31"
"10558","2020-11-12","2026-06-01"
"10559","2021-05-03","2023-10-31"
"10560","2020-10-04","2025-11-01"
"10561","2021-03-23","2024-12-05"
"10562","2020-10-31","2021-08-21"
"10563","2023-04-02","2024-02-14"
"10564","2020-11-03","2025-03-10"
"10565","2020-10-24","2026-01-22"
"10566","2021-07-20","2026-05-30"
"10567","2020-09-01","2020-12-31"
"10568","2020-09-08","2023-10-17"
"10569","2020-09-04","2026-05-15"
"10570","2021-06-30","2025-10-07"
"10571","2021-04-15","2023-05-02"
"10572","2021-08-31","2025-09-01"
"10573","2021-05-20","2023-12-15"
"10574","2020-12-24","2026-04-25"
"10575","2021-01-03","2023-08-14"
"10576","2020-11-30","2025-10-28"
"10577","2024-01-31","2026-02-09"
"10578","2022-06-06","2023-01-02"
"10579","2024-05-01","2024-05-01"
"10580","2022-11-16","2022-11-16"
"10581","2020-10-28","2026-02-28"
"10582","2023-11-28","2024-05-15"
"10583","2024-03-02","2024-03-02"
"10584","",""
"10585","2021-02-11","2021-02-11"
"10586","2022-07-31","2024-07-03"
"10587","2020-10-09","2026-06-08"
"10588","2020-12-31","2020-12-31"
"10589","2021-07-25","2021-08-29"
"10590","2020-09-11","2026-05-10"
"10591","2021-05-02","2025-12-01"
"10592","2020-12-16","2026-05-28"
"10593","2020-09-06","2026-04-08"
"10594","2024-01-01","2024-03-26"
"10595","",""
"10596","2021-05-19","2025-09-29"
"10597","2020-09-11","2022-05-28"
"10598","2020-09-28","2025-03-04"
"10599","2020-09-06","2023-07-15"
"10600","2020-10-14","2022-01-16"
"10601","2021-01-10","2025-06-03"
"10602","2020-11-30","2026-05-13"
"10603","2022-08-20","2022-08-20"
"10604","2021-07-08","2023-08-18"
"10605","2022-08-10","2026-04-01"
"10606","2020-10-24","2023-05-20"
"10607","",""
"10608","2020-09-07","2022-12-27"
"10609","2020-10-11","2021-07-10"
"10610","2021-05-01","2025-12-21"
"10611","2021-01-18","2026-03-26"
"10612","2021-06-13","2024-07-28"
"10613","2026-05-18","2026-05-18"
"10614","",""
"10615","",""
"10616","2021-05-16","2023-10-16"
"10617","",""
"10618","2020-10-31","2022-10-31"
"10619","2021-06-08","2021-06-08"
"10620","2021-02-15","2022-02-27"
"10621","2020-09-19","2023-12-01"
"10622","2021-03-31","2024-12-09"
"10623","",""
"10624","2020-12-04","2025-06-01"
"10625","2021-05-01","2021-05-01"
"10626","",""
"10627","2020-10-08","2026-04-17"
"10628","2021-06-12","2021-06-12"
"10629","2021-09-24","2026-03-08"
"10630","2021-04-01","2025-10-01"
"10631","2020-10-09","2022-01-01"
"10632","",""
"10633","2020-10-16","2026-05-11"
"10634","2021-05-31","2021-08-06"
"10635","2026-03-31","2026-03-31"
"10636","2021-03-14","2022-08-06"
"10637","2021-10-09","2021-10-09"
"10638","",""
"10639","2021-04-02","2026-04-26"
"10640","2021-03-31","2026-03-03"
"10641","",""
"10642","2022-08-06","2022-08-06"
"10643","2021-03-17","2024-01-28"
"10644","2021-01-16","2021-01-16"
"10645","2021-06-18","2026-04-15"
"10646","",""
"10647","2020-11-30","2025-11-19"
"10648","2021-02-02","2022-04-26"
"10649","2023-05-10","2023-05-10"
"10650","",""
"10651","2022-05-01","2022-05-01"
"10652","2025-09-23","2025-09-23"
"10653","2022-08-04","2024-12-31"
"10654","2021-05-30","2024-12-03"
"10655","2022-10-01","2026-04-05"
"10656","2021-09-24","2022-03-08"
"10657","2020-10-08","2025-10-28"
"10658","",""
"10659","",""
"10660","2020-12-19","2022-01-02"
"10661","2021-01-08","2026-02-15"
"10662","",""
"10663","2021-02-11","2025-02-26"
"10664","",""
"10665","2022-01-02","2022-04-24"
"10666","2021-10-10","2026-05-29"
"10667","2020-10-18","2021-02-09"
"10668","2020-11-01","2026-06-07"
"10669","2020-11-29","2021-01-01"
"10670","2020-10-04","2026-06-13"
"10671","2023-01-07","2026-06-07"
"10672","2023-09-01","2025-11-25"
"10673","2021-04-16","2021-10-10"
"10674","2020-12-01","2020-12-01"
"10675","",""
"10676","",""
"10677","2021-08-15","2021-08-15"
"10678","2022-08-21","2022-08-21"
"10679","",""
"10680","2021-01-16","2022-01-15"
"10681","2020-11-08","2023-09-03"
"10682","2020-10-14","2023-06-26"
"10683","2022-01-02","2023-11-30"
"10684","2021-05-11","2024-09-14"
"10685","2022-04-09","2022-05-22"
"10686","2020-12-15","2025-07-30"
"10687","2021-05-09","2021-07-21"
"10688","2020-11-30","2025-12-31"
"10689","2022-02-25","2026-05-20"
"10690","2021-06-19","2022-08-23"
"10691","",""
"10692","2024-04-27","2024-07-26"
"10693","",""
"10694","",""
"10695","",""
"10696","2020-12-25","2024-08-04"
"10697","2021-01-31","2021-01-31"
"10698","2024-01-03","2024-01-03"
"10699","",""
"10700","",""
"10701","",""
"10702","2020-11-08","2026-01-18"
"10703","2020-10-10","2023-07-30"
"10704","2021-02-14","2026-02-13"
"10705","2020-10-15","2026-04-17"
"10706","2021-07-08","2024-12-21"
"10707","2020-10-19","2026-04-07"
"10708","",""
"10709","2020-10-22","2024-08-31"
"10710","2021-03-28","2026-06-09"
"10711","2022-08-13","2022-08-13"
"10712","2021-12-28","2026-06-07"
"10713","2021-03-06","2021-06-08"
"10714","2020-10-01","2026-05-14"
"10715","",""
"10716","2021-04-08","2021-04-08"
"10717","2020-12-10","2021-04-09"
"10718","2022-07-31","2025-01-01"
"10719","2022-05-20","2022-09-01"
"10720","2020-10-04","2023-09-25"
"10721","2020-11-07","2026-05-31"
"10722","2020-11-30","2024-06-30"
"10723","",""
"10724","2023-06-16","2026-06-02"
"10725","",""
"10726","2020-10-18","2021-04-17"
"10727","2020-11-13","2023-05-19"
"10728","",""
"10729","2020-11-05","2026-05-14"
"10730","2021-08-15","2022-02-14"
"10731","2020-12-16","2023-10-02"
"10732","2022-08-12","2026-06-13"
"10733","2022-01-02","2023-06-25"
"10734","",""
"10735","",""
"10736","2023-03-03","2023-03-03"
"10737","2021-03-04","2026-05-26"
"10738","",""
"10739","2021-11-15","2021-11-15"
"10740","2020-10-12","2026-05-19"
"10741","2020-11-28","2024-09-20"
"10742","2020-10-10","2026-05-22"
"10743","2021-05-15","2026-05-04"
"10744","",""
"10745","2020-10-17","2022-11-12"
"10746","",""
"10747","2020-11-28","2021-07-05"
"10748","2020-11-09","2026-06-03"
"10749","2020-12-21","2021-06-13"
"10750","2021-01-31","2026-03-09"
"10751","2020-10-09","2026-01-19"
"10752","2020-12-17","2021-04-30"
"10753","2022-10-10","2023-05-22"
"10754","2021-07-31","2021-07-31"
"10755","2021-05-11","2026-05-14"
"10756","2020-10-10","2026-05-24"
"10757","2020-10-18","2023-11-25"
"10758","2025-03-16","2026-05-11"
"10759","2020-10-24","2026-05-28"
"10760","2020-11-29","2026-05-21"
"10761","2021-04-17","2024-01-03"
"10762","2021-06-07","2026-01-07"
"10763","2021-01-31","2024-07-23"
"10764","2021-01-30","2025-05-31"
"10765","2020-10-12","2026-03-22"
"10766","2020-12-17","2025-02-25"
"10767","2020-11-15","2026-05-16"
"10768","2020-10-22","2026-05-04"
"10769","2020-11-14","2022-05-09"
"10770","2020-11-15","2021-01-02"
"10771","2021-05-31","2022-12-28"
"10772","",""
"10773","",""
"10774","",""
"10775","",""
"10776","",""
"10777","2022-06-10","2026-02-20"
"10778","2020-11-08","2026-05-29"
"10779","2021-06-13","2021-07-22"
"10780","2021-06-04","2026-06-01"
"10781","2021-06-24","2026-05-29"
"10782","",""
"10783","2021-05-31","2025-10-31"
"10784","2020-11-07","2026-06-04"
"10785","",""
"10786","2020-10-29","2023-08-28"
"10787","2023-06-26","2023-09-04"
"10788","2021-02-28","2026-05-31"
"10789","2020-11-08","2026-04-06"
"10790","",""
"10791","",""
"10792","2021-08-08","2021-08-08"
"10793","2020-11-22","2025-11-30"
"10794","2020-11-29","2026-05-16"
"10795","2021-06-20","2025-08-31"
"10796","2020-11-12","2020-12-16"
"10797","2021-02-05","2025-01-18"
"10798","2020-10-26","2026-04-30"
"10799","2020-10-18","2023-09-26"
"10800","2021-11-20","2025-04-25"
"10801","2020-11-14","2023-06-25"
"10802","2025-10-04","2025-10-04"
"10803","2021-09-26","2021-11-13"
"10804","2021-07-19","2023-04-23"
"10805","2020-10-26","2025-07-08"
"10806","2020-11-13","2024-06-04"
"10807","",""
"10808","2022-05-29","2025-12-30"
"10809","2023-05-01","2023-05-01"
"10810","2020-11-13","2022-07-31"
"10811","2021-05-13","2026-06-05"
"10812","2020-12-02","2021-08-07"
"10813","2020-12-26","2021-08-14"
"10814","2021-05-22","2025-07-31"
"10815","2021-01-31","2025-06-30"
"10816","2021-05-24","2023-06-26"
"10817","2020-10-25","2026-05-12"
"10818","2021-07-28","2026-06-22"
"10819","2020-10-25","2026-05-17"
"10820","2021-01-04","2023-09-15"
"10821","2020-11-24","2025-08-23"
"10822","2025-11-17","2025-11-17"
"10823","",""
"10824","2024-02-05","2024-02-05"
"10825","2021-08-31","2023-08-11"
"10826","",""
"10827","2021-01-20","2021-10-19"
"10828","2021-04-10","2024-01-06"
"10829","2020-11-08","2021-09-26"
"10830","",""
"10831","2023-12-05","2026-06-11"
"10832","2020-10-23","2024-01-15"
"10833","2022-12-03","2023-08-27"
"10834","2020-12-14","2025-12-19"
"10835","2021-03-22","2021-11-06"
"10836","2020-11-29","2025-12-31"
"10837","2021-06-30","2022-07-03"
"10838","2023-05-10","2025-04-30"
"10839","2020-12-20","2023-08-31"
"10840","2021-07-14","2021-07-14"
"10841","2020-12-27","2026-05-24"
"10842","2020-12-13","2021-04-02"
"10843","2021-01-31","2024-08-01"
"10844","2020-10-30","2021-12-07"
"10845","2021-06-08","2023-06-17"
"10846","",""
"10847","2021-01-02","2021-03-09"
"10848","2022-08-30","2025-12-01"
"10849","",""
"10850","2020-11-04","2026-04-28"
"10851","2021-01-28","2021-01-28"
"10852","2021-08-31","2025-11-05"
"10853","2020-11-29","2025-11-01"
"10854","2022-10-10","2023-12-19"
"10855","2022-01-16","2024-07-02"
"10856","2021-02-20","2025-12-26"
"10857","2021-09-30","2021-09-30"
"10858","2021-07-03","2021-07-03"
"10859","",""
"10860","",""
"10861","2021-02-28","2021-12-24"
"10862","2021-01-20","2023-02-01"
"10863","",""
"10864","",""
"10865","2023-09-20","2025-12-12"
"10866","2021-11-19","2021-12-12"
"10867","2020-11-05","2023-09-01"
"10868","2020-11-23","2020-12-28"
"10869","2021-08-14","2024-09-02"
"10870","2020-11-05","2024-05-31"
"10871","2020-11-15","2026-02-20"
"10872","2020-11-13","2025-08-31"
"10873","2023-07-04","2023-08-11"
"10874","",""
"10875","2020-11-08","2026-03-30"
"10876","2022-05-21","2022-05-21"
"10877","2022-08-11","2023-01-04"
"10878","2020-11-06","2023-04-29"
"10879","2021-03-31","2021-03-31"
"10880","2020-12-03","2025-01-19"
"10881","2021-01-24","2024-12-10"
"10882","2021-06-19","2021-06-19"
"10883","",""
"10884","",""
"10885","",""
"10886","2021-04-06","2025-10-07"
"10887","2021-05-06","2026-06-07"
"10888","",""
"10889","2021-01-25","2026-03-04"
"10890","2021-08-08","2021-08-08"
"10891","2021-01-31","2023-01-14"
"10892","2021-01-04","2021-01-04"
"10893","2020-12-09","2021-02-28"
"10894","2021-01-05","2026-05-03"
"10895","",""
"10896","",""
"10897","2023-05-21","2026-05-17"
"10898","2022-08-01","2024-08-06"
"10899","",""
"10900","2021-03-02","2025-09-15"
"10901","2021-05-31","2026-05-01"
"10902","2021-05-08","2025-06-24"
"10903","",""
"10904","2020-12-01","2020-12-27"
"10905","2021-08-14","2026-01-10"
"10906","2020-11-26","2021-06-14"
"10907","2020-11-14","2022-04-02"
"10908","2021-08-31","2021-08-31"
"10909","2020-11-15","2026-02-21"
"10910","",""
"10911","2021-02-16","2021-02-16"
"10912","2021-01-31","2025-11-06"
"10913","2021-08-28","2023-09-12"
"10914","2025-12-02","2026-05-04"
"10915","2020-11-23","2024-09-01"
"10916","",""
"10917","",""
"10918","2021-10-03","2021-10-03"
"10919","2021-05-16","2021-11-01"
"10920","2020-12-25","2026-03-01"
"10921","2021-05-31","2023-07-31"
"10922","2022-04-20","2023-10-22"
"10923","2021-03-01","2022-12-06"
"10924","2020-12-25","2021-10-05"
"10925","2021-10-14","2023-12-23"
"10926","2021-06-18","2026-02-20"
"10927","",""
"10928","2021-05-25","2025-07-01"
"10929","2021-01-01","2021-08-02"
"10930","2020-12-28","2023-09-17"
"10931","2021-04-09","2025-01-30"
"10932","2020-11-16","2026-05-11"
"10933","2020-11-21","2026-03-24"
"10934","2021-11-05","2025-04-14"
"10935","",""
"10936","2021-02-13","2022-04-15"
"10937","2021-08-28","2022-01-02"
"10938","2020-11-23","2026-04-25"
"10939","2020-11-14","2023-09-03"
"10940","2020-11-28","2023-08-20"
"10941","2020-11-15","2023-04-24"
"10942","2020-11-22","2022-04-17"
"10943","2020-11-20","2023-02-26"
"10944","2020-11-15","2023-05-07"
"10945","2021-01-31","2021-10-31"
"10946","2020-11-21","2023-06-25"
"10947","2021-01-03","2021-01-03"
"10948","2021-08-07","2026-04-27"
"10949","2021-08-08","2021-12-31"
"10950","2021-07-31","2021-07-31"
"10951","2023-08-31","2023-10-01"
"10952","2020-11-25","2026-05-31"
"10953","2020-12-20","2023-08-27"
"10954","2020-11-15","2023-09-03"
"10955","2021-07-07","2023-08-31"
"10956","2021-07-19","2021-07-19"
"10957","2021-04-05","2024-07-01"
"10958","",""
"10959","2020-11-22","2026-05-18"
"10960","2025-03-31","2025-11-26"
"10961","2020-11-22","2023-02-15"
"10962","2020-11-30","2022-04-24"
"10963","2020-11-16","2023-05-08"
"10964","2020-11-15","2023-06-25"
"10965","2020-11-23","2023-08-05"
"10966","2020-11-21","2023-01-01"
"10967","",""
"10968","2020-12-19","2022-11-19"
"10969","",""
"10970","2020-11-25","2026-05-25"
"10971","2021-08-02","2026-05-30"
"10972","2020-11-25","2023-08-11"
"10973","2021-01-10","2026-01-11"
"10974","2023-04-17","2026-01-31"
"10975","2020-12-21","2026-05-30"
"10976","2020-11-27","2023-08-06"
"10977","2021-06-26","2026-06-04"
"10978","2021-01-09","2021-02-24"
"10979","2022-01-01","2023-06-21"
"10980","",""
"10981","2023-06-10","2023-06-10"
"10982","",""
"10983","2020-12-18","2023-09-04"
"10984","2020-12-29","2020-12-29"
"10985","2022-11-06","2026-05-31"
"10986","2020-12-16","2022-11-16"
"10987","2020-11-20","2026-04-02"
"10988","2020-12-06","2024-01-05"
"10989","",""
"10990","",""
"10991","2020-12-06","2026-04-10"
"10992","2020-11-21","2023-02-18"
"10993","2020-11-22","2023-06-25"
"10994","2020-11-28","2023-09-03"
"10995","2024-08-03","2024-08-03"
"10996","2020-11-28","2023-05-29"
"10997","2020-11-26","2023-09-03"
"10998","2020-11-22","2023-09-03"
"10999","2020-12-04","2023-02-19"
"11000","2020-11-28","2022-08-31"
"11001","2020-11-26","2026-05-03"
"11002","2021-05-02","2023-05-01"
"11003","",""
"11004","",""
"11005","",""
"11006","2021-09-17","2022-06-11"
"11007","2020-11-26","2022-07-24"
"11008","2020-11-22","2022-06-12"
"11009","2020-11-23","2023-04-15"
"11010","2021-04-12","2022-01-10"
"11011","2020-11-28","2023-07-15"
"11012","2020-11-23","2023-02-19"
"11013","2020-11-26","2023-03-26"
"11014","2020-12-30","2024-09-23"
"11015","2021-01-04","2026-05-12"
"11016","2021-07-20","2023-09-04"
"11017","2021-01-23","2023-05-15"
"11018","",""
"11019","2021-01-02","2022-02-20"
"11020","2021-02-13","2023-05-29"
"11021","2021-02-15","2022-12-11"
"11022","2020-12-27","2023-04-23"
"11023","2021-02-21","2022-02-13"
"11024","2021-01-31","2023-06-27"
"11025","2020-11-30","2025-10-10"
"11026","2021-03-06","2026-05-25"
"11027","2020-12-06","2023-05-28"
"11028","2020-11-28","2023-02-26"
"11029","2021-03-31","2023-06-18"
"11030","2020-12-13","2021-01-05"
"11031","2020-12-11","2026-06-04"
"11032","2021-01-02","2025-01-20"
"11033","2022-05-31","2022-05-31"
"11034","2020-11-29","2022-03-27"
"11035","2020-12-05","2023-03-20"
"11036","2020-11-28","2023-03-18"
"11037","2021-06-11","2024-07-31"
"11038","2021-03-03","2026-06-05"
"11039","2021-08-03","2021-08-03"
"11040","2021-11-07","2023-08-13"
"11041","2023-06-12","2023-06-12"
"11042","2020-12-21","2026-04-20"
"11043","2020-12-01","2025-08-09"
"11044","2020-11-28","2023-02-05"
"11045","2020-12-20","2026-04-25"
"11046","",""
"11047","",""
"11048","2021-05-30","2022-04-12"
"11049","2022-05-31","2026-06-07"
"11050","2021-05-22","2023-09-10"
"11051","2021-03-10","2022-05-31"
"11052","2020-12-01","2022-09-05"
"11053","2020-12-01","2022-07-17"
"11054","2020-12-26","2026-03-17"
"11055","2021-07-26","2023-03-05"
"11056","2022-11-17","2026-03-31"
"11057","2021-01-15","2024-12-01"
"11058","2020-12-14","2023-09-04"
"11059","2021-02-16","2026-04-19"
"11060","2020-12-07","2020-12-21"
"11061","2022-07-31","2023-07-11"
"11062","2021-05-26","2023-07-24"
"11063","2023-01-04","2024-04-30"
"11064","2021-10-01","2025-08-16"
"11065","2021-01-23","2026-05-31"
"11066","2020-12-16","2025-08-01"
"11067","2021-07-31","2026-01-31"
"11068","2020-12-17","2026-04-28"
"11069","2021-01-09","2025-08-09"
"11070","2020-12-14","2025-08-03"
"11071","2020-12-10","2023-08-20"
"11072","",""
"11073","",""
"11074","2020-12-14","2025-08-18"
"11075","2021-01-23","2023-02-19"
"11076","2021-04-04","2026-05-26"
"11077","",""
"11078","2021-03-31","2025-11-30"
"11079","2020-12-31","2020-12-31"
"11080","2023-09-30","2023-09-30"
"11081","2021-08-10","2022-07-15"
"11082","2021-08-08","2021-08-08"
"11083","",""
"11084","2021-05-31","2021-08-08"
"11085","2021-07-22","2022-01-01"
"11086","",""
"11087","2023-01-26","2023-07-29"
"11088","2021-10-02","2025-10-06"
"11089","",""
"11090","",""
"11091","",""
"11092","",""
"11093","2020-12-27","2026-06-08"
"11094","",""
"11095","",""
"11096","2022-12-12","2023-07-01"
"11097","2020-12-14","2026-06-02"
"11098","2021-10-28","2026-04-30"
"11099","",""
"11100","2020-12-06","2022-05-29"
"11101","2021-01-02","2023-08-11"
"11102","2020-12-13","2022-11-13"
"11103","",""
"11104","2020-12-19","2025-11-04"
"11105","2021-05-31","2024-09-15"
"11106","2023-01-31","2025-02-28"
"11107","",""
"11108","2022-05-18","2025-10-31"
"11109","2023-04-01","2024-07-21"
"11110","2021-02-04","2022-01-15"
"11111","2021-09-30","2022-08-01"
"11112","",""
"11113","2022-05-02","2022-05-02"
"11114","2022-09-30","2024-03-01"
"11115","2021-05-01","2024-04-10"
"11116","",""
"11117","2021-05-01","2026-04-19"
"11118","2021-07-10","2026-06-08"
"11119","2021-01-31","2026-05-31"
"11120","2021-08-08","2021-08-08"
"11121","2022-05-21","2025-09-26"
"11122","",""
"11123","2021-02-21","2026-05-28"
"11124","2023-03-06","2023-11-02"
"11125","2021-02-06","2025-03-17"
"11126","2021-05-23","2023-11-06"
"11127","2021-01-24","2021-01-24"
"11128","2021-01-03","2021-02-28"
"11129","2021-01-03","2025-10-31"
"11130","2020-12-13","2023-02-28"
"11131","2021-05-01","2023-09-03"
"11132","2021-01-09","2023-02-19"
"11133","2020-12-13","2022-07-31"
"11134","",""
"11135","2021-05-30","2026-02-18"
"11136","",""
"11137","2020-12-18","2023-02-19"
"11138","2020-12-28","2023-02-26"
"11139","2020-12-16","2022-07-24"
"11140","2021-01-24","2023-03-12"
"11141","2020-12-27","2023-02-19"
"11142","2020-12-19","2025-01-31"
"11143","2022-09-04","2022-10-19"
"11144","2021-06-27","2026-03-29"
"11145","2021-01-08","2023-09-30"
"11146","2022-05-08","2023-10-09"
"11147","2022-10-18","2025-12-14"
"11148","2021-01-03","2025-09-19"
"11149","",""
"11150","2021-04-11","2026-04-23"
"11151","2021-02-18","2025-03-13"
"11152","2021-05-19","2026-05-26"
"11153","2025-08-25","2026-06-06"
"11154","2023-04-02","2026-06-06"
"11155","",""
"11156","2020-12-20","2021-01-03"
"11157","",""
"11158","",""
"11159","2021-01-03","2025-08-20"
"11160","2023-08-08","2026-04-30"
"11161","2021-02-13","2026-05-21"
"11162","2020-12-20","2026-05-31"
"11163","2020-12-25","2026-06-06"
"11164","2020-12-19","2026-05-19"
"11165","2020-12-20","2021-12-27"
"11166","2021-03-04","2021-03-04"
"11167","2026-06-11","2026-06-11"
"11168","2021-01-31","2021-01-31"
"11169","2021-06-07","2024-05-18"
"11170","2021-01-30","2021-02-15"
"11171","2023-06-30","2024-09-30"
"11172","2023-06-14","2023-06-14"
"11173","2021-01-04","2023-04-11"
"11174","2021-04-10","2025-07-31"
"11175","2021-04-23","2026-05-10"
"11176","2021-05-09","2024-06-17"
"11177","2021-05-23","2025-11-03"
"11178","2020-12-27","2024-05-09"
"11179","",""
"11180","2021-01-03","2022-01-01"
"11181","2021-09-19","2022-06-27"
"11182","",""
"11183","",""
"11184","",""
"11185","2021-02-12","2026-05-28"
"11186","2021-08-20","2026-05-15"
"11187","2021-01-11","2025-09-29"
"11188","2020-12-30","2026-03-31"
"11189","2020-12-26","2025-08-10"
"11190","2021-01-10","2026-05-02"
"11191","2020-12-30","2026-03-31"
"11192","2021-01-13","2026-06-13"
"11193","2021-06-01","2024-09-25"
"11194","2021-02-23","2025-10-01"
"11195","2021-08-08","2021-12-04"
"11196","2021-01-20","2022-04-17"
"11197","2022-04-17","2022-04-17"
"11198","2021-01-03","2022-04-16"
"11199","2021-01-02","2023-02-20"
"11200","2020-12-28","2022-04-24"
"11201","2021-04-03","2023-05-28"
"11202","2021-02-28","2023-08-30"
"11203","",""
"11204","2023-08-29","2023-08-29"
"11205","",""
"11206","",""
"11207","2022-05-01","2026-05-29"
"11208","2020-12-26","2023-10-10"
"11209","2023-02-08","2023-02-08"
"11210","2021-10-15","2021-10-15"
"11211","2021-01-09","2025-11-21"
"11212","2021-02-27","2025-02-03"
"11213","2021-02-28","2024-10-01"
"11214","2021-02-07","2022-10-27"
"11215","2021-04-20","2023-09-04"
"11216","2021-03-20","2026-05-20"
"11217","2021-02-26","2023-05-22"
"11218","2021-03-30","2021-10-16"
"11219","",""
"11220","2022-09-27","2026-05-28"
"11221","2021-10-11","2021-10-11"
"11222","2021-01-18","2024-07-29"
"11223","2021-02-08","2025-11-03"
"11224","2020-12-31","2026-05-31"
"11225","2021-05-15","2025-10-31"
"11226","2021-01-31","2025-08-01"
"11227","2021-02-15","2026-03-23"
"11228","2021-03-13","2023-11-05"
"11229","",""
"11230","2021-01-31","2021-01-31"
"11231","",""
"11232","2021-09-25","2021-09-25"
"11233","2021-05-19","2026-05-19"
"11234","2022-06-01","2022-06-01"
"11235","2023-03-18","2026-05-21"
"11236","2021-01-02","2022-10-16"
"11237","2021-03-28","2026-02-28"
"11238","2021-01-18","2026-05-25"
"11239","2021-01-17","2022-03-21"
"11240","2022-10-15","2022-10-15"
"11241","2021-02-18","2023-09-24"
"11242","2021-04-03","2024-07-09"
"11243","2021-02-05","2024-10-26"
"11244","2021-06-20","2024-06-11"
"11245","2021-02-17","2025-04-02"
"11246","2023-09-03","2023-09-03"
"11247","2021-01-31","2023-10-02"
"11248","2021-01-02","2022-03-24"
"11249","2021-01-08","2026-05-18"
"11250","2021-07-12","2021-08-09"
"11251","",""
"11252","",""
"11253","2021-11-22","2025-09-30"
"11254","2021-07-11","2026-05-25"
"11255","2021-03-01","2021-03-01"
"11256","2021-11-10","2021-11-10"
"11257","",""
"11258","2021-01-13","2026-05-31"
"11259","2021-01-15","2026-05-18"
"11260","2021-01-11","2026-05-24"
"11261","2022-01-02","2022-01-02"
"11262","2021-04-10","2025-06-01"
"11263","2022-06-13","2026-06-11"
"11264","2022-03-17","2025-09-11"
"11265","2021-06-25","2025-05-01"
"11266","",""
"11267","2024-06-19","2025-11-05"
"11268","2021-07-31","2023-10-01"
"11269","2021-02-28","2021-04-02"
"11270","2021-01-09","2021-03-29"
"11271","2021-01-17","2023-10-01"
"11272","2021-01-31","2026-05-17"
"11273","2021-08-31","2022-08-22"
"11274","2021-02-19","2024-06-29"
"11275","2021-01-27","2026-05-01"
"11276","2021-01-17","2026-05-27"
"11277","2021-01-31","2022-05-28"
"11278","",""
"11279","2025-04-18","2025-11-14"
"11280","2021-07-10","2021-08-22"
"11281","2021-01-15","2022-09-04"
"11282","2021-04-06","2023-06-26"
"11283","2021-05-14","2024-02-04"
"11284","2023-06-14","2023-06-14"
"11285","2021-01-11","2026-05-31"
"11286","2021-02-22","2023-11-02"
"11287","2022-06-04","2023-06-21"
"11288","2022-05-14","2022-12-01"
"11289","2021-03-13","2024-09-01"
"11290","2023-05-30","2026-06-07"
"11291","",""
"11292","2021-03-20","2021-04-24"
"11293","2021-02-15","2025-10-04"
"11294","2021-07-23","2022-01-08"
"11295","2021-03-09","2026-03-15"
"11296","",""
"11297","2021-01-25","2026-05-11"
"11298","",""
"11299","",""
"11300","2021-05-03","2021-08-02"
"11301","",""
"11302","2021-01-23","2023-02-26"
"11303","2021-01-17","2022-06-26"
"11304","2021-01-26","2022-07-24"
"11305","2021-02-07","2023-01-15"
"11306","2021-01-24","2022-06-12"
"11307","2021-01-24","2022-07-03"
"11308","2021-02-07","2023-02-19"
"11309","2021-02-14","2022-06-26"
"11310","2021-01-18","2022-04-03"
"11311","",""
"11312","2021-02-14","2023-12-26"
"11313","2021-03-21","2021-03-21"
"11314","2021-03-01","2026-06-06"
"11315","2021-02-03","2026-06-01"
"11316","2021-05-02","2026-06-06"
"11317","2021-08-01","2025-09-16"
"11318","2023-05-31","2025-08-26"
"11319","",""
"11320","2021-02-07","2021-02-07"
"11321","2021-09-04","2023-05-30"
"11322","2021-02-01","2025-03-12"
"11323","2021-08-20","2026-05-20"
"11324","2021-09-13","2021-09-13"
"11325","2021-06-30","2024-12-04"
"11326","2021-07-14","2022-10-22"
"11327","",""
"11328","2021-05-28","2023-06-30"
"11329","",""
"11330","2023-11-01","2023-11-01"
"11331","",""
"11332","2021-10-04","2025-12-30"
"11333","2021-02-08","2026-04-12"
"11334","2022-02-23","2022-10-01"
"11335","2021-07-09","2026-05-19"
"11336","2021-07-04","2026-05-23"
"11337","2021-05-31","2023-12-02"
"11338","2021-02-06","2025-11-01"
"11339","2021-02-21","2024-08-28"
"11340","2021-05-13","2024-08-20"
"11341","",""
"11342","2021-03-02","2023-02-26"
"11343","2024-05-21","2024-12-04"
"11344","2021-04-01","2024-10-12"
"11345","2021-09-11","2026-06-08"
"11346","2021-05-10","2021-05-10"
"11347","2021-02-04","2021-04-15"
"11348","",""
"11349","",""
"11350","2021-11-29","2021-11-29"
"11351","2021-06-26","2022-06-06"
"11352","2025-05-25","2025-05-25"
"11353","2021-01-30","2024-10-01"
"11354","2021-08-31","2026-05-16"
"11355","2021-02-15","2026-06-10"
"11356","2021-06-13","2023-08-02"
"11357","2021-01-31","2026-06-10"
"11358","2021-02-08","2023-11-26"
"11359","",""
"11360","2021-03-27","2026-02-22"
"11361","2021-03-29","2023-08-27"
"11362","2021-02-21","2026-05-25"
"11363","2024-08-31","2026-04-11"
"11364","2021-03-20","2021-03-20"
"11365","2023-03-23","2024-04-19"
"11366","2021-02-02","2026-05-29"
"11367","",""
"11368","2023-12-30","2024-06-10"
"11369","2021-05-01","2025-02-02"
"11370","2021-04-11","2026-05-31"
"11371","",""
"11372","2021-09-08","2022-10-22"
"11373","2021-05-01","2024-11-01"
"11374","2021-04-18","2025-10-23"
"11375","2021-03-14","2024-01-05"
"11376","2021-05-09","2023-09-03"
"11377","",""
"11378","2021-02-13","2023-09-12"
"11379","2021-05-10","2026-05-19"
"11380","",""
"11381","2025-10-18","2025-10-18"
"11382","2021-02-25","2026-06-06"
"11383","2021-02-18","2023-10-10"
"11384","2021-02-13","2021-09-29"
"11385","2021-04-24","2021-05-31"
"11386","",""
"11387","2021-07-20","2025-08-05"
"11388","2021-04-30","2025-11-07"
"11389","2021-08-21","2026-06-10"
"11390","",""
"11391","2023-09-02","2023-09-02"
"11392","2021-10-05","2026-05-31"
"11393","2021-05-30","2025-12-04"
"11394","2021-02-06","2024-11-25"
"11395","2021-06-10","2026-05-31"
"11396","2021-05-30","2023-12-09"
"11397","2021-05-01","2023-05-31"
"11398","2022-03-18","2025-08-08"
"11399","2021-07-01","2024-06-12"
"11400","2021-06-20","2023-10-15"
"11401","",""
"11402","2021-03-07","2023-10-16"
"11403","",""
"11404","",""
"11405","2021-05-29","2022-11-21"
"11406","2021-04-01","2024-05-17"
"11407","",""
"11408","2021-07-18","2021-07-18"
"11409","",""
"11410","",""
"11411","2021-07-01","2021-07-01"
"11412","2021-03-22","2025-04-30"
"11413","2021-02-16","2026-05-30"
"11414","2021-03-22","2026-01-10"
"11415","2021-02-15","2025-11-13"
"11416","2021-02-15","2023-10-25"
"11417","2022-05-01","2025-12-28"
"11418","",""
"11419","2021-04-03","2023-11-02"
"11420","2021-08-12","2023-05-07"
"11421","",""
"11422","2021-08-31","2026-05-31"
"11423","2021-04-04","2023-08-20"
"11424","2021-07-05","2022-07-02"
"11425","2021-09-20","2026-06-12"
"11426","2021-03-30","2026-05-27"
"11427","2021-03-21","2026-04-25"
"11428","",""
"11429","2021-06-28","2023-09-04"
"11430","2021-04-30","2026-05-30"
"11431","",""
"11432","",""
"11433","2021-05-15","2025-08-31"
"11434","",""
"11435","2024-06-27","2024-06-27"
"11436","2021-11-30","2022-01-05"
"11437","",""
"11438","2021-05-29","2023-11-01"
"11439","",""
"11440","2021-06-04","2026-04-14"
"11441","2021-09-04","2024-11-14"
"11442","2021-05-02","2024-09-23"
"11443","2021-03-31","2026-03-29"
"11444","2021-02-21","2026-06-08"
"11445","2021-05-26","2021-07-02"
"11446","2022-08-09","2023-04-15"
"11447","2021-04-11","2026-04-19"
"11448","2021-03-29","2025-11-16"
"11449","2021-05-28","2026-05-06"
"11450","2021-06-11","2026-01-02"
"11451","2021-03-30","2026-03-23"
"11452","2021-05-23","2023-09-04"
"11453","2021-08-20","2024-04-14"
"11454","2021-02-24","2023-03-19"
"11455","2021-02-21","2023-02-12"
"11456","2021-02-23","2022-09-10"
"11457","2021-03-07","2022-04-24"
"11458","2021-02-27","2023-08-13"
"11459","2021-04-30","2026-05-11"
"11460","",""
"11461","2021-03-03","2023-05-02"
"11462","2021-03-07","2023-05-28"
"11463","2021-03-08","2022-04-16"
"11464","2021-03-06","2021-03-14"
"11465","2021-03-07","2023-05-07"
"11466","",""
"11467","",""
"11468","2021-03-07","2023-02-19"
"11469","2021-03-21","2022-04-03"
"11470","2021-03-06","2023-01-16"
"11471","2021-03-07","2021-03-21"
"11472","2021-04-25","2023-05-22"
"11473","2021-03-31","2023-07-25"
"11474","2021-03-13","2026-05-13"
"11475","2022-04-02","2026-05-23"
"11476","2021-07-17","2025-11-04"
"11477","",""
"11478","",""
"11479","2021-02-27","2024-04-15"
"11480","2021-05-31","2025-09-17"
"11481","2022-12-05","2023-08-19"
"11482","2021-05-22","2026-05-15"
"11483","2021-05-31","2021-05-31"
"11484","2021-04-18","2021-06-29"
"11485","2021-05-22","2026-05-31"
"11486","2021-04-03","2025-06-14"
"11487","",""
"11488","2021-10-23","2024-10-30"
"11489","2021-04-01","2025-12-29"
"11490","2021-04-06","2026-04-30"
"11491","2021-06-01","2021-06-01"
"11492","2021-06-01","2025-11-25"
"11493","2021-03-30","2026-01-17"
"11494","2022-04-30","2024-09-25"
"11495","2021-04-03","2025-09-02"
"11496","2021-04-11","2025-12-29"
"11497","2023-01-29","2024-10-31"
"11498","2021-04-25","2026-05-09"
"11499","2022-12-04","2026-03-01"
"11500","2021-06-27","2024-01-15"
"11501","2021-04-14","2025-03-01"
"11502","2021-05-15","2023-04-03"
"11503","2021-06-29","2021-10-10"
"11504","2021-03-12","2023-01-03"
"11505","2021-05-01","2025-06-05"
"11506","2021-08-02","2021-08-02"
"11507","",""
"11508","",""
"11509","",""
"11510","",""
"11511","",""
"11512","",""
"11513","2021-10-30","2025-10-31"
"11514","2021-04-01","2021-04-01"
"11515","",""
"11516","",""
"11517","",""
"11518","2021-06-11","2026-05-20"
"11519","2021-03-12","2021-03-12"
"11520","",""
"11521","",""
"11522","2021-04-21","2021-04-21"
"11523","2021-04-12","2021-07-13"
"11524","",""
"11525","",""
"11526","2021-09-06","2026-05-31"
"11527","2021-07-10","2023-08-07"
"11528","2021-10-01","2023-12-19"
"11529","2021-04-03","2023-11-05"
"11530","2021-05-15","2026-04-06"
"11531","2021-04-14","2024-11-10"
"11532","2021-03-24","2021-09-28"
"11533","",""
"11534","",""
"11535","2023-12-24","2026-04-13"
"11536","2021-07-31","2022-09-10"
"11537","2021-03-20","2025-11-19"
"11538","2021-05-01","2021-07-06"
"11539","",""
"11540","",""
"11541","",""
"11542","",""
"11543","2021-04-24","2026-04-26"
"11544","2022-07-31","2026-05-04"
"11545","",""
"11546","",""
"11547","2021-03-19","2026-05-31"
"11548","2021-09-04","2021-09-04"
"11549","2021-05-06","2025-10-02"
"11550","2021-04-13","2021-04-13"
"11551","2021-07-03","2022-10-10"
"11552","2021-04-01","2023-09-13"
"11553","2022-01-02","2023-09-03"
"11554","2021-05-01","2022-08-22"
"11555","2021-10-16","2023-08-14"
"11556","2021-10-19","2022-10-14"
"11557","2021-07-17","2024-08-31"
"11558","2021-03-27","2021-07-11"
"11559","2021-08-27","2023-08-20"
"11560","2021-05-17","2023-09-12"
"11561","2022-08-31","2026-04-09"
"11562","",""
"11563","2021-03-28","2026-05-18"
"11564","2021-03-21","2026-04-20"
"11565","2021-03-29","2026-03-16"
"11566","2021-03-21","2023-07-25"
"11567","2021-06-14","2023-09-10"
"11568","2021-08-15","2021-08-15"
"11569","2021-05-14","2022-10-30"
"11570","2021-07-24","2021-10-31"
"11571","2021-07-31","2021-07-31"
"11572","2021-09-06","2023-04-03"
"11573","",""
"11574","2021-07-13","2021-11-06"
"11575","2021-10-25","2021-10-25"
"11576","2022-05-31","2022-05-31"
"11577","",""
"11578","",""
"11579","2021-06-23","2026-06-08"
"11580","2021-03-15","2023-05-29"
"11581","2021-03-20","2023-06-26"
"11582","2021-03-17","2023-08-21"
"11583","2021-03-20","2023-03-19"
"11584","2021-03-13","2023-08-21"
"11585","2021-03-13","2022-08-07"
"11586","2021-03-13","2022-07-03"
"11587","2021-08-05","2023-09-05"
"11588","2021-03-21","2022-11-13"
"11589","2021-03-21","2022-04-17"
"11590","2021-06-19","2021-06-27"
"11591","2021-04-10","2023-02-19"
"11592","2021-03-17","2023-03-18"
"11593","2021-05-31","2025-09-22"
"11594","2021-07-04","2026-05-13"
"11595","2021-05-21","2026-06-07"
"11596","2021-03-26","2026-05-28"
"11597","2021-05-04","2026-04-12"
"11598","2021-05-24","2026-04-05"
"11599","2021-05-15","2024-07-31"
"11600","2022-05-01","2022-06-25"
"11601","2022-04-10","2022-06-05"
"11602","2025-12-21","2025-12-21"
"11603","2021-03-26","2025-10-30"
"11604","2021-03-27","2026-01-22"
"11605","2021-03-31","2026-02-28"
"11606","2021-04-06","2021-04-06"
"11607","2021-10-23","2025-02-28"
"11608","2022-01-17","2026-05-25"
"11609","2021-06-09","2021-08-25"
"11610","2021-03-21","2024-08-13"
"11611","",""
"11612","2021-04-18","2023-08-27"
"11613","",""
"11614","2021-05-12","2026-05-25"
"11615","2021-06-06","2026-05-25"
"11616","2022-02-26","2025-08-05"
"11617","",""
"11618","",""
"11619","",""
"11620","",""
"11621","2021-03-23","2023-07-30"
"11622","",""
"11623","2021-06-11","2026-05-31"
"11624","2021-05-13","2026-05-25"
"11625","2021-12-24","2025-08-05"
"11626","2023-01-02","2023-12-08"
"11627","2021-03-28","2026-05-13"
"11628","2021-12-28","2023-07-31"
"11629","2021-03-22","2026-06-10"
"11630","2021-08-31","2026-05-10"
"11631","2021-03-27","2026-05-03"
"11632","2021-06-18","2026-06-05"
"11633","2021-05-06","2025-10-13"
"11634","2022-04-02","2025-10-06"
"11635","2021-04-02","2023-09-04"
"11636","2021-09-05","2022-03-21"
"11637","2021-03-31","2026-04-30"
"11638","2021-06-05","2022-06-25"
"11639","",""
"11640","2021-04-27","2021-08-22"
"11641","",""
"11642","2021-03-30","2024-07-16"
"11643","2023-07-09","2023-07-09"
"11644","",""
"11645","",""
"11646","",""
"11647","2024-12-21","2024-12-21"
"11648","",""
"11649","2021-03-29","2023-09-15"
"11650","2021-04-10","2024-12-23"
"11651","2021-04-05","2023-04-09"
"11652","2021-05-17","2025-11-29"
"11653","2021-04-30","2026-05-15"
"11654","2021-05-31","2025-12-10"
"11655","2022-04-30","2026-04-13"
"11656","2021-04-17","2026-06-04"
"11657","2022-07-31","2023-11-16"
"11658","2021-04-04","2023-12-01"
"11659","2021-05-02","2026-05-16"
"11660","2022-04-04","2023-09-25"
"11661","2021-04-07","2021-12-26"
"11662","2021-04-04","2021-09-26"
"11663","2021-06-18","2021-08-16"
"11664","2021-05-15","2021-05-15"
"11665","2021-08-15","2023-12-02"
"11666","2021-06-30","2023-05-31"
"11667","2021-11-22","2025-08-08"
"11668","2021-04-04","2023-10-04"
"11669","2021-11-30","2025-02-01"
"11670","2021-08-08","2026-05-02"
"11671","2021-05-02","2026-05-30"
"11672","2021-04-13","2025-03-10"
"11673","2021-05-07","2023-08-20"
"11674","",""
"11675","",""
"11676","2021-10-04","2024-08-11"
"11677","2021-05-29","2026-03-06"
"11678","2021-09-02","2025-07-01"
"11679","2021-07-14","2025-12-10"
"11680","2021-04-09","2024-09-02"
"11681","2021-12-05","2026-04-30"
"11682","2021-05-18","2026-05-10"
"11683","2021-08-01","2026-05-06"
"11684","2022-08-01","2025-06-30"
"11685","2023-12-23","2026-05-09"
"11686","2021-06-16","2026-05-15"
"11687","2022-03-19","2025-07-31"
"11688","",""
"11689","2021-05-22","2026-05-31"
"11690","2021-05-03","2023-10-22"
"11691","2021-12-08","2026-03-31"
"11692","2022-07-15","2025-05-02"
"11693","2021-04-26","2026-05-22"
"11694","2021-06-30","2025-12-15"
"11695","2021-09-19","2024-04-08"
"11696","2021-09-20","2026-05-20"
"11697","2022-07-06","2023-07-16"
"11698","2023-04-30","2023-07-17"
"11699","2025-08-01","2026-02-28"
"11700","2021-05-30","2023-09-20"
"11701","2021-04-17","2026-06-12"
"11702","2021-09-13","2026-05-31"
"11703","2021-07-09","2024-12-15"
"11704","2021-04-24","2026-04-26"
"11705","2021-05-13","2026-05-25"
"11706","2021-05-22","2023-10-24"
"11707","2021-06-21","2026-05-08"
"11708","2021-07-11","2026-05-13"
"11709","2021-05-22","2025-12-01"
"11710","2021-09-02","2021-09-02"
"11711","",""
"11712","",""
"11713","2022-10-22","2026-05-31"
"11714","2021-08-19","2021-10-06"
"11715","2021-08-18","2021-08-18"
"11716","2021-06-02","2024-07-30"
"11717","2021-07-01","2023-08-13"
"11718","2021-04-17","2026-05-19"
"11719","2021-04-12","2024-09-28"
"11720","2021-05-02","2024-06-08"
"11721","2021-10-02","2026-01-03"
"11722","2025-11-19","2025-11-19"
"11723","2026-02-15","2026-04-26"
"11724","2025-05-21","2025-11-18"
"11725","2025-05-06","2025-06-22"
"11726","2024-05-08","2025-04-26"
"11727","2024-05-25","2025-05-04"
"11728","2024-11-17","2025-08-31"
"11729","2024-07-09","2026-05-17"
"11730","2024-05-23","2026-06-09"
"11731","2025-03-16","2025-03-16"
"11732","2026-03-11","2026-05-05"
"11733","2025-02-07","2025-03-29"
"11734","2025-09-27","2025-09-27"
"11735","2025-07-18","2025-07-18"
"11736","2025-05-04","2025-08-24"
"11737","2025-05-08","2025-05-08"
"11738","2024-06-15","2026-06-04"
"11739","2024-06-30","2026-05-15"
"11740","2025-02-02","2025-11-14"
"11741","2024-05-07","2026-04-24"
"11742","2025-03-05","2026-04-14"
"11743","2024-06-09","2026-05-15"
"11744","2024-10-13","2025-05-01"
"11745","2021-08-21","2024-09-11"
"11746","2021-04-18","2023-11-28"
"11747","",""
"11748","2021-08-05","2025-06-22"
"11749","2021-04-26","2026-01-04"
"11750","2021-08-23","2026-04-27"
"11751","2021-04-18","2023-01-03"
"11752","2024-09-25","2026-04-03"
"11753","2022-01-12","2025-12-20"
"11754","",""
"11755","2021-04-26","2025-07-05"
"11756","2021-05-04","2025-10-05"
"11757","2021-04-27","2025-06-30"
"11758","2021-06-25","2023-01-02"
"11759","",""
"11760","2021-06-12","2023-12-22"
"11761","",""
"11762","2023-06-09","2024-10-25"
"11763","2021-06-24","2025-10-12"
"11764","2021-07-01","2023-08-27"
"11765","2021-09-09","2025-06-11"
"11766","2022-09-07","2023-06-04"
"11767","2021-05-03","2023-10-15"
"11768","2021-04-11","2024-09-03"
"11769","2021-04-19","2025-10-22"
"11770","2021-04-16","2021-04-16"
"11771","2021-10-20","2023-07-02"
"11772","2021-08-04","2025-05-23"
"11773","2021-05-22","2021-05-22"
"11774","2021-06-14","2026-05-04"
"11775","2021-05-21","2026-04-27"
"11776","2021-10-10","2023-10-22"
"11777","2021-10-01","2026-06-01"
"11778","",""
"11779","",""
"11780","2021-04-18","2022-09-03"
"11781","2021-04-16","2023-08-26"
"11782","2021-05-23","2025-12-18"
"11783","",""
"11784","2021-04-18","2026-06-06"
"11785","2021-08-15","2026-05-10"
"11786","2022-06-05","2022-06-05"
"11787","2022-05-01","2026-05-01"
"11788","2021-06-05","2026-05-01"
"11789","",""
"11790","2021-12-12","2025-08-19"
"11791","2021-05-08","2026-06-06"
"11792","2021-04-25","2026-03-26"
"11793","2021-06-13","2024-10-17"
"11794","2022-01-13","2022-01-13"
"11795","2021-08-08","2023-08-09"
"11796","2021-07-11","2026-05-25"
"11797","2021-05-16","2026-01-02"
"11798","2021-04-25","2026-05-30"
"11799","2021-06-05","2026-04-22"
"11800","2021-05-31","2026-05-31"
"11801","2022-02-28","2026-04-07"
"11802","2021-04-24","2022-08-31"
"11803","2021-04-26","2023-10-20"
"11804","2021-06-30","2023-08-27"
"11805","2021-12-31","2025-05-26"
"11806","2021-12-29","2024-06-29"
"11807","2021-06-11","2022-07-03"
"11808","2021-12-10","2026-04-23"
"11809","2021-05-16","2022-02-06"
"11810","2023-05-13","2025-12-22"
"11811","2021-05-20","2024-12-01"
"11812","2021-08-14","2024-07-15"
"11813","2023-06-18","2026-06-01"
"11814","2021-05-29","2025-11-09"
"11815","2021-12-30","2023-11-09"
"11816","2021-05-16","2021-08-16"
"11817","2021-07-24","2022-03-12"
"11818","2021-06-01","2026-04-30"
"11819","2021-05-08","2024-07-13"
"11820","2021-05-28","2025-08-28"
"11821","2021-07-17","2025-11-30"
"11822","",""
"11823","2022-01-23","2024-11-14"
"11824","2021-05-28","2025-08-13"
"11825","2021-04-30","2022-07-09"
"11826","2025-06-02","2025-06-02"
"11827","2021-05-09","2025-06-30"
"11828","2021-07-31","2021-12-20"
"11829","",""
"11830","2021-08-31","2025-10-25"
"11831","2021-07-10","2023-12-10"
"11832","2021-07-02","2023-08-27"
"11833","2024-04-04","2024-04-04"
"11834","2021-05-31","2026-05-31"
"11835","2021-06-01","2022-09-06"
"11836","2022-05-10","2024-12-15"
"11837","2021-06-09","2022-09-27"
"11838","2025-05-06","2026-03-09"
"11839","2023-11-28","2023-11-28"
"11840","",""
"11841","2021-05-20","2026-05-26"
"11842","2023-07-23","2024-10-07"
"11843","2021-07-31","2025-01-26"
"11844","2022-09-09","2022-10-14"
"11845","2021-05-03","2026-05-01"
"11846","2021-08-11","2026-05-01"
"11847","",""
"11848","2022-04-27","2026-06-02"
"11849","2021-05-01","2026-05-31"
"11850","2022-07-18","2022-07-18"
"11851","2021-06-20","2023-03-11"
"11852","2021-05-09","2026-05-31"
"11853","2022-04-21","2026-03-01"
"11854","",""
"11855","2021-06-01","2026-02-05"
"11856","2023-09-03","2023-09-03"
"11857","2021-09-01","2026-03-13"
"11858","2021-07-06","2026-01-04"
"11859","2022-12-20","2022-12-20"
"11860","2021-08-15","2024-09-03"
"11861","",""
"11862","",""
"11863","",""
"11864","2021-09-30","2021-09-30"
"11865","2021-06-13","2026-05-27"
"11866","2021-06-01","2023-12-31"
"11867","2021-08-05","2024-06-13"
"11868","2022-07-23","2022-07-23"
"11869","2021-05-30","2022-07-24"
"11870","2021-05-26","2023-09-05"
"11871","2022-07-09","2022-07-09"
"11872","2021-10-17","2023-01-08"
"11873","2021-05-02","2026-06-09"
"11874","2021-08-05","2026-04-01"
"11875","",""
"11876","2021-08-20","2021-08-20"
"11877","2021-05-11","2024-08-03"
"11878","2021-05-09","2023-05-14"
"11879","2021-05-24","2026-06-14"
"11880","2021-05-21","2021-08-20"
"11881","2021-07-09","2023-09-02"
"11882","",""
"11883","2021-06-10","2026-01-06"
"11884","2021-09-16","2022-08-31"
"11885","2021-07-09","2025-07-01"
"11886","2021-05-16","2025-05-02"
"11887","2021-08-20","2025-05-15"
"11888","2021-10-23","2026-01-31"
"11889","2021-06-22","2026-01-07"
"11890","2021-05-16","2026-06-07"
"11891","2021-06-17","2023-08-31"
"11892","2021-07-25","2025-08-02"
"11893","2021-05-15","2026-05-09"
"11894","2021-07-26","2022-10-07"
"11895","2021-06-06","2022-12-05"
"11896","2021-05-30","2023-08-02"
"11897","",""
"11898","2021-07-25","2022-03-22"
"11899","2021-05-28","2023-05-28"
"11900","2021-05-23","2023-05-29"
"11901","2022-04-24","2025-03-28"
"11902","2021-11-27","2026-01-12"
"11903","2021-10-24","2024-12-01"
"11904","",""
"11905","2021-11-01","2024-07-14"
"11906","2021-08-31","2026-06-03"
"11907","2021-08-08","2026-04-27"
"11908","",""
"11909","2021-08-03","2025-08-20"
"11910","2021-05-21","2022-08-19"
"11911","2021-09-27","2021-11-29"
"11912","2022-01-18","2025-04-01"
"11913","2021-06-14","2024-01-23"
"11914","2021-07-01","2023-01-28"
"11915","",""
"11916","2022-12-02","2023-10-20"
"11917","2021-09-27","2022-09-13"
"11918","2021-05-19","2026-06-05"
"11919","2021-07-04","2025-11-17"
"11920","2021-12-22","2021-12-22"
"11921","2023-05-09","2025-05-31"
"11922","2021-07-01","2022-12-01"
"11923","2021-08-12","2026-05-30"
"11924","2022-10-03","2026-02-28"
"11925","2021-07-06","2023-08-27"
"11926","2021-08-22","2026-05-17"
"11927","2021-06-05","2025-07-01"
"11928","2021-07-30","2026-05-26"
"11929","2021-10-25","2024-03-03"
"11930","2021-07-17","2023-10-17"
"11931","2021-08-21","2026-03-28"
"11932","2021-06-24","2022-08-08"
"11933","2021-06-28","2026-05-17"
"11934","",""
"11935","2021-12-12","2025-08-31"
"11936","2021-05-15","2026-06-02"
"11937","2021-05-24","2026-05-01"
"11938","2021-05-23","2024-09-26"
"11939","2021-06-13","2025-12-11"
"11940","2022-07-31","2024-07-30"
"11941","2021-06-02","2026-04-22"
"11942","",""
"11943","",""
"11944","",""
"11945","2021-05-31","2022-04-18"
"11946","2021-09-01","2023-01-01"
"11947","",""
"11948","2021-07-03","2026-03-14"
"11949","2021-05-21","2026-03-04"
"11950","2021-07-24","2023-08-06"
"11951","2021-06-19","2026-05-31"
"11952","",""
"11953","2021-09-09","2026-05-11"
"11954","2021-06-15","2026-06-07"
"11955","2021-06-07","2026-04-30"
"11956","2021-07-25","2021-12-19"
"11957","2021-08-14","2022-03-12"
"11958","2021-12-06","2021-12-06"
"11959","2021-07-01","2024-11-01"
"11960","2021-07-10","2023-09-20"
"11961","2022-11-18","2022-11-18"
"11962","2021-06-06","2023-12-13"
"11963","2021-05-26","2023-01-05"
"11964","",""
"11965","2021-08-16","2026-04-30"
"11966","",""
"11967","2021-08-31","2024-07-01"
"11968","2021-11-30","2026-05-24"
"11969","2021-05-31","2021-06-30"
"11970","2022-08-15","2022-08-15"
"11971","2021-12-25","2025-07-27"
"11972","2021-06-27","2022-03-22"
"11973","2021-07-09","2021-07-25"
"11974","2021-06-04","2026-05-22"
"11975","2021-05-30","2023-11-05"
"11976","2021-06-08","2025-11-14"
"11977","2022-01-28","2025-06-04"
"11978","2021-05-30","2023-11-14"
"11979","2021-05-31","2026-05-28"
"11980","2023-10-31","2023-10-31"
"11981","2021-05-31","2026-02-25"
"11982","2021-05-31","2025-08-20"
"11983","2021-05-31","2026-05-26"
"11984","2021-08-15","2025-05-18"
"11985","",""
"11986","2022-02-01","2024-06-30"
"11987","2022-05-27","2026-04-27"
"11988","",""
"11989","2022-02-16","2026-02-14"
"11990","2021-09-03","2025-10-17"
"11991","2021-06-12","2023-08-07"
"11992","2021-07-31","2024-06-11"
"11993","2021-08-14","2022-06-13"
"11994","2021-06-08","2026-05-30"
"11995","2021-11-30","2026-06-08"
"11996","2021-08-05","2023-08-29"
"11997","2021-07-25","2025-07-26"
"11998","",""
"11999","2021-06-11","2025-11-10"
"12000","2021-06-01","2026-05-17"
"12001","2023-06-01","2023-09-17"
"12002","2021-07-06","2026-04-11"
"12003","2021-08-02","2022-05-10"
"12004","2021-08-21","2021-08-21"
"12005","2021-06-28","2026-06-12"
"12006","2022-07-17","2025-05-01"
"12007","2021-05-30","2025-05-11"
"12008","2021-07-24","2021-07-24"
"12009","",""
"12010","",""
"12011","2023-02-04","2026-05-01"
"12012","2021-06-27","2023-09-05"
"12013","2021-06-06","2026-06-11"
"12014","2021-06-17","2026-05-09"
"12015","2022-07-13","2022-11-12"
"12016","2022-08-14","2024-06-15"
"12017","2021-07-31","2025-08-21"
"12018","2021-07-31","2026-05-27"
"12019","2021-07-11","2025-10-31"
"12020","2021-05-31","2026-05-30"
"12021","2021-07-29","2023-09-23"
"12022","2021-08-18","2025-08-11"
"12023","2021-06-18","2021-09-12"
"12024","2021-06-22","2025-02-02"
"12025","2021-07-30","2021-07-30"
"12026","2021-07-15","2025-07-22"
"12027","2021-06-11","2026-06-04"
"12028","2022-05-31","2026-05-31"
"12029","2021-10-03","2025-12-15"
"12030","2022-04-30","2023-03-27"
"12031","2022-02-20","2023-10-20"
"12032","2022-02-02","2026-05-16"
"12033","2021-06-12","2023-05-23"
"12034","2021-07-09","2026-05-09"
"12035","",""
"12036","2021-06-03","2021-11-16"
"12037","2021-06-12","2023-08-15"
"12038","",""
"12039","2021-06-05","2025-11-08"
"12040","2021-06-14","2026-06-01"
"12041","2022-03-07","2023-01-22"
"12042","2023-01-03","2026-02-26"
"12043","2024-03-30","2026-01-03"
"12044","2021-06-06","2026-05-28"
"12045","2021-08-31","2026-04-17"
"12046","2021-06-09","2022-03-19"
"12047","",""
"12048","2021-06-22","2026-06-13"
"12049","2021-09-06","2023-09-04"
"12050","2021-06-13","2022-06-24"
"12051","2021-10-16","2026-04-05"
"12052","2022-07-01","2025-11-04"
"12053","2022-11-25","2024-04-30"
"12054","2021-08-02","2021-08-02"
"12055","2021-09-24","2025-10-25"
"12056","2022-06-11","2026-05-03"
"12057","",""
"12058","",""
"12059","2021-12-19","2025-10-12"
"12060","2022-05-15","2025-05-28"
"12061","2021-09-04","2023-08-21"
"12062","2021-07-26","2021-09-18"
"12063","",""
"12064","",""
"12065","2021-09-28","2025-07-01"
"12066","",""
"12067","2022-02-18","2022-06-01"
"12068","2021-06-29","2026-05-14"
"12069","2021-06-21","2026-05-10"
"12070","2021-07-13","2025-06-30"
"12071","2021-06-30","2026-04-30"
"12072","2021-06-27","2021-10-31"
"12073","2021-07-08","2025-12-12"
"12074","2025-07-31","2025-07-31"
"12075","2021-06-14","2023-08-27"
"12076","2021-08-08","2026-02-28"
"12077","2021-08-07","2024-08-04"
"12078","2022-08-07","2023-08-25"
"12079","2021-07-25","2021-07-31"
"12080","2023-04-12","2025-12-31"
"12081","2021-07-15","2021-07-15"
"12082","2021-08-06","2026-01-31"
"12083","2021-06-12","2021-11-07"
"12084","2021-07-20","2026-06-08"
"12085","2021-08-26","2022-03-05"
"12086","2021-06-12","2025-12-23"
"12087","2021-12-15","2026-05-29"
"12088","",""
"12089","2021-11-28","2022-12-30"
"12090","2021-06-25","2023-06-10"
"12091","2021-07-15","2021-07-15"
"12092","2022-05-31","2024-07-28"
"12093","2021-07-01","2026-03-14"
"12094","2021-06-14","2022-12-25"
"12095","2022-08-26","2023-09-11"
"12096","2021-06-27","2024-10-03"
"12097","",""
"12098","2021-06-21","2022-12-12"
"12099","2021-07-01","2021-07-01"
"12100","",""
"12101","2021-07-17","2021-08-29"
"12102","2021-06-14","2023-08-13"
"12103","2021-06-20","2023-10-21"
"12104","2021-07-20","2025-03-21"
"12105","2021-07-16","2026-04-07"
"12106","2022-09-02","2026-05-25"
"12107","2021-07-01","2026-06-13"
"12108","2021-06-17","2025-01-19"
"12109","2022-03-31","2025-08-27"
"12110","2021-07-21","2025-10-03"
"12111","2021-07-20","2023-12-26"
"12112","2021-07-19","2023-11-26"
"12113","2021-06-27","2022-12-05"
"12114","2021-08-21","2024-01-19"
"12115","2021-07-24","2025-07-10"
"12116","2021-07-11","2023-08-28"
"12117","2021-08-15","2025-06-14"
"12118","2021-06-22","2026-05-25"
"12119","2021-08-31","2025-08-20"
"12120","2021-08-31","2026-05-31"
"12121","2021-08-08","2022-08-16"
"12122","2021-11-08","2026-02-15"
"12123","2021-09-12","2023-10-21"
"12124","2022-05-19","2025-10-20"
"12125","2021-07-02","2025-09-27"
"12126","2022-01-03","2026-06-02"
"12127","2021-07-05","2022-08-07"
"12128","2021-07-10","2023-11-11"
"12129","2021-07-26","2021-07-26"
"12130","2021-08-27","2025-04-07"
"12131","",""
"12132","2021-07-02","2022-12-28"
"12133","2021-07-05","2021-09-18"
"12134","",""
"12135","2021-10-05","2021-10-05"
"12136","2021-10-01","2021-10-01"
"12137","2021-06-28","2024-07-07"
"12138","2021-07-14","2026-05-26"
"12139","2021-07-01","2026-05-31"
"12140","2021-10-31","2026-06-18"
"12141","2021-06-29","2023-09-03"
"12142","2021-06-27","2023-10-31"
"12143","2022-06-01","2024-03-01"
"12144","2021-07-26","2026-05-25"
"12145","2021-08-08","2023-09-24"
"12146","2021-10-24","2023-09-05"
"12147","2021-06-21","2023-08-31"
"12148","",""
"12149","2021-07-31","2026-03-10"
"12150","2021-07-20","2023-10-15"
"12151","2021-07-14","2026-06-12"
"12152","2022-06-25","2023-08-27"
"12153","2021-10-31","2025-09-07"
"12154","2021-09-18","2026-06-06"
"12155","2021-07-24","2026-04-20"
"12156","2021-08-19","2025-08-31"
"12157","2021-07-20","2023-06-25"
"12158","2021-07-01","2026-05-08"
"12159","2022-07-01","2022-07-01"
"12160","2021-08-08","2023-06-24"
"12161","2021-08-01","2023-03-26"
"12162","2022-06-14","2022-10-31"
"12163","2021-06-25","2022-04-15"
"12164","2021-07-04","2026-05-31"
"12165","2021-06-27","2025-10-29"
"12166","2021-11-13","2022-08-13"
"12167","2021-07-01","2022-05-05"
"12168","2021-07-18","2021-07-18"
"12169","2021-06-25","2025-05-31"
"12170","2021-06-30","2022-07-05"
"12171","2021-07-06","2026-06-09"
"12172","2021-12-18","2026-03-05"
"12173","2021-10-14","2023-09-04"
"12174","2021-07-31","2025-05-08"
"12175","2021-08-03","2026-05-20"
"12176","2021-07-05","2026-01-15"
"12177","2021-07-31","2026-03-31"
"12178","2022-01-02","2023-01-02"
"12179","2021-10-23","2025-12-22"
"12180","2021-07-08","2026-06-04"
"12181","",""
"12182","2021-10-03","2023-04-01"
"12183","2021-09-05","2025-10-13"
"12184","2021-07-25","2026-03-14"
"12185","2021-08-01","2026-05-06"
"12186","",""
"12187","2021-07-24","2026-03-10"
"12188","2021-09-04","2021-09-04"
"12189","2022-12-29","2022-12-29"
"12190","2021-07-20","2026-05-29"
"12191","2021-07-12","2026-01-17"
"12192","2021-06-30","2025-12-14"
"12193","",""
"12194","2022-08-28","2026-05-31"
"12195","2022-01-16","2026-05-31"
"12196","2022-01-30","2026-05-03"
"12197","2022-02-27","2025-09-01"
"12198","2021-10-18","2026-05-30"
"12199","2021-11-28","2026-04-05"
"12200","2021-07-17","2021-07-25"
"12201","2021-07-17","2025-11-09"
"12202","2021-07-11","2026-06-08"
"12203","2021-08-31","2025-09-17"
"12204","2021-10-11","2021-10-11"
"12205","",""
"12206","",""
"12207","2022-11-10","2026-06-03"
"12208","2021-12-01","2026-05-13"
"12209","2021-07-05","2026-05-30"
"12210","2021-10-17","2023-07-10"
"12211","2022-04-06","2025-05-31"
"12212","2021-09-01","2022-05-31"
"12213","2021-07-11","2023-07-17"
"12214","2021-07-13","2025-12-17"
"12215","2022-09-18","2025-08-02"
"12216","",""
"12217","",""
"12218","",""
"12219","2021-07-05","2025-11-15"
"12220","2021-07-29","2026-03-04"
"12221","2021-07-02","2026-05-24"
"12222","2021-09-07","2021-10-02"
"12223","2022-07-28","2023-01-04"
"12224","2021-07-19","2026-05-22"
"12225","2021-08-01","2026-05-29"
"12226","2021-08-29","2026-03-02"
"12227","2021-08-10","2021-11-07"
"12228","2021-07-05","2026-06-09"
"12229","",""
"12230","2021-07-07","2024-10-07"
"12231","2021-07-01","2023-09-21"
"12232","2023-08-20","2026-06-07"
"12233","2021-09-23","2026-05-28"
"12234","2022-10-11","2022-10-11"
"12235","2021-08-31","2026-05-15"
"12236","2021-08-16","2026-05-02"
"12237","2021-09-01","2025-08-04"
"12238","2021-07-18","2024-07-31"
"12239","2021-07-05","2023-06-13"
"12240","2021-08-20","2023-10-30"
"12241","2021-07-28","2022-03-21"
"12242","2021-08-08","2026-06-01"
"12243","2022-01-31","2025-08-11"
"12244","2021-07-31","2026-04-03"
"12245","2021-09-19","2025-12-12"
"12246","2021-08-12","2024-04-23"
"12247","",""
"12248","2022-12-28","2023-06-30"
"12249","",""
"12250","2021-09-22","2025-12-01"
"12251","2022-03-05","2025-09-30"
"12252","",""
"12253","",""
"12254","2022-01-17","2022-09-12"
"12255","2021-07-09","2026-05-24"
"12256","2021-08-04","2026-04-08"
"12257","2021-09-30","2026-05-17"
"12258","2021-07-13","2026-05-27"
"12259","2021-12-03","2026-04-05"
"12260","2021-09-05","2026-05-04"
"12261","2021-09-03","2023-09-25"
"12262","2022-07-17","2026-06-02"
"12263","2021-08-18","2023-02-17"
"12264","2021-11-25","2025-12-12"
"12265","2022-03-28","2024-04-02"
"12266","2025-09-08","2025-09-08"
"12267","2021-07-08","2023-11-05"
"12268","2021-08-30","2024-02-23"
"12269","2021-10-11","2025-08-01"
"12270","2021-08-02","2022-08-08"
"12271","2021-07-18","2024-12-31"
"12272","2021-09-01","2025-05-16"
"12273","",""
"12274","2021-08-11","2025-07-08"
"12275","2021-07-28","2026-05-16"
"12276","2021-08-22","2024-03-31"
"12277","2021-08-31","2021-08-31"
"12278","2021-08-15","2025-08-16"
"12279","2021-07-11","2022-01-16"
"12280","2021-07-17","2026-06-01"
"12281","2021-07-17","2024-08-09"
"12282","2021-07-12","2026-06-07"
"12283","2023-05-21","2025-09-12"
"12284","2021-09-15","2025-07-22"
"12285","2021-08-10","2025-06-10"
"12286","2021-08-07","2022-05-01"
"12287","2021-12-26","2023-06-14"
"12288","2021-07-27","2023-01-02"
"12289","2022-05-07","2022-05-07"
"12290","2021-08-31","2026-05-31"
"12291","2021-08-07","2024-11-19"
"12292","2021-07-25","2026-02-07"
"12293","2021-09-06","2025-07-10"
"12294","2021-12-01","2023-09-01"
"12295","",""
"12296","2021-08-29","2026-04-30"
"12297","2021-08-26","2024-08-01"
"12298","2021-07-15","2024-05-24"
"12299","2021-07-23","2023-07-26"
"12300","",""
"12301","2021-07-23","2026-02-17"
"12302","2024-07-10","2024-08-28"
"12303","2021-11-18","2026-04-12"
"12304","2021-07-31","2026-05-09"
"12305","2021-09-07","2026-01-09"
"12306","2021-08-23","2023-01-27"
"12307","2022-06-26","2022-08-05"
"12308","2021-07-25","2025-12-25"
"12309","",""
"12310","2021-09-15","2026-05-16"
"12311","2021-08-06","2025-03-03"
"12312","2021-11-08","2026-05-30"
"12313","2023-06-14","2024-04-30"
"12314","2021-08-02","2026-05-28"
"12315","2021-08-15","2021-10-03"
"12316","2021-12-28","2022-09-08"
"12317","2021-12-07","2026-05-06"
"12318","2021-09-04","2023-09-04"
"12319","2022-10-11","2023-01-02"
"12320","",""
"12321","",""
"12322","",""
"12323","2026-03-13","2026-03-13"
"12324","2021-07-25","2026-05-24"
"12325","2021-12-02","2023-04-22"
"12326","2021-07-17","2026-06-13"
"12327","2022-06-25","2026-05-16"
"12328","2021-08-03","2026-05-17"
"12329","2021-07-21","2025-05-13"
"12330","2021-08-06","2025-02-28"
"12331","2021-08-29","2026-05-29"
"12332","2022-04-01","2026-05-21"
"12333","2021-07-30","2025-12-17"
"12334","2021-09-01","2023-09-03"
"12335","2021-08-28","2026-05-06"
"12336","2021-10-03","2023-08-31"
"12337","2021-08-06","2026-06-01"
"12338","2021-09-17","2026-05-16"
"12339","2021-10-03","2023-05-07"
"12340","2021-12-14","2021-12-14"
"12341","2021-08-29","2026-05-29"
"12342","2022-07-01","2025-11-19"
"12343","2021-07-19","2023-11-03"
"12344","2021-08-26","2023-09-30"
"12345","2021-08-11","2021-08-28"
"12346","2021-10-31","2024-01-25"
"12347","2021-11-26","2023-05-31"
"12348","2021-10-17","2021-10-17"
"12349","",""
"12350","2021-09-13","2022-10-09"
"12351","2022-08-17","2023-09-23"
"12352","2021-11-29","2025-08-02"
"12353","2021-08-29","2021-09-25"
"12354","2021-08-07","2022-03-01"
"12355","2021-07-31","2022-01-09"
"12356","2021-10-31","2022-01-03"
"12357","2021-08-04","2026-05-19"
"12358","2022-09-08","2024-08-31"
"12359","2023-05-17","2023-10-01"
"12360","2021-08-28","2026-04-16"
"12361","2021-07-25","2023-10-16"
"12362","",""
"12363","2021-08-31","2025-09-27"
"12364","2021-08-07","2022-03-27"
"12365","2021-11-30","2023-11-20"
"12366","2021-08-24","2022-01-05"
"12367","2021-09-27","2025-11-30"
"12368","2022-05-30","2022-08-24"
"12369","",""
"12370","2022-08-21","2023-09-09"
"12371","2021-12-22","2025-11-22"
"12372","2022-01-05","2023-09-30"
"12373","2021-08-17","2021-08-17"
"12374","",""
"12375","2022-04-10","2026-06-02"
"12376","2021-07-26","2026-06-11"
"12377","2021-07-24","2026-06-03"
"12378","2021-09-06","2023-07-31"
"12379","2022-10-10","2022-10-10"
"12380","2022-01-09","2023-06-24"
"12381","2022-07-23","2022-07-23"
"12382","2021-08-01","2026-05-02"
"12383","2021-09-03","2023-05-23"
"12384","2021-09-01","2026-03-31"
"12385","2022-04-01","2024-11-02"
"12386","2021-09-12","2026-06-09"
"12387","2021-09-27","2023-07-14"
"12388","2021-07-29","2023-06-06"
"12389","2021-08-23","2026-04-01"
"12390","2021-12-22","2025-05-02"
"12391","2021-08-09","2023-09-02"
"12392","2021-08-26","2026-05-26"
"12393","2021-08-17","2023-11-01"
"12394","2021-09-01","2021-09-01"
"12395","2021-08-08","2022-10-09"
"12396","2022-07-25","2025-08-09"
"12397","2021-09-29","2024-08-29"
"12398","2021-10-07","2026-05-13"
"12399","2022-11-04","2024-07-22"
"12400","2021-08-10","2025-11-06"
"12401","2021-08-01","2026-03-26"
"12402","2021-08-23","2023-06-18"
"12403","2021-08-05","2023-03-12"
"12404","2021-09-05","2021-09-05"
"12405","2021-08-24","2023-08-30"
"12406","2021-09-04","2023-07-30"
"12407","2021-08-31","2023-09-03"
"12408","2023-05-10","2025-08-14"
"12409","2021-10-11","2025-12-06"
"12410","",""
"12411","2021-10-02","2025-11-12"
"12412","2021-08-10","2023-10-14"
"12413","2022-02-03","2023-08-14"
"12414","2021-12-25","2026-04-28"
"12415","2021-11-01","2022-10-31"
"12416","2023-09-19","2026-05-31"
"12417","2021-09-06","2023-09-03"
"12418","2021-08-22","2021-09-16"
"12419","",""
"12420","2023-01-18","2025-11-26"
"12421","2021-08-26","2023-04-25"
"12422","2021-09-30","2021-09-30"
"12423","",""
"12424","2022-07-27","2022-07-27"
"12425","2021-09-06","2025-08-31"
"12426","2021-08-31","2023-04-01"
"12427","2021-09-11","2026-05-13"
"12428","2021-09-08","2025-11-25"
"12429","",""
"12430","2021-10-09","2023-06-10"
"12431","2021-08-10","2023-08-17"
"12432","2021-08-05","2025-11-30"
"12433","2022-12-22","2023-04-17"
"12434","2021-09-13","2024-08-15"
"12435","2022-11-09","2026-05-20"
"12436","2022-07-14","2026-05-25"
"12437","2021-08-08","2023-09-04"
"12438","2022-05-23","2023-11-30"
"12439","",""
"12440","2021-08-08","2023-09-24"
"12441","",""
"12442","2021-08-20","2021-08-20"
"12443","2021-11-28","2023-03-12"
"12444","2021-09-07","2023-11-07"
"12445","2021-08-17","2026-04-25"
"12446","2021-08-05","2026-06-06"
"12447","2021-08-07","2026-05-18"
"12448","2021-10-12","2023-07-16"
"12449","2021-11-18","2026-04-19"
"12450","2021-08-28","2024-12-02"
"12451","",""
"12452","2022-05-14","2025-12-21"
"12453","",""
"12454","2021-09-15","2026-02-01"
"12455","2021-08-18","2026-01-02"
"12456","2021-08-09","2025-08-23"
"12457","2021-08-08","2023-06-28"
"12458","",""
"12459","2021-09-07","2026-06-01"
"12460","2021-08-27","2023-01-01"
"12461","2021-09-27","2026-05-23"
"12462","2021-08-12","2026-06-14"
"12463","2022-03-17","2025-12-31"
"12464","2021-09-30","2026-05-24"
"12465","",""
"12466","2021-10-24","2021-10-24"
"12467","2021-10-31","2022-12-09"
"12468","2021-09-05","2025-01-17"
"12469","",""
"12470","2021-09-25","2023-12-05"
"12471","2022-06-27","2024-08-31"
"12472","",""
"12473","2021-11-08","2023-11-08"
"12474","2021-11-06","2026-01-24"
"12475","2021-10-26","2025-12-28"
"12476","2021-12-01","2023-02-12"
"12477","2021-09-26","2025-01-03"
"12478","2021-09-21","2025-01-15"
"12479","2021-08-24","2023-12-03"
"12480","2023-09-01","2024-07-31"
"12481","2021-08-14","2023-07-31"
"12482","2021-09-13","2022-06-20"
"12483","2021-08-20","2025-06-01"
"12484","2021-10-13","2023-06-17"
"12485","2021-10-02","2025-08-09"
"12486","2021-09-06","2025-10-03"
"12487","2021-08-21","2026-04-12"
"12488","2021-08-11","2023-01-05"
"12489","2023-06-12","2023-10-15"
"12490","2021-09-16","2026-03-31"
"12491","2021-09-17","2024-12-13"
"12492","2021-08-14","2026-05-26"
"12493","2021-09-22","2023-07-17"
"12494","2023-01-04","2023-11-05"
"12495","",""
"12496","",""
"12497","",""
"12498","2021-12-20","2023-09-24"
"12499","2022-07-23","2024-06-30"
"12500","2021-08-27","2023-09-05"
"12501","2022-02-13","2024-09-25"
"12502","",""
"12503","",""
"12504","",""
"12505","2021-08-20","2025-09-15"
"12506","2021-12-31","2022-10-31"
"12507","2021-09-06","2026-05-31"
"12508","2021-08-21","2026-06-06"
"12509","2021-10-06","2023-07-01"
"12510","2021-11-27","2021-11-27"
"12511","2022-01-04","2022-01-04"
"12512","",""
"12513","2021-11-18","2021-11-18"
"12514","2021-08-18","2026-05-24"
"12515","2022-04-23","2026-04-10"
"12516","2022-01-02","2026-03-02"
"12517","2021-08-18","2025-11-20"
"12518","2021-09-10","2022-09-27"
"12519","2021-08-16","2023-09-03"
"12520","2021-08-30","2026-05-24"
"12521","2022-06-15","2026-05-31"
"12522","2021-10-01","2026-02-04"
"12523","",""
"12524","2022-09-06","2023-09-03"
"12525","2021-10-31","2026-04-15"
"12526","2022-05-14","2026-03-02"
"12527","2023-03-16","2025-01-17"
"12528","2021-08-22","2023-02-20"
"12529","2021-08-23","2026-04-17"
"12530","2021-11-14","2023-09-16"
"12531","2021-08-25","2022-12-06"
"12532","2021-08-28","2026-04-18"
"12533","2021-09-05","2026-06-02"
"12534","",""
"12535","2021-08-26","2023-09-05"
"12536","2021-09-19","2021-11-13"
"12537","2021-08-27","2023-08-27"
"12538","2022-03-05","2022-03-05"
"12539","",""
"12540","2021-09-29","2022-05-29"
"12541","2021-08-27","2022-12-04"
"12542","2021-09-19","2025-11-02"
"12543","",""
"12544","2021-09-06","2026-05-17"
"12545","2022-01-03","2024-02-29"
"12546","",""
"12547","",""
"12548","",""
"12549","2021-12-31","2024-11-04"
"12550","",""
"12551","2021-08-28","2026-05-31"
"12552","2021-09-06","2023-04-07"
"12553","",""
"12554","2021-10-01","2022-03-13"
"12555","",""
"12556","2021-08-22","2026-05-30"
"12557","2021-12-09","2021-12-09"
"12558","",""
"12559","2024-05-31","2026-05-22"
"12560","2022-06-07","2022-06-07"
"12561","2022-10-30","2023-10-01"
"12562","2021-11-15","2023-12-31"
"12563","2021-09-11","2023-08-06"
"12564","2022-12-01","2025-06-01"
"12565","2021-09-11","2026-06-03"
"12566","2021-08-24","2026-05-30"
"12567","2021-08-30","2025-10-13"
"12568","2022-08-06","2025-07-20"
"12569","2022-06-22","2025-04-30"
"12570","2021-12-15","2026-02-07"
"12571","2022-12-15","2025-03-23"
"12572","2021-09-02","2026-02-01"
"12573","2021-08-29","2026-05-27"
"12574","2021-09-16","2025-10-06"
"12575","2022-06-03","2026-04-22"
"12576","2021-09-11","2023-05-27"
"12577","2021-12-14","2021-12-14"
"12578","2021-09-03","2026-05-29"
"12579","2021-12-26","2024-07-28"
"12580","2021-08-28","2023-10-23"
"12581","2023-07-12","2025-10-16"
"12582","2021-12-05","2022-04-23"
"12583","",""
"12584","2023-12-23","2025-09-11"
"12585","2021-09-27","2023-09-04"
"12586","",""
"12587","",""
"12588","2025-03-15","2025-03-15"
"12589","2022-11-02","2025-12-01"
"12590","2024-11-30","2026-04-30"
"12591","2021-09-05","2021-09-05"
"12592","2021-08-27","2023-12-03"
"12593","2022-02-17","2023-09-05"
"12594","2021-09-11","2021-10-31"
"12595","2021-10-17","2023-08-15"
"12596","",""
"12597","2023-04-30","2025-05-05"
"12598","2023-08-02","2023-08-02"
"12599","2022-08-10","2022-08-10"
"12600","2022-03-19","2024-02-03"
"12601","",""
"12602","",""
"12603","",""
"12604","",""
"12605","",""
"12606","",""
"12607","",""
"12608","2022-07-01","2023-05-01"
"12609","2021-10-08","2022-03-03"
"12610","",""
"12611","2021-10-02","2022-07-31"
"12612","2021-09-01","2023-09-05"
"12613","2021-12-04","2025-08-27"
"12614","2021-09-17","2026-05-02"
"12615","2021-09-12","2026-05-23"
"12616","2021-09-06","2026-05-26"
"12617","2021-09-06","2026-04-20"
"12618","2023-05-21","2024-10-31"
"12619","2023-01-16","2024-10-17"
"12620","2021-10-26","2026-05-23"
"12621","2021-09-05","2025-09-08"
"12622","2021-10-04","2021-12-22"
"12623","2021-09-06","2026-06-05"
"12624","2021-10-17","2026-05-03"
"12625","2021-09-09","2026-04-08"
"12626","",""
"12627","2021-09-06","2026-05-29"
"12628","2022-02-23","2022-04-19"
"12629","2021-09-26","2025-01-05"
"12630","2021-09-19","2026-05-23"
"12631","2021-11-25","2025-06-06"
"12632","2021-10-02","2023-11-12"
"12633","",""
"12634","2022-05-29","2026-03-17"
"12635","2022-06-20","2026-05-25"
"12636","2022-11-20","2025-07-31"
"12637","2021-09-08","2025-12-30"
"12638","2021-09-01","2026-03-27"
"12639","2021-09-29","2026-03-09"
"12640","2021-10-30","2022-08-10"
"12641","2021-11-30","2025-07-01"
"12642","",""
"12643","2021-10-15","2022-07-03"
"12644","2021-10-22","2022-09-11"
"12645","",""
"12646","",""
"12647","2021-10-06","2025-04-11"
"12648","2021-10-19","2026-03-20"
"12649","2021-10-05","2024-01-01"
"12650","2021-09-19","2022-04-25"
"12651","2021-10-09","2026-03-02"
"12652","2021-10-07","2026-05-17"
"12653","2022-03-21","2026-04-16"
"12654","2021-09-10","2025-11-26"
"12655","2022-07-17","2025-08-31"
"12656","2022-01-18","2026-05-04"
"12657","2021-10-06","2025-04-23"
"12658","2021-09-04","2023-12-05"
"12659","2021-09-06","2023-11-23"
"12660","2021-10-10","2022-06-15"
"12661","2021-10-16","2026-06-04"
"12662","2021-09-18","2026-06-10"
"12663","2021-10-31","2025-12-10"
"12664","2021-10-07","2025-08-08"
"12665","2021-10-11","2026-05-24"
"12666","2021-10-22","2026-05-27"
"12667","2021-09-29","2023-10-31"
"12668","2021-09-24","2023-08-06"
"12669","2021-09-14","2023-08-21"
"12670","2021-09-21","2023-09-04"
"12671","2022-01-23","2025-12-14"
"12672","2021-12-26","2022-11-25"
"12673","2021-09-18","2025-04-06"
"12674","2021-10-01","2026-05-16"
"12675","2021-09-15","2026-05-17"
"12676","2022-11-01","2026-05-31"
"12677","2021-10-03","2022-07-01"
"12678","2021-09-15","2026-03-07"
"12679","2021-09-10","2024-11-05"
"12680","2022-09-04","2026-01-01"
"12681","2022-12-04","2026-06-02"
"12682","2021-10-31","2026-05-14"
"12683","2021-09-23","2025-10-14"
"12684","2021-10-18","2025-09-30"
"12685","2021-12-05","2025-03-03"
"12686","2021-10-11","2024-01-18"
"12687","2025-05-25","2025-12-18"
"12688","2021-09-20","2026-06-09"
"12689","2024-03-18","2025-09-19"
"12690","2021-10-08","2026-06-13"
"12691","2022-04-24","2026-04-15"
"12692","2021-12-10","2025-10-26"
"12693","2024-08-31","2026-06-04"
"12694","2021-09-21","2023-10-15"
"12695","2021-10-10","2026-06-04"
"12696","2021-10-01","2026-05-30"
"12697","2021-11-27","2022-08-05"
"12698","2021-10-31","2025-09-17"
"12699","2021-10-11","2026-01-03"
"12700","2021-09-12","2026-05-29"
"12701","",""
"12702","2022-07-15","2026-06-04"
"12703","2021-09-19","2025-11-01"
"12704","2022-05-25","2025-12-21"
"12705","2023-02-09","2026-01-18"
"12706","2021-09-22","2023-06-10"
"12707","2021-10-30","2026-05-31"
"12708","2021-09-25","2022-01-02"
"12709","2022-07-03","2023-09-10"
"12710","2022-01-10","2026-02-22"
"12711","2021-11-30","2026-04-12"
"12712","",""
"12713","2021-12-01","2025-07-15"
"12714","2021-09-14","2026-05-08"
"12715","2021-10-24","2026-04-18"
"12716","2022-02-11","2026-04-23"
"12717","",""
"12718","",""
"12719","2021-10-15","2023-10-10"
"12720","",""
"12721","2021-10-31","2023-01-05"
"12722","",""
"12723","2021-09-23","2026-04-17"
"12724","2021-10-31","2025-10-28"
"12725","2021-10-09","2022-04-01"
"12726","2021-09-26","2023-08-13"
"12727","2021-09-25","2023-02-12"
"12728","2021-10-10","2023-09-04"
"12729","2021-09-26","2026-05-23"
"12730","2021-10-31","2022-12-10"
"12731","2021-10-05","2022-12-11"
"12732","2021-10-21","2023-09-25"
"12733","2023-08-19","2023-08-19"
"12734","",""
"12735","2025-07-21","2025-07-21"
"12736","2022-04-13","2026-01-04"
"12737","2021-10-11","2026-04-21"
"12738","2021-10-13","2026-05-04"
"12739","2021-09-27","2026-06-10"
"12740","2021-11-22","2024-10-02"
"12741","",""
"12742","2021-09-23","2025-06-12"
"12743","2021-10-10","2023-09-05"
"12744","",""
"12745","2022-11-27","2023-11-07"
"12746","2022-02-12","2025-10-18"
"12747","2022-03-19","2025-10-05"
"12748","2021-12-19","2022-01-03"
"12749","2021-09-27","2025-07-24"
"12750","2021-10-01","2023-11-05"
"12751","2021-10-20","2026-05-24"
"12752","2022-06-19","2023-09-03"
"12753","2021-11-11","2026-01-31"
"12754","2022-08-31","2026-05-18"
"12755","2021-09-27","2026-06-07"
"12756","2021-09-19","2023-07-14"
"12757","2021-09-26","2024-10-21"
"12758","2022-08-01","2026-03-30"
"12759","2021-12-05","2025-03-26"
"12760","2021-12-12","2024-07-28"
"12761","2021-11-22","2026-01-02"
"12762","2021-10-24","2026-03-23"
"12763","2021-12-15","2024-05-20"
"12764","",""
"12765","2021-12-21","2026-04-30"
"12766","2022-01-09","2022-10-15"
"12767","2021-10-31","2022-03-09"
"12768","2021-09-26","2026-01-31"
"12769","2022-08-18","2026-06-06"
"12770","2022-07-30","2025-08-31"
"12771","2021-10-10","2023-02-21"
"12772","2021-10-28","2026-05-31"
"12773","2022-04-18","2022-07-27"
"12774","2021-10-03","2026-03-26"
"12775","2021-11-16","2026-06-03"
"12776","2021-09-29","2023-08-28"
"12777","",""
"12778","2021-11-30","2021-11-30"
"12779","2021-10-10","2026-05-02"
"12780","2021-10-05","2023-08-06"
"12781","2021-10-08","2023-11-06"
"12782","2021-10-04","2024-06-13"
"12783","",""
"12784","2021-10-12","2025-02-22"
"12785","2022-02-24","2022-02-24"
"12786","2022-04-03","2026-05-24"
"12787","2021-12-26","2022-11-01"
"12788","2021-10-14","2026-05-28"
"12789","2021-09-25","2026-02-02"
"12790","2021-10-17","2022-10-31"
"12791","2021-10-03","2026-05-07"
"12792","2021-10-21","2023-12-26"
"12793","2022-06-23","2026-05-29"
"12794","2022-04-12","2025-10-30"
"12795","2021-10-12","2026-05-31"
"12796","2024-11-14","2024-12-21"
"12797","2022-03-14","2025-06-06"
"12798","2021-10-11","2026-05-24"
"12799","2021-10-28","2025-12-06"
"12800","2022-03-15","2025-06-21"
"12801","2021-10-03","2026-06-09"
"12802","2021-10-03","2023-09-04"
"12803","2021-12-06","2026-06-07"
"12804","2021-12-06","2023-07-31"
"12805","2021-10-10","2021-10-23"
"12806","2022-03-20","2022-12-11"
"12807","2021-10-11","2023-11-08"
"12808","2022-04-01","2023-08-23"
"12809","2021-10-01","2026-05-15"
"12810","2021-10-30","2024-07-27"
"12811","",""
"12812","2021-11-09","2026-05-05"
"12813","2021-11-05","2026-05-24"
"12814","2021-10-08","2026-05-05"
"12815","2021-10-17","2022-10-31"
"12816","2022-03-31","2026-01-30"
"12817","2021-10-16","2023-08-12"
"12818","2022-06-30","2024-04-16"
"12819","2021-10-24","2023-09-03"
"12820","2023-01-03","2023-06-11"
"12821","2022-01-07","2023-11-24"
"12822","2021-10-03","2026-05-21"
"12823","2021-10-08","2026-05-29"
"12824","2022-03-05","2026-05-28"
"12825","2021-10-10","2022-12-23"
"12826","2021-10-11","2026-01-11"
"12827","2022-05-08","2025-12-21"
"12828","2022-09-30","2025-12-06"
"12829","2022-09-13","2026-01-28"
"12830","2022-05-01","2025-12-21"
"12831","2021-12-19","2026-03-28"
"12832","2021-11-24","2026-06-05"
"12833","2021-11-06","2026-01-08"
"12834","2022-04-25","2022-05-03"
"12835","",""
"12836","2021-11-19","2022-10-08"
"12837","",""
"12838","2021-12-05","2026-06-05"
"12839","2021-10-04","2023-11-29"
"12840","2021-10-05","2023-09-24"
"12841","2021-10-10","2024-06-05"
"12842","2022-01-05","2024-05-01"
"12843","2021-10-25","2022-07-20"
"12844","2021-10-13","2026-05-25"
"12845","2021-12-07","2024-08-19"
"12846","2022-03-23","2022-03-23"
"12847","2023-02-01","2023-02-03"
"12848","2021-10-11","2024-08-31"
"12849","2021-10-12","2026-06-03"
"12850","2021-12-31","2026-05-02"
"12851","",""
"12852","2022-01-07","2025-10-24"
"12853","2021-10-31","2023-11-05"
"12854","",""
"12855","2021-10-10","2025-09-10"
"12856","2021-10-10","2026-06-12"
"12857","2022-11-14","2024-02-02"
"12858","2021-10-09","2025-09-01"
"12859","2022-02-14","2022-11-26"
"12860","2022-05-22","2022-05-22"
"12861","2021-10-11","2023-07-06"
"12862","2022-10-02","2026-04-23"
"12863","2021-10-19","2022-06-20"
"12864","2021-10-31","2026-06-07"
"12865","2021-10-29","2026-06-09"
"12866","",""
"12867","2021-12-15","2022-03-31"
"12868","2021-11-30","2022-02-01"
"12869","2022-09-13","2023-01-02"
"12870","2021-10-24","2023-10-15"
"12871","2023-10-05","2026-05-13"
"12872","",""
"12873","",""
"12874","2021-10-12","2026-05-20"
"12875","2021-10-10","2023-09-09"
"12876","2021-10-20","2023-01-01"
"12877","2021-11-03","2023-08-12"
"12878","",""
"12879","2022-06-12","2022-11-28"
"12880","2021-11-28","2026-06-01"
"12881","",""
"12882","2021-10-25","2023-11-03"
"12883","2021-11-02","2026-05-27"
"12884","",""
"12885","2021-11-01","2026-03-27"
"12886","2023-09-03","2025-08-02"
"12887","",""
"12888","2021-11-20","2026-05-02"
"12889","2021-12-05","2025-12-13"
"12890","2021-11-19","2026-06-11"
"12891","",""
"12892","",""
"12893","2021-11-01","2025-06-05"
"12894","2021-12-21","2021-12-21"
"12895","2021-12-09","2026-06-12"
"12896","2022-01-01","2025-12-15"
"12897","2021-10-31","2026-06-08"
"12898","",""
"12899","2021-11-14","2026-05-31"
"12900","2021-11-08","2022-07-18"
"12901","2022-01-05","2022-01-05"
"12902","2021-10-25","2023-05-14"
"12903","2022-03-07","2024-08-12"
"12904","2021-10-17","2023-11-01"
"12905","2021-11-01","2026-02-04"
"12906","2021-12-17","2026-04-28"
"12907","2021-11-24","2026-03-03"
"12908","2021-12-05","2025-06-26"
"12909","2021-11-27","2026-05-17"
"12910","2021-11-23","2025-09-01"
"12911","2021-11-14","2023-09-17"
"12912","2021-11-25","2026-06-01"
"12913","2021-12-06","2026-06-11"
"12914","2021-10-30","2025-09-29"
"12915","2021-11-22","2023-08-06"
"12916","2021-10-17","2023-12-03"
"12917","2021-10-30","2025-10-08"
"12918","2021-12-05","2025-06-15"
"12919","2024-02-04","2026-05-15"
"12920","2021-11-28","2022-02-02"
"12921","2021-11-11","2025-11-30"
"12922","2022-02-28","2023-09-29"
"12923","2021-12-02","2025-06-06"
"12924","2021-10-25","2025-08-08"
"12925","2021-11-04","2025-11-24"
"12926","2021-11-11","2026-05-30"
"12927","2021-11-14","2023-10-21"
"12928","2021-11-02","2023-09-01"
"12929","2021-12-31","2025-11-19"
"12930","2021-11-22","2025-09-21"
"12931","2021-11-21","2023-10-07"
"12932","2022-01-06","2024-05-31"
"12933","2021-10-31","2026-05-12"
"12934","2022-01-03","2024-10-20"
"12935","2021-10-31","2026-06-12"
"12936","2025-07-06","2025-10-25"
"12937","2021-11-05","2026-05-22"
"12938","2022-02-14","2026-05-16"
"12939","",""
"12940","2021-11-25","2026-05-24"
"12941","2022-08-14","2026-05-29"
"12942","2021-11-23","2024-05-06"
"12943","2021-11-24","2023-10-08"
"12944","2021-11-26","2022-01-23"
"12945","2022-01-03","2025-08-08"
"12946","2021-11-27","2023-08-13"
"12947","2021-11-01","2026-06-07"
"12948","2021-11-06","2023-09-06"
"12949","2021-10-24","2023-07-03"
"12950","2022-02-21","2026-05-07"
"12951","2022-01-02","2025-06-04"
"12952","2022-01-31","2024-05-12"
"12953","2022-06-29","2024-04-13"
"12954","",""
"12955","2022-05-20","2025-12-19"
"12956","2022-09-30","2026-01-02"
"12957","2021-11-16","2023-11-14"
"12958","2021-11-17","2026-06-12"
"12959","2021-12-16","2025-11-22"
"12960","2022-07-31","2025-11-04"
"12961","2021-11-21","2023-10-18"
"12962","2021-11-02","2026-03-28"
"12963","2023-01-20","2026-05-31"
"12964","2021-11-02","2025-08-07"
"12965","2021-12-26","2022-09-30"
"12966","2021-10-30","2023-12-03"
"12967","2021-12-23","2025-12-18"
"12968","2021-11-05","2023-08-13"
"12969","2021-12-13","2021-12-13"
"12970","",""
"12971","2021-11-19","2023-09-05"
"12972","",""
"12973","2022-08-01","2025-12-19"
"12974","2021-11-08","2022-06-26"
"12975","2022-05-15","2023-09-02"
"12976","2022-07-31","2022-07-31"
"12977","2021-10-31","2026-01-01"
"12978","2022-10-01","2023-09-05"
"12979","2021-12-20","2023-04-10"
"12980","2021-11-15","2022-10-31"
"12981","2021-11-06","2025-09-01"
"12982","2022-02-05","2026-03-22"
"12983","2021-10-25","2022-12-04"
"12984","2022-02-18","2023-05-31"
"12985","2022-03-10","2022-03-28"
"12986","2022-01-02","2022-08-24"
"12987","2022-07-06","2023-05-14"
"12988","2021-11-06","2026-06-05"
"12989","2022-04-12","2026-06-09"
"12990","2021-11-02","2025-09-21"
"12991","2021-12-12","2026-06-03"
"12992","",""
"12993","2021-10-25","2026-06-11"
"12994","2021-11-09","2026-03-29"
"12995","2021-12-01","2023-06-25"
"12996","2021-12-20","2025-09-06"
"12997","2021-10-27","2026-02-16"
"12998","",""
"12999","",""
"13000","2021-12-26","2023-08-27"
"13001","2021-12-24","2025-12-03"
"13002","2022-05-10","2025-08-18"
"13003","2022-01-30","2023-09-05"
"13004","2021-11-13","2026-02-28"
"13005","2021-12-02","2026-04-11"
"13006","",""
"13007","2022-05-15","2025-10-14"
"13008","2021-11-21","2022-07-07"
"13009","2023-08-19","2023-08-26"
"13010","2025-08-10","2025-08-10"
"13011","2021-11-28","2023-10-11"
"13012","2021-11-25","2026-04-01"
"13013","2022-12-20","2026-04-14"
"13014","2021-11-21","2026-05-29"
"13015","2021-12-08","2024-06-18"
"13016","2021-11-16","2022-01-02"
"13017","2021-11-14","2026-05-06"
"13018","2021-12-16","2025-08-31"
"13019","2021-11-28","2022-12-28"
"13020","2021-10-29","2026-06-07"
"13021","2021-10-31","2025-01-04"
"13022","2021-10-29","2025-08-31"
"13023","2021-10-30","2026-04-17"
"13024","2021-11-15","2026-02-23"
"13025","2021-11-05","2026-04-18"
"13026","2021-11-21","2026-02-10"
"13027","2022-04-15","2023-07-06"
"13028","2021-11-03","2026-05-19"
"13029","2021-11-21","2026-05-10"
"13030","2021-11-06","2026-04-18"
"13031","2021-11-06","2025-06-01"
"13032","2021-11-07","2023-10-04"
"13033","2021-12-04","2023-09-04"
"13034","2021-11-25","2026-05-05"
"13035","2021-11-21","2025-01-31"
"13036","2021-11-20","2026-05-18"
"13037","2021-12-30","2026-05-24"
"13038","2022-06-15","2026-01-31"
"13039","2022-04-16","2026-06-01"
"13040","2022-07-06","2022-07-06"
"13041","2021-11-07","2026-06-02"
"13042","",""
"13043","2023-03-18","2023-06-28"
"13044","2021-11-14","2023-09-04"
"13045","2023-08-11","2023-08-11"
"13046","2022-01-22","2024-07-16"
"13047","2021-12-06","2025-08-22"
"13048","2021-11-01","2025-10-08"
"13049","2021-11-10","2025-08-23"
"13050","2021-12-19","2025-05-14"
"13051","2021-11-08","2023-12-09"
"13052","2022-11-14","2026-02-10"
"13053","2022-01-21","2022-04-09"
"13054","",""
"13055","2026-02-26","2026-02-26"
"13056","2021-12-05","2026-06-06"
"13057","2021-11-10","2026-04-05"
"13058","2023-09-04","2026-05-04"
"13059","",""
"13060","2022-01-11","2026-01-21"
"13061","2021-11-07","2024-12-29"
"13062","",""
"13063","2021-12-04","2022-05-21"
"13064","2021-11-20","2022-02-01"
"13065","2021-12-13","2026-02-09"
"13066","2022-03-18","2023-11-28"
"13067","2021-12-12","2024-10-15"
"13068","2021-11-14","2022-04-10"
"13069","2021-12-12","2022-10-10"
"13070","2021-11-14","2023-05-10"
"13071","2022-04-14","2024-01-02"
"13072","2021-11-08","2026-06-04"
"13073","2022-01-31","2025-11-23"
"13074","2021-11-21","2026-05-30"
"13075","2021-12-08","2025-10-29"
"13076","2021-11-23","2021-11-23"
"13077","2022-01-01","2022-09-25"
"13078","2022-05-23","2023-10-29"
"13079","2022-01-03","2025-08-23"
"13080","2021-11-14","2025-05-06"
"13081","2021-11-09","2023-10-23"
"13082","2022-01-16","2025-01-02"
"13083","2021-12-04","2026-01-31"
"13084","2022-04-16","2026-04-20"
"13085","2021-11-19","2023-12-04"
"13086","2021-11-28","2026-05-26"
"13087","2021-11-21","2024-05-18"
"13088","2021-12-24","2026-05-31"
"13089","2021-11-26","2026-02-16"
"13090","2022-01-13","2022-01-13"
"13091","",""
"13092","2021-12-12","2023-05-22"
"13093","2021-11-28","2026-02-22"
"13094","",""
"13095","2022-03-07","2026-04-11"
"13096","2021-11-24","2023-05-30"
"13097","2021-12-01","2026-05-15"
"13098","2021-12-28","2025-07-04"
"13099","2022-02-18","2024-04-28"
"13100","",""
"13101","",""
"13102","2022-04-26","2023-08-25"
"13103","2022-12-20","2022-12-20"
"13104","2021-12-02","2023-09-05"
"13105","2021-11-16","2026-05-31"
"13106","2022-02-11","2025-05-28"
"13107","2021-12-18","2026-04-16"
"13108","2022-01-04","2023-09-23"
"13109","2022-04-04","2026-05-11"
"13110","2022-01-10","2024-09-01"
"13111","2021-12-21","2025-08-29"
"13112","2022-12-21","2022-12-21"
"13113","2022-01-09","2026-05-31"
"13114","2021-11-21","2026-04-26"
"13115","2023-02-16","2024-02-18"
"13116","2022-11-20","2023-01-09"
"13117","2021-12-09","2026-05-08"
"13118","2022-01-08","2024-07-05"
"13119","",""
"13120","2021-11-15","2022-08-29"
"13121","",""
"13122","2021-11-20","2026-06-09"
"13123","2022-04-08","2023-06-12"
"13124","2021-12-13","2026-05-23"
"13125","2022-06-15","2026-01-11"
"13126","2022-09-08","2026-01-25"
"13127","2022-01-16","2022-01-16"
"13128","2021-12-06","2023-04-19"
"13129","2021-11-22","2023-05-21"
"13130","2022-01-31","2025-09-03"
"13131","2021-11-28","2023-12-03"
"13132","2021-11-15","2025-03-06"
"13133","2021-11-22","2023-09-08"
"13134","2021-11-13","2023-11-25"
"13135","2021-11-12","2023-09-16"
"13136","2023-06-07","2023-09-03"
"13137","2021-12-22","2024-10-10"
"13138","2025-11-26","2026-05-22"
"13139","2022-04-22","2023-09-28"
"13140","2021-12-06","2023-05-20"
"13141","2022-06-30","2024-10-01"
"13142","2022-10-15","2023-09-29"
"13143","",""
"13144","2022-08-16","2022-08-16"
"13145","",""
"13146","2024-01-26","2024-09-01"
"13147","2021-12-09","2023-10-31"
"13148","2024-04-16","2024-04-16"
"13149","2022-09-24","2022-09-24"
"13150","2022-05-15","2023-10-20"
"13151","2023-06-28","2023-11-30"
"13152","2023-01-22","2023-01-22"
"13153","2021-12-19","2025-06-15"
"13154","2021-12-27","2023-09-04"
"13155","2022-05-29","2023-11-30"
"13156","2024-03-31","2026-02-15"
"13157","2022-03-14","2025-11-23"
"13158","2021-12-03","2023-10-14"
"13159","2022-07-31","2026-05-31"
"13160","2021-12-05","2023-11-05"
"13161","2021-12-04","2026-02-14"
"13162","2022-03-15","2026-05-19"
"13163","2021-12-05","2022-09-04"
"13164","2021-11-29","2026-01-02"
"13165","2022-08-07","2023-07-22"
"13166","2021-12-13","2025-07-18"
"13167","",""
"13168","2021-12-04","2021-12-04"
"13169","2021-11-30","2023-06-25"
"13170","2021-12-17","2026-05-31"
"13171","2022-01-31","2025-11-23"
"13172","2022-04-22","2026-02-14"
"13173","2021-11-20","2021-12-30"
"13174","2021-12-05","2022-09-30"
"13175","2026-01-03","2026-01-03"
"13176","",""
"13177","2021-11-30","2025-09-30"
"13178","2022-01-15","2022-01-15"
"13179","2021-12-12","2021-12-12"
"13180","2022-01-02","2024-09-15"
"13181","2021-12-20","2023-07-16"
"13182","",""
"13183","2021-12-27","2021-12-27"
"13184","2022-08-15","2023-07-10"
"13185","2021-12-07","2023-11-08"
"13186","2022-05-27","2025-01-31"
"13187","2021-12-29","2026-01-05"
"13188","2022-11-07","2023-01-17"
"13189","2022-01-14","2023-01-06"
"13190","2021-11-21","2026-05-26"
"13191","2021-11-27","2023-05-29"
"13192","2022-01-05","2024-10-21"
"13193","2021-12-05","2023-10-02"
"13194","2022-11-25","2022-11-25"
"13195","2022-09-18","2023-11-25"
"13196","2022-11-21","2022-12-21"
"13197","2021-11-21","2026-01-01"
"13198","2022-01-03","2023-10-28"
"13199","2021-12-12","2026-03-05"
"13200","2022-03-23","2026-06-12"
"13201","2022-03-02","2023-10-14"
"13202","2021-12-11","2023-10-31"
"13203","2023-02-18","2023-11-04"
"13204","2021-12-06","2026-05-09"
"13205","",""
"13206","2022-04-15","2026-02-28"
"13207","2021-12-10","2023-10-28"
"13208","",""
"13209","2024-02-29","2024-02-29"
"13210","2022-01-03","2023-05-31"
"13211","2021-11-28","2023-11-05"
"13212","",""
"13213","2022-03-22","2023-07-24"
"13214","",""
"13215","",""
"13216","2022-01-26","2023-01-19"
"13217","2021-12-18","2026-06-12"
"13218","2021-12-07","2026-06-06"
"13219","2021-12-24","2022-01-01"
"13220","2022-01-03","2022-01-03"
"13221","2022-03-20","2023-06-14"
"13222","2022-01-18","2022-02-08"
"13223","2022-01-20","2026-06-07"
"13224","2022-11-09","2023-09-20"
"13225","2021-12-12","2023-05-22"
"13226","2022-01-29","2026-06-07"
"13227","",""
"13228","2023-08-13","2025-12-20"
"13229","2022-06-30","2024-10-12"
"13230","2022-04-10","2025-07-14"
"13231","",""
"13232","",""
"13233","2021-11-28","2022-09-11"
"13234","2022-01-19","2026-02-28"
"13235","2022-04-22","2023-08-29"
"13236","",""
"13237","",""
"13238","2021-12-07","2026-05-26"
"13239","2021-11-28","2024-10-31"
"13240","2021-12-12","2023-10-09"
"13241","2022-01-01","2025-04-05"
"13242","2021-12-07","2025-03-31"
"13243","2021-11-28","2026-05-07"
"13244","2022-02-01","2023-07-30"
"13245","2021-12-05","2026-06-13"
"13246","2022-09-05","2023-09-05"
"13247","2022-05-29","2026-04-11"
"13248","2022-01-27","2025-12-23"
"13249","",""
"13250","2022-01-13","2025-09-09"
"13251","2021-12-26","2026-04-09"
"13252","2022-01-02","2025-10-31"
"13253","2022-03-08","2026-05-06"
"13254","2022-01-13","2026-01-10"
"13255","",""
"13256","2022-04-26","2025-10-03"
"13257","2022-02-10","2026-04-15"
"13258","2021-12-30","2023-08-30"
"13259","2022-06-27","2026-06-10"
"13260","2022-12-10","2026-03-31"
"13261","2022-12-01","2022-12-01"
"13262","2021-12-22","2025-10-21"
"13263","2022-02-14","2026-05-29"
"13264","2022-05-20","2024-08-11"
"13265","2022-10-01","2024-08-11"
"13266","2021-12-29","2025-06-30"
"13267","2022-01-29","2022-10-05"
"13268","2022-02-19","2026-05-24"
"13269","2021-12-05","2023-11-01"
"13270","2022-08-31","2022-10-23"
"13271","2022-09-16","2023-07-31"
"13272","2021-12-11","2023-09-05"
"13273","2022-09-01","2023-10-16"
"13274","2022-10-09","2023-09-25"
"13275","2022-01-24","2022-07-31"
"13276","2022-04-24","2023-05-26"
"13277","2022-09-14","2023-10-08"
"13278","2022-07-24","2022-07-24"
"13279","2022-02-17","2026-05-24"
"13280","2022-01-05","2023-11-13"
"13281","2021-12-20","2022-04-24"
"13282","2022-03-02","2022-03-02"
"13283","2023-01-02","2023-08-13"
"13284","2022-05-08","2026-05-05"
"13285","2021-12-11","2023-09-02"
"13286","2022-01-01","2022-07-06"
"13287","2022-03-16","2026-04-29"
"13288","2022-03-20","2026-03-17"
"13289","2022-05-03","2026-06-13"
"13290","2022-03-19","2026-05-25"
"13291","2022-04-08","2023-01-02"
"13292","2022-09-09","2025-11-22"
"13293","",""
"13294","2022-05-25","2024-12-12"
"13295","2022-01-02","2023-09-04"
"13296","2022-11-07","2022-11-07"
"13297","2022-09-27","2024-08-20"
"13298","2023-07-23","2025-08-08"
"13299","2022-09-11","2022-11-30"
"13300","2022-07-23","2023-07-31"
"13301","2022-10-16","2025-11-22"
"13302","2022-08-11","2022-08-11"
"13303","2023-08-10","2023-09-30"
"13304","2022-04-16","2023-05-30"
"13305","2022-03-03","2022-07-30"
"13306","2023-01-26","2023-09-04"
"13307","2022-05-03","2024-06-29"
"13308","2022-04-09","2024-08-03"
"13309","2022-10-28","2022-10-28"
"13310","2022-03-23","2023-11-15"
"13311","2022-04-25","2023-09-03"
"13312","2022-02-07","2026-05-18"
"13313","2022-01-30","2026-06-03"
"13314","2021-12-14","2026-05-24"
"13315","2022-05-22","2023-05-25"
"13316","2022-03-01","2024-05-04"
"13317","2021-12-13","2026-02-10"
"13318","",""
"13319","2022-01-08","2022-01-08"
"13320","",""
"13321","2021-12-31","2026-04-25"
"13322","",""
"13323","2022-03-16","2026-06-08"
"13324","",""
"13325","",""
"13326","",""
"13327","2022-03-31","2026-01-28"
"13328","2021-12-09","2023-08-13"
"13329","2021-12-14","2026-04-01"
"13330","2022-07-31","2023-06-12"
"13331","2021-12-12","2026-06-08"
"13332","2021-12-19","2025-12-01"
"13333","2021-12-12","2023-09-22"
"13334","2021-12-06","2023-09-03"
"13335","2022-01-02","2026-02-21"
"13336","2021-12-20","2026-05-05"
"13337","2022-09-15","2022-09-15"
"13338","2022-10-16","2025-09-30"
"13339","2022-04-22","2022-10-16"
"13340","2021-12-05","2022-06-01"
"13341","2021-12-12","2023-05-06"
"13342","2021-12-12","2026-05-31"
"13343","2022-01-06","2024-04-28"
"13344","2022-03-09","2023-07-22"
"13345","2022-01-27","2026-06-10"
"13346","2023-06-12","2023-06-12"
"13347","2022-03-05","2025-09-13"
"13348","2021-12-25","2025-05-16"
"13349","2022-02-21","2022-04-21"
"13350","2021-12-14","2026-06-07"
"13351","2021-12-20","2026-04-27"
"13352","2025-08-17","2026-05-15"
"13353","2022-03-05","2025-04-06"
"13354","",""
"13355","2022-01-18","2024-05-10"
"13356","2022-01-31","2022-03-02"
"13357","2022-03-03","2025-08-01"
"13358","2022-05-25","2022-08-09"
"13359","",""
"13360","2022-04-17","2023-10-24"
"13361","2022-09-16","2025-01-25"
"13362","2021-12-21","2023-10-21"
"13363","2022-04-16","2024-07-01"
"13364","2022-02-05","2025-12-01"
"13365","",""
"13366","",""
"13367","",""
"13368","2022-07-07","2025-09-01"
"13369","2022-10-05","2023-11-11"
"13370","2021-12-14","2023-11-10"
"13371","2022-08-08","2024-12-15"
"13372","2022-06-26","2023-09-02"
"13373","2021-12-20","2024-11-07"
"13374","2021-12-31","2023-09-28"
"13375","2022-01-02","2023-12-16"
"13376","2021-12-30","2026-05-02"
"13377","",""
"13378","2023-02-12","2023-02-12"
"13379","2021-12-27","2023-09-17"
"13380","2022-01-16","2025-07-22"
"13381","2022-05-15","2025-12-16"
"13382","",""
"13383","",""
"13384","2022-02-16","2025-03-25"
"13385","2021-12-19","2026-06-06"
"13386","2023-12-11","2023-12-11"
"13387","2022-07-31","2022-07-31"
"13388","2022-04-10","2023-01-03"
"13389","2022-02-04","2024-11-05"
"13390","2022-01-09","2022-11-02"
"13391","2021-12-21","2022-05-15"
"13392","2022-05-08","2026-06-21"
"13393","2022-04-30","2026-02-19"
"13394","2021-12-14","2024-10-08"
"13395","2023-08-04","2023-08-04"
"13396","2023-02-07","2023-02-07"
"13397","2022-05-31","2025-07-31"
"13398","2022-03-29","2024-12-13"
"13399","2021-12-15","2023-07-23"
"13400","2022-03-12","2026-05-30"
"13401","2022-05-30","2025-05-31"
"13402","2022-07-08","2025-08-15"
"13403","2022-06-25","2023-11-01"
"13404","2022-04-24","2025-08-31"
"13405","2021-12-21","2023-08-15"
"13406","2021-12-24","2026-05-22"
"13407","2021-12-30","2026-05-30"
"13408","2024-01-02","2026-05-21"
"13409","2021-12-18","2026-05-31"
"13410","2023-06-11","2023-06-11"
"13411","2022-04-16","2022-04-16"
"13412","2021-12-28","2022-07-10"
"13413","2021-12-16","2026-02-22"
"13414","",""
"13415","2023-06-02","2023-06-02"
"13416","",""
"13417","",""
"13418","2023-08-05","2023-08-05"
"13419","2022-10-16","2026-03-24"
"13420","2022-01-02","2022-09-07"
"13421","",""
"13422","2024-07-01","2026-01-15"
"13423","2022-05-02","2023-01-22"
"13424","2024-09-03","2024-09-03"
"13425","2022-08-10","2025-06-27"
"13426","2022-04-01","2026-05-30"
"13427","2023-07-28","2023-07-28"
"13428","2022-01-10","2026-04-05"
"13429","",""
"13430","2022-02-07","2025-07-01"
"13431","2022-01-28","2023-09-02"
"13432","2022-12-21","2024-05-01"
"13433","2022-02-28","2026-01-15"
"13434","2022-03-15","2026-03-03"
"13435","2022-04-24","2026-05-31"
"13436","2026-01-15","2026-03-31"
"13437","2022-01-02","2026-04-01"
"13438","2024-12-27","2024-12-27"
"13439","2022-01-16","2023-05-26"
"13440","2022-01-02","2024-09-30"
"13441","",""
"13442","2023-05-31","2026-05-20"
"13443","2022-01-16","2026-06-07"
"13444","2022-03-16","2023-09-18"
"13445","2022-01-01","2023-04-09"
"13446","2022-01-07","2026-06-15"
"13447","2022-04-01","2022-05-01"
"13448","2021-12-26","2026-05-28"
"13449","2025-10-25","2025-10-25"
"13450","2022-03-31","2025-10-12"
"13451","2021-12-18","2022-02-27"
"13452","2022-01-01","2026-06-09"
"13453","2022-11-06","2022-11-06"
"13454","2022-07-17","2023-12-08"
"13455","",""
"13456","2022-01-08","2022-12-12"
"13457","2022-03-21","2026-04-28"
"13458","2022-03-06","2026-04-05"
"13459","2023-03-01","2025-05-17"
"13460","2021-12-26","2026-06-08"
"13461","2022-08-14","2026-05-13"
"13462","2022-01-02","2023-01-30"
"13463","2022-04-30","2025-11-14"
"13464","2021-12-31","2024-11-22"
"13465","2022-03-31","2023-05-31"
"13466","2022-05-14","2022-05-14"
"13467","2021-12-21","2022-01-01"
"13468","2022-04-10","2025-10-19"
"13469","2022-01-04","2026-05-10"
"13470","2022-01-28","2026-06-13"
"13471","",""
"13472","2022-01-17","2023-10-28"
"13473","2022-05-20","2022-08-14"
"13474","2022-03-09","2026-05-20"
"13475","2022-01-03","2026-05-16"
"13476","2022-02-01","2025-02-02"
"13477","2021-12-26","2026-03-02"
"13478","2023-09-10","2023-09-10"
"13479","2022-01-17","2023-08-22"
"13480","2022-11-03","2022-11-03"
"13481","2022-04-17","2024-10-30"
"13482","2022-06-26","2025-10-30"
"13483","2021-12-30","2025-12-30"
"13484","2022-01-09","2022-12-14"
"13485","2022-01-02","2022-04-10"
"13486","2022-01-14","2026-05-28"
"13487","2022-01-31","2024-11-16"
"13488","2022-01-15","2026-06-12"
"13489","2022-03-13","2023-07-31"
"13490","2022-05-10","2024-09-03"
"13491","2022-05-20","2025-07-01"
"13492","2022-05-07","2025-03-21"
"13493","2022-03-31","2024-04-20"
"13494","",""
"13495","2022-09-07","2024-12-18"
"13496","2022-03-06","2023-09-19"
"13497","",""
"13498","2022-07-23","2024-10-11"
"13499","",""
"13500","2022-03-05","2025-10-31"
"13501","",""
"13502","2023-01-06","2023-05-21"
"13503","2021-12-26","2026-05-25"
"13504","2022-05-14","2026-04-03"
"13505","2023-02-01","2026-04-25"
"13506","2021-12-30","2026-05-18"
"13507","",""
"13508","",""
"13509","2024-10-27","2026-03-13"
"13510","",""
"13511","2023-03-15","2024-10-16"
"13512","2023-06-15","2023-08-02"
"13513","2022-05-26","2025-08-18"
"13514","2023-08-01","2024-11-13"
"13515","2022-01-17","2022-08-01"
"13516","2022-02-22","2023-12-16"
"13517","2022-05-02","2025-12-03"
"13518","2025-01-04","2025-01-04"
"13519","2021-12-28","2023-09-23"
"13520","2022-10-15","2026-01-29"
"13521","2022-03-12","2026-03-15"
"13522","2021-12-31","2026-06-08"
"13523","2021-12-28","2025-06-30"
"13524","2022-01-13","2023-09-02"
"13525","2022-09-16","2026-06-10"
"13526","2022-04-06","2026-06-10"
"13527","",""
"13528","",""
"13529","2023-03-01","2023-03-01"
"13530","2022-08-15","2025-02-09"
"13531","2023-03-31","2026-01-07"
"13532","2022-03-14","2026-06-08"
"13533","2022-12-31","2026-01-25"
"13534","2022-03-13","2023-06-11"
"13535","2022-01-31","2022-05-01"
"13536","2022-01-14","2025-08-01"
"13537","2022-06-16","2026-05-08"
"13538","",""
"13539","",""
"13540","2022-04-15","2022-04-15"
"13541","2023-05-22","2023-08-27"
"13542","",""
"13543","2022-04-23","2023-11-29"
"13544","",""
"13545","2022-01-31","2025-12-10"
"13546","2023-02-13","2026-06-09"
"13547","2022-01-02","2025-10-15"
"13548","2022-06-20","2023-09-21"
"13549","",""
"13550","2024-02-22","2025-05-12"
"13551","2025-12-01","2025-12-01"
"13552","2024-11-02","2024-11-02"
"13553","",""
"13554","2025-03-01","2025-03-01"
"13555","2022-03-27","2025-03-07"
"13556","",""
"13557","2023-03-02","2026-04-30"
"13558","2022-07-24","2023-01-01"
"13559","",""
"13560","2022-08-01","2023-09-04"
"13561","2022-02-03","2026-01-31"
"13562","2022-11-14","2025-04-06"
"13563","2022-02-17","2022-04-19"
"13564","2022-02-08","2025-12-05"
"13565","2022-01-03","2026-06-06"
"13566","2022-01-02","2024-06-30"
"13567","2024-05-01","2026-02-22"
"13568","2022-07-17","2022-09-06"
"13569","2022-08-04","2025-12-14"
"13570","2022-02-28","2026-02-14"
"13571","2022-03-12","2023-07-20"
"13572","2022-02-10","2022-02-20"
"13573","2022-05-29","2025-11-29"
"13574","2023-03-19","2026-04-29"
"13575","2022-05-19","2025-10-03"
"13576","2022-01-22","2026-06-01"
"13577","2022-04-25","2022-04-25"
"13578","",""
"13579","",""
"13580","2022-08-02","2023-11-20"
"13581","2022-05-14","2025-07-18"
"13582","2022-01-09","2022-08-09"
"13583","2022-01-29","2023-08-15"
"13584","2022-04-18","2025-01-09"
"13585","2022-07-30","2024-05-28"
"13586","2022-03-21","2024-08-17"
"13587","2022-02-20","2025-11-06"
"13588","2022-02-13","2026-05-30"
"13589","2023-09-13","2023-09-13"
"13590","",""
"13591","2022-01-30","2024-06-19"
"13592","2022-03-31","2026-06-02"
"13593","",""
"13594","2022-04-08","2025-12-08"
"13595","",""
"13596","2022-01-17","2023-09-04"
"13597","",""
"13598","2022-05-31","2022-10-10"
"13599","2022-05-18","2024-08-14"
"13600","2022-02-22","2023-05-27"
"13601","2022-06-30","2025-08-31"
"13602","2022-02-22","2026-05-06"
"13603","2022-06-13","2022-10-09"
"13604","2022-04-04","2026-05-25"
"13605","2022-07-18","2022-08-01"
"13606","2022-04-30","2025-12-18"
"13607","2022-06-08","2026-03-31"
"13608","2022-03-19","2024-06-15"
"13609","2022-03-31","2025-11-04"
"13610","2022-01-26","2025-08-18"
"13611","2022-03-05","2026-03-05"
"13612","2022-06-29","2025-07-24"
"13613","2022-04-18","2026-03-19"
"13614","2022-06-20","2023-10-05"
"13615","2023-08-18","2023-08-18"
"13616","2022-02-18","2023-07-25"
"13617","2022-03-03","2026-05-02"
"13618","2022-03-06","2023-09-03"
"13619","2022-04-07","2025-06-21"
"13620","2022-03-27","2023-09-10"
"13621","2022-12-11","2025-10-16"
"13622","2022-01-16","2023-03-19"
"13623","2022-05-16","2025-11-18"
"13624","2022-03-09","2026-01-20"
"13625","2022-03-10","2025-11-30"
"13626","2022-05-14","2026-05-29"
"13627","2022-03-18","2026-03-31"
"13628","2022-05-01","2026-05-13"
"13629","2022-08-01","2026-05-31"
"13630","2022-07-31","2026-02-06"
"13631","2022-08-04","2022-12-04"
"13632","2022-03-13","2022-05-30"
"13633","2022-04-11","2025-11-24"
"13634","2022-03-26","2024-10-19"
"13635","2022-01-17","2025-11-05"
"13636","2022-09-11","2025-08-15"
"13637","",""
"13638","2022-01-23","2022-04-26"
"13639","2022-12-25","2023-01-21"
"13640","2022-10-08","2026-01-13"
"13641","2022-01-31","2023-09-24"
"13642","2022-02-20","2023-11-05"
"13643","2022-02-14","2022-03-06"
"13644","2022-03-08","2022-06-19"
"13645","2022-02-26","2026-05-30"
"13646","",""
"13647","",""
"13648","2022-07-31","2022-07-31"
"13649","2022-09-04","2022-09-24"
"13650","",""
"13651","",""
"13652","2022-05-02","2025-08-13"
"13653","2022-02-23","2026-05-31"
"13654","2022-06-04","2025-10-11"
"13655","2022-04-04","2026-03-31"
"13656","2022-08-20","2025-12-12"
"13657","2022-05-10","2025-10-09"
"13658","2022-03-18","2025-12-01"
"13659","2022-06-26","2025-11-11"
"13660","2022-05-14","2026-03-31"
"13661","2022-04-07","2026-06-02"
"13662","2022-03-26","2026-01-02"
"13663","2022-03-01","2026-05-31"
"13664","2022-05-31","2026-05-31"
"13665","2022-08-06","2022-09-02"
"13666","",""
"13667","2022-05-17","2023-09-06"
"13668","2022-02-25","2023-09-04"
"13669","",""
"13670","2022-03-23","2026-02-04"
"13671","2022-03-02","2026-04-09"
"13672","2022-02-15","2026-05-03"
"13673","2022-05-28","2026-04-09"
"13674","2022-04-25","2025-09-28"
"13675","2022-10-31","2026-04-29"
"13676","2022-07-08","2026-04-02"
"13677","2022-08-01","2026-01-31"
"13678","2022-03-28","2026-05-24"
"13679","2022-07-04","2023-05-23"
"13680","2022-07-10","2023-09-04"
"13681","",""
"13682","2025-05-12","2026-05-31"
"13683","2025-06-30","2025-06-30"
"13684","",""
"13685","2022-06-09","2026-05-28"
"13686","2022-04-18","2022-11-18"
"13687","2022-03-05","2023-04-30"
"13688","2023-06-11","2023-06-30"
"13689","",""
"13690","",""
"13691","2022-02-09","2026-05-24"
"13692","2022-08-06","2025-03-17"
"13693","2022-01-31","2023-08-21"
"13694","2022-04-21","2024-11-14"
"13695","2022-04-01","2025-08-11"
"13696","2022-01-26","2026-06-11"
"13697","2022-08-01","2025-09-28"
"13698","2022-02-06","2026-05-21"
"13699","2022-02-06","2026-05-15"
"13700","2022-05-14","2023-08-30"
"13701","2022-03-28","2025-12-14"
"13702","",""
"13703","",""
"13704","2022-08-14","2024-08-03"
"13705","2022-03-13","2026-03-15"
"13706","2022-02-17","2025-08-02"
"13707","",""
"13708","2021-12-08","2025-02-20"
"13709","2022-04-30","2026-04-17"
"13710","2022-04-17","2026-02-18"
"13711","2022-06-21","2025-12-17"
"13712","2023-02-06","2023-04-16"
"13713","2025-08-31","2025-08-31"
"13714","2022-04-24","2026-05-07"
"13715","2021-12-05","2023-02-27"
"13716","2022-02-13","2026-02-14"
"13717","2022-01-12","2025-12-03"
"13718","2021-12-21","2026-05-17"
"13719","2021-12-20","2025-08-01"
"13720","2022-04-11","2023-10-13"
"13721","2022-02-07","2022-09-07"
"13722","2022-11-20","2026-03-17"
"13723","2021-12-26","2023-09-04"
"13724","2022-01-03","2026-05-29"
"13725","2022-01-01","2024-06-24"
"13726","2022-04-11","2025-09-14"
"13727","2022-05-17","2023-09-22"
"13728","2023-03-06","2025-10-21"
"13729","2022-04-16","2025-08-10"
"13730","2022-05-01","2026-05-31"
"13731","2022-02-10","2022-04-19"
"13732","2022-02-21","2024-09-02"
"13733","2022-01-20","2022-10-23"
"13734","2022-01-25","2026-05-24"
"13735","2022-08-15","2025-12-07"
"13736","2022-01-30","2026-05-21"
"13737","2022-03-21","2025-12-27"
"13738","2022-05-20","2022-09-01"
"13739","2022-04-19","2024-11-26"
"13740","",""
"13741","2022-09-04","2022-09-04"
"13742","2022-06-12","2023-05-21"
"13743","2022-02-25","2023-06-28"
"13744","2022-09-25","2026-02-02"
"13745","2022-03-26","2025-06-14"
"13746","",""
"13747","2022-05-18","2023-09-04"
"13748","2022-02-07","2023-09-20"
"13749","2022-05-02","2023-11-30"
"13750","",""
"13751","2023-09-25","2023-09-25"
"13752","2022-02-17","2026-05-17"
"13753","2022-01-27","2023-11-23"
"13754","2022-05-29","2026-05-15"
"13755","2024-10-02","2026-06-12"
"13756","2022-02-08","2026-05-11"
"13757","2022-01-29","2025-09-30"
"13758","2022-05-31","2026-02-10"
"13759","2022-03-10","2023-11-23"
"13760","2022-03-31","2025-04-15"
"13761","2022-05-09","2022-06-05"
"13762","",""
"13763","2022-04-05","2025-09-13"
"13764","2022-02-20","2022-12-12"
"13765","",""
"13766","2022-04-06","2025-10-06"
"13767","2022-06-13","2023-08-06"
"13768","2022-10-10","2026-02-15"
"13769","2022-09-03","2025-09-27"
"13770","2022-03-04","2026-04-30"
"13771","2022-11-05","2024-10-31"
"13772","2022-03-17","2022-12-27"
"13773","2022-05-07","2023-06-19"
"13774","2023-05-22","2026-03-30"
"13775","2022-08-03","2026-01-02"
"13776","2023-02-22","2025-09-30"
"13777","2022-04-02","2026-05-24"
"13778","2022-03-02","2025-11-02"
"13779","2022-02-13","2023-09-04"
"13780","2022-02-12","2026-06-06"
"13781","2022-02-25","2024-04-24"
"13782","2022-03-03","2026-01-05"
"13783","2022-02-13","2022-02-13"
"13784","2022-01-31","2023-10-30"
"13785","2022-08-28","2024-12-28"
"13786","",""
"13787","2022-02-28","2026-04-01"
"13788","2024-03-11","2024-07-07"
"13789","2022-02-14","2026-01-01"
"13790","2022-01-30","2023-08-07"
"13791","2022-05-31","2026-05-31"
"13792","2022-01-30","2026-04-26"
"13793","2022-05-29","2023-11-05"
"13794","2022-01-30","2023-09-30"
"13795","",""
"13796","2022-02-12","2026-05-09"
"13797","2022-03-27","2025-09-14"
"13798","2022-03-14","2026-05-21"
"13799","2022-11-01","2023-10-07"
"13800","2022-09-11","2025-01-19"
"13801","",""
"13802","2022-07-31","2026-01-24"
"13803","2022-04-02","2026-05-15"
"13804","2022-03-07","2026-01-05"
"13805","2022-04-01","2023-05-29"
"13806","2022-02-16","2023-10-01"
"13807","2022-09-27","2024-03-31"
"13808","2022-05-09","2026-05-24"
"13809","",""
"13810","",""
"13811","2022-06-01","2026-04-22"
"13812","2022-08-13","2023-11-09"
"13813","",""
"13814","2024-07-17","2026-04-12"
"13815","",""
"13816","",""
"13817","2022-02-04","2023-11-26"
"13818","2022-05-17","2025-12-18"
"13819","2022-02-05","2022-07-31"
"13820","2025-06-01","2026-06-06"
"13821","2022-02-21","2026-02-16"
"13822","2022-06-17","2023-09-17"
"13823","2022-03-26","2023-09-30"
"13824","2022-09-03","2026-05-18"
"13825","2022-11-13","2023-10-22"
"13826","",""
"13827","2022-03-07","2024-03-01"
"13828","",""
"13829","",""
"13830","2022-05-02","2024-04-30"
"13831","2022-03-21","2025-08-30"
"13832","2022-05-23","2026-03-28"
"13833","2022-03-13","2026-05-18"
"13834","",""
"13835","2022-02-17","2026-05-30"
"13836","",""
"13837","",""
"13838","2022-08-31","2025-12-10"
"13839","2022-05-15","2022-05-15"
"13840","2022-05-31","2025-09-20"
"13841","2022-03-12","2025-09-09"
"13842","2022-07-09","2025-08-10"
"13843","2023-02-19","2025-08-05"
"13844","2022-09-18","2026-05-30"
"13845","2022-06-13","2026-06-08"
"13846","2022-02-12","2023-09-05"
"13847","2022-02-19","2026-04-06"
"13848","2022-05-24","2026-03-31"
"13849","2022-11-30","2022-12-17"
"13850","2022-10-06","2023-04-24"
"13851","2022-02-13","2026-05-31"
"13852","2022-03-06","2023-06-13"
"13853","2022-05-21","2022-06-13"
"13854","2022-06-01","2026-03-06"
"13855","2022-04-30","2026-03-03"
"13856","",""
"13857","2022-02-24","2026-05-23"
"13858","2022-12-10","2023-09-25"
"13859","2022-05-23","2024-09-02"
"13860","2022-03-25","2022-07-31"
"13861","2022-05-31","2025-06-21"
"13862","2022-03-19","2023-07-06"
"13863","2022-09-08","2025-01-31"
"13864","2022-08-14","2023-09-22"
"13865","2022-03-22","2023-11-05"
"13866","",""
"13867","2022-03-23","2026-05-08"
"13868","2022-03-20","2023-10-19"
"13869","2022-02-22","2023-06-04"
"13870","",""
"13871","2022-06-26","2026-01-13"
"13872","2023-08-23","2026-06-03"
"13873","2022-02-26","2023-10-15"
"13874","2022-02-16","2026-05-26"
"13875","",""
"13876","2022-05-29","2026-01-10"
"13877","2022-03-02","2024-11-16"
"13878","2022-02-25","2026-05-31"
"13879","2022-02-23","2023-06-09"
"13880","2022-03-31","2025-07-31"
"13881","2022-03-24","2024-04-12"
"13882","2022-08-21","2023-07-31"
"13883","2022-05-23","2026-05-08"
"13884","2022-05-29","2026-01-03"
"13885","2022-04-10","2023-10-27"
"13886","2023-07-09","2023-07-09"
"13887","2023-05-20","2024-06-01"
"13888","2022-10-25","2026-05-31"
"13889","2022-04-12","2022-04-12"
"13890","2022-08-28","2026-05-22"
"13891","2023-04-01","2026-05-25"
"13892","2022-02-20","2026-05-25"
"13893","2022-02-20","2026-02-19"
"13894","2022-06-08","2022-06-08"
"13895","2022-03-31","2025-11-23"
"13896","2022-09-30","2025-08-08"
"13897","2022-02-27","2026-05-24"
"13898","2022-10-27","2025-01-31"
"13899","2022-02-20","2023-03-19"
"13900","2022-08-07","2023-08-06"
"13901","2022-02-27","2025-11-23"
"13902","2022-02-22","2026-06-08"
"13903","2022-03-14","2022-03-14"
"13904","2022-03-22","2026-05-07"
"13905","2022-03-07","2025-12-18"
"13906","2022-03-23","2023-10-13"
"13907","2022-03-20","2026-01-05"
"13908","",""
"13909","",""
"13910","2022-03-05","2022-07-27"
"13911","",""
"13912","2022-03-15","2023-11-24"
"13913","2022-03-09","2025-08-05"
"13914","2022-05-09","2026-06-08"
"13915","2022-02-24","2023-04-28"
"13916","2022-05-01","2024-08-05"
"13917","2022-02-27","2026-01-03"
"13918","2022-03-13","2023-09-30"
"13919","2022-05-16","2023-01-01"
"13920","2022-02-27","2026-05-26"
"13921","2022-02-28","2025-08-02"
"13922","2022-03-16","2023-11-25"
"13923","2022-05-21","2022-05-22"
"13924","2022-02-27","2025-07-01"
"13925","2022-03-01","2022-09-03"
"13926","2022-02-20","2026-04-07"
"13927","2022-03-28","2022-03-28"
"13928","2022-04-17","2025-03-27"
"13929","2025-07-02","2026-01-31"
"13930","2022-03-13","2022-08-31"
"13931","2022-11-15","2026-01-02"
"13932","",""
"13933","2022-03-18","2023-06-27"
"13934","2022-03-07","2023-10-28"
"13935","2022-03-24","2026-05-30"
"13936","2022-04-07","2026-05-20"
"13937","",""
"13938","2022-05-28","2023-12-05"
"13939","2022-02-23","2025-01-06"
"13940","2022-05-07","2024-08-10"
"13941","2022-03-07","2023-08-31"
"13942","2022-03-02","2023-05-08"
"13943","2022-02-28","2022-06-19"
"13944","2022-03-10","2023-12-21"
"13945","2022-03-14","2023-10-28"
"13946","2022-03-22","2023-05-07"
"13947","2022-03-03","2024-12-13"
"13948","",""
"13949","2022-03-09","2022-04-30"
"13950","",""
"13951","2022-02-24","2026-04-06"
"13952","2022-03-27","2026-03-18"
"13953","2022-03-10","2026-04-19"
"13954","2023-08-03","2025-02-11"
"13955","2022-05-01","2024-10-06"
"13956","2022-03-13","2026-01-02"
"13957","2023-08-10","2026-01-19"
"13958","2023-09-23","2023-09-23"
"13959","2022-03-21","2025-05-30"
"13960","2022-04-15","2026-05-04"
"13961","2022-04-04","2026-06-06"
"13962","",""
"13963","2023-01-24","2023-01-24"
"13964","2022-05-18","2025-06-05"
"13965","2025-03-27","2025-07-23"
"13966","2022-08-17","2025-01-03"
"13967","2022-11-06","2026-04-12"
"13968","2022-08-04","2022-08-04"
"13969","2023-01-21","2025-05-15"
"13970","",""
"13971","2022-07-01","2025-12-05"
"13972","",""
"13973","",""
"13974","",""
"13975","",""
"13976","2023-06-01","2024-06-22"
"13977","2022-03-13","2025-12-25"
"13978","",""
"13979","",""
"13980","2025-12-08","2026-03-31"
"13981","2022-03-06","2023-07-27"
"13982","2022-03-09","2024-03-31"
"13983","",""
"13984","2022-04-21","2026-04-03"
"13985","",""
"13986","2022-03-15","2026-05-27"
"13987","2022-04-03","2026-05-27"
"13988","2022-10-29","2026-05-17"
"13989","2022-04-14","2022-05-08"
"13990","2022-03-01","2023-09-04"
"13991","",""
"13992","2023-08-03","2023-08-03"
"13993","",""
"13994","",""
"13995","",""
"13996","2022-03-01","2025-04-07"
"13997","",""
"13998","2022-03-03","2026-06-05"
"13999","2022-07-06","2025-08-04"
"14000","2022-05-15","2023-09-17"
"14001","2022-10-09","2022-10-09"
"14002","2022-03-03","2026-06-09"
"14003","2022-09-26","2025-08-03"
"14004","2022-03-30","2023-01-05"
"14005","",""
"14006","2022-03-13","2026-05-26"
"14007","",""
"14008","2023-04-07","2023-09-11"
"14009","2022-04-02","2022-08-04"
"14010","2022-03-12","2026-06-09"
"14011","2022-03-20","2023-12-03"
"14012","",""
"14013","",""
"14014","2022-03-21","2023-07-22"
"14015","",""
"14016","2022-04-24","2026-05-29"
"14017","2022-08-06","2025-02-11"
"14018","2022-03-20","2025-11-01"
"14019","2022-05-30","2026-06-12"
"14020","2022-03-19","2026-06-13"
"14021","2022-03-13","2026-05-20"
"14022","2023-02-13","2024-06-01"
"14023","2022-03-20","2026-02-03"
"14024","2024-06-01","2025-11-01"
"14025","2022-03-08","2026-02-13"
"14026","2023-05-01","2026-03-15"
"14027","2022-05-24","2025-12-04"
"14028","2022-03-18","2024-09-30"
"14029","2022-04-20","2023-09-04"
"14030","2026-01-04","2026-01-04"
"14031","2022-04-09","2024-01-27"
"14032","2022-05-09","2026-04-30"
"14033","",""
"14034","",""
"14035","2022-03-14","2026-05-30"
"14036","2022-05-23","2025-09-20"
"14037","2022-04-14","2026-01-13"
"14038","2022-11-13","2023-10-01"
"14039","2022-09-10","2026-06-04"
"14040","2022-03-18","2023-09-02"
"14041","2022-05-01","2023-10-15"
"14042","2022-04-24","2023-10-07"
"14043","2022-03-20","2026-05-23"
"14044","2022-04-03","2022-10-16"
"14045","2022-04-09","2024-06-14"
"14046","",""
"14047","",""
"14048","2025-03-11","2026-05-30"
"14049","2025-11-30","2026-04-18"
"14050","",""
"14051","2022-04-24","2025-03-09"
"14052","2022-03-22","2026-06-07"
"14053","2022-03-13","2023-09-16"
"14054","2022-03-13","2022-10-25"
"14055","2022-05-16","2023-06-11"
"14056","2022-05-15","2026-06-04"
"14057","2022-05-07","2025-11-21"
"14058","2022-06-02","2024-09-03"
"14059","",""
"14060","",""
"14061","2022-05-01","2022-10-01"
"14062","2022-07-01","2022-10-01"
"14063","2022-03-27","2023-09-30"
"14064","2022-04-17","2023-11-08"
"14065","2022-05-03","2026-05-05"
"14066","2022-04-11","2022-12-22"
"14067","2026-02-11","2026-02-11"
"14068","2022-03-16","2026-04-23"
"14069","2022-04-23","2026-06-11"
"14070","2022-05-23","2026-03-02"
"14071","",""
"14072","2022-03-15","2023-06-11"
"14073","",""
"14074","2022-04-18","2026-06-07"
"14075","",""
"14076","2022-08-21","2022-12-18"
"14077","2022-03-15","2026-05-22"
"14078","2022-05-05","2022-05-05"
"14079","2022-03-21","2022-04-01"
"14080","2022-05-12","2026-03-20"
"14081","2022-03-31","2026-05-23"
"14082","2022-04-16","2023-09-24"
"14083","2022-05-30","2024-06-07"
"14084","2022-03-28","2026-04-30"
"14085","2023-03-06","2025-10-25"
"14086","2022-06-26","2023-11-11"
"14087","2022-03-16","2026-03-27"
"14088","2022-06-04","2022-11-23"
"14089","2022-04-14","2025-05-30"
"14090","",""
"14091","2022-03-27","2025-10-01"
"14092","2022-04-28","2022-12-19"
"14093","",""
"14094","2022-03-24","2026-06-08"
"14095","2022-05-09","2023-01-02"
"14096","2022-03-22","2026-04-03"
"14097","2022-08-15","2025-09-12"
"14098","2022-04-30","2024-12-17"
"14099","2022-04-11","2026-02-07"
"14100","2022-05-31","2024-10-16"
"14101","2022-04-26","2023-08-05"
"14102","2022-04-18","2023-10-10"
"14103","",""
"14104","2022-03-26","2025-08-14"
"14105","2022-12-01","2022-12-01"
"14106","2022-08-07","2026-03-20"
"14107","",""
"14108","",""
"14109","",""
"14110","",""
"14111","",""
"14112","",""
"14113","",""
"14114","2024-07-17","2024-07-17"
"14115","",""
"14116","2023-09-09","2023-09-09"
"14117","2022-06-24","2022-12-20"
"14118","2022-04-17","2023-12-07"
"14119","",""
"14120","",""
"14121","2022-09-02","2025-12-19"
"14122","2022-04-17","2023-05-22"
"14123","2022-03-28","2026-05-26"
"14124","2025-12-14","2026-01-01"
"14125","2022-06-30","2022-11-30"
"14126","2022-04-10","2026-06-09"
"14127","",""
"14128","2022-04-11","2023-08-14"
"14129","2022-04-24","2022-10-26"
"14130","2022-04-03","2023-12-19"
"14131","2022-04-18","2023-08-07"
"14132","2022-09-15","2024-01-21"
"14133","2022-11-22","2025-01-07"
"14134","2022-07-05","2024-08-05"
"14135","2022-06-30","2024-10-28"
"14136","2022-09-30","2023-01-01"
"14137","2023-11-27","2026-05-01"
"14138","2022-04-11","2026-04-21"
"14139","2022-08-15","2026-04-14"
"14140","2023-05-19","2025-10-23"
"14141","",""
"14142","2022-04-21","2022-11-27"
"14143","2022-04-13","2026-05-30"
"14144","2022-04-20","2025-11-06"
"14145","2022-05-01","2026-02-28"
"14146","",""
"14147","2024-03-31","2025-11-30"
"14148","2022-04-19","2025-09-23"
"14149","",""
"14150","2022-05-29","2023-10-29"
"14151","2022-03-31","2023-10-30"
"14152","2022-05-22","2022-12-19"
"14153","2023-06-10","2026-05-02"
"14154","2024-10-02","2025-06-15"
"14155","2022-04-10","2026-05-29"
"14156","2022-03-30","2023-11-29"
"14157","2022-05-24","2024-09-30"
"14158","2022-04-30","2026-06-07"
"14159","2022-05-13","2026-05-31"
"14160","2022-07-30","2026-04-27"
"14161","2022-04-07","2023-08-21"
"14162","2022-04-14","2025-10-05"
"14163","",""
"14164","2022-03-27","2024-10-01"
"14165","2022-09-29","2025-10-23"
"14166","2022-06-09","2026-04-24"
"14167","2022-04-18","2025-09-29"
"14168","",""
"14169","",""
"14170","2022-12-27","2023-11-25"
"14171","2022-04-05","2026-05-03"
"14172","2022-07-24","2025-07-01"
"14173","2022-08-08","2023-07-23"
"14174","2022-07-31","2023-09-16"
"14175","2022-06-18","2026-01-04"
"14176","2024-09-01","2025-10-20"
"14177","",""
"14178","2022-05-05","2026-05-13"
"14179","2023-09-04","2026-05-16"
"14180","2023-08-22","2025-12-22"
"14181","2022-04-03","2026-01-15"
"14182","2022-04-18","2023-10-06"
"14183","2026-05-05","2026-05-05"
"14184","2023-07-17","2023-09-25"
"14185","",""
"14186","2022-05-17","2025-12-28"
"14187","2022-06-29","2024-09-24"
"14188","2022-04-03","2026-05-17"
"14189","2022-07-31","2025-01-01"
"14190","",""
"14191","2022-08-12","2023-01-05"
"14192","2022-04-08","2023-10-01"
"14193","2022-04-03","2026-05-17"
"14194","2022-05-21","2023-09-23"
"14195","",""
"14196","2022-04-03","2024-07-31"
"14197","2022-04-03","2023-05-15"
"14198","2022-05-15","2026-04-27"
"14199","2022-04-17","2023-10-22"
"14200","2022-06-01","2025-11-30"
"14201","2022-04-06","2025-12-14"
"14202","2022-12-12","2023-07-28"
"14203","2022-12-30","2022-12-30"
"14204","2022-04-15","2023-09-25"
"14205","",""
"14206","2022-04-04","2025-12-28"
"14207","2022-06-30","2025-10-17"
"14208","2022-04-03","2024-07-31"
"14209","2022-07-04","2026-06-07"
"14210","2022-04-16","2025-08-31"
"14211","2022-08-15","2026-04-26"
"14212","2022-07-21","2023-08-27"
"14213","2023-01-09","2023-05-31"
"14214","",""
"14215","2022-04-10","2023-09-17"
"14216","2022-05-08","2024-02-02"
"14217","2022-04-22","2023-12-03"
"14218","2022-04-10","2023-11-28"
"14219","2022-07-30","2025-07-27"
"14220","2022-04-20","2023-07-15"
"14221","2022-04-11","2025-03-17"
"14222","2023-08-22","2025-07-14"
"14223","2022-05-11","2023-09-05"
"14224","2022-04-04","2024-06-27"
"14225","",""
"14226","",""
"14227","2023-08-28","2025-08-14"
"14228","2022-04-05","2024-11-23"
"14229","2022-05-27","2023-08-17"
"14230","2022-10-11","2023-09-04"
"14231","2022-04-30","2023-09-03"
"14232","2022-05-03","2026-05-09"
"14233","2023-09-04","2023-09-04"
"14234","2022-09-08","2023-06-29"
"14235","2026-02-13","2026-02-13"
"14236","2022-12-01","2026-03-21"
"14237","2022-04-14","2023-06-29"
"14238","2022-08-13","2025-08-06"
"14239","2022-08-31","2025-11-02"
"14240","2023-08-12","2025-10-09"
"14241","2022-05-26","2026-06-03"
"14242","",""
"14243","2022-05-22","2022-06-02"
"14244","2022-09-07","2022-09-07"
"14245","2022-04-11","2023-12-02"
"14246","",""
"14247","2022-04-10","2023-11-05"
"14248","2022-04-17","2024-05-20"
"14249","2022-09-03","2026-05-24"
"14250","2022-08-04","2022-10-17"
"14251","2022-08-08","2026-06-09"
"14252","2023-08-20","2023-08-20"
"14253","2022-04-24","2023-09-26"
"14254","2022-04-10","2023-12-03"
"14255","2022-04-19","2025-09-30"
"14256","2022-04-12","2023-06-01"
"14257","2022-04-23","2023-09-02"
"14258","2022-11-09","2024-08-10"
"14259","2022-04-17","2024-06-10"
"14260","2023-01-13","2026-05-24"
"14261","2022-09-08","2026-05-29"
"14262","2022-09-05","2026-05-10"
"14263","2022-08-15","2026-05-31"
"14264","2022-11-12","2026-05-10"
"14265","2022-11-09","2026-05-25"
"14266","2022-12-12","2026-05-31"
"14267","2022-10-20","2026-05-31"
"14268","2022-11-13","2026-05-27"
"14269","2022-12-13","2026-05-20"
"14270","2022-09-07","2026-04-03"
"14271","2022-04-30","2026-06-01"
"14272","2023-02-10","2025-12-27"
"14273","2022-05-31","2026-02-19"
"14274","2022-05-20","2026-05-20"
"14275","2022-04-12","2026-05-02"
"14276","2022-06-16","2022-06-16"
"14277","2022-06-24","2026-05-29"
"14278","2022-05-15","2025-04-15"
"14279","2022-11-05","2026-06-05"
"14280","2022-05-01","2026-05-31"
"14281","2022-04-19","2023-01-01"
"14282","2022-07-14","2023-09-25"
"14283","2022-08-31","2026-05-31"
"14284","2022-08-25","2025-11-08"
"14285","2022-08-15","2026-02-14"
"14286","2023-04-08","2026-05-31"
"14287","",""
"14288","2022-06-30","2025-08-16"
"14289","2022-08-13","2025-06-29"
"14290","",""
"14291","",""
"14292","2022-07-04","2023-03-01"
"14293","2022-04-20","2026-04-30"
"14294","2022-04-15","2023-11-07"
"14295","2023-01-21","2026-05-31"
"14296","2022-06-13","2026-05-18"
"14297","2022-08-12","2025-11-16"
"14298","2022-04-15","2023-10-31"
"14299","2022-08-29","2026-01-04"
"14300","2022-08-15","2026-06-04"
"14301","2022-04-18","2023-09-25"
"14302","2022-12-05","2024-07-20"
"14303","2022-07-17","2023-09-21"
"14304","2022-04-12","2026-06-04"
"14305","2022-04-16","2025-12-21"
"14306","2022-04-18","2023-07-05"
"14307","",""
"14308","2022-07-31","2022-07-31"
"14309","2022-08-27","2025-06-05"
"14310","2022-05-01","2022-05-01"
"14311","2022-07-31","2023-10-01"
"14312","2022-08-28","2022-08-28"
"14313","",""
"14314","",""
"14315","2022-08-02","2022-08-02"
"14316","2022-04-20","2026-06-02"
"14317","2022-04-24","2023-09-05"
"14318","2022-04-23","2026-05-31"
"14319","2024-07-01","2026-05-01"
"14320","2022-06-11","2023-09-04"
"14321","2022-10-03","2025-11-18"
"14322","",""
"14323","2022-07-09","2022-11-14"
"14324","",""
"14325","2022-05-08","2026-05-17"
"14326","2022-07-03","2023-08-22"
"14327","2022-05-15","2026-04-29"
"14328","2022-04-22","2026-06-01"
"14329","2022-04-18","2022-12-11"
"14330","2022-05-11","2024-05-31"
"14331","2022-12-09","2026-06-04"
"14332","2022-07-08","2025-11-11"
"14333","2022-05-31","2022-05-31"
"14334","",""
"14335","2022-04-21","2025-10-20"
"14336","2022-04-17","2026-02-09"
"14337","2022-05-21","2022-12-04"
"14338","2022-04-17","2022-09-22"
"14339","2022-09-24","2026-02-16"
"14340","2022-06-01","2022-10-31"
"14341","",""
"14342","2022-05-31","2022-11-01"
"14343","2022-06-06","2023-02-26"
"14344","2022-05-04","2026-05-31"
"14345","2022-05-09","2025-11-08"
"14346","2022-09-10","2023-08-25"
"14347","2022-06-09","2026-05-17"
"14348","2022-09-10","2023-12-31"
"14349","2022-04-24","2026-01-02"
"14350","",""
"14351","2022-04-18","2022-04-24"
"14352","2022-05-27","2026-06-09"
"14353","2022-05-01","2023-11-11"
"14354","2022-05-22","2026-04-25"
"14355","2022-04-30","2023-12-03"
"14356","2023-07-29","2024-07-08"
"14357","2022-06-12","2023-08-28"
"14358","2022-04-24","2026-04-14"
"14359","2022-04-26","2023-12-02"
"14360","2022-07-03","2022-07-21"
"14361","2023-09-25","2023-09-25"
"14362","2022-04-24","2025-09-04"
"14363","",""
"14364","2023-03-11","2024-12-15"
"14365","2022-08-05","2024-07-26"
"14366","2023-03-31","2025-08-16"
"14367","2022-08-04","2022-08-04"
"14368","",""
"14369","2022-10-31","2026-04-30"
"14370","2022-10-04","2022-10-04"
"14371","2022-05-29","2022-05-29"
"14372","2022-07-02","2022-07-02"
"14373","2022-05-31","2025-06-09"
"14374","2023-04-16","2025-09-17"
"14375","2022-12-23","2023-12-19"
"14376","2022-05-09","2026-04-16"
"14377","2022-08-20","2022-08-20"
"14378","2022-06-01","2022-11-01"
"14379","2022-06-30","2024-08-12"
"14380","2023-06-30","2023-06-30"
"14381","2023-05-03","2025-11-07"
"14382","2024-04-27","2026-03-07"
"14383","",""
"14384","2022-07-15","2026-04-28"
"14385","",""
"14386","2024-08-31","2024-08-31"
"14387","2023-03-16","2026-06-11"
"14388","2022-09-10","2022-09-10"
"14389","",""
"14390","2022-05-24","2022-05-24"
"14391","2022-06-07","2022-06-07"
"14392","",""
"14393","",""
"14394","",""
"14395","",""
"14396","",""
"14397","2022-06-09","2025-05-01"
"14398","",""
"14399","",""
"14400","",""
"14401","2023-05-09","2023-10-02"
"14402","",""
"14403","2022-06-08","2022-06-08"
"14404","2022-05-21","2025-10-05"
"14405","2022-08-07","2026-05-31"
"14406","2022-07-23","2026-05-31"
"14407","2024-12-12","2026-05-02"
"14408","2022-08-01","2026-04-23"
"14409","2022-04-28","2025-01-16"
"14410","2022-04-24","2025-12-03"
"14411","2022-04-28","2026-05-07"
"14412","2022-05-03","2025-11-26"
"14413","2022-05-23","2025-12-15"
"14414","2022-10-10","2024-04-15"
"14415","2022-09-20","2026-02-04"
"14416","2022-08-31","2025-10-18"
"14417","2022-05-15","2026-05-31"
"14418","2022-05-17","2023-09-07"
"14419","2022-05-08","2026-06-07"
"14420","2024-04-07","2026-06-12"
"14421","",""
"14422","2022-12-15","2025-12-18"
"14423","2022-05-02","2024-03-23"
"14424","2022-08-13","2025-08-22"
"14425","",""
"14426","2022-05-03","2026-06-13"
"14427","2022-06-12","2022-10-16"
"14428","2022-05-03","2023-07-24"
"14429","2022-05-24","2024-10-08"
"14430","2022-05-15","2023-12-07"
"14431","2022-10-12","2023-09-04"
"14432","2022-04-28","2024-03-30"
"14433","",""
"14434","2022-07-12","2024-08-30"
"14435","2022-10-21","2022-12-20"
"14436","2022-05-23","2024-11-11"
"14437","2023-02-03","2026-04-26"
"14438","2022-06-22","2023-08-20"
"14439","2022-05-15","2024-01-02"
"14440","2022-06-30","2026-05-04"
"14441","2022-06-11","2026-04-20"
"14442","2022-07-07","2026-06-03"
"14443","2022-07-05","2025-06-17"
"14444","2022-07-31","2025-10-26"
"14445","2023-01-01","2024-08-31"
"14446","2022-12-31","2026-04-25"
"14447","2022-10-09","2023-09-19"
"14448","2022-05-07","2025-10-31"
"14449","",""
"14450","2022-10-10","2026-05-23"
"14451","2022-07-02","2024-07-31"
"14452","2022-05-22","2023-09-24"
"14453","2022-06-05","2026-05-23"
"14454","2022-05-01","2023-09-28"
"14455","2022-05-08","2023-08-30"
"14456","2022-06-05","2023-06-25"
"14457","",""
"14458","2022-05-24","2026-02-28"
"14459","2022-05-09","2024-07-15"
"14460","2022-08-14","2023-08-09"
"14461","2022-05-12","2026-04-27"
"14462","2023-07-09","2023-07-09"
"14463","2022-11-11","2026-03-28"
"14464","2022-04-30","2026-06-01"
"14465","2023-03-30","2023-06-13"
"14466","2022-05-08","2022-10-03"
"14467","2022-05-08","2026-05-23"
"14468","2022-05-08","2026-06-13"
"14469","2022-06-01","2023-09-30"
"14470","2022-09-30","2026-03-21"
"14471","2023-09-03","2023-09-03"
"14472","2022-05-08","2025-10-18"
"14473","2023-04-01","2026-05-09"
"14474","2022-07-01","2026-05-30"
"14475","2022-08-31","2026-05-08"
"14476","2022-05-16","2025-08-31"
"14477","2022-06-09","2026-06-12"
"14478","2022-08-11","2022-08-11"
"14479","2022-08-14","2022-08-14"
"14480","2022-08-01","2023-09-04"
"14481","2022-05-08","2026-06-12"
"14482","2022-06-06","2026-05-25"
"14483","2022-06-05","2024-09-22"
"14484","2022-06-10","2026-05-06"
"14485","2022-05-30","2026-06-05"
"14486","2022-07-14","2025-10-03"
"14487","2022-06-16","2023-01-31"
"14488","2022-06-10","2022-10-31"
"14489","2022-05-21","2023-01-02"
"14490","2022-06-12","2023-11-02"
"14491","",""
"14492","2022-05-15","2023-05-28"
"14493","",""
"14494","2023-01-01","2023-01-01"
"14495","",""
"14496","2022-06-27","2026-06-14"
"14497","",""
"14498","",""
"14499","",""
"14500","2022-05-22","2026-06-14"
"14501","",""
"14502","2022-08-13","2026-04-08"
"14503","",""
"14504","2022-06-15","2026-06-14"
"14505","2022-06-19","2026-05-24"
"14506","2022-05-17","2024-05-13"
"14507","2022-05-17","2026-02-22"
"14508","",""
"14509","2023-01-31","2024-12-23"
"14510","2024-08-20","2025-09-26"
"14511","2022-05-27","2022-05-27"
"14512","2022-05-08","2026-05-31"
"14513","2022-05-14","2022-12-12"
"14514","2024-04-17","2024-08-04"
"14515","2022-07-03","2023-01-08"
"14516","2022-06-10","2026-05-31"
"14517","",""
"14518","2022-06-23","2023-08-01"
"14519","2022-05-22","2026-06-06"
"14520","2022-05-18","2025-12-31"
"14521","2022-07-01","2023-10-01"
"14522","2022-08-06","2025-02-28"
"14523","2022-07-05","2022-07-05"
"14524","2022-05-16","2024-12-01"
"14525","2022-07-25","2023-09-04"
"14526","2022-08-04","2023-08-06"
"14527","2023-08-28","2023-08-28"
"14528","2022-07-12","2024-03-11"
"14529","",""
"14530","2022-05-30","2022-08-28"
"14531","2022-06-11","2024-05-27"
"14532","2022-10-06","2026-03-31"
"14533","2022-05-17","2025-03-10"
"14534","2022-06-08","2022-09-04"
"14535","2022-07-31","2026-03-01"
"14536","2022-06-25","2026-05-31"
"14537","2022-07-04","2026-01-06"
"14538","2022-06-29","2023-11-26"
"14539","2022-05-19","2023-09-04"
"14540","",""
"14541","2023-07-15","2023-08-07"
"14542","2022-05-31","2026-02-16"
"14543","2022-08-23","2022-08-28"
"14544","2022-08-20","2025-12-22"
"14545","2022-09-16","2022-09-16"
"14546","2022-05-30","2026-06-12"
"14547","",""
"14548","2022-11-03","2023-07-18"
"14549","",""
"14550","2022-05-19","2025-10-29"
"14551","2022-05-23","2026-05-31"
"14552","2022-05-21","2025-10-31"
"14553","2022-05-14","2026-06-08"
"14554","",""
"14555","2022-06-07","2023-08-06"
"14556","2022-06-07","2023-04-07"
"14557","2022-06-10","2023-11-18"
"14558","2022-10-24","2026-03-04"
"14559","2022-09-12","2023-05-25"
"14560","2022-07-10","2023-08-28"
"14561","2022-06-18","2026-06-10"
"14562","2022-05-22","2026-06-08"
"14563","2022-06-22","2026-05-19"
"14564","",""
"14565","2022-08-20","2026-06-08"
"14566","2022-07-03","2026-05-26"
"14567","2022-06-23","2026-05-30"
"14568","2022-06-17","2026-06-07"
"14569","2022-06-25","2026-06-10"
"14570","2022-05-25","2026-04-16"
"14571","",""
"14572","2023-09-07","2023-09-07"
"14573","",""
"14574","",""
"14575","2022-06-14","2023-09-04"
"14576","2022-11-14","2023-09-08"
"14577","2022-05-28","2023-11-07"
"14578","2022-08-05","2026-05-24"
"14579","2022-06-07","2023-08-25"
"14580","",""
"14581","2022-05-20","2026-05-29"
"14582","2022-06-12","2026-05-24"
"14583","2022-08-06","2026-05-12"
"14584","2022-05-16","2023-08-28"
"14585","2023-02-12","2023-09-02"
"14586","2022-09-15","2023-09-07"
"14587","2024-06-20","2024-06-20"
"14588","",""
"14589","",""
"14590","",""
"14591","2022-05-22","2023-11-26"
"14592","2022-08-07","2026-05-10"
"14593","2022-06-03","2023-05-23"
"14594","2022-08-15","2025-07-08"
"14595","2022-05-19","2026-06-18"
"14596","",""
"14597","2022-08-02","2023-09-06"
"14598","",""
"14599","2022-06-20","2023-08-20"
"14600","2022-09-17","2023-05-27"
"14601","",""
"14602","2022-09-23","2026-06-09"
"14603","2022-07-16","2024-08-03"
"14604","2022-05-30","2022-06-26"
"14605","2022-07-24","2023-06-19"
"14606","",""
"14607","2022-05-25","2025-04-10"
"14608","",""
"14609","2022-05-25","2026-04-06"
"14610","2022-05-30","2026-05-17"
"14611","",""
"14612","2022-06-19","2026-03-30"
"14613","2022-05-30","2023-01-19"
"14614","2022-07-01","2022-10-01"
"14615","2022-05-28","2024-06-25"
"14616","2022-08-20","2022-09-07"
"14617","2023-03-19","2023-07-05"
"14618","",""
"14619","2022-07-28","2023-09-05"
"14620","",""
"14621","",""
"14622","2023-08-10","2023-08-10"
"14623","2022-06-06","2023-07-31"
"14624","2023-12-24","2023-12-24"
"14625","",""
"14626","2024-10-26","2024-10-26"
"14627","",""
"14628","2022-09-25","2023-05-20"
"14629","",""
"14630","2023-12-09","2023-12-09"
"14631","2022-08-11","2022-10-01"
"14632","",""
"14633","2023-08-29","2024-02-15"
"14634","2024-11-01","2024-11-01"
"14635","",""
"14636","2023-11-29","2023-11-29"
"14637","2023-06-17","2023-06-17"
"14638","",""
"14639","",""
"14640","",""
"14641","2022-09-20","2023-08-04"
"14642","2023-07-27","2024-07-14"
"14643","2022-09-30","2023-03-10"
"14644","2024-04-29","2024-07-15"
"14645","",""
"14646","",""
"14647","2024-05-08","2024-05-08"
"14648","",""
"14649","",""
"14650","2023-11-01","2024-06-01"
"14651","2024-05-01","2024-05-01"
"14652","",""
"14653","",""
"14654","2022-10-01","2023-11-11"
"14655","",""
"14656","2022-06-30","2022-06-30"
"14657","",""
"14658","2022-06-27","2023-06-01"
"14659","",""
"14660","2023-09-13","2024-10-31"
"14661","",""
"14662","2024-11-02","2024-11-02"
"14663","2023-01-01","2025-12-12"
"14664","2025-08-11","2025-08-11"
"14665","2022-06-19","2026-03-07"
"14666","2022-07-31","2025-10-25"
"14667","2022-10-31","2025-08-31"
"14668","",""
"14669","2022-05-23","2025-05-31"
"14670","2022-06-13","2025-11-29"
"14671","",""
"14672","2022-05-23","2026-03-17"
"14673","2022-05-21","2022-10-30"
"14674","2022-05-25","2026-05-27"
"14675","2022-07-23","2026-05-31"
"14676","2022-09-27","2026-05-25"
"14677","2022-06-26","2025-11-06"
"14678","",""
"14679","2022-05-31","2023-10-09"
"14680","2022-09-06","2023-01-02"
"14681","2022-06-05","2025-10-05"
"14682","2022-06-18","2024-07-31"
"14683","2022-05-31","2022-06-21"
"14684","2022-09-04","2026-03-14"
"14685","2023-01-05","2026-05-24"
"14686","2022-06-12","2022-12-11"
"14687","2022-08-08","2022-08-08"
"14688","2022-05-24","2026-01-01"
"14689","2022-06-26","2024-08-23"
"14690","2022-08-19","2025-10-06"
"14691","2022-06-04","2023-06-07"
"14692","2022-06-09","2022-09-05"
"14693","2022-07-02","2025-06-30"
"14694","2022-08-13","2026-05-12"
"14695","2022-06-04","2026-02-28"
"14696","",""
"14697","2022-06-01","2026-06-06"
"14698","2022-07-19","2023-08-07"
"14699","2022-05-28","2022-05-28"
"14700","",""
"14701","2022-08-13","2022-09-16"
"14702","2022-08-31","2025-01-01"
"14703","2022-10-05","2026-02-14"
"14704","",""
"14705","2022-07-04","2026-05-13"
"14706","2022-06-30","2022-10-15"
"14707","2022-08-16","2024-09-30"
"14708","2023-02-17","2023-02-17"
"14709","2022-08-25","2023-07-16"
"14710","2022-06-05","2023-12-31"
"14711","2022-07-06","2023-04-24"
"14712","2022-06-02","2023-10-25"
"14713","",""
"14714","2022-06-04","2023-08-31"
"14715","2022-06-01","2026-06-08"
"14716","2022-07-11","2026-06-09"
"14717","",""
"14718","2022-06-05","2022-06-07"
"14719","2022-05-27","2026-06-02"
"14720","2022-06-10","2022-10-30"
"14721","",""
"14722","2025-06-06","2025-06-06"
"14723","2022-11-03","2023-01-30"
"14724","2022-07-05","2025-07-27"
"14725","2022-06-06","2026-06-01"
"14726","2022-06-10","2022-11-29"
"14727","2022-06-13","2022-11-16"
"14728","2022-06-25","2023-08-05"
"14729","2022-11-22","2023-09-24"
"14730","2022-05-30","2023-10-01"
"14731","2022-06-05","2026-05-24"
"14732","2022-08-25","2025-12-18"
"14733","2022-06-11","2023-09-15"
"14734","2022-07-25","2022-07-25"
"14735","2022-06-05","2025-01-25"
"14736","2022-06-11","2024-03-30"
"14737","2022-06-02","2025-11-24"
"14738","2022-05-29","2023-12-02"
"14739","2023-05-14","2026-03-17"
"14740","2022-10-02","2023-11-25"
"14741","2022-06-06","2023-06-11"
"14742","",""
"14743","2022-07-24","2025-09-13"
"14744","2022-06-06","2023-07-22"
"14745","2022-06-27","2023-08-29"
"14746","2022-08-21","2024-09-02"
"14747","",""
"14748","",""
"14749","2022-09-30","2025-10-21"
"14750","2022-09-13","2025-09-09"
"14751","2022-06-27","2023-08-27"
"14752","2022-06-14","2023-07-30"
"14753","2022-06-15","2023-08-20"
"14754","",""
"14755","2022-10-19","2022-10-19"
"14756","",""
"14757","",""
"14758","",""
"14759","",""
"14760","2022-06-19","2024-07-01"
"14761","2022-07-03","2022-09-22"
"14762","2022-08-26","2022-11-07"
"14763","2022-06-11","2023-08-18"
"14764","2022-06-13","2023-01-14"
"14765","2022-06-15","2024-02-20"
"14766","2022-10-18","2026-04-01"
"14767","2023-02-28","2023-02-28"
"14768","2022-06-10","2023-05-28"
"14769","",""
"14770","2022-09-04","2026-05-18"
"14771","2022-06-04","2023-02-17"
"14772","2022-06-13","2023-08-20"
"14773","2023-06-20","2026-05-16"
"14774","2024-06-04","2025-07-31"
"14775","2022-07-01","2025-02-28"
"14776","2022-12-19","2026-05-30"
"14777","2022-07-22","2022-12-30"
"14778","2022-06-20","2024-07-03"
"14779","2022-06-14","2023-11-17"
"14780","2022-06-25","2023-09-30"
"14781","2022-06-28","2026-05-08"
"14782","2022-06-17","2023-11-23"
"14783","2022-07-25","2023-01-04"
"14784","2022-08-29","2025-11-16"
"14785","2022-07-23","2023-10-14"
"14786","",""
"14787","2022-06-10","2025-12-15"
"14788","2022-07-07","2026-05-30"
"14789","2022-06-12","2022-09-11"
"14790","2023-07-30","2025-08-13"
"14791","2022-07-04","2023-05-02"
"14792","2023-03-22","2024-01-15"
"14793","2022-10-16","2025-08-07"
"14794","2022-06-19","2026-01-30"
"14795","2022-06-25","2023-07-18"
"14796","2022-07-24","2026-01-09"
"14797","2026-02-23","2026-02-23"
"14798","2022-12-20","2023-07-03"
"14799","2022-06-29","2024-10-01"
"14800","2022-07-08","2025-11-14"
"14801","2022-08-29","2026-06-10"
"14802","2022-11-13","2022-11-13"
"14803","2023-07-01","2025-08-05"
"14804","",""
"14805","2022-06-15","2026-01-05"
"14806","2022-07-12","2025-06-23"
"14807","2022-06-25","2026-02-28"
"14808","2022-06-18","2023-03-09"
"14809","2022-10-29","2025-11-21"
"14810","2023-07-23","2026-05-17"
"14811","",""
"14812","2023-02-04","2025-05-01"
"14813","2022-07-10","2025-03-01"
"14814","2022-08-20","2026-05-06"
"14815","",""
"14816","2022-10-17","2026-05-25"
"14817","2022-06-11","2026-05-21"
"14818","",""
"14819","2022-07-23","2026-05-01"
"14820","2022-06-13","2026-05-25"
"14821","2022-07-15","2026-05-23"
"14822","2023-01-01","2024-08-05"
"14823","2022-08-28","2024-09-03"
"14824","2022-06-12","2026-06-01"
"14825","2022-06-12","2023-10-08"
"14826","2022-06-17","2024-09-28"
"14827","2022-06-09","2026-05-01"
"14828","2022-06-26","2023-09-26"
"14829","2023-12-05","2026-05-24"
"14830","2022-06-12","2024-07-31"
"14831","2022-06-19","2025-08-20"
"14832","2022-06-15","2023-07-14"
"14833","",""
"14834","2022-06-12","2026-05-26"
"14835","2022-07-31","2022-09-06"
"14836","2022-06-20","2023-07-16"
"14837","2022-06-26","2026-01-27"
"14838","",""
"14839","2022-07-08","2026-05-31"
"14840","",""
"14841","2022-07-21","2022-07-21"
"14842","2022-06-12","2023-06-20"
"14843","2023-03-20","2023-07-15"
"14844","2022-07-06","2026-03-15"
"14845","2022-06-19","2023-06-21"
"14846","2022-07-11","2024-12-11"
"14847","2022-07-16","2026-03-18"
"14848","2022-08-22","2024-06-01"
"14849","",""
"14850","2022-10-06","2023-08-26"
"14851","2022-11-07","2024-12-21"
"14852","2022-06-24","2023-09-04"
"14853","2022-08-10","2023-08-31"
"14854","2022-12-05","2025-10-01"
"14855","2022-06-26","2023-09-05"
"14856","2024-10-19","2024-10-19"
"14857","2022-08-21","2026-05-24"
"14858","2022-06-19","2023-02-07"
"14859","2022-07-16","2023-08-30"
"14860","2022-06-26","2022-06-26"
"14861","2023-10-01","2025-12-30"
"14862","2022-11-04","2024-12-03"
"14863","",""
"14864","2022-06-20","2026-05-31"
"14865","2022-06-23","2025-03-31"
"14866","2022-06-12","2023-09-12"
"14867","2022-11-01","2026-01-31"
"14868","2022-09-04","2024-10-18"
"14869","2022-06-10","2023-10-01"
"14870","2022-07-24","2024-08-11"
"14871","2022-08-31","2026-06-10"
"14872","2024-10-19","2024-10-19"
"14873","2022-06-12","2025-04-26"
"14874","2022-06-12","2026-06-06"
"14875","2022-06-19","2022-10-16"
"14876","2022-08-07","2022-11-07"
"14877","",""
"14878","",""
"14879","2022-06-27","2023-04-23"
"14880","2022-06-27","2026-04-02"
"14881","2022-07-31","2026-02-14"
"14882","2023-04-03","2026-05-28"
"14883","",""
"14884","2025-02-21","2025-12-06"
"14885","2022-07-01","2024-09-27"
"14886","2022-07-15","2026-01-29"
"14887","2022-06-21","2026-05-24"
"14888","2022-07-04","2025-06-02"
"14889","2022-10-22","2023-11-12"
"14890","",""
"14891","2022-06-22","2026-06-07"
"14892","2022-08-15","2023-07-05"
"14893","2022-08-31","2026-05-23"
"14894","2022-07-04","2026-05-09"
"14895","2022-06-27","2023-07-09"
"14896","2022-07-17","2024-11-28"
"14897","",""
"14898","2025-06-28","2025-06-28"
"14899","2022-07-16","2024-05-16"
"14900","",""
"14901","2022-12-04","2026-05-14"
"14902","",""
"14903","2022-10-04","2022-10-04"
"14904","2022-06-24","2023-08-13"
"14905","2022-07-17","2024-07-15"
"14906","2022-06-22","2026-05-31"
"14907","2022-07-03","2024-04-03"
"14908","2022-06-19","2023-09-11"
"14909","2022-07-17","2023-11-30"
"14910","2022-06-19","2026-05-12"
"14911","2022-09-25","2025-09-17"
"14912","2022-07-19","2026-05-31"
"14913","2022-06-17","2023-10-08"
"14914","2022-06-21","2023-11-15"
"14915","2022-08-31","2022-11-19"
"14916","2022-06-25","2022-07-04"
"14917","2022-06-25","2026-06-04"
"14918","2022-07-09","2024-11-15"
"14919","2022-10-09","2023-09-10"
"14920","2022-09-05","2022-09-05"
"14921","2022-07-23","2023-01-16"
"14922","2023-01-01","2023-09-05"
"14923","",""
"14924","2022-07-11","2025-12-21"
"14925","",""
"14926","2022-08-04","2023-11-26"
"14927","2022-07-02","2023-08-18"
"14928","2022-07-26","2023-07-30"
"14929","2022-06-27","2026-06-07"
"14930","2022-08-31","2024-07-31"
"14931","",""
"14932","",""
"14933","2023-08-05","2026-04-01"
"14934","2022-09-05","2023-09-23"
"14935","2022-06-26","2026-06-07"
"14936","2022-08-01","2026-06-07"
"14937","2023-07-02","2026-05-01"
"14938","",""
"14939","2022-07-29","2023-09-03"
"14940","2022-06-19","2023-12-31"
"14941","2023-07-02","2026-05-31"
"14942","",""
"14943","",""
"14944","2024-08-07","2025-08-28"
"14945","2022-10-22","2025-01-28"
"14946","2022-10-25","2023-03-26"
"14947","2022-07-30","2024-03-30"
"14948","2022-07-05","2026-05-09"
"14949","2022-07-20","2026-01-30"
"14950","2022-08-22","2023-09-30"
"14951","2022-12-23","2026-03-20"
"14952","2022-07-17","2023-10-14"
"14953","2022-06-28","2025-01-08"
"14954","2022-12-30","2023-04-10"
"14955","2022-07-31","2026-04-04"
"14956","2022-06-29","2024-06-17"
"14957","2022-08-15","2025-09-15"
"14958","2023-02-26","2026-01-25"
"14959","2022-06-30","2023-05-28"
"14960","2022-07-09","2023-07-30"
"14961","2022-08-27","2026-05-06"
"14962","2022-09-12","2022-09-12"
"14963","2022-06-27","2023-10-14"
"14964","",""
"14965","",""
"14966","2023-11-15","2024-08-12"
"14967","2022-07-05","2023-09-24"
"14968","2022-06-20","2023-09-04"
"14969","",""
"14970","2022-07-07","2022-12-16"
"14971","2022-06-23","2023-12-02"
"14972","2022-09-02","2026-05-31"
"14973","2022-06-26","2026-05-29"
"14974","2023-09-30","2026-03-31"
"14975","2024-07-01","2025-04-10"
"14976","2023-04-26","2025-12-22"
"14977","",""
"14978","2022-07-10","2026-05-31"
"14979","2022-09-11","2026-06-02"
"14980","2022-07-12","2026-03-30"
"14981","2022-07-29","2026-05-26"
"14982","2022-07-11","2025-11-05"
"14983","",""
"14984","2022-09-02","2024-07-04"
"14985","2022-06-25","2026-06-02"
"14986","2022-07-20","2022-08-08"
"14987","2022-09-02","2024-06-10"
"14988","",""
"14989","",""
"14990","2023-11-22","2026-04-12"
"14991","2022-09-15","2026-05-29"
"14992","2022-07-27","2023-10-11"
"14993","2022-06-26","2026-03-02"
"14994","2022-09-05","2023-06-24"
"14995","2022-10-09","2023-08-19"
"14996","2022-08-29","2023-07-29"
"14997","",""
"14998","",""
"14999","2022-08-28","2022-08-28"
"15000","2022-10-09","2026-04-25"
"15001","2022-07-26","2026-05-30"
"15002","2022-09-01","2023-03-02"
"15003","2022-08-10","2023-05-14"
"15004","2022-07-05","2025-11-23"
"15005","2022-06-25","2024-07-03"
"15006","2022-06-23","2026-02-15"
"15007","2022-07-29","2022-10-09"
"15008","2022-08-31","2022-08-31"
"15009","2022-08-01","2026-05-05"
"15010","2022-07-05","2022-08-21"
"15011","2022-07-27","2023-08-27"
"15012","2024-11-17","2026-02-01"
"15013","",""
"15014","2022-08-31","2023-09-03"
"15015","",""
"15016","2022-08-07","2025-06-18"
"15017","2022-08-06","2026-05-31"
"15018","",""
"15019","2022-10-08","2026-05-31"
"15020","2022-10-12","2023-10-07"
"15021","2022-10-13","2022-10-13"
"15022","2022-06-25","2026-05-31"
"15023","2022-07-20","2023-05-21"
"15024","2022-07-05","2025-01-06"
"15025","2022-09-18","2026-04-01"
"15026","2022-07-03","2023-06-17"
"15027","2022-09-01","2023-06-01"
"15028","2025-09-03","2025-09-03"
"15029","2023-04-05","2023-11-05"
"15030","",""
"15031","2024-01-01","2024-01-01"
"15032","",""
"15033","2022-07-20","2026-06-14"
"15034","2022-07-02","2024-10-16"
"15035","",""
"15036","",""
"15037","",""
"15038","2022-07-15","2023-07-26"
"15039","2022-09-18","2026-05-15"
"15040","2022-07-15","2022-07-17"
"15041","2022-06-25","2023-10-15"
"15042","2022-08-26","2025-08-17"
"15043","2022-07-17","2023-09-17"
"15044","2022-09-17","2023-05-20"
"15045","2022-08-30","2024-11-06"
"15046","2022-07-04","2023-09-12"
"15047","2026-04-04","2026-04-04"
"15048","",""
"15049","2022-07-19","2026-05-24"
"15050","2022-07-17","2023-10-15"
"15051","2022-08-29","2025-11-10"
"15052","2023-08-20","2025-12-14"
"15053","2022-08-01","2025-03-13"
"15054","",""
"15055","2022-07-03","2024-09-25"
"15056","2024-03-06","2024-03-06"
"15057","2022-08-02","2026-06-10"
"15058","2022-07-19","2026-04-05"
"15059","2022-09-29","2025-12-08"
"15060","",""
"15061","2022-08-07","2025-12-21"
"15062","2023-07-31","2023-07-31"
"15063","2023-07-24","2026-01-12"
"15064","2022-07-27","2026-06-10"
"15065","2022-07-31","2026-05-31"
"15066","2022-07-30","2023-06-06"
"15067","2022-08-08","2022-09-03"
"15068","",""
"15069","2025-09-22","2025-09-22"
"15070","2022-12-02","2024-03-31"
"15071","",""
"15072","2022-07-05","2025-02-03"
"15073","2022-12-11","2023-08-27"
"15074","2023-01-16","2023-12-31"
"15075","",""
"15076","2022-08-01","2025-11-15"
"15077","2022-09-01","2026-04-04"
"15078","2022-08-21","2026-03-20"
"15079","2022-09-25","2026-05-25"
"15080","2022-09-07","2026-06-07"
"15081","2022-07-17","2024-03-31"
"15082","2022-07-22","2026-03-11"
"15083","2022-07-12","2023-08-22"
"15084","2024-03-17","2026-06-10"
"15085","2022-07-03","2026-05-21"
"15086","",""
"15087","",""
"15088","2023-06-01","2023-06-01"
"15089","",""
"15090","",""
"15091","",""
"15092","2022-07-01","2022-10-30"
"15093","2022-07-06","2025-10-31"
"15094","2022-08-07","2025-05-29"
"15095","2024-03-31","2024-06-29"
"15096","2022-08-25","2023-04-23"
"15097","2022-08-11","2025-11-25"
"15098","2024-04-01","2026-01-10"
"15099","2022-10-01","2026-01-02"
"15100","2022-11-26","2022-12-23"
"15101","2022-10-18","2026-06-03"
"15102","2022-08-11","2024-07-18"
"15103","2022-11-12","2026-01-01"
"15104","2022-07-05","2026-06-02"
"15105","",""
"15106","2024-07-17","2026-01-23"
"15107","2022-09-28","2022-09-28"
"15108","2022-10-07","2025-11-30"
"15109","",""
"15110","2022-08-08","2026-04-29"
"15111","2022-08-17","2022-08-17"
"15112","2022-11-07","2023-07-25"
"15113","2022-08-18","2025-11-15"
"15114","",""
"15115","2022-08-06","2023-09-07"
"15116","2022-07-08","2026-06-05"
"15117","2022-08-31","2025-08-02"
"15118","2022-07-24","2026-05-16"
"15119","2022-07-10","2023-05-27"
"15120","2022-11-17","2025-08-03"
"15121","2022-08-13","2023-09-10"
"15122","2022-12-26","2022-12-26"
"15123","2023-12-28","2024-05-27"
"15124","2022-07-10","2023-11-24"
"15125","",""
"15126","2022-07-28","2023-10-22"
"15127","2022-07-31","2026-05-20"
"15128","2024-05-02","2024-05-02"
"15129","2022-08-29","2024-11-25"
"15130","2022-08-21","2023-10-12"
"15131","",""
"15132","2022-08-14","2022-10-30"
"15133","2022-08-05","2026-02-06"
"15134","2022-09-16","2026-02-22"
"15135","2022-08-30","2026-03-01"
"15136","2022-08-22","2025-03-03"
"15137","2022-07-07","2026-06-09"
"15138","",""
"15139","2024-11-22","2025-11-20"
"15140","2022-08-08","2026-01-31"
"15141","",""
"15142","2022-07-11","2026-05-19"
"15143","2022-11-14","2024-06-12"
"15144","2023-10-10","2025-01-25"
"15145","2022-10-29","2023-09-14"
"15146","2022-07-31","2023-01-03"
"15147","2022-07-09","2023-09-12"
"15148","2022-07-09","2026-03-22"
"15149","2023-05-22","2026-05-30"
"15150","2022-07-31","2026-02-05"
"15151","2022-09-13","2026-02-02"
"15152","2022-07-27","2024-07-01"
"15153","2023-04-08","2025-08-31"
"15154","2022-07-06","2025-10-05"
"15155","2022-07-13","2023-12-04"
"15156","2022-07-31","2023-11-26"
"15157","2022-12-06","2023-10-19"
"15158","2022-08-19","2023-01-02"
"15159","2022-07-09","2026-05-30"
"15160","2024-08-03","2025-01-05"
"15161","2022-09-09","2023-06-10"
"15162","",""
"15163","2022-08-03","2022-08-28"
"15164","2022-07-11","2023-09-17"
"15165","2022-09-20","2022-11-01"
"15166","2022-09-11","2025-08-16"
"15167","2022-08-08","2025-12-02"
"15168","",""
"15169","2022-07-19","2022-11-27"
"15170","2022-09-04","2023-12-02"
"15171","2023-06-01","2026-05-21"
"15172","2022-07-11","2026-02-01"
"15173","2022-07-16","2024-11-09"
"15174","2022-12-10","2023-09-14"
"15175","2022-07-15","2023-10-15"
"15176","2022-07-17","2025-12-23"
"15177","2023-08-21","2025-12-01"
"15178","2022-09-05","2026-06-14"
"15179","2022-07-11","2025-11-17"
"15180","2022-08-29","2023-09-29"
"15181","",""
"15182","2023-02-15","2026-05-31"
"15183","2022-08-06","2022-11-06"
"15184","2022-12-04","2026-05-09"
"15185","2022-09-28","2023-07-29"
"15186","2022-09-20","2023-06-25"
"15187","2022-08-21","2023-09-05"
"15188","2022-07-29","2026-05-25"
"15189","2022-11-17","2025-06-30"
"15190","",""
"15191","2022-07-26","2026-02-22"
"15192","2022-07-19","2023-11-05"
"15193","",""
"15194","2023-03-06","2023-05-26"
"15195","2025-01-16","2025-01-16"
"15196","2023-08-03","2023-08-03"
"15197","2025-06-02","2025-08-05"
"15198","",""
"15199","2022-08-20","2025-09-30"
"15200","2022-07-26","2023-09-12"
"15201","2023-06-02","2023-06-02"
"15202","2022-09-14","2022-09-14"
"15203","2023-11-18","2024-08-03"
"15204","2022-07-15","2022-07-15"
"15205","2023-01-02","2023-09-04"
"15206","2022-09-20","2023-11-05"
"15207","2022-08-07","2023-02-26"
"15208","",""
"15209","2022-09-06","2022-12-05"
"15210","2022-08-04","2023-08-26"
"15211","2022-09-19","2023-04-30"
"15212","2022-07-10","2022-12-20"
"15213","2022-08-25","2026-05-28"
"15214","2022-07-19","2026-05-22"
"15215","2022-07-15","2026-05-29"
"15216","2022-07-16","2026-06-01"
"15217","2022-07-31","2026-03-03"
"15218","2022-07-16","2026-04-07"
"15219","2022-07-18","2023-08-04"
"15220","",""
"15221","2022-08-12","2022-09-26"
"15222","2022-11-20","2023-10-15"
"15223","2023-01-15","2025-03-02"
"15224","2022-10-10","2025-09-14"
"15225","2022-10-07","2026-06-05"
"15226","2022-11-06","2025-10-01"
"15227","2022-09-30","2026-03-29"
"15228","2022-07-31","2023-06-07"
"15229","",""
"15230","2022-12-14","2026-02-01"
"15231","2022-07-16","2023-09-05"
"15232","2022-07-20","2026-04-17"
"15233","2022-10-16","2024-09-01"
"15234","2022-07-28","2026-04-14"
"15235","2022-08-21","2024-11-17"
"15236","2022-10-25","2023-06-28"
"15237","2022-11-06","2023-11-22"
"15238","2022-07-29","2026-05-31"
"15239","2022-07-25","2026-05-17"
"15240","2022-10-03","2022-10-03"
"15241","2022-07-17","2022-12-19"
"15242","2022-10-01","2024-12-11"
"15243","",""
"15244","2022-08-20","2026-04-01"
"15245","2022-08-03","2023-05-08"
"15246","2022-07-17","2022-12-30"
"15247","2022-07-12","2023-07-12"
"15248","2022-09-08","2025-11-02"
"15249","2022-07-16","2026-05-28"
"15250","2022-08-12","2023-01-07"
"15251","2022-07-25","2023-10-01"
"15252","2022-08-13","2023-10-09"
"15253","2022-10-11","2025-10-28"
"15254","2022-09-17","2023-06-19"
"15255","2022-07-29","2026-05-03"
"15256","2022-07-16","2026-04-24"
"15257","2022-09-01","2023-09-01"
"15258","2023-08-25","2023-10-18"
"15259","2022-07-19","2025-12-22"
"15260","2022-11-06","2026-03-08"
"15261","2022-08-23","2022-09-05"
"15262","2022-08-27","2026-04-28"
"15263","2022-09-03","2023-09-24"
"15264","2022-07-21","2026-05-24"
"15265","",""
"15266","2022-08-14","2023-08-26"
"15267","",""
"15268","2022-11-04","2025-03-08"
"15269","2022-09-03","2022-12-14"
"15270","2023-04-29","2023-12-14"
"15271","",""
"15272","2022-07-16","2026-04-16"
"15273","2022-10-01","2023-05-09"
"15274","2023-02-06","2026-02-21"
"15275","2022-07-31","2022-10-02"
"15276","2022-09-14","2022-09-14"
"15277","",""
"15278","2022-10-10","2022-10-19"
"15279","2023-05-31","2023-05-31"
"15280","2022-08-28","2023-09-05"
"15281","",""
"15282","2022-07-24","2026-06-10"
"15283","2022-09-11","2022-09-11"
"15284","2022-07-22","2026-05-31"
"15285","2022-08-24","2026-02-21"
"15286","2022-07-24","2026-05-31"
"15287","2022-08-28","2023-08-20"
"15288","2022-10-28","2022-10-28"
"15289","2022-09-07","2022-10-20"
"15290","2022-11-25","2022-11-25"
"15291","2022-09-24","2022-10-16"
"15292","2022-10-30","2025-06-09"
"15293","2022-09-10","2024-04-11"
"15294","2022-08-21","2026-05-30"
"15295","2022-09-10","2025-08-07"
"15296","2022-07-17","2023-02-23"
"15297","2024-04-21","2025-05-31"
"15298","2022-07-18","2023-09-03"
"15299","",""
"15300","2023-07-02","2026-06-13"
"15301","2022-07-26","2023-09-17"
"15302","2022-10-24","2025-12-22"
"15303","2022-07-17","2026-06-08"
"15304","",""
"15305","2023-07-17","2023-09-26"
"15306","2022-09-28","2026-05-28"
"15307","2024-04-28","2024-04-28"
"15308","2022-12-23","2025-08-22"
"15309","",""
"15310","2022-07-26","2024-03-28"
"15311","2022-07-25","2024-11-04"
"15312","2023-08-31","2024-05-03"
"15313","2022-08-02","2023-09-04"
"15314","2022-08-03","2022-12-05"
"15315","2022-08-31","2023-08-08"
"15316","2022-08-28","2025-10-11"
"15317","2023-09-05","2023-09-05"
"15318","2023-08-16","2024-06-04"
"15319","",""
"15320","2022-10-09","2026-02-22"
"15321","2022-08-05","2023-08-05"
"15322","2022-07-22","2026-03-23"
"15323","2022-07-26","2026-06-07"
"15324","2022-09-17","2026-05-18"
"15325","2022-07-25","2026-05-29"
"15326","2022-07-23","2024-09-04"
"15327","2022-07-31","2025-12-21"
"15328","",""
"15329","2022-09-05","2023-09-24"
"15330","2022-07-30","2024-06-15"
"15331","2022-07-23","2026-04-19"
"15332","2022-08-26","2023-09-04"
"15333","2023-04-13","2023-04-13"
"15334","2022-09-18","2023-10-19"
"15335","2022-08-07","2023-09-05"
"15336","2022-09-01","2025-12-20"
"15337","2022-08-01","2025-07-29"
"15338","2022-07-25","2026-06-12"
"15339","",""
"15340","2022-08-13","2026-02-01"
"15341","2025-01-03","2025-01-03"
"15342","",""
"15343","2022-11-09","2026-04-28"
"15344","2022-08-11","2026-04-18"
"15345","",""
"15346","",""
"15347","2023-05-19","2023-05-19"
"15348","",""
"15349","2022-10-31","2026-05-25"
"15350","2023-06-01","2024-11-30"
"15351","2023-07-13","2023-07-13"
"15352","2022-12-23","2026-05-02"
"15353","2023-07-27","2026-05-14"
"15354","2022-08-04","2026-05-02"
"15355","2022-12-24","2026-05-02"
"15356","2023-05-12","2026-05-31"
"15357","2022-11-05","2024-10-01"
"15358","2022-08-02","2023-01-02"
"15359","2022-11-18","2025-09-08"
"15360","2022-08-11","2025-11-21"
"15361","2022-08-23","2023-12-03"
"15362","2022-08-21","2025-10-25"
"15363","2022-08-15","2026-05-28"
"15364","2022-07-31","2026-03-06"
"15365","2022-07-30","2026-05-24"
"15366","",""
"15367","",""
"15368","",""
"15369","2023-05-15","2026-06-18"
"15370","2022-07-31","2023-09-04"
"15371","2022-08-07","2022-08-28"
"15372","",""
"15373","2022-08-04","2026-02-23"
"15374","",""
"15375","2022-09-11","2023-09-02"
"15376","2022-08-01","2025-08-09"
"15377","",""
"15378","2022-07-28","2026-06-01"
"15379","2022-08-05","2023-12-09"
"15380","",""
"15381","2022-10-01","2025-08-01"
"15382","",""
"15383","2022-09-07","2023-09-01"
"15384","2022-10-17","2026-04-05"
"15385","",""
"15386","2022-08-01","2026-06-08"
"15387","2024-06-30","2026-02-13"
"15388","2022-10-14","2026-05-12"
"15389","2022-09-28","2026-05-01"
"15390","2023-03-26","2026-06-08"
"15391","2022-08-02","2023-10-22"
"15392","",""
"15393","2022-08-31","2026-06-09"
"15394","2022-07-27","2023-08-06"
"15395","2022-08-10","2022-08-26"
"15396","",""
"15397","2022-09-01","2025-12-10"
"15398","2022-08-06","2026-05-03"
"15399","2022-07-31","2026-06-01"
"15400","2022-07-29","2024-04-20"
"15401","2022-08-19","2026-06-10"
"15402","2022-08-13","2025-01-17"
"15403","2022-10-11","2023-06-14"
"15404","2022-08-19","2026-04-16"
"15405","2023-01-03","2025-12-11"
"15406","",""
"15407","2023-08-10","2023-11-05"
"15408","2022-08-07","2023-01-04"
"15409","2022-08-14","2025-07-07"
"15410","2022-09-13","2023-06-03"
"15411","2025-05-19","2026-04-30"
"15412","2022-09-07","2026-06-08"
"15413","2025-10-05","2025-10-05"
"15414","2023-02-28","2026-02-01"
"15415","",""
"15416","",""
"15417","2022-08-01","2022-08-01"
"15418","2022-08-23","2023-09-10"
"15419","2022-09-13","2025-09-01"
"15420","2022-09-12","2023-09-11"
"15421","2022-08-07","2026-05-30"
"15422","",""
"15423","2024-07-01","2026-01-13"
"15424","2022-08-07","2025-12-27"
"15425","2022-10-30","2026-05-06"
"15426","2022-11-06","2023-01-01"
"15427","2023-08-11","2025-07-04"
"15428","2022-08-07","2023-08-13"
"15429","2022-07-31","2023-10-15"
"15430","2022-08-01","2023-09-05"
"15431","2022-08-01","2023-09-04"
"15432","2022-07-29","2026-05-08"
"15433","2025-01-14","2025-10-01"
"15434","2023-04-15","2026-05-01"
"15435","2022-09-10","2025-08-02"
"15436","",""
"15437","2023-10-31","2024-08-22"
"15438","2022-09-22","2025-11-02"
"15439","2022-09-12","2023-10-28"
"15440","2022-08-19","2022-08-19"
"15441","2022-08-29","2026-06-01"
"15442","2022-08-06","2026-06-03"
"15443","2022-12-08","2022-12-18"
"15444","2022-08-13","2024-02-20"
"15445","2022-10-03","2025-11-02"
"15446","2022-08-26","2025-12-21"
"15447","2023-05-29","2023-09-04"
"15448","2022-08-09","2026-04-08"
"15449","2022-08-31","2026-04-30"
"15450","",""
"15451","2023-06-01","2023-06-01"
"15452","2023-05-01","2024-05-02"
"15453","2023-03-04","2023-03-04"
"15454","2022-08-19","2023-08-06"
"15455","2022-08-02","2022-09-21"
"15456","2022-10-01","2023-06-11"
"15457","2022-12-19","2026-02-17"
"15458","2022-09-18","2023-08-27"
"15459","2022-08-19","2023-06-01"
"15460","2023-02-14","2025-09-04"
"15461","2022-11-21","2023-08-23"
"15462","2022-08-14","2026-04-18"
"15463","2022-08-14","2023-01-01"
"15464","2022-12-21","2024-10-18"
"15465","2022-08-02","2022-10-27"
"15466","",""
"15467","2023-04-01","2025-11-30"
"15468","2023-08-26","2025-11-18"
"15469","2022-09-21","2024-10-08"
"15470","2022-08-05","2023-09-17"
"15471","2022-08-14","2023-12-05"
"15472","2023-03-04","2023-03-04"
"15473","2022-08-07","2024-10-31"
"15474","2022-11-06","2023-10-02"
"15475","2022-08-05","2023-09-23"
"15476","2022-09-17","2023-09-19"
"15477","2022-09-13","2023-06-21"
"15478","",""
"15479","2022-09-13","2026-06-04"
"15480","2022-10-18","2023-11-21"
"15481","",""
"15482","2022-08-07","2022-08-31"
"15483","2023-01-08","2026-04-17"
"15484","2022-10-17","2023-09-14"
"15485","2022-11-13","2023-01-04"
"15486","2022-08-08","2023-07-06"
"15487","2024-05-15","2024-05-15"
"15488","",""
"15489","2025-07-06","2025-07-06"
"15490","",""
"15491","2026-01-17","2026-01-17"
"15492","2024-04-07","2024-05-11"
"15493","",""
"15494","2022-08-15","2023-10-05"
"15495","2022-08-13","2025-08-01"
"15496","2022-08-08","2023-08-30"
"15497","2022-09-01","2024-12-24"
"15498","2022-10-24","2026-05-31"
"15499","2022-09-05","2023-06-23"
"15500","2022-09-30","2026-05-31"
"15501","",""
"15502","",""
"15503","2022-12-26","2025-08-15"
"15504","",""
"15505","",""
"15506","2023-03-05","2024-10-17"
"15507","2022-09-02","2023-05-21"
"15508","",""
"15509","2022-10-01","2025-05-31"
"15510","2022-08-06","2023-09-17"
"15511","2022-08-08","2023-05-07"
"15512","",""
"15513","",""
"15514","2022-09-05","2024-06-29"
"15515","2022-10-30","2024-03-31"
"15516","2023-07-31","2025-07-31"
"15517","2022-11-13","2025-12-20"
"15518","2022-08-06","2025-12-14"
"15519","2023-06-18","2024-06-01"
"15520","2022-08-08","2023-11-05"
"15521","2022-08-06","2023-11-08"
"15522","2022-08-07","2023-03-22"
"15523","2022-08-18","2023-10-22"
"15524","2023-01-22","2023-01-22"
"15525","2022-09-05","2023-08-05"
"15526","2022-09-05","2023-11-25"
"15527","2022-10-16","2025-11-30"
"15528","2022-08-28","2023-07-25"
"15529","2022-10-22","2024-12-31"
"15530","2022-09-02","2025-01-23"
"15531","2022-09-05","2026-04-12"
"15532","2022-10-01","2026-02-13"
"15533","2022-08-24","2025-04-02"
"15534","2022-08-14","2023-08-08"
"15535","2022-09-06","2023-03-19"
"15536","2022-09-17","2023-10-04"
"15537","2023-11-13","2025-02-15"
"15538","2022-10-06","2024-10-23"
"15539","",""
"15540","2022-08-19","2026-02-07"
"15541","2022-08-09","2026-05-10"
"15542","2022-09-01","2025-08-15"
"15543","2022-09-05","2023-07-10"
"15544","",""
"15545","2022-09-24","2023-09-03"
"15546","2022-08-29","2026-05-20"
"15547","2022-09-05","2023-01-04"
"15548","2022-11-27","2023-08-22"
"15549","2022-08-30","2023-07-19"
"15550","2022-09-13","2026-06-09"
"15551","2022-08-15","2023-08-02"
"15552","2022-08-20","2024-07-31"
"15553","2022-08-15","2025-11-29"
"15554","",""
"15555","2022-08-11","2023-08-22"
"15556","2022-11-04","2025-12-03"
"15557","2022-09-06","2026-05-30"
"15558","2022-09-10","2022-10-07"
"15559","2022-08-14","2026-03-01"
"15560","",""
"15561","2022-08-21","2025-05-31"
"15562","2022-08-15","2025-09-01"
"15563","2024-07-23","2026-05-28"
"15564","2022-09-18","2023-05-20"
"15565","2023-10-07","2023-10-07"
"15566","2022-09-11","2026-06-06"
"15567","2022-08-15","2026-05-19"
"15568","2022-10-09","2026-06-03"
"15569","2022-08-13","2023-12-06"
"15570","2022-08-23","2025-11-06"
"15571","2022-08-14","2026-06-05"
"15572","2023-04-29","2023-05-07"
"15573","2022-08-20","2026-06-07"
"15574","",""
"15575","2022-08-31","2023-06-28"
"15576","2022-11-03","2025-01-28"
"15577","",""
"15578","",""
"15579","2023-01-01","2024-12-02"
"15580","",""
"15581","2022-08-23","2022-12-30"
"15582","2022-08-22","2025-07-13"
"15583","2022-08-21","2023-09-05"
"15584","2022-12-10","2025-03-17"
"15585","",""
"15586","2023-02-26","2024-10-02"
"15587","2022-12-04","2025-08-24"
"15588","2023-03-01","2025-08-26"
"15589","2022-08-21","2026-05-31"
"15590","2023-08-18","2023-08-18"
"15591","2022-08-26","2023-04-17"
"15592","",""
"15593","2022-08-14","2026-01-13"
"15594","2022-08-14","2026-05-30"
"15595","2022-08-21","2026-05-20"
"15596","",""
"15597","2025-09-30","2025-09-30"
"15598","",""
"15599","2026-01-27","2026-01-27"
"15600","2022-10-01","2026-05-08"
"15601","2026-04-09","2026-04-09"
"15602","2022-08-28","2023-09-03"
"15603","2023-01-07","2023-08-04"
"15604","",""
"15605","2025-01-19","2025-01-19"
"15606","2023-04-08","2026-05-28"
"15607","2022-09-20","2026-05-21"
"15608","",""
"15609","2024-03-08","2025-12-28"
"15610","2022-10-17","2022-10-17"
"15611","",""
"15612","2022-08-20","2026-05-23"
"15613","2022-10-03","2025-11-20"
"15614","",""
"15615","",""
"15616","2023-02-25","2023-02-25"
"15617","2024-04-14","2024-09-01"
"15618","",""
"15619","2022-09-30","2024-01-24"
"15620","",""
"15621","",""
"15622","2022-08-26","2026-02-19"
"15623","2025-09-16","2025-09-16"
"15624","",""
"15625","2022-08-18","2026-03-01"
"15626","2022-08-22","2026-04-09"
"15627","2022-08-17","2025-10-04"
"15628","2022-08-21","2026-03-21"
"15629","2022-08-21","2026-05-22"
"15630","2022-08-27","2025-10-05"
"15631","2023-06-30","2023-06-30"
"15632","2022-09-18","2025-02-18"
"15633","2022-09-11","2026-06-14"
"15634","2022-10-03","2023-01-04"
"15635","2024-01-28","2026-06-09"
"15636","2022-09-15","2026-02-03"
"15637","2022-11-12","2022-11-12"
"15638","2022-09-11","2026-04-30"
"15639","2023-09-09","2023-09-09"
"15640","2023-02-20","2025-02-02"
"15641","",""
"15642","2022-12-31","2025-11-16"
"15643","2024-12-08","2024-12-08"
"15644","2024-12-21","2026-06-07"
"15645","2022-09-03","2023-10-08"
"15646","2022-09-15","2023-06-25"
"15647","2022-09-24","2026-06-01"
"15648","2022-09-11","2026-05-01"
"15649","2022-09-17","2023-06-01"
"15650","2022-10-22","2022-11-14"
"15651","",""
"15652","2025-12-29","2026-05-26"
"15653","2022-10-01","2025-01-03"
"15654","2022-12-08","2025-11-23"
"15655","2022-09-05","2023-08-27"
"15656","2022-09-15","2026-06-01"
"15657","2022-09-06","2023-07-03"
"15658","2022-09-08","2023-10-25"
"15659","2022-08-19","2022-12-27"
"15660","2022-10-11","2023-04-17"
"15661","2022-09-19","2023-11-02"
"15662","2023-05-21","2023-05-21"
"15663","2023-07-20","2023-07-20"
"15664","2023-01-03","2023-01-03"
"15665","",""
"15666","2023-07-02","2025-09-28"
"15667","",""
"15668","2024-04-17","2025-07-19"
"15669","2023-07-30","2024-06-13"
"15670","",""
"15671","",""
"15672","",""
"15673","2025-10-20","2025-10-20"
"15674","2022-09-12","2023-07-20"
"15675","2022-09-30","2023-08-16"
"15676","2022-08-22","2025-08-02"
"15677","2022-08-27","2025-04-30"
"15678","2022-09-13","2026-05-29"
"15679","2022-08-27","2024-10-14"
"15680","2022-09-15","2025-03-31"
"15681","2022-08-23","2025-12-14"
"15682","2022-08-20","2024-09-01"
"15683","2022-08-27","2025-11-23"
"15684","2022-10-10","2026-06-11"
"15685","",""
"15686","2022-08-21","2023-11-19"
"15687","2023-01-01","2025-03-30"
"15688","2022-08-30","2025-01-02"
"15689","2022-09-11","2023-09-23"
"15690","2022-08-27","2023-09-17"
"15691","2022-09-19","2026-06-12"
"15692","2022-08-21","2026-05-29"
"15693","2022-08-27","2026-05-09"
"15694","2022-08-21","2026-05-28"
"15695","2022-08-22","2026-05-31"
"15696","2023-03-06","2026-04-14"
"15697","",""
"15698","2024-08-13","2024-08-13"
"15699","",""
"15700","2022-08-28","2023-08-20"
"15701","2022-12-25","2022-12-25"
"15702","2023-03-10","2023-11-21"
"15703","2022-09-30","2026-06-07"
"15704","2022-08-22","2024-03-03"
"15705","2023-02-26","2023-11-25"
"15706","2025-10-01","2025-10-01"
"15707","2022-09-24","2023-07-02"
"15708","2022-09-04","2024-01-31"
"15709","2022-09-24","2024-04-15"
"15710","2022-09-17","2023-01-02"
"15711","2022-08-27","2026-05-25"
"15712","2022-09-07","2023-04-15"
"15713","2022-09-13","2022-12-12"
"15714","2022-10-02","2026-01-17"
"15715","2022-10-10","2023-01-15"
"15716","",""
"15717","",""
"15718","2023-08-22","2025-09-26"
"15719","",""
"15720","2022-09-06","2023-04-30"
"15721","2022-08-27","2022-12-11"
"15722","2022-08-27","2026-05-15"
"15723","2022-09-07","2025-12-27"
"15724","2022-08-26","2023-08-28"
"15725","2022-10-17","2026-04-12"
"15726","2022-09-04","2022-12-15"
"15727","2022-12-14","2023-11-08"
"15728","2023-08-27","2023-10-09"
"15729","2023-07-15","2023-09-22"
"15730","2022-11-08","2026-05-22"
"15731","2022-09-21","2023-07-10"
"15732","2023-05-23","2023-05-23"
"15733","2022-09-03","2022-10-28"
"15734","2022-08-28","2023-08-20"
"15735","2022-08-29","2026-06-07"
"15736","",""
"15737","2022-09-05","2026-05-27"
"15738","2022-10-04","2023-05-17"
"15739","2022-10-03","2023-09-05"
"15740","2022-09-15","2023-09-10"
"15741","2022-10-01","2025-11-01"
"15742","2023-05-27","2023-05-27"
"15743","2022-09-05","2023-10-15"
"15744","2022-09-05","2022-10-23"
"15745","2025-07-10","2025-07-10"
"15746","2022-08-28","2022-08-28"
"15747","2022-09-23","2022-09-26"
"15748","2022-10-05","2026-05-29"
"15749","2023-09-01","2025-12-18"
"15750","2022-11-27","2022-11-27"
"15751","2022-08-29","2026-03-22"
"15752","2023-07-16","2023-07-16"
"15753","",""
"15754","2022-08-30","2024-06-21"
"15755","2024-01-01","2026-05-04"
"15756","2022-10-19","2026-05-18"
"15757","2024-07-11","2026-05-13"
"15758","2022-09-05","2023-01-07"
"15759","2022-09-04","2026-06-12"
"15760","2022-10-16","2026-04-11"
"15761","2022-09-13","2023-08-11"
"15762","2022-09-25","2023-09-03"
"15763","2022-09-12","2023-09-04"
"15764","2022-09-05","2026-05-26"
"15765","2022-09-04","2026-05-21"
"15766","2023-03-31","2026-06-14"
"15767","2022-08-30","2026-05-29"
"15768","2023-01-31","2024-10-31"
"15769","2023-03-10","2026-06-02"
"15770","2022-12-06","2026-03-01"
"15771","2023-03-31","2026-05-18"
"15772","2022-08-28","2026-01-31"
"15773","2022-10-30","2022-10-30"
"15774","2024-10-08","2026-05-17"
"15775","2022-11-05","2025-09-01"
"15776","2023-09-04","2024-07-22"
"15777","",""
"15778","",""
"15779","2022-09-05","2023-09-04"
"15780","2023-01-12","2026-05-31"
"15781","",""
"15782","2023-08-07","2024-12-10"
"15783","2022-09-09","2023-10-30"
"15784","2023-01-02","2025-11-21"
"15785","2022-09-04","2023-09-02"
"15786","2022-12-07","2026-05-16"
"15787","2022-09-25","2023-08-27"
"15788","2022-09-23","2023-08-27"
"15789","2022-09-04","2023-09-20"
"15790","2022-12-10","2025-12-05"
"15791","2022-09-11","2023-04-01"
"15792","2022-09-08","2026-05-31"
"15793","",""
"15794","",""
"15795","2022-09-07","2024-12-04"
"15796","2022-09-06","2025-11-01"
"15797","2022-09-05","2023-10-17"
"15798","",""
"15799","2022-09-03","2023-12-03"
"15800","2022-11-04","2022-11-04"
"15801","2022-09-04","2026-06-07"
"15802","",""
"15803","2022-10-01","2022-10-01"
"15804","",""
"15805","2023-02-23","2023-02-23"
"15806","2022-09-16","2026-05-17"
"15807","2022-09-05","2026-05-18"
"15808","2022-09-03","2026-06-07"
"15809","2022-12-10","2023-07-07"
"15810","2022-09-16","2026-06-09"
"15811","2022-09-16","2022-10-16"
"15812","2022-09-27","2023-10-26"
"15813","2022-09-17","2025-12-01"
"15814","2022-09-12","2026-02-24"
"15815","2022-09-05","2023-03-13"
"15816","",""
"15817","2023-04-13","2025-08-06"
"15818","2022-09-23","2025-02-15"
"15819","2022-10-17","2026-06-07"
"15820","2022-09-13","2026-06-07"
"15821","2022-10-12","2026-01-04"
"15822","2022-11-24","2026-04-25"
"15823","2022-10-31","2025-02-19"
"15824","2022-10-01","2026-04-20"
"15825","2022-09-30","2025-12-19"
"15826","2022-09-27","2026-05-18"
"15827","2022-09-25","2023-06-12"
"15828","2022-10-04","2026-03-20"
"15829","2022-09-12","2026-06-14"
"15830","2022-11-20","2026-04-30"
"15831","2022-09-24","2022-11-01"
"15832","2022-09-24","2025-04-10"
"15833","2022-09-27","2023-10-21"
"15834","2022-09-11","2026-05-27"
"15835","2022-09-16","2026-06-13"
"15836","2022-09-21","2022-10-01"
"15837","",""
"15838","2023-01-02","2023-04-22"
"15839","2022-09-20","2024-01-09"
"15840","2022-11-20","2026-05-17"
"15841","2022-09-05","2023-09-27"
"15842","2022-09-27","2024-09-15"
"15843","2022-10-18","2025-08-31"
"15844","2022-09-17","2026-05-26"
"15845","2022-10-06","2022-10-17"
"15846","2025-04-30","2025-04-30"
"15847","2022-09-15","2026-06-04"
"15848","",""
"15849","2022-09-13","2025-09-25"
"15850","2022-10-10","2026-06-02"
"15851","",""
"15852","2022-10-28","2026-03-10"
"15853","2023-01-02","2026-06-01"
"15854","2022-09-11","2026-06-06"
"15855","",""
"15856","2022-09-22","2025-12-24"
"15857","2022-09-18","2025-05-31"
"15858","2022-12-26","2022-12-26"
"15859","2023-05-30","2026-06-07"
"15860","2022-11-12","2023-10-01"
"15861","2022-12-04","2023-10-09"
"15862","2022-09-20","2026-06-04"
"15863","2022-09-11","2026-05-30"
"15864","2022-12-31","2024-07-08"
"15865","2022-09-13","2025-12-22"
"15866","2022-10-07","2025-07-10"
"15867","2022-12-04","2023-06-04"
"15868","2022-12-23","2022-12-23"
"15869","",""
"15870","2022-11-17","2026-06-11"
"15871","2022-09-26","2022-12-11"
"15872","2022-09-12","2023-09-17"
"15873","2022-10-05","2022-10-28"
"15874","2022-09-14","2026-05-31"
"15875","2022-09-18","2023-08-21"
"15876","2022-10-10","2023-09-01"
"15877","2022-12-08","2025-07-31"
"15878","2022-12-13","2026-05-30"
"15879","2022-10-17","2026-04-18"
"15880","2022-09-09","2026-05-29"
"15881","2022-12-04","2025-07-08"
"15882","2022-09-11","2023-11-27"
"15883","2022-09-29","2026-06-07"
"15884","",""
"15885","2022-11-15","2022-11-15"
"15886","2022-10-21","2026-05-26"
"15887","",""
"15888","2023-11-30","2023-11-30"
"15889","2022-09-11","2025-08-09"
"15890","2023-01-02","2026-04-06"
"15891","2022-09-17","2026-06-13"
"15892","2023-05-05","2023-06-12"
"15893","2024-12-08","2025-10-01"
"15894","2023-05-10","2025-12-20"
"15895","",""
"15896","2022-10-22","2022-10-22"
"15897","2023-10-29","2023-10-29"
"15898","2022-12-18","2023-10-29"
"15899","2022-10-06","2023-07-26"
"15900","2022-11-09","2026-03-27"
"15901","2022-10-02","2026-06-10"
"15902","2022-11-06","2024-09-19"
"15903","2022-09-13","2023-11-29"
"15904","2022-09-13","2023-11-01"
"15905","2022-09-29","2022-12-25"
"15906","2022-09-20","2026-06-14"
"15907","2022-09-27","2022-10-23"
"15908","2023-02-23","2023-03-28"
"15909","2022-10-12","2023-12-05"
"15910","2022-11-27","2025-11-23"
"15911","2022-09-18","2023-06-17"
"15912","2022-09-30","2024-05-17"
"15913","2022-09-18","2026-06-08"
"15914","2022-10-04","2026-06-11"
"15915","",""
"15916","2022-09-18","2023-09-20"
"15917","2022-10-20","2026-05-31"
"15918","2022-10-02","2025-12-15"
"15919","2022-10-18","2026-05-01"
"15920","2022-12-02","2023-08-11"
"15921","2022-12-19","2025-07-05"
"15922","2022-09-27","2023-01-02"
"15923","",""
"15924","",""
"15925","2025-09-30","2025-09-30"
"15926","2025-08-07","2025-08-07"
"15927","",""
"15928","2024-11-01","2024-11-01"
"15929","",""
"15930","2025-06-05","2025-06-05"
"15931","",""
"15932","2025-09-25","2025-09-25"
"15933","",""
"15934","2024-09-19","2025-05-01"
"15935","",""
"15936","",""
"15937","2022-12-04","2026-06-14"
"15938","2023-01-01","2023-09-04"
"15939","",""
"15940","",""
"15941","2023-01-01","2023-07-23"
"15942","2023-01-31","2023-09-04"
"15943","2023-01-29","2023-09-04"
"15944","",""
"15945","2022-10-24","2023-08-27"
"15946","2022-09-26","2023-08-27"
"15947","2022-09-18","2026-03-30"
"15948","2023-03-15","2025-08-30"
"15949","2024-05-17","2025-09-18"
"15950","2024-05-17","2025-10-17"
"15951","2025-10-14","2025-10-14"
"15952","",""
"15953","",""
"15954","2025-09-24","2025-09-24"
"15955","",""
"15956","2022-10-05","2022-10-05"
"15957","",""
"15958","",""
"15959","2023-01-01","2026-06-06"
"15960","",""
"15961","2023-03-28","2025-05-31"
"15962","2022-10-16","2026-05-14"
"15963","2023-01-01","2026-05-10"
"15964","2022-09-28","2024-08-02"
"15965","2022-10-02","2023-11-11"
"15966","",""
"15967","",""
"15968","2023-10-10","2024-08-15"
"15969","",""
"15970","2022-10-31","2023-01-15"
"15971","2022-12-22","2026-06-10"
"15972","2022-09-26","2023-11-26"
"15973","2025-11-15","2026-04-01"
"15974","2022-11-04","2024-08-06"
"15975","2022-09-21","2026-06-08"
"15976","2022-10-10","2026-06-08"
"15977","2022-11-29","2025-08-01"
"15978","2022-09-30","2026-06-04"
"15979","2022-09-20","2024-08-24"
"15980","",""
"15981","2022-10-23","2023-06-30"
"15982","",""
"15983","2022-10-03","2025-04-04"
"15984","2023-05-31","2023-05-31"
"15985","2025-12-21","2025-12-21"
"15986","2026-05-27","2026-05-27"
"15987","2022-11-03","2024-05-18"
"15988","",""
"15989","2022-10-30","2023-11-05"
"15990","2022-10-10","2022-10-10"
"15991","2022-12-02","2026-06-01"
"15992","2022-11-01","2025-03-03"
"15993","",""
"15994","2022-12-11","2025-07-26"
"15995","2022-11-06","2026-05-12"
"15996","2022-09-24","2023-10-10"
"15997","2022-10-03","2022-10-03"
"15998","2022-10-13","2023-05-26"
"15999","2023-09-06","2024-12-02"
"16000","2022-10-01","2023-06-12"
"16001","2022-09-23","2023-09-17"
"16002","2022-10-23","2023-08-27"
"16003","2022-10-23","2023-09-04"
"16004","2024-08-24","2024-09-28"
"16005","2022-11-05","2026-05-07"
"16006","2022-11-14","2026-04-05"
"16007","2022-12-30","2026-05-31"
"16008","",""
"16009","",""
"16010","2022-12-04","2026-04-30"
"16011","2022-10-02","2023-08-27"
"16012","2023-03-27","2023-10-30"
"16013","",""
"16014","",""
"16015","2022-09-23","2023-11-12"
"16016","2022-09-25","2026-04-05"
"16017","",""
"16018","",""
"16019","",""
"16020","2022-10-20","2025-11-07"
"16021","2023-04-11","2023-09-14"
"16022","2022-10-11","2023-12-05"
"16023","2022-10-19","2026-04-30"
"16024","2022-12-19","2023-06-19"
"16025","2022-11-01","2026-06-14"
"16026","2022-10-03","2026-04-11"
"16027","2022-10-16","2026-03-17"
"16028","",""
"16029","2023-02-27","2023-09-20"
"16030","2023-01-03","2026-05-31"
"16031","2022-11-30","2023-08-31"
"16032","2022-10-31","2024-03-01"
"16033","2022-11-14","2025-11-30"
"16034","2022-09-27","2023-11-24"
"16035","",""
"16036","2023-01-01","2025-09-01"
"16037","2022-10-11","2025-06-30"
"16038","2022-09-27","2026-05-01"
"16039","",""
"16040","2024-12-17","2026-05-19"
"16041","2022-09-27","2026-05-16"
"16042","2022-09-25","2026-05-31"
"16043","2022-11-06","2023-11-24"
"16044","2022-11-15","2023-12-03"
"16045","2025-08-31","2025-08-31"
"16046","2023-01-01","2024-12-31"
"16047","",""
"16048","2022-09-25","2026-05-04"
"16049","2022-10-05","2025-04-27"
"16050","",""
"16051","2022-11-28","2023-04-30"
"16052","2022-10-08","2025-09-27"
"16053","2022-10-01","2023-10-02"
"16054","2023-08-31","2023-08-31"
"16055","2023-09-10","2026-05-31"
"16056","2022-09-27","2026-05-21"
"16057","2022-10-23","2023-11-05"
"16058","2022-10-10","2025-12-01"
"16059","2022-10-01","2025-08-17"
"16060","2022-12-25","2023-10-30"
"16061","2022-10-10","2023-11-05"
"16062","2022-10-10","2023-12-01"
"16063","2022-09-27","2024-09-19"
"16064","2023-03-07","2026-06-05"
"16065","2023-04-01","2026-05-26"
"16066","",""
"16067","",""
"16068","",""
"16069","2022-10-29","2025-04-02"
"16070","2022-11-29","2024-06-10"
"16071","2022-11-16","2026-03-14"
"16072","2023-03-11","2023-09-05"
"16073","",""
"16074","",""
"16075","",""
"16076","2022-11-06","2022-11-06"
"16077","2022-10-10","2023-10-15"
"16078","2023-05-31","2026-06-12"
"16079","2023-01-02","2026-06-14"
"16080","2023-01-02","2026-06-07"
"16081","2023-05-24","2026-05-25"
"16082","",""
"16083","2022-10-24","2026-05-20"
"16084","2022-10-15","2026-04-26"
"16085","2022-10-29","2023-09-04"
"16086","2022-10-27","2023-09-04"
"16087","2022-10-24","2023-10-09"
"16088","2022-10-31","2025-11-01"
"16089","",""
"16090","2023-06-25","2023-06-30"
"16091","2023-10-20","2023-10-20"
"16092","2022-10-14","2023-05-20"
"16093","",""
"16094","2022-10-02","2023-06-16"
"16095","",""
"16096","2023-03-05","2024-04-19"
"16097","2025-06-28","2025-06-28"
"16098","2026-03-10","2026-03-10"
"16099","2023-04-28","2025-10-17"
"16100","2023-05-07","2023-09-13"
"16101","",""
"16102","2022-10-03","2022-10-09"
"16103","2022-12-06","2023-08-26"
"16104","2023-11-12","2023-11-12"
"16105","",""
"16106","",""
"16107","",""
"16108","",""
"16109","",""
"16110","",""
"16111","",""
"16112","",""
"16113","",""
"16114","2022-12-27","2023-05-13"
"16115","2022-10-07","2022-10-18"
"16116","2022-11-10","2026-02-22"
"16117","2023-05-15","2023-05-15"
"16118","2022-12-29","2025-11-22"
"16119","2022-12-26","2022-12-31"
"16120","2022-10-09","2023-04-29"
"16121","2022-10-17","2023-06-19"
"16122","",""
"16123","2022-10-10","2023-10-15"
"16124","2022-12-21","2025-11-23"
"16125","",""
"16126","2022-12-04","2026-01-22"
"16127","2023-01-20","2023-09-01"
"16128","",""
"16129","",""
"16130","2022-10-10","2023-11-26"
"16131","2022-10-18","2026-05-31"
"16132","",""
"16133","2022-11-15","2026-05-16"
"16134","2022-10-10","2023-06-11"
"16135","2022-10-10","2025-06-30"
"16136","2024-03-23","2024-10-02"
"16137","2023-04-26","2025-06-22"
"16138","",""
"16139","",""
"16140","2023-05-06","2023-07-22"
"16141","",""
"16142","2023-04-11","2023-12-03"
"16143","",""
"16144","2022-10-30","2025-07-26"
"16145","",""
"16146","2023-05-19","2025-10-19"
"16147","",""
"16148","",""
"16149","2022-10-06","2026-06-07"
"16150","2022-12-05","2023-10-09"
"16151","2023-01-01","2026-05-16"
"16152","2022-11-27","2023-04-23"
"16153","",""
"16154","",""
"16155","",""
"16156","2022-10-25","2022-11-28"
"16157","2024-05-10","2026-02-12"
"16158","2022-10-10","2025-12-07"
"16159","2022-11-06","2023-03-13"
"16160","2023-01-06","2023-11-26"
"16161","2025-11-08","2025-11-08"
"16162","",""
"16163","2022-10-09","2026-05-01"
"16164","2022-12-07","2025-08-04"
"16165","2022-11-04","2026-05-24"
"16166","2022-10-23","2025-08-20"
"16167","2022-11-27","2023-07-05"
"16168","2022-10-16","2025-09-16"
"16169","2022-11-13","2024-06-29"
"16170","2022-10-14","2025-12-21"
"16171","2024-05-31","2026-03-31"
"16172","2022-10-07","2026-05-31"
"16173","2022-10-25","2023-09-29"
"16174","2022-10-10","2025-12-22"
"16175","",""
"16176","2022-10-17","2025-08-15"
"16177","2022-10-10","2022-12-28"
"16178","2022-10-06","2026-05-21"
"16179","2022-12-13","2025-12-06"
"16180","",""
"16181","2022-12-14","2026-05-22"
"16182","2022-11-01","2023-10-16"
"16183","2023-12-06","2026-03-03"
"16184","2022-12-24","2025-06-24"
"16185","",""
"16186","",""
"16187","2022-10-27","2025-08-24"
"16188","2022-12-12","2026-04-30"
"16189","2024-08-23","2024-08-23"
"16190","2023-04-14","2023-04-14"
"16191","2022-11-29","2023-01-03"
"16192","2025-01-02","2025-01-02"
"16193","",""
"16194","2022-10-15","2025-08-12"
"16195","",""
"16196","2022-11-07","2023-10-29"
"16197","2024-03-22","2025-01-27"
"16198","2023-08-12","2023-08-12"
"16199","2023-07-28","2024-11-23"
"16200","2022-10-16","2025-09-28"
"16201","",""
"16202","",""
"16203","2022-10-12","2026-04-30"
"16204","2022-10-21","2024-05-31"
"16205","2023-04-30","2023-08-06"
"16206","2023-03-12","2026-06-09"
"16207","2022-10-16","2023-02-12"
"16208","2022-10-16","2024-07-31"
"16209","2023-03-31","2026-03-18"
"16210","2023-08-30","2025-08-24"
"16211","2024-08-30","2024-08-30"
"16212","",""
"16213","2023-01-31","2025-06-27"
"16214","",""
"16215","2022-10-08","2023-09-07"
"16216","2023-07-16","2025-01-06"
"16217","2023-01-03","2023-08-18"
"16218","2023-07-31","2023-07-31"
"16219","2022-10-09","2023-09-28"
"16220","",""
"16221","",""
"16222","2022-10-13","2025-09-21"
"16223","2022-10-15","2024-07-02"
"16224","2022-10-16","2023-07-29"
"16225","2022-11-13","2026-01-12"
"16226","2022-10-09","2024-12-07"
"16227","2022-10-19","2023-05-30"
"16228","2022-10-19","2026-05-19"
"16229","2023-01-02","2026-05-03"
"16230","2025-01-04","2026-02-09"
"16231","2022-10-23","2025-04-22"
"16232","2022-10-14","2026-01-01"
"16233","2022-10-22","2023-04-23"
"16234","2022-10-30","2023-11-26"
"16235","2022-10-13","2023-11-05"
"16236","",""
"16237","2022-10-16","2023-08-31"
"16238","2022-11-07","2026-05-31"
"16239","2022-10-14","2023-09-04"
"16240","2022-11-14","2026-05-25"
"16241","2022-12-22","2025-10-01"
"16242","2022-11-14","2022-11-14"
"16243","",""
"16244","",""
"16245","2022-10-25","2023-08-06"
"16246","2022-10-18","2024-07-26"
"16247","2022-10-18","2025-06-20"
"16248","2022-12-04","2026-05-31"
"16249","2023-04-27","2026-05-30"
"16250","",""
"16251","2022-10-30","2023-09-08"
"16252","2022-12-05","2026-05-18"
"16253","",""
"16254","2023-08-02","2026-03-02"
"16255","2023-02-07","2023-06-09"
"16256","2022-11-26","2023-11-21"
"16257","2022-10-22","2026-05-20"
"16258","",""
"16259","2022-10-22","2023-10-23"
"16260","",""
"16261","2022-11-14","2026-01-20"
"16262","2023-05-07","2026-05-24"
"16263","2023-05-05","2024-11-03"
"16264","2022-12-21","2024-11-18"
"16265","2023-01-19","2023-01-19"
"16266","2024-05-15","2024-05-15"
"16267","",""
"16268","",""
"16269","2022-10-18","2023-01-16"
"16270","2023-03-02","2026-04-05"
"16271","2023-08-16","2026-04-30"
"16272","2022-10-17","2026-05-05"
"16273","2023-02-20","2025-09-22"
"16274","2022-10-23","2026-04-07"
"16275","",""
"16276","",""
"16277","",""
"16278","2023-05-17","2026-05-17"
"16279","2022-10-18","2023-07-16"
"16280","2022-12-12","2023-01-19"
"16281","2022-10-24","2026-01-18"
"16282","2022-12-29","2026-05-31"
"16283","",""
"16284","2022-10-16","2023-10-15"
"16285","",""
"16286","2023-02-05","2023-10-29"
"16287","",""
"16288","",""
"16289","2023-01-01","2023-01-01"
"16290","2023-08-07","2026-06-10"
"16291","2023-08-16","2024-02-13"
"16292","2023-07-31","2026-05-09"
"16293","",""
"16294","2023-07-16","2023-08-21"
"16295","",""
"16296","2022-10-22","2023-09-03"
"16297","",""
"16298","2023-01-03","2025-11-13"
"16299","2022-10-21","2023-11-27"
"16300","2022-12-16","2023-03-04"
"16301","2022-12-11","2023-05-21"
"16302","",""
"16303","2024-08-10","2024-10-15"
"16304","2023-01-04","2023-03-13"
"16305","",""
"16306","2022-10-16","2024-08-10"
"16307","2023-03-24","2026-05-24"
"16308","2023-04-10","2023-07-28"
"16309","2022-10-25","2025-10-30"
"16310","",""
"16311","2022-10-23","2026-05-29"
"16312","2022-10-23","2023-09-04"
"16313","2022-10-22","2025-03-01"
"16314","2022-12-22","2024-06-15"
"16315","2022-12-04","2026-01-30"
"16316","2022-10-29","2023-03-26"
"16317","2022-11-30","2025-10-31"
"16318","2022-11-27","2025-08-31"
"16319","2022-10-30","2024-11-27"
"16320","2023-08-20","2023-09-22"
"16321","",""
"16322","2025-06-01","2026-05-25"
"16323","2023-07-01","2024-10-01"
"16324","2022-12-21","2026-04-30"
"16325","",""
"16326","2023-05-21","2024-05-10"
"16327","2022-11-30","2022-11-30"
"16328","2022-10-22","2024-08-01"
"16329","2022-10-21","2022-10-21"
"16330","2023-09-30","2023-12-05"
"16331","2023-09-03","2025-06-06"
"16332","",""
"16333","2022-11-27","2023-07-15"
"16334","2023-02-26","2023-10-08"
"16335","2022-10-25","2022-10-25"
"16336","2025-08-09","2026-02-25"
"16337","2022-11-14","2026-05-28"
"16338","2022-11-02","2026-05-28"
"16339","2022-11-03","2023-10-03"
"16340","2022-12-11","2025-01-18"
"16341","2023-02-09","2026-04-04"
"16342","2022-12-01","2024-05-13"
"16343","2022-10-24","2026-05-11"
"16344","2022-10-24","2023-09-03"
"16345","2022-11-08","2025-12-05"
"16346","",""
"16347","2022-12-29","2023-01-01"
"16348","2022-11-05","2022-11-08"
"16349","2022-10-30","2025-08-26"
"16350","2024-04-05","2025-02-03"
"16351","2023-01-01","2026-06-07"
"16352","",""
"16353","2022-12-30","2026-06-13"
"16354","2023-09-30","2024-04-21"
"16355","2023-02-26","2023-04-06"
"16356","2025-02-28","2025-06-01"
"16357","2022-11-27","2024-08-08"
"16358","2023-01-04","2026-02-04"
"16359","2023-04-25","2025-10-31"
"16360","2024-07-01","2025-04-17"
"16361","2024-01-05","2026-04-03"
"16362","2022-10-27","2023-10-09"
"16363","2022-12-04","2023-10-15"
"16364","",""
"16365","2022-11-06","2025-12-11"
"16366","2022-10-25","2026-03-22"
"16367","2023-04-01","2025-03-31"
"16368","2023-11-01","2023-11-01"
"16369","2022-12-10","2022-12-10"
"16370","2023-09-10","2023-09-10"
"16371","2023-06-19","2026-06-10"
"16372","2025-12-04","2025-12-04"
"16373","2022-11-03","2025-12-12"
"16374","2022-11-01","2025-09-15"
"16375","2023-07-23","2023-07-23"
"16376","2022-10-23","2025-09-03"
"16377","2022-11-07","2026-05-28"
"16378","2022-12-08","2026-01-30"
"16379","2023-03-31","2025-12-15"
"16380","2022-11-01","2026-01-10"
"16381","",""
"16382","2022-12-19","2026-05-20"
"16383","2022-10-28","2026-05-01"
"16384","2022-11-15","2023-01-15"
"16385","",""
"16386","",""
"16387","",""
"16388","2022-12-09","2023-11-05"
"16389","2022-10-28","2023-04-19"
"16390","2022-12-30","2026-05-02"
"16391","2022-11-09","2023-10-28"
"16392","2022-12-15","2026-04-05"
"16393","",""
"16394","2023-07-17","2025-12-15"
"16395","2022-11-06","2025-06-07"
"16396","2022-11-06","2026-06-08"
"16397","2022-12-07","2026-05-23"
"16398","",""
"16399","",""
"16400","",""
"16401","2023-06-03","2023-07-19"
"16402","2022-11-02","2026-03-31"
"16403","2022-10-29","2025-12-14"
"16404","2022-11-13","2023-12-09"
"16405","2023-06-26","2025-11-22"
"16406","2023-06-01","2025-12-09"
"16407","2023-01-31","2023-01-31"
"16408","2022-11-29","2026-06-12"
"16409","2022-10-31","2023-04-09"
"16410","2022-10-31","2023-04-07"
"16411","2022-11-26","2025-03-31"
"16412","2023-07-31","2025-03-05"
"16413","2023-01-15","2023-01-15"
"16414","2022-11-01","2022-12-03"
"16415","2022-10-31","2026-06-09"
"16416","2023-08-07","2023-09-15"
"16417","2023-11-07","2025-05-31"
"16418","2022-12-10","2026-03-09"
"16419","2022-11-08","2023-09-18"
"16420","",""
"16421","2022-12-04","2025-03-10"
"16422","2022-11-04","2026-05-28"
"16423","2023-03-01","2026-03-31"
"16424","",""
"16425","2022-11-07","2025-12-14"
"16426","2024-05-18","2024-05-18"
"16427","2022-10-31","2022-12-22"
"16428","2023-01-20","2023-01-20"
"16429","2022-11-04","2026-06-01"
"16430","2022-12-30","2023-04-12"
"16431","",""
"16432","2023-05-25","2026-05-30"
"16433","2022-11-30","2023-03-01"
"16434","",""
"16435","2022-12-01","2026-04-04"
"16436","2022-11-26","2025-10-31"
"16437","2022-10-31","2026-05-19"
"16438","2023-03-19","2023-03-19"
"16439","2022-12-30","2022-12-30"
"16440","",""
"16441","2022-11-29","2023-09-14"
"16442","2022-11-04","2023-10-16"
"16443","",""
"16444","2023-02-01","2026-05-31"
"16445","2023-01-01","2026-06-01"
"16446","2023-01-31","2026-04-15"
"16447","2023-01-21","2025-08-25"
"16448","2023-08-09","2023-10-09"
"16449","2022-11-16","2026-05-08"
"16450","2023-02-20","2025-09-01"
"16451","2022-10-30","2023-11-11"
"16452","2023-07-09","2026-03-31"
"16453","2022-12-06","2023-03-11"
"16454","2023-01-02","2025-06-05"
"16455","2023-02-17","2023-03-19"
"16456","2022-12-13","2023-10-23"
"16457","",""
"16458","2025-08-31","2025-08-31"
"16459","2022-11-12","2026-05-22"
"16460","2022-12-11","2025-08-17"
"16461","2023-01-15","2026-04-20"
"16462","2024-04-29","2026-01-03"
"16463","2022-11-09","2024-10-05"
"16464","",""
"16465","2023-08-20","2023-09-03"
"16466","2022-11-12","2025-08-24"
"16467","2022-11-10","2022-11-10"
"16468","",""
"16469","2023-01-07","2026-03-31"
"16470","2023-10-01","2025-06-25"
"16471","",""
"16472","2023-11-20","2025-05-26"
"16473","2023-03-12","2025-10-31"
"16474","2022-12-10","2023-01-01"
"16475","2022-11-13","2026-01-01"
"16476","2022-12-09","2026-05-13"
"16477","2022-11-13","2026-01-04"
"16478","",""
"16479","",""
"16480","",""
"16481","2023-05-17","2026-05-31"
"16482","2023-01-07","2024-03-23"
"16483","2022-11-20","2023-12-05"
"16484","2023-01-22","2026-05-26"
"16485","2022-12-31","2023-11-15"
"16486","2022-11-06","2022-12-04"
"16487","2023-05-01","2026-04-30"
"16488","2022-11-18","2023-11-24"
"16489","2022-12-12","2025-12-22"
"16490","2023-09-26","2025-09-01"
"16491","2023-11-08","2025-11-29"
"16492","2023-05-19","2026-04-30"
"16493","2023-04-09","2023-05-26"
"16494","",""
"16495","",""
"16496","2022-11-13","2026-05-27"
"16497","2022-11-26","2026-03-24"
"16498","2023-07-10","2023-07-10"
"16499","2022-11-15","2023-12-03"
"16500","2022-11-25","2023-01-01"
"16501","2023-08-12","2023-08-31"
"16502","",""
"16503","2022-11-15","2025-11-04"
"16504","2022-12-17","2023-12-03"
"16505","2022-11-05","2026-06-04"
"16506","2022-11-05","2026-06-01"
"16507","2023-01-01","2026-03-01"
"16508","2022-12-29","2025-04-09"
"16509","2022-11-07","2026-05-25"
"16510","2022-11-10","2024-07-21"
"16511","2023-06-30","2026-04-19"
"16512","",""
"16513","2022-12-19","2024-01-01"
"16514","",""
"16515","2023-04-30","2023-06-29"
"16516","2023-06-17","2025-11-27"
"16517","2023-01-02","2025-10-13"
"16518","2023-03-27","2023-12-02"
"16519","2022-12-16","2023-08-14"
"16520","2022-12-02","2026-05-20"
"16521","2022-12-02","2023-04-27"
"16522","2022-11-10","2026-06-13"
"16523","",""
"16524","2022-11-28","2023-08-27"
"16525","2022-11-06","2023-09-18"
"16526","2022-11-06","2026-06-08"
"16527","2022-12-18","2026-05-09"
"16528","2022-12-16","2026-06-13"
"16529","2022-11-18","2022-11-18"
"16530","2022-12-07","2023-08-07"
"16531","2023-05-10","2026-01-06"
"16532","",""
"16533","",""
"16534","",""
"16535","2022-12-18","2022-12-18"
"16536","2023-05-20","2026-06-01"
"16537","2022-11-27","2023-09-24"
"16538","2022-12-24","2022-12-24"
"16539","2022-11-23","2024-01-13"
"16540","2023-04-30","2025-07-27"
"16541","2022-12-05","2023-12-03"
"16542","2023-01-02","2023-09-27"
"16543","2023-05-10","2025-06-08"
"16544","",""
"16545","2023-01-14","2025-04-29"
"16546","2022-12-15","2026-04-26"
"16547","2023-09-01","2026-01-31"
"16548","2022-11-12","2023-10-05"
"16549","2022-11-13","2026-02-01"
"16550","2022-11-12","2023-08-21"
"16551","2022-12-05","2023-11-06"
"16552","2023-07-30","2024-09-27"
"16553","",""
"16554","",""
"16555","2023-02-12","2023-08-06"
"16556","2023-01-01","2026-06-06"
"16557","2023-02-15","2026-04-28"
"16558","2022-11-28","2023-05-22"
"16559","2023-04-09","2023-04-09"
"16560","2022-11-20","2023-01-16"
"16561","2023-05-02","2025-12-06"
"16562","2022-11-12","2026-01-15"
"16563","2022-12-08","2023-09-03"
"16564","2023-01-10","2025-08-10"
"16565","2022-11-13","2026-06-07"
"16566","2022-12-11","2023-01-15"
"16567","2022-11-20","2026-04-06"
"16568","2022-12-05","2023-10-15"
"16569","2022-12-29","2023-09-04"
"16570","2022-12-11","2022-12-11"
"16571","2023-01-07","2023-10-03"
"16572","2022-12-22","2025-10-16"
"16573","2022-11-21","2026-04-25"
"16574","",""
"16575","",""
"16576","2022-12-04","2023-01-01"
"16577","2023-11-26","2025-08-16"
"16578","2022-11-27","2024-10-15"
"16579","",""
"16580","2022-11-23","2023-10-26"
"16581","2022-11-21","2023-09-05"
"16582","2022-12-05","2023-09-04"
"16583","",""
"16584","2025-05-17","2025-06-29"
"16585","2022-12-30","2026-06-07"
"16586","",""
"16587","2023-04-01","2024-11-02"
"16588","2022-12-19","2022-12-19"
"16589","2023-09-04","2023-09-04"
"16590","2023-04-15","2023-04-15"
"16591","2022-11-17","2022-11-17"
"16592","2022-11-21","2026-04-04"
"16593","2023-03-22","2026-05-22"
"16594","2022-11-20","2026-05-31"
"16595","",""
"16596","2023-01-01","2023-01-15"
"16597","2022-12-12","2023-11-07"
"16598","2022-12-10","2025-05-24"
"16599","2022-12-25","2023-10-16"
"16600","2023-03-08","2026-06-07"
"16601","2023-01-02","2026-02-28"
"16602","2023-05-31","2025-06-29"
"16603","",""
"16604","2022-12-15","2023-09-25"
"16605","2022-11-27","2023-01-02"
"16606","2022-12-09","2026-06-06"
"16607","2022-11-21","2023-10-01"
"16608","2022-11-14","2023-09-10"
"16609","",""
"16610","2022-11-21","2023-10-30"
"16611","",""
"16612","2023-05-02","2026-06-10"
"16613","2022-11-30","2026-05-22"
"16614","2023-01-10","2023-01-10"
"16615","2022-12-27","2023-05-01"
"16616","2022-12-18","2023-12-07"
"16617","2022-12-11","2026-04-20"
"16618","2023-01-29","2024-11-08"
"16619","2022-12-04","2023-09-14"
"16620","2022-11-20","2025-10-01"
"16621","",""
"16622","",""
"16623","2023-01-01","2023-01-01"
"16624","2024-06-18","2024-08-15"
"16625","2023-10-01","2023-12-08"
"16626","2022-12-15","2026-05-13"
"16627","",""
"16628","2022-12-03","2026-05-31"
"16629","",""
"16630","2022-11-23","2023-11-06"
"16631","2022-12-04","2026-05-31"
"16632","2022-12-30","2022-12-30"
"16633","2022-12-13","2024-10-13"
"16634","",""
"16635","",""
"16636","2022-12-18","2023-09-23"
"16637","2022-12-31","2023-09-10"
"16638","2023-03-31","2023-04-30"
"16639","",""
"16640","2022-12-05","2023-06-12"
"16641","2022-12-29","2022-12-29"
"16642","2024-04-23","2024-12-20"
"16643","2023-01-01","2026-05-22"
"16644","2023-02-26","2023-03-05"
"16645","2022-11-27","2023-08-28"
"16646","2023-01-11","2023-11-10"
"16647","2023-01-01","2023-01-01"
"16648","2023-02-11","2023-11-04"
"16649","2023-02-06","2023-10-01"
"16650","2022-12-30","2025-08-31"
"16651","2022-12-31","2025-10-03"
"16652","2022-11-17","2023-08-27"
"16653","2022-12-31","2025-11-29"
"16654","2023-01-03","2023-01-03"
"16655","2023-05-22","2023-08-31"
"16656","2023-01-07","2024-08-31"
"16657","2022-12-11","2024-12-16"
"16658","",""
"16659","2024-10-09","2026-03-31"
"16660","2022-12-10","2026-06-07"
"16661","2022-11-20","2023-12-03"
"16662","2023-01-07","2025-12-19"
"16663","2023-02-03","2025-05-09"
"16664","2022-11-26","2026-06-13"
"16665","",""
"16666","2023-01-31","2026-04-26"
"16667","2022-11-25","2023-09-21"
"16668","2022-11-27","2023-07-20"
"16669","2022-12-05","2023-11-27"
"16670","2023-02-03","2026-01-28"
"16671","2023-01-03","2023-05-30"
"16672","2023-01-01","2023-01-01"
"16673","2023-02-13","2026-04-05"
"16674","2023-07-01","2025-01-20"
"16675","2022-12-18","2023-05-19"
"16676","2023-02-25","2025-06-30"
"16677","2023-02-04","2023-08-06"
"16678","2022-12-11","2026-06-10"
"16679","2022-11-29","2023-04-14"
"16680","2022-12-06","2025-07-20"
"16681","2022-12-30","2025-05-21"
"16682","2024-11-12","2024-11-12"
"16683","2023-01-15","2026-05-16"
"16684","2025-08-24","2025-08-24"
"16685","2023-10-14","2025-09-05"
"16686","2023-08-22","2026-06-08"
"16687","2023-01-28","2025-04-06"
"16688","2023-05-20","2023-08-15"
"16689","2022-12-04","2026-05-31"
"16690","2023-01-01","2025-05-28"
"16691","2023-12-30","2025-06-05"
"16692","2022-11-22","2026-05-03"
"16693","2022-12-05","2026-01-05"
"16694","2022-12-06","2024-10-16"
"16695","",""
"16696","2022-12-26","2023-09-04"
"16697","2022-12-20","2024-04-11"
"16698","2023-04-10","2023-09-04"
"16699","",""
"16700","2023-05-31","2025-07-01"
"16701","2022-12-14","2023-01-03"
"16702","",""
"16703","2022-11-23","2023-10-28"
"16704","2023-02-12","2025-12-08"
"16705","",""
"16706","2024-03-31","2025-04-19"
"16707","2023-07-14","2023-11-14"
"16708","2025-04-30","2025-10-31"
"16709","2023-02-19","2023-09-04"
"16710","2023-01-01","2023-01-01"
"16711","",""
"16712","2023-05-01","2023-05-01"
"16713","2023-02-06","2025-10-12"
"16714","2022-12-28","2024-12-01"
"16715","2022-12-09","2026-01-26"
"16716","",""
"16717","2023-01-08","2026-05-25"
"16718","2023-02-10","2026-06-03"
"16719","2022-11-26","2023-05-21"
"16720","2023-06-30","2025-10-27"
"16721","2022-11-27","2026-06-07"
"16722","2022-11-27","2026-05-30"
"16723","2022-12-26","2023-07-30"
"16724","2023-09-02","2026-06-02"
"16725","2022-12-04","2023-04-18"
"16726","2023-03-19","2023-05-21"
"16727","2022-11-27","2026-05-11"
"16728","2023-02-12","2026-06-09"
"16729","2024-06-01","2026-02-04"
"16730","2022-11-27","2023-10-01"
"16731","2022-11-26","2023-12-10"
"16732","",""
"16733","2022-11-27","2023-08-31"
"16734","",""
"16735","2023-01-05","2024-05-20"
"16736","2023-09-22","2023-10-17"
"16737","2022-12-05","2023-11-09"
"16738","2022-12-21","2023-11-06"
"16739","",""
"16740","2022-12-06","2023-12-03"
"16741","2022-12-14","2026-05-22"
"16742","2023-01-03","2026-04-17"
"16743","2024-05-16","2026-06-01"
"16744","2022-12-05","2026-06-08"
"16745","2022-12-30","2023-03-07"
"16746","2022-11-28","2024-04-12"
"16747","2022-11-25","2026-06-08"
"16748","2022-12-29","2023-09-01"
"16749","2023-04-07","2023-04-07"
"16750","2022-12-04","2023-10-01"
"16751","2022-11-27","2023-01-03"
"16752","2022-12-07","2026-04-24"
"16753","",""
"16754","2022-11-27","2026-06-11"
"16755","2022-12-08","2023-11-26"
"16756","2022-12-15","2026-06-08"
"16757","2022-11-26","2026-05-25"
"16758","2022-11-26","2026-05-11"
"16759","2022-11-26","2023-09-21"
"16760","2022-12-02","2025-11-02"
"16761","2022-11-29","2023-11-06"
"16762","2023-05-29","2023-05-29"
"16763","2023-02-13","2023-07-29"
"16764","2023-01-23","2026-03-18"
"16765","2023-07-31","2023-07-31"
"16766","",""
"16767","2025-02-23","2025-02-23"
"16768","",""
"16769","",""
"16770","2023-01-14","2026-05-24"
"16771","",""
"16772","",""
"16773","2022-12-04","2026-04-06"
"16774","",""
"16775","2022-12-06","2023-10-07"
"16776","",""
"16777","",""
"16778","2023-01-24","2026-05-15"
"16779","",""
"16780","2026-03-01","2026-03-01"
"16781","",""
"16782","",""
"16783","",""
"16784","",""
"16785","",""
"16786","",""
"16787","",""
"16788","",""
"16789","",""
"16790","",""
"16791","",""
"16792","2023-01-16","2026-06-03"
"16793","2022-12-04","2023-09-04"
"16794","2023-08-21","2026-06-22"
"16795","2023-08-12","2026-03-31"
"16796","2022-12-31","2022-12-31"
"16797","2023-02-08","2026-03-31"
"16798","2022-12-11","2026-05-31"
"16799","2023-02-08","2026-06-04"
"16800","2022-12-06","2026-06-07"
"16801","2023-04-01","2026-03-17"
"16802","2022-12-05","2026-06-09"
"16803","2023-03-28","2026-06-01"
"16804","",""
"16805","",""
"16806","",""
"16807","2023-02-23","2023-08-02"
"16808","2025-07-13","2025-07-13"
"16809","",""
"16810","2023-12-20","2023-12-20"
"16811","2023-01-16","2023-01-16"
"16812","2024-07-22","2024-07-22"
"16813","2023-01-07","2026-05-24"
"16814","2023-04-01","2026-06-12"
"16815","",""
"16816","",""
"16817","2023-05-29","2026-06-05"
"16818","",""
"16819","",""
"16820","",""
"16821","2023-07-24","2023-07-24"
"16822","",""
"16823","2022-12-27","2022-12-27"
"16824","",""
"16825","2022-12-03","2026-05-31"
"16826","2022-12-04","2023-06-05"
"16827","2023-01-03","2023-09-01"
"16828","2022-12-09","2023-10-30"
"16829","2023-01-01","2023-07-02"
"16830","2022-12-11","2023-11-12"
"16831","2023-01-07","2023-04-16"
"16832","2023-04-03","2024-08-31"
"16833","2022-12-07","2024-07-31"
"16834","2022-12-05","2023-10-23"
"16835","",""
"16836","2024-11-17","2026-06-01"
"16837","2022-12-19","2025-01-02"
"16838","2022-12-04","2023-07-01"
"16839","",""
"16840","2023-01-27","2023-01-27"
"16841","",""
"16842","2022-12-10","2023-11-02"
"16843","2022-12-11","2026-04-07"
"16844","2022-12-12","2022-12-12"
"16845","2023-02-28","2025-12-12"
"16846","2023-02-01","2025-11-04"
"16847","2022-12-11","2025-05-10"
"16848","2022-12-18","2026-01-05"
"16849","2022-12-09","2024-12-01"
"16850","2022-12-10","2026-05-31"
"16851","2022-12-16","2023-01-01"
"16852","",""
"16853","2022-12-29","2025-10-15"
"16854","2023-01-20","2025-08-09"
"16855","2022-12-13","2026-05-19"
"16856","",""
"16857","2023-01-09","2026-05-01"
"16858","2023-03-05","2024-08-25"
"16859","",""
"16860","2023-01-01","2023-05-07"
"16861","2022-12-18","2026-03-30"
"16862","2023-07-15","2023-08-14"
"16863","2023-05-14","2023-05-21"
"16864","2023-03-30","2024-10-01"
"16865","2022-12-18","2025-07-01"
"16866","",""
"16867","2022-12-13","2025-09-04"
"16868","",""
"16869","2022-12-07","2025-02-03"
"16870","2024-07-30","2024-07-30"
"16871","2022-12-18","2023-09-04"
"16872","2023-01-02","2025-08-29"
"16873","2022-12-09","2025-09-21"
"16874","2023-02-22","2026-06-06"
"16875","2023-03-11","2024-11-03"
"16876","",""
"16877","",""
"16878","2022-12-18","2023-09-23"
"16879","2023-01-02","2026-05-16"
"16880","2023-07-16","2024-12-24"
"16881","2022-12-22","2023-03-09"
"16882","2022-12-03","2023-06-06"
"16883","2023-01-31","2025-12-21"
"16884","2023-01-28","2025-02-15"
"16885","2023-04-30","2026-03-31"
"16886","2023-06-17","2025-08-23"
"16887","2023-03-16","2025-05-17"
"16888","2023-02-01","2026-03-05"
"16889","2022-12-17","2026-06-14"
"16890","",""
"16891","2023-08-06","2025-10-30"
"16892","",""
"16893","2025-06-09","2025-06-09"
"16894","",""
"16895","",""
"16896","2022-12-28","2023-01-16"
"16897","2023-03-05","2026-05-10"
"16898","2025-10-03","2025-10-03"
"16899","2024-06-16","2024-06-16"
"16900","2023-11-06","2023-11-06"
"16901","2025-12-27","2025-12-27"
"16902","",""
"16903","2023-03-19","2023-03-19"
"16904","",""
"16905","",""
"16906","2023-06-25","2023-06-25"
"16907","2022-12-05","2023-10-04"
"16908","2023-01-03","2023-01-03"
"16909","2023-08-27","2026-06-02"
"16910","2022-12-08","2023-08-19"
"16911","2023-02-03","2025-11-26"
"16912","",""
"16913","2022-12-27","2025-11-03"
"16914","",""
"16915","",""
"16916","",""
"16917","2024-06-01","2024-10-23"
"16918","",""
"16919","2023-01-02","2023-04-10"
"16920","",""
"16921","2026-01-11","2026-01-11"
"16922","2023-01-02","2023-03-15"
"16923","2022-12-18","2026-05-16"
"16924","2022-12-11","2023-09-05"
"16925","2023-05-21","2023-05-21"
"16926","2023-01-01","2025-02-17"
"16927","2024-09-02","2025-08-14"
"16928","2022-12-10","2026-05-31"
"16929","2023-09-02","2023-09-02"
"16930","2022-12-19","2026-06-17"
"16931","2022-12-18","2025-11-01"
"16932","2022-12-21","2024-06-09"
"16933","2022-12-13","2026-06-10"
"16934","2023-03-09","2023-11-18"
"16935","2022-12-27","2023-05-01"
"16936","",""
"16937","2022-12-12","2023-11-12"
"16938","2023-06-10","2026-06-09"
"16939","2022-12-12","2023-07-30"
"16940","2022-12-19","2023-11-22"
"16941","2023-07-13","2026-04-18"
"16942","2023-01-02","2026-05-01"
"16943","2024-05-31","2024-06-08"
"16944","",""
"16945","2022-12-10","2023-07-24"
"16946","2022-12-28","2023-01-02"
"16947","2022-12-10","2026-02-05"
"16948","",""
"16949","2022-12-18","2025-05-31"
"16950","2022-12-12","2023-04-30"
"16951","2023-08-05","2025-10-15"
"16952","2023-05-08","2023-07-26"
"16953","2022-12-12","2026-04-04"
"16954","",""
"16955","2022-12-12","2025-09-06"
"16956","",""
"16957","2022-12-11","2023-12-04"
"16958","",""
"16959","",""
"16960","2023-01-04","2023-10-07"
"16961","2023-05-02","2023-05-02"
"16962","2023-01-17","2026-05-31"
"16963","2024-06-22","2026-06-05"
"16964","",""
"16965","2023-02-13","2024-12-18"
"16966","2023-05-03","2025-10-17"
"16967","2022-12-14","2024-06-05"
"16968","",""
"16969","2025-10-03","2025-11-26"
"16970","2022-12-19","2026-04-04"
"16971","2023-03-08","2023-07-30"
"16972","",""
"16973","2023-01-17","2025-08-31"
"16974","2022-12-12","2026-03-29"
"16975","2023-06-23","2025-10-31"
"16976","",""
"16977","2022-12-12","2025-04-22"
"16978","",""
"16979","",""
"16980","2022-12-14","2026-03-08"
"16981","2022-12-24","2023-11-05"
"16982","2025-08-20","2025-08-20"
"16983","2023-01-25","2026-05-05"
"16984","",""
"16985","2023-04-28","2025-07-11"
"16986","2023-01-04","2023-05-25"
"16987","2024-03-31","2026-03-30"
"16988","2023-02-23","2023-04-01"
"16989","2023-01-14","2023-08-27"
"16990","2023-04-15","2026-04-07"
"16991","2023-02-02","2025-07-26"
"16992","2022-12-10","2022-12-10"
"16993","2023-06-22","2025-06-08"
"16994","2023-04-01","2023-04-01"
"16995","2023-11-19","2023-11-19"
"16996","2024-06-01","2024-06-01"
"16997","2023-01-03","2026-06-09"
"16998","2024-01-01","2026-02-04"
"16999","",""
"17000","2023-02-03","2025-08-31"
"17001","2023-01-29","2025-02-05"
"17002","",""
"17003","2023-01-02","2023-01-02"
"17004","2024-06-16","2026-06-06"
"17005","",""
"17006","2023-01-01","2023-08-10"
"17007","",""
"17008","2022-12-27","2023-01-01"
"17009","2022-12-31","2023-01-03"
"17010","",""
"17011","",""
"17012","2022-12-28","2026-05-31"
"17013","2023-01-12","2026-05-21"
"17014","2023-04-03","2026-05-28"
"17015","2023-01-29","2026-06-01"
"17016","2023-10-23","2025-05-01"
"17017","",""
"17018","2023-07-24","2023-09-01"
"17019","2023-02-19","2023-10-23"
"17020","2023-09-04","2023-09-16"
"17021","",""
"17022","",""
"17023","2022-12-29","2022-12-29"
"17024","",""
"17025","2022-12-29","2023-01-02"
"17026","",""
"17027","2022-12-17","2026-04-25"
"17028","2023-01-29","2025-12-16"
"17029","2023-01-01","2023-12-03"
"17030","2023-01-01","2025-06-10"
"17031","2022-12-18","2025-12-20"
"17032","2023-01-02","2023-09-04"
"17033","",""
"17034","",""
"17035","2023-09-05","2023-09-05"
"17036","",""
"17037","2023-02-02","2023-02-02"
"17038","2023-10-08","2023-11-05"
"17039","2022-12-17","2025-11-12"
"17040","2023-03-26","2026-06-08"
"17041","2023-02-19","2024-08-10"
"17042","2023-01-01","2023-09-04"
"17043","2022-12-30","2023-09-29"
"17044","2022-12-29","2025-04-22"
"17045","",""
"17046","2022-12-17","2023-09-19"
"17047","2023-01-06","2023-09-04"
"17048","",""
"17049","",""
"17050","2023-01-01","2023-09-06"
"17051","2024-08-03","2024-08-03"
"17052","2024-03-31","2025-11-06"
"17053","2023-06-19","2023-06-19"
"17054","2022-12-18","2026-04-17"
"17055","2023-07-02","2024-06-07"
"17056","2023-09-05","2023-09-05"
"17057","2023-01-01","2025-12-24"
"17058","2023-04-01","2023-05-01"
"17059","",""
"17060","2023-10-13","2023-10-13"
"17061","2023-01-01","2024-07-27"
"17062","2023-01-01","2026-05-25"
"17063","2023-08-10","2024-08-01"
"17064","2023-01-01","2025-11-22"
"17065","2023-01-01","2026-05-30"
"17066","2023-01-02","2023-12-06"
"17067","2023-04-09","2023-07-08"
"17068","2023-01-29","2026-06-08"
"17069","2023-03-23","2025-10-05"
"17070","2023-03-19","2026-05-31"
"17071","",""
"17072","2024-09-16","2024-09-16"
"17073","2022-12-31","2023-05-29"
"17074","2023-01-01","2026-06-08"
"17075","2023-04-08","2023-04-08"
"17076","2023-01-01","2023-01-01"
"17077","",""
"17078","2023-01-02","2024-05-26"
"17079","2023-04-11","2026-01-31"
"17080","2023-01-03","2024-08-10"
"17081","2023-08-19","2026-06-01"
"17082","2022-12-29","2023-03-06"
"17083","2023-01-09","2025-12-18"
"17084","2023-05-29","2023-09-04"
"17085","",""
"17086","2023-05-20","2025-08-10"
"17087","2022-12-31","2024-06-27"
"17088","2022-12-23","2026-06-14"
"17089","2023-05-23","2023-09-23"
"17090","",""
"17091","",""
"17092","2023-02-11","2023-02-11"
"17093","2023-08-17","2024-08-31"
"17094","2023-03-31","2025-12-03"
"17095","2023-05-18","2023-09-24"
"17096","",""
"17097","",""
"17098","2023-03-05","2026-05-25"
"17099","2023-08-07","2023-08-07"
"17100","2022-12-27","2023-11-04"
"17101","2022-12-19","2026-04-18"
"17102","2022-12-24","2026-05-01"
"17103","2022-12-24","2026-05-11"
"17104","2023-01-04","2026-05-09"
"17105","2023-01-04","2023-10-09"
"17106","2023-01-19","2023-05-18"
"17107","2022-12-25","2023-09-17"
"17108","2023-01-05","2025-12-01"
"17109","2023-02-05","2023-03-21"
"17110","",""
"17111","2023-02-10","2026-05-06"
"17112","2022-12-27","2025-08-25"
"17113","2022-12-31","2023-10-24"
"17114","2026-05-21","2026-05-21"
"17115","2022-12-31","2023-09-05"
"17116","",""
"17117","2022-12-27","2023-10-30"
"17118","2023-05-30","2026-05-28"
"17119","2023-03-18","2023-10-17"
"17120","2023-01-01","2026-06-08"
"17121","2022-12-27","2023-09-27"
"17122","",""
"17123","",""
"17124","2023-02-06","2023-02-06"
"17125","2023-03-20","2023-03-20"
"17126","2023-01-29","2026-05-02"
"17127","",""
"17128","2023-05-28","2023-05-28"
"17129","2022-12-28","2025-11-30"
"17130","",""
"17131","",""
"17132","2023-01-06","2026-03-31"
"17133","2023-02-06","2026-05-24"
"17134","",""
"17135","2023-02-20","2024-07-10"
"17136","2023-01-04","2026-04-10"
"17137","2023-05-22","2023-06-04"
"17138","",""
"17139","2023-01-01","2023-01-11"
"17140","2022-12-30","2023-01-03"
"17141","2023-07-15","2025-11-04"
"17142","",""
"17143","2023-01-02","2023-09-04"
"17144","2023-10-01","2026-04-16"
"17145","2023-06-24","2023-06-24"
"17146","2022-12-25","2023-12-03"
"17147","2023-06-19","2023-06-19"
"17148","",""
"17149","",""
"17150","",""
"17151","2023-02-17","2025-11-04"
"17152","",""
"17153","",""
"17154","2022-12-27","2025-03-18"
"17155","2023-01-01","2023-05-31"
"17156","2022-12-23","2025-12-31"
"17157","2023-02-09","2026-01-07"
"17158","2022-12-27","2026-05-30"
"17159","2023-05-21","2023-05-21"
"17160","2024-10-09","2026-05-30"
"17161","2023-02-19","2023-06-30"
"17162","2023-02-25","2025-08-09"
"17163","2023-01-07","2023-06-02"
"17164","2023-02-02","2024-07-02"
"17165","2023-01-15","2023-08-28"
"17166","",""
"17167","2022-12-28","2025-07-31"
"17168","2025-07-06","2025-07-06"
"17169","2023-03-10","2026-06-12"
"17170","2022-12-25","2023-07-31"
"17171","2023-04-11","2024-07-27"
"17172","2025-04-17","2026-02-24"
"17173","2023-01-02","2025-08-10"
"17174","",""
"17175","2024-02-03","2024-02-03"
"17176","2023-09-23","2023-09-23"
"17177","2023-01-22","2026-05-15"
"17178","2023-01-01","2026-05-31"
"17179","2023-04-05","2026-05-31"
"17180","2023-03-29","2023-08-17"
"17181","2022-12-31","2023-08-13"
"17182","2023-03-23","2023-09-12"
"17183","2023-01-02","2023-09-04"
"17184","2023-01-01","2024-10-03"
"17185","2023-04-04","2023-09-20"
"17186","2023-01-01","2026-05-29"
"17187","2023-02-04","2023-03-03"
"17188","2023-01-08","2023-03-20"
"17189","2025-07-02","2026-01-17"
"17190","2025-02-05","2025-12-05"
"17191","2023-07-31","2026-03-26"
"17192","",""
"17193","2023-05-29","2026-01-23"
"17194","2023-01-09","2023-12-11"
"17195","2023-01-11","2023-05-28"
"17196","2023-02-28","2025-12-20"
"17197","2023-04-13","2025-10-21"
"17198","2023-01-30","2024-10-24"
"17199","",""
"17200","2023-08-11","2023-08-11"
"17201","2023-02-25","2025-09-30"
"17202","2023-01-26","2026-06-08"
"17203","",""
"17204","2023-07-08","2026-05-25"
"17205","",""
"17206","2023-01-04","2025-08-31"
"17207","2023-02-19","2026-05-17"
"17208","2023-02-21","2025-03-03"
"17209","",""
"17210","",""
"17211","2023-04-01","2026-06-04"
"17212","",""
"17213","",""
"17214","2023-04-08","2026-05-30"
"17215","2023-01-03","2023-05-25"
"17216","",""
"17217","2023-02-23","2024-01-18"
"17218","2023-04-14","2025-11-14"
"17219","",""
"17220","2023-01-03","2024-10-10"
"17221","2023-01-02","2024-08-10"
"17222","",""
"17223","2023-06-01","2026-06-13"
"17224","2023-05-29","2023-09-04"
"17225","2023-04-21","2026-06-08"
"17226","2023-11-25","2024-03-04"
"17227","2023-04-10","2023-10-02"
"17228","",""
"17229","",""
"17230","",""
"17231","2026-01-10","2026-01-10"
"17232","2023-04-25","2025-12-22"
"17233","2023-06-07","2026-01-16"
"17234","2023-10-29","2024-04-10"
"17235","",""
"17236","2023-03-05","2023-10-21"
"17237","2023-12-11","2023-12-11"
"17238","2023-01-02","2023-08-28"
"17239","2023-05-17","2026-05-08"
"17240","",""
"17241","",""
"17242","2023-03-13","2025-12-06"
"17243","",""
"17244","2024-07-20","2024-07-20"
"17245","",""
"17246","2023-01-30","2023-07-10"
"17247","2023-02-05","2026-05-20"
"17248","2023-02-20","2024-05-06"
"17249","2023-02-14","2024-11-23"
"17250","2023-02-05","2026-05-31"
"17251","2023-03-10","2023-03-10"
"17252","2023-02-05","2023-09-18"
"17253","2023-04-08","2025-03-03"
"17254","2023-03-07","2024-12-31"
"17255","2023-05-23","2023-12-01"
"17256","",""
"17257","2023-04-23","2026-03-20"
"17258","2023-02-26","2026-05-30"
"17259","2023-01-15","2024-03-01"
"17260","2023-05-31","2026-04-08"
"17261","2023-01-07","2023-11-29"
"17262","2023-11-18","2023-11-18"
"17263","2023-05-21","2024-03-31"
"17264","2023-08-10","2025-11-22"
"17265","2023-01-16","2024-10-31"
"17266","2023-01-24","2025-12-19"
"17267","2023-01-31","2023-01-31"
"17268","2025-06-05","2025-06-05"
"17269","2023-01-16","2026-06-09"
"17291","2023-05-17","2024-02-11"
"17270","2023-01-20","2024-03-01"
"17271","2023-02-11","2023-02-11"
"17272","2023-01-08","2026-03-03"
"17273","2023-04-07","2025-10-26"
"17274","",""
"17275","2023-02-19","2026-06-10"
"17276","2023-06-02","2024-02-16"
"17277","2023-09-10","2025-03-31"
"17278","2023-01-28","2023-09-22"
"17279","2023-03-18","2023-10-04"
"17280","2023-05-21","2023-08-21"
"17281","2023-02-12","2025-11-01"
"17282","",""
"17283","2023-03-05","2023-08-10"
"17284","2023-07-11","2023-12-27"
"17285","2023-05-21","2023-05-21"
"17286","2023-03-09","2023-09-15"
"17287","2023-01-22","2026-05-22"
"17288","2023-02-26","2025-02-22"
"17289","",""
"17290","",""
"17292","",""
"17293","2023-10-21","2025-08-16"
"17294","2023-04-07","2023-04-07"
"17295","",""
"17296","2023-07-02","2023-07-02"
"17297","2024-02-20","2025-12-22"
"17298","2023-01-16","2025-09-18"
"17299","2023-01-08","2026-01-26"
"17300","2023-03-14","2023-08-07"
"17301","",""
"17302","2023-06-01","2025-10-04"
"17303","2023-04-01","2026-06-01"
"17304","2023-01-13","2026-03-29"
"17305","",""
"17306","2023-03-07","2023-12-04"
"17307","",""
"17308","",""
"17309","2023-03-25","2026-05-16"
"17310","2023-03-12","2023-09-02"
"17311","2023-02-05","2023-04-30"
"17312","2023-04-15","2025-07-10"
"17313","2025-08-23","2025-08-23"
"17314","2023-04-11","2023-04-11"
"17315","2023-02-01","2023-09-11"
"17316","2023-01-22","2025-11-08"
"17317","2023-02-05","2024-08-13"
"17318","",""
"17319","",""
"17320","2023-11-01","2025-11-16"
"17321","2023-01-15","2024-08-15"
"17322","2023-01-23","2026-05-31"
"17323","2023-01-22","2026-06-09"
"17324","2023-02-28","2026-05-23"
"17325","2023-03-21","2026-06-11"
"17326","2023-09-03","2023-09-03"
"17327","2023-08-04","2025-10-02"
"17328","2023-02-02","2026-03-11"
"17329","2023-01-15","2026-06-05"
"17330","",""
"17331","2023-01-15","2023-09-10"
"17332","2023-03-06","2026-03-18"
"17333","",""
"17334","2023-02-27","2026-06-02"
"17335","",""
"17336","",""
"17337","2023-01-18","2023-09-03"
"17338","",""
"17339","",""
"17340","",""
"17341","2023-01-15","2023-11-19"
"17342","2023-03-03","2023-10-22"
"17343","2023-01-17","2026-05-15"
"17344","2023-04-30","2023-09-02"
"17345","2023-03-05","2023-12-02"
"17346","",""
"17347","2023-04-09","2023-09-03"
"17348","",""
"17349","2023-01-24","2026-05-25"
"17350","2023-04-22","2024-08-11"
"17351","2023-02-20","2023-12-21"
"17352","2023-01-15","2023-12-31"
"17353","2023-02-18","2025-09-04"
"17354","",""
"17355","2023-01-30","2023-07-10"
"17356","",""
"17357","",""
"17358","2023-04-17","2024-12-09"
"17359","2026-01-02","2026-01-02"
"17360","2023-05-31","2026-06-04"
"17361","",""
"17362","2023-03-20","2023-03-20"
"17363","2023-01-20","2023-10-29"
"17364","2023-03-07","2023-03-07"
"17365","",""
"17366","2025-01-08","2026-01-30"
"17367","2024-06-09","2025-07-01"
"17368","2023-04-30","2025-12-26"
"17369","2023-07-30","2025-07-25"
"17370","2023-03-10","2025-12-16"
"17371","2023-04-23","2026-05-16"
"17372","2023-03-20","2025-06-16"
"17373","2023-02-08","2023-02-08"
"17374","2023-04-05","2024-07-28"
"17375","",""
"17376","2023-04-01","2026-05-22"
"17377","",""
"17378","",""
"17379","",""
"17380","2023-04-17","2023-04-17"
"17381","2023-01-17","2023-08-27"
"17382","2023-04-09","2025-10-22"
"17383","2023-04-11","2024-10-31"
"17384","",""
"17385","2023-11-05","2026-06-15"
"17386","2023-04-09","2023-11-05"
"17387","",""
"17388","2023-03-07","2023-04-03"
"17389","2023-03-19","2023-04-16"
"17390","2023-01-28","2025-07-05"
"17391","2023-02-27","2025-09-30"
"17392","2023-02-20","2026-05-06"
"17393","",""
"17394","2023-03-27","2023-11-11"
"17395","2023-05-20","2023-10-30"
"17396","",""
"17397","2023-08-05","2023-08-05"
"17398","2023-01-27","2026-05-30"
"17399","2023-02-15","2023-11-07"
"17400","2023-02-12","2023-11-17"
"17401","2023-01-29","2025-11-01"
"17402","",""
"17403","",""
"17404","",""
"17405","2023-01-25","2026-05-24"
"17406","2023-08-31","2023-11-30"
"17407","2023-03-11","2025-05-18"
"17408","2024-09-20","2024-09-20"
"17409","2023-01-22","2023-12-06"
"17410","2023-04-13","2023-07-13"
"17411","2023-03-07","2023-09-09"
"17412","2023-04-09","2023-07-22"
"17413","",""
"17414","2023-02-20","2026-04-26"
"17415","2023-07-30","2023-09-04"
"17416","",""
"17417","",""
"17418","2023-02-10","2023-08-29"
"17419","2023-03-12","2026-05-18"
"17420","2023-05-04","2026-01-30"
"17421","2023-02-27","2026-03-25"
"17422","2023-01-22","2026-06-02"
"17423","2023-02-03","2023-07-16"
"17424","",""
"17425","2023-03-30","2025-09-29"
"17426","",""
"17427","",""
"17428","",""
"17429","2023-03-31","2025-11-30"
"17430","2024-07-19","2026-03-09"
"17431","2023-02-12","2023-02-21"
"17432","2023-02-23","2024-09-20"
"17433","2023-05-19","2025-08-31"
"17434","2023-03-13","2025-03-16"
"17435","2023-02-04","2026-01-31"
"17436","2023-06-21","2026-06-05"
"17437","2023-03-27","2023-08-29"
"17438","2023-04-02","2023-09-25"
"17439","2023-02-15","2023-09-30"
"17440","2023-02-20","2023-03-28"
"17441","2023-02-05","2023-11-18"
"17442","2023-03-19","2026-06-01"
"17443","2023-01-25","2026-05-27"
"17444","2023-04-30","2023-04-30"
"17445","",""
"17446","2023-04-04","2023-04-16"
"17447","2023-02-06","2023-11-25"
"17448","",""
"17449","",""
"17450","",""
"17451","",""
"17452","",""
"17453","",""
"17454","",""
"17455","",""
"17456","",""
"17457","",""
"17458","",""
"17459","",""
"17460","",""
"17461","",""
"17462","",""
"17463","",""
"17464","",""
"17465","",""
"17466","",""
"17467","",""
"17468","",""
"17469","",""
"17470","",""
"17471","",""
"17472","",""
"17473","",""
"17474","",""
"17475","",""
"17476","",""
"17477","",""
"17478","",""
"17479","",""
"17480","",""
"17481","",""
"17482","",""
"17483","",""
"17484","",""
"17485","",""
"17486","",""
"17487","",""
"17488","2023-04-09","2023-10-01"
"17489","2023-09-27","2026-03-01"
"17490","",""
"17491","2025-01-01","2025-01-01"
"17492","",""
"17493","2023-02-26","2026-05-30"
"17494","",""
"17495","2023-02-10","2026-06-12"
"17496","2023-03-31","2025-11-01"
"17497","2023-02-12","2023-10-22"
"17498","2024-07-26","2025-12-10"
"17499","2023-02-04","2023-10-20"
"17500","2023-04-30","2023-09-07"
"17501","",""
"17502","2023-02-10","2023-06-06"
"17503","2023-03-12","2023-06-18"
"17504","2023-02-19","2026-03-06"
"17505","2023-03-28","2025-11-15"
"17506","",""
"17507","2023-02-13","2026-06-08"
"17508","2023-02-18","2026-06-08"
"17509","2023-04-11","2023-05-22"
"17510","2023-04-19","2026-05-16"
"17511","2024-05-01","2026-04-15"
"17512","2023-03-19","2025-03-22"
"17513","2023-02-12","2023-10-01"
"17514","",""
"17515","2023-01-29","2023-09-27"
"17516","2023-01-26","2023-09-01"
"17517","",""
"17518","",""
"17519","2023-06-12","2023-09-05"
"17520","2024-04-10","2024-08-23"
"17521","2023-02-16","2026-02-19"
"17522","2026-05-31","2026-05-31"
"17523","2023-03-30","2025-04-14"
"17524","",""
"17525","2023-05-17","2023-09-10"
"17526","",""
"17527","",""
"17528","2023-06-02","2023-09-04"
"17529","2024-05-01","2025-12-31"
"17530","2023-04-18","2026-05-31"
"17531","2023-02-05","2025-06-17"
"17532","",""
"17533","2023-04-19","2023-08-20"
"17534","2023-04-02","2026-05-17"
"17535","2023-02-04","2023-02-13"
"17536","2023-02-15","2026-05-24"
"17537","2023-08-06","2023-08-06"
"17538","2023-02-21","2023-10-22"
"17539","2023-02-13","2026-05-22"
"17540","2024-04-28","2025-10-12"
"17541","2023-05-27","2023-09-04"
"17542","",""
"17543","2023-02-02","2023-04-14"
"17544","2023-06-25","2023-08-26"
"17545","2023-04-02","2023-05-11"
"17546","2024-12-28","2026-05-04"
"17547","2023-02-14","2026-05-31"
"17548","2023-06-17","2026-05-15"
"17549","2023-01-29","2026-06-08"
"17550","2023-02-06","2026-05-15"
"17551","2023-02-12","2025-10-11"
"17552","2023-03-19","2024-09-22"
"17553","2024-01-01","2026-05-10"
"17554","2023-08-05","2023-09-04"
"17555","2023-02-05","2026-03-16"
"17556","2023-04-04","2026-06-01"
"17557","2023-02-18","2024-06-15"
"17558","",""
"17559","",""
"17560","",""
"17561","",""
"17562","",""
"17563","",""
"17564","",""
"17565","",""
"17566","",""
"17567","",""
"17568","",""
"17569","",""
"17570","",""
"17571","",""
"17572","",""
"17573","",""
"17574","",""
"17575","",""
"17576","",""
"17577","",""
"17578","2023-07-30","2023-08-30"
"17579","2023-02-14","2023-11-23"
"17580","2023-04-22","2026-03-25"
"17581","2023-06-01","2025-04-03"
"17582","2023-11-01","2026-06-08"
"17583","2023-10-12","2025-07-01"
"17584","2023-10-12","2023-10-12"
"17585","2023-05-09","2025-05-18"
"17586","2023-09-19","2024-06-01"
"17587","2024-10-01","2025-06-18"
"17588","2023-04-23","2026-05-08"
"17589","2023-02-26","2023-09-15"
"17590","2023-02-06","2023-06-19"
"17591","2023-02-04","2026-05-03"
"17592","2023-06-25","2023-06-25"
"17593","",""
"17594","2023-04-14","2026-05-13"
"17595","2023-06-09","2026-01-30"
"17596","",""
"17597","2023-03-31","2025-08-06"
"17598","2023-02-14","2023-02-14"
"17599","2023-02-21","2026-02-25"
"17600","2023-02-12","2023-10-02"
"17601","2023-02-25","2023-11-25"
"17602","2023-04-30","2026-02-28"
"17603","2023-02-28","2026-06-13"
"17604","2023-03-10","2026-05-01"
"17605","",""
"17606","2023-03-19","2023-03-31"
"17607","",""
"17608","2023-02-19","2023-10-08"
"17609","2023-02-08","2026-06-07"
"17610","2023-02-14","2025-02-07"
"17611","2023-04-09","2023-07-08"
"17612","2023-06-19","2023-12-05"
"17613","",""
"17614","2023-03-03","2026-04-20"
"17615","2023-04-20","2023-04-30"
"17616","2023-04-18","2026-05-08"
"17617","2023-02-20","2024-09-23"
"17618","2023-03-09","2023-03-09"
"17619","2023-02-12","2023-09-02"
"17620","2023-04-05","2023-04-05"
"17621","2023-06-14","2025-03-11"
"17622","2023-06-19","2023-09-04"
"17623","2023-06-02","2025-09-02"
"17624","2024-08-12","2026-05-04"
"17625","2023-03-01","2023-03-01"
"17626","2023-07-16","2023-07-16"
"17627","2023-05-28","2026-04-20"
"17628","2023-03-07","2026-03-31"
"17629","2023-02-15","2026-06-08"
"17630","2026-01-21","2026-01-21"
"17631","2026-02-27","2026-02-27"
"17632","2023-02-15","2026-06-12"
"17633","2023-03-18","2024-02-19"
"17634","2023-02-15","2026-05-31"
"17635","2023-05-28","2026-06-13"
"17636","2023-03-05","2024-05-06"
"17637","2023-02-24","2023-10-27"
"17638","2023-06-17","2026-05-04"
"17639","2023-02-19","2025-03-26"
"17640","2023-06-30","2024-10-31"
"17641","",""
"17642","2023-02-18","2026-01-05"
"17643","",""
"17644","2023-02-21","2025-10-01"
"17645","2025-10-18","2025-10-18"
"17646","",""
"17647","",""
"17648","",""
"17649","2023-05-31","2023-08-12"
"17650","2023-06-01","2025-04-06"
"17651","2025-04-01","2025-05-15"
"17652","2024-04-03","2025-06-13"
"17653","2023-04-07","2025-12-08"
"17654","",""
"17655","2023-09-18","2026-04-20"
"17656","2023-08-31","2023-08-31"
"17657","2023-03-14","2026-06-09"
"17658","2023-03-12","2026-05-31"
"17659","2023-04-17","2026-04-20"
"17660","2023-08-09","2023-08-18"
"17661","2023-06-23","2026-06-09"
"17662","2023-03-29","2024-11-02"
"17663","",""
"17664","2023-02-26","2023-02-26"
"17665","2023-03-15","2023-09-23"
"17666","2023-02-18","2025-10-05"
"17667","2023-03-29","2026-06-09"
"17668","2023-06-16","2023-11-12"
"17669","2023-02-21","2026-05-19"
"17670","2025-04-03","2026-04-06"
"17671","2023-02-18","2024-10-25"
"17672","",""
"17673","",""
"17674","2023-02-11","2024-09-13"
"17675","2023-04-17","2024-03-31"
"17676","2023-10-22","2025-10-26"
"17677","",""
"17678","2023-02-20","2023-11-22"
"17679","2023-02-12","2025-09-19"
"17680","2023-06-23","2025-03-03"
"17681","",""
"17682","",""
"17683","2023-03-08","2026-01-31"
"17684","2023-04-05","2025-09-01"
"17685","2024-08-07","2026-04-01"
"17686","2026-03-04","2026-03-04"
"17687","2025-05-31","2025-05-31"
"17688","2023-07-09","2026-03-31"
"17689","2023-12-21","2023-12-21"
"17690","2024-01-14","2024-05-01"
"17691","2023-10-23","2026-05-16"
"17692","2026-02-19","2026-02-19"
"17693","",""
"17694","2023-07-03","2023-07-03"
"17695","",""
"17696","2023-08-27","2024-10-26"
"17697","2023-04-03","2025-06-07"
"17698","2023-08-15","2024-04-27"
"17699","2023-04-30","2025-09-27"
"17700","2023-02-19","2023-02-28"
"17701","2026-05-16","2026-05-16"
"17702","2023-03-18","2023-05-21"
"17703","2023-11-30","2025-06-01"
"17704","2023-11-01","2023-11-01"
"17705","2023-02-16","2023-06-23"
"17706","",""
"17707","2023-05-10","2025-06-12"
"17708","2023-02-14","2026-02-06"
"17709","2023-04-10","2026-01-03"
"17710","2023-03-05","2024-12-04"
"17711","2023-05-10","2025-01-27"
"17712","",""
"17713","2023-02-26","2025-03-31"
"17714","2025-04-30","2026-05-22"
"17715","2023-02-17","2026-05-21"
"17716","",""
"17717","2024-10-12","2025-08-02"
"17718","2023-02-21","2025-04-23"
"17719","2023-04-16","2026-05-23"
"17720","2023-04-21","2024-11-05"
"17721","2023-03-26","2023-10-21"
"17722","2023-08-12","2026-02-16"
"17723","2023-03-05","2026-03-22"
"17724","2023-02-22","2026-02-13"
"17725","2023-03-09","2024-10-14"
"17726","",""
"17727","",""
"17728","2023-06-05","2025-07-01"
"17729","2023-02-21","2025-12-15"
"17730","2023-03-12","2026-06-01"
"17731","2023-07-02","2023-10-05"
"17732","2023-04-10","2023-04-10"
"17733","2025-12-01","2025-12-01"
"17734","2023-02-19","2025-06-14"
"17735","",""
"17736","2024-09-30","2024-09-30"
"17737","",""
"17738","2023-11-06","2026-03-28"
"17739","",""
"17740","",""
"17741","",""
"17742","",""
"17743","2023-06-07","2023-08-28"
"17744","2023-09-16","2024-01-31"
"17745","",""
"17746","2023-03-19","2026-06-04"
"17747","",""
"17748","2023-04-30","2026-02-09"
"17749","2023-02-26","2023-02-26"
"17750","",""
"17751","",""
"17752","2023-05-02","2025-04-30"
"17753","",""
"17754","2023-04-21","2023-11-12"
"17755","2023-02-24","2023-11-05"
"17756","2023-07-08","2026-05-30"
"17757","2023-12-23","2023-12-23"
"17758","",""
"17759","",""
"17760","2023-06-27","2026-04-06"
"17761","",""
"17762","2024-03-31","2024-03-31"
"17763","2023-04-25","2024-12-15"
"17764","",""
"17765","2023-09-30","2026-03-01"
"17766","2023-11-05","2023-11-05"
"17767","2025-05-05","2025-05-05"
"17768","2024-10-06","2024-10-06"
"17769","",""
"17770","",""
"17771","",""
"17772","",""
"17773","",""
"17774","2023-05-04","2023-07-30"
"17775","",""
"17776","",""
"17777","2023-03-13","2026-05-29"
"17778","2023-12-13","2023-12-13"
"17779","2023-12-23","2024-10-08"
"17780","2023-06-01","2026-04-12"
"17781","2025-06-14","2026-05-03"
"17782","2025-02-23","2025-02-23"
"17783","2025-08-03","2025-12-21"
"17784","2023-05-22","2026-05-23"
"17785","2024-01-06","2024-01-06"
"17786","2023-05-14","2026-03-19"
"17787","2023-02-26","2023-11-24"
"17788","2024-06-08","2026-02-12"
"17789","2024-04-18","2024-04-18"
"17790","2023-08-14","2024-06-01"
"17791","2023-07-31","2023-10-16"
"17792","",""
"17793","2023-05-28","2023-05-28"
"17794","2023-11-12","2024-07-08"
"17795","",""
"17796","2023-10-13","2024-08-05"
"17797","",""
"17798","2025-03-11","2025-03-11"
"17799","2023-11-30","2026-06-09"
"17800","2024-08-31","2024-08-31"
"17801","2024-10-31","2025-10-31"
"17802","2026-03-01","2026-03-01"
"17803","2024-06-29","2024-06-29"
"17804","",""
"17805","2023-10-13","2024-08-06"
"17806","2023-04-10","2023-04-10"
"17807","2023-10-16","2023-10-16"
"17808","",""
"17809","",""
"17810","2023-10-01","2024-06-28"
"17811","",""
"17812","2023-02-28","2025-07-31"
"17813","2023-04-01","2023-04-01"
"17814","2023-02-19","2026-06-07"
"17815","2023-03-06","2026-05-15"
"17816","2023-02-15","2026-05-24"
"17817","2023-03-19","2023-03-19"
"17818","2023-06-19","2023-06-19"
"17819","2023-08-16","2023-09-03"
"17820","",""
"17821","2023-05-06","2024-12-21"
"17822","2023-02-19","2023-09-12"
"17823","2023-02-25","2023-02-25"
"17824","2023-04-08","2023-07-20"
"17825","2023-03-12","2025-07-15"
"17826","",""
"17827","2023-04-04","2026-05-15"
"17828","2023-02-26","2023-06-25"
"17829","2023-02-26","2026-03-30"
"17830","2023-07-27","2025-08-02"
"17831","",""
"17832","",""
"17833","2024-05-26","2024-12-19"
"17834","",""
"17835","2023-03-17","2023-09-10"
"17836","2023-04-27","2026-01-19"
"17837","",""
"17838","2023-05-12","2026-02-05"
"17839","2023-03-28","2025-03-07"
"17840","",""
"17841","",""
"17842","2023-03-17","2026-06-01"
"17843","2023-08-26","2025-07-18"
"17844","2025-10-12","2025-10-12"
"17845","2024-01-02","2024-01-02"
"17846","2023-10-10","2025-12-17"
"17847","2023-06-28","2026-03-22"
"17848","2023-06-01","2025-10-14"
"17849","",""
"17850","2023-03-18","2024-10-12"
"17851","2023-03-16","2023-12-03"
"17852","2023-03-13","2025-06-20"
"17853","2023-02-24","2026-05-31"
"17854","2023-05-31","2025-06-11"
"17855","2023-03-29","2023-03-29"
"17856","2023-03-06","2026-05-27"
"17857","2023-02-23","2023-09-11"
"17858","2023-03-12","2023-08-28"
"17859","2023-03-24","2023-03-24"
"17860","2023-03-22","2023-05-01"
"17861","2023-07-02","2023-08-07"
"17862","2023-05-07","2024-01-26"
"17863","2023-04-23","2023-04-23"
"17864","2023-03-20","2026-05-10"
"17865","2023-04-10","2023-07-23"
"17866","2023-03-03","2023-09-16"
"17867","2023-04-07","2024-05-13"
"17868","",""
"17869","",""
"17870","2025-02-07","2026-02-01"
"17871","2023-06-14","2025-12-14"
"17872","",""
"17873","2023-02-26","2023-08-20"
"17874","2023-03-12","2026-06-10"
"17875","2023-04-25","2023-06-30"
"17876","2023-02-28","2023-10-30"
"17877","2025-03-07","2025-03-07"
"17878","2023-03-23","2026-05-31"
"17879","2023-03-22","2025-07-26"
"17880","",""
"17881","",""
"17882","2023-04-16","2023-07-24"
"17883","",""
"17884","",""
"17885","2023-04-09","2023-07-06"
"17886","2023-10-15","2023-10-15"
"17887","2023-02-23","2023-09-23"
"17888","2023-04-16","2026-06-03"
"17889","2023-03-11","2026-06-01"
"17890","2023-03-06","2026-01-05"
"17891","2023-03-11","2023-08-28"
"17892","2023-07-09","2026-01-03"
"17893","2023-03-19","2026-01-02"
"17894","2023-06-21","2023-10-17"
"17895","2023-09-02","2023-09-02"
"17896","2023-04-25","2025-11-10"
"17897","2023-03-19","2023-03-19"
"17898","2023-08-20","2024-03-19"
"17899","2025-09-09","2025-09-09"
"17900","2024-11-30","2025-10-03"
"17901","",""
"17902","",""
"17903","",""
"17904","2023-05-28","2023-05-28"
"17905","",""
"17906","2023-06-20","2023-11-12"
"17907","",""
"17908","2024-06-27","2024-06-27"
"17909","",""
"17910","",""
"17911","2023-03-09","2023-09-28"
"17912","2023-06-27","2026-06-07"
"17913","2023-03-03","2023-08-03"
"17914","",""
"17915","2023-04-02","2023-06-16"
"17916","2025-07-27","2026-04-30"
"17917","2023-03-19","2024-06-30"
"17918","2023-03-01","2026-05-25"
"17919","",""
"17920","",""
"17921","",""
"17922","2023-04-04","2023-10-02"
"17923","2023-04-29","2026-06-01"
"17924","2023-06-05","2026-06-08"
"17925","2023-07-05","2025-05-15"
"17926","2019-08-10","2026-05-31"
"17927","2023-06-16","2023-06-16"
"17928","2023-03-22","2026-03-31"
"17929","2023-04-02","2026-03-18"
"17930","2023-09-02","2023-12-15"
"17931","2023-03-20","2024-03-31"
"17932","2023-03-12","2023-03-18"
"17933","2023-03-05","2024-09-23"
"17934","2024-07-28","2025-11-08"
"17935","2023-06-20","2024-09-23"
"17936","2023-03-13","2026-06-08"
"17937","2023-04-15","2023-04-15"
"17938","2023-12-03","2023-12-03"
"17939","2023-03-02","2025-09-01"
"17940","",""
"17941","2023-07-05","2023-11-30"
"17942","2023-03-29","2025-11-30"
"17943","2023-04-13","2023-04-13"
"17944","2023-04-01","2025-04-18"
"17945","",""
"17946","2023-05-08","2025-04-26"
"17947","",""
"17948","2018-06-24","2026-02-21"
"17949","2019-05-19","2026-04-25"
"17950","2018-10-07","2026-06-07"
"17951","2019-09-02","2026-05-15"
"17952","2024-05-26","2026-01-25"
"17953","",""
"17954","2019-02-03","2026-06-08"
"17955","",""
"17956","2024-01-02","2026-01-03"
"17957","2018-06-23","2026-05-25"
"17958","2024-06-10","2026-01-05"
"17959","",""
"17960","2019-06-16","2026-05-25"
"17961","2023-06-13","2026-03-24"
"17962","2023-04-13","2023-12-30"
"17963","",""
"17964","2023-05-19","2023-09-04"
"17965","2023-04-17","2025-10-18"
"17966","2023-03-12","2023-11-11"
"17967","2023-03-16","2026-03-31"
"17968","2023-11-01","2023-11-01"
"17969","2023-04-09","2026-05-20"
"17970","2023-03-13","2026-06-13"
"17971","2023-04-06","2024-12-17"
"17972","2023-06-30","2026-01-06"
"17973","2023-04-02","2025-05-17"
"17974","2023-03-20","2026-01-18"
"17975","2023-04-08","2026-01-23"
"17976","2023-09-16","2023-09-16"
"17977","2023-09-30","2025-07-26"
"17978","2023-04-12","2025-01-01"
"17979","",""
"17980","2023-04-23","2026-03-25"
"17981","2025-10-21","2026-02-28"
"17982","2023-04-15","2025-12-05"
"17983","2023-04-29","2024-11-03"
"17984","",""
"17985","2024-03-04","2024-03-04"
"17986","2024-01-08","2024-01-08"
"17987","",""
"17988","2023-03-13","2024-10-09"
"17989","2023-05-31","2025-05-31"
"17990","",""
"17991","2023-07-16","2024-08-31"
"17992","2023-03-24","2026-05-24"
"17993","2023-04-13","2026-04-13"
"17994","2023-04-08","2024-08-07"
"17995","2023-03-27","2025-08-09"
"17996","",""
"17997","2023-03-05","2026-05-18"
"17998","2025-02-23","2025-02-23"
"17999","2024-10-01","2026-01-28"
"18000","2023-03-29","2025-06-10"
"18001","2023-03-15","2024-11-05"
"18002","2023-03-20","2024-07-14"
"18003","2023-03-25","2025-08-05"
"18004","2023-03-13","2023-09-08"
"18005","",""
"18006","",""
"18007","",""
"18008","2023-05-03","2026-03-04"
"18009","",""
"18010","",""
"18011","",""
"18012","2023-05-10","2025-05-26"
"18013","",""
"18014","",""
"18015","2023-04-03","2025-11-21"
"18016","",""
"18017","",""
"18018","",""
"18019","2024-02-27","2026-05-10"
"18020","2025-05-27","2026-06-01"
"18021","2026-05-24","2026-05-24"
"18022","",""
"18023","2025-10-04","2026-02-15"
"18024","2024-07-21","2026-06-06"
"18025","",""
"18026","",""
"18027","",""
"18028","",""
"18029","2023-12-15","2023-12-15"
"18030","",""
"18031","",""
"18032","2023-03-13","2023-11-14"
"18033","",""
"18034","2025-05-05","2026-02-16"
"18035","2024-06-10","2024-06-10"
"18036","2023-04-09","2023-09-22"
"18037","",""
"18038","2023-04-28","2023-10-02"
"18039","2023-03-16","2023-09-05"
"18040","2023-05-20","2026-02-07"
"18041","",""
"18042","2023-03-12","2025-07-08"
"18043","2023-05-21","2026-05-25"
"18044","2023-03-19","2025-11-10"
"18045","2023-03-30","2023-11-19"
"18046","2023-05-12","2023-05-12"
"18047","",""
"18048","",""
"18049","2023-04-02","2023-10-01"
"18050","2023-06-20","2023-06-20"
"18051","2023-04-06","2026-05-25"
"18052","2023-03-15","2023-10-20"
"18053","2023-06-27","2025-09-04"
"18054","",""
"18055","2023-04-20","2023-11-09"
"18056","2023-05-30","2023-05-30"
"18057","2023-07-04","2023-07-16"
"18058","2023-07-09","2023-11-05"
"18059","2023-03-31","2024-08-31"
"18060","2023-07-08","2025-03-01"
"18061","2023-03-18","2023-10-27"
"18062","",""
"18063","",""
"18064","2024-06-27","2024-06-27"
"18065","2023-08-06","2024-01-01"
"18066","2023-03-09","2026-05-27"
"18067","2023-04-14","2023-10-15"
"18068","2023-06-30","2026-04-08"
"18069","2023-04-02","2023-09-12"
"18070","",""
"18071","2023-03-24","2023-08-27"
"18072","2023-04-09","2024-06-24"
"18073","2023-04-04","2023-06-19"
"18074","2023-03-20","2026-06-05"
"18075","2023-05-24","2026-05-13"
"18076","",""
"18077","",""
"18078","2023-04-12","2023-11-07"
"18079","2023-03-26","2025-11-19"
"18080","",""
"18081","2023-04-03","2025-07-31"
"18082","2023-04-24","2023-09-08"
"18083","2023-04-23","2024-12-14"
"18084","2023-05-24","2023-05-30"
"18085","2023-03-17","2023-10-16"
"18086","",""
"18087","2024-04-10","2026-05-07"
"18088","2023-03-20","2023-10-02"
"18089","2023-04-10","2023-07-01"
"18090","2023-06-22","2026-06-05"
"18091","2024-07-02","2025-03-02"
"18092","",""
"18093","",""
"18094","2023-03-16","2026-06-13"
"18095","2023-04-04","2023-04-04"
"18096","2023-05-01","2026-06-06"
"18097","",""
"18098","2023-10-04","2023-10-04"
"18099","2023-03-14","2023-06-19"
"18100","2023-04-01","2024-12-22"
"18101","2023-05-08","2023-08-27"
"18102","2023-04-03","2026-06-07"
"18103","2023-03-25","2025-11-16"
"18104","2023-03-11","2025-03-20"
"18105","2023-08-21","2024-12-09"
"18106","2023-04-03","2025-07-16"
"18107","2024-05-27","2026-05-31"
"18108","2023-03-27","2026-03-22"
"18109","",""
"18110","2023-04-22","2026-06-08"
"18111","2023-03-25","2026-06-10"
"18112","2023-03-24","2026-05-25"
"18113","2023-04-14","2023-10-24"
"18114","2023-04-08","2023-11-13"
"18115","2023-04-05","2025-08-09"
"18116","2023-09-03","2023-09-03"
"18117","2023-06-01","2026-05-10"
"18118","2023-07-23","2026-06-11"
"18119","2023-05-28","2026-04-23"
"18120","2023-07-24","2026-05-18"
"18121","",""
"18122","2023-06-25","2025-07-24"
"18123","2023-03-21","2023-09-17"
"18124","",""
"18125","",""
"18126","2023-05-31","2026-04-09"
"18127","2023-05-15","2023-06-30"
"18128","2023-06-02","2026-05-28"
"18129","2023-05-13","2023-09-02"
"18130","2023-03-24","2023-06-04"
"18131","2023-04-24","2025-10-18"
"18132","2023-04-01","2025-04-27"
"18133","2023-04-09","2023-11-06"
"18134","2023-03-19","2023-10-25"
"18135","2023-08-20","2024-03-11"
"18136","2023-07-15","2025-12-02"
"18137","2023-03-18","2023-08-20"
"18138","2023-04-12","2023-06-12"
"18139","2023-08-02","2026-05-31"
"18140","",""
"18141","2023-06-29","2026-04-06"
"18142","",""
"18143","",""
"18144","",""
"18145","2023-10-22","2026-04-21"
"18146","2023-07-01","2023-09-27"
"18147","2025-07-29","2026-01-21"
"18148","2023-04-23","2024-10-22"
"18149","",""
"18150","2023-04-03","2026-05-23"
"18151","2023-05-04","2026-04-12"
"18152","2023-09-30","2025-09-06"
"18153","",""
"18154","2025-06-02","2025-06-02"
"18155","2023-03-16","2023-10-20"
"18156","2020-09-26","2025-03-04"
"18157","2023-06-05","2026-06-10"
"18158","2023-04-07","2025-06-06"
"18159","",""
"18160","",""
"18161","2024-03-04","2026-06-09"
"18162","2023-11-21","2026-04-12"
"18163","",""
"18164","",""
"18165","",""
"18166","2023-03-26","2023-10-18"
"18167","",""
"18168","2025-06-20","2025-06-20"
"18169","2025-11-15","2026-03-20"
"18170","2023-08-31","2025-09-17"
"18171","",""
"18172","",""
"18173","",""
"18174","2023-06-04","2023-06-04"
"18175","",""
"18176","",""
"18177","",""
"18178","",""
"18179","",""
"18180","",""
"18181","2023-09-06","2024-10-03"
"18182","",""
"18183","",""
"18184","2023-04-07","2026-06-05"
"18185","2023-04-04","2026-05-26"
"18186","2023-04-04","2026-05-24"
"18187","2023-04-08","2025-12-27"
"18188","",""
"18189","2023-06-30","2023-06-30"
"18190","",""
"18191","",""
"18192","",""
"18193","",""
"18194","",""
"18195","2023-04-02","2026-06-07"
"18196","2023-11-01","2025-01-15"
"18197","",""
"18198","",""
"18199","",""
"18200","2024-01-20","2024-11-11"
"18201","",""
"18202","2023-03-17","2026-03-31"
"18203","",""
"18204","2023-07-31","2023-08-17"
"18205","2023-07-01","2023-08-06"
"18206","2024-08-01","2026-04-10"
"18207","",""
"18208","",""
"18209","",""
"18210","",""
"18211","2023-05-04","2023-08-18"
"18212","2024-09-28","2026-03-30"
"18213","2023-03-28","2023-09-05"
"18214","2023-04-26","2026-04-30"
"18215","2023-08-01","2026-04-18"
"18216","2024-12-31","2024-12-31"
"18217","",""
"18218","2024-04-15","2024-04-15"
"18219","2025-05-02","2026-06-01"
"18220","2023-06-01","2024-03-16"
"18221","",""
"18222","2024-09-01","2024-09-01"
"18223","",""
"18224","2023-04-26","2024-11-10"
"18225","",""
"18226","2024-01-03","2024-09-22"
"18227","2025-09-28","2026-05-24"
"18228","",""
"18229","2023-04-16","2026-06-09"
"18230","2023-04-08","2025-07-05"
"18231","2023-04-06","2025-02-01"
"18232","2023-04-30","2026-04-01"
"18233","2023-04-23","2024-03-29"
"18234","",""
"18235","2023-05-31","2026-05-31"
"18236","2023-06-18","2025-09-23"
"18237","2024-08-01","2024-08-01"
"18238","2023-08-31","2023-08-31"
"18239","2023-04-15","2025-12-26"
"18240","2023-05-24","2025-11-10"
"18241","",""
"18242","2023-04-10","2026-06-09"
"18243","2025-01-08","2025-01-08"
"18244","2023-04-23","2023-08-14"
"18245","2023-06-22","2025-06-02"
"18246","2023-04-22","2026-06-08"
"18247","2023-06-17","2023-06-17"
"18248","2024-05-16","2026-02-26"
"18249","",""
"18250","2023-04-30","2025-12-06"
"18251","",""
"18252","2023-06-11","2026-05-31"
"18253","2023-04-30","2026-05-30"
"18254","2023-04-03","2023-11-27"
"18255","2023-04-08","2026-05-31"
"18256","2023-05-01","2025-09-03"
"18257","2023-05-03","2026-01-25"
"18258","",""
"18259","2023-07-01","2024-10-20"
"18260","",""
"18261","2023-05-07","2023-08-13"
"18262","2025-07-30","2025-07-30"
"18263","2023-05-20","2023-05-20"
"18264","2023-05-17","2024-09-02"
"18265","",""
"18266","2023-05-12","2023-10-05"
"18267","2023-06-19","2025-09-14"
"18268","2024-02-17","2025-06-08"
"18269","2024-12-01","2024-12-01"
"18270","",""
"18271","2024-11-01","2024-11-01"
"18272","",""
"18273","2024-03-09","2026-05-06"
"18274","2023-04-09","2023-06-19"
"18275","2023-03-30","2024-06-30"
"18276","",""
"18277","2026-05-30","2026-05-30"
"18278","2024-07-10","2026-06-01"
"18279","",""
"18280","2023-04-03","2023-10-16"
"18281","2023-06-29","2025-12-13"
"18282","",""
"18283","2024-07-06","2024-07-06"
"18284","2023-04-24","2025-04-20"
"18285","2023-08-18","2025-01-06"
"18286","2023-04-23","2023-09-05"
"18287","2023-04-23","2025-11-11"
"18288","2023-04-02","2025-07-31"
"18289","2024-01-02","2026-05-22"
"18290","2023-06-06","2024-01-08"
"18291","2025-08-04","2025-08-04"
"18292","",""
"18293","2023-04-25","2023-04-25"
"18294","2023-04-16","2023-12-24"
"18295","2023-04-11","2026-06-07"
"18296","2023-05-07","2026-05-31"
"18297","2023-04-21","2025-04-27"
"18298","2023-05-03","2023-07-18"
"18299","2023-05-20","2023-07-22"
"18300","2023-04-13","2023-06-20"
"18301","2024-05-24","2025-03-08"
"18302","2023-04-04","2025-11-01"
"18303","2023-04-24","2023-04-24"
"18304","2023-04-25","2023-07-14"
"18305","2023-05-21","2023-07-07"
"18306","2023-05-09","2025-09-16"
"18307","2023-04-10","2023-09-23"
"18308","",""
"18309","2023-04-01","2023-05-07"
"18310","2023-04-05","2025-12-21"
"18311","2023-04-03","2023-04-29"
"18312","2023-04-02","2023-12-06"
"18313","2023-07-10","2023-07-10"
"18314","2023-08-10","2023-10-04"
"18315","",""
"18316","2023-04-01","2026-06-11"
"18317","2023-05-27","2026-06-04"
"18318","2023-05-14","2024-12-15"
"18319","2023-06-11","2026-05-06"
"18320","2025-10-15","2025-10-15"
"18321","",""
"18322","",""
"18323","2023-04-15","2025-06-05"
"18324","2023-04-22","2023-08-07"
"18325","2023-08-27","2023-08-27"
"18326","2023-05-28","2024-09-30"
"18327","2023-05-02","2025-05-22"
"18328","2023-09-11","2025-10-13"
"18329","2023-08-06","2025-05-10"
"18330","",""
"18331","2023-04-30","2026-03-31"
"18332","2023-04-01","2025-11-30"
"18333","2023-04-15","2023-09-04"
"18334","",""
"18335","2023-04-02","2023-11-04"
"18336","",""
"18337","",""
"18338","2023-05-08","2026-06-08"
"18339","",""
"18340","2023-04-07","2026-06-01"
"18341","2023-05-10","2024-10-10"
"18342","2023-09-12","2023-09-22"
"18343","2023-08-05","2025-10-31"
"18344","2023-05-15","2023-11-13"
"18345","2023-05-29","2026-01-05"
"18346","2023-07-16","2023-08-27"
"18347","2023-04-08","2026-03-07"
"18348","2023-11-28","2023-11-28"
"18349","2025-09-10","2025-09-10"
"18350","2024-11-21","2025-03-31"
"18351","2023-06-22","2023-06-22"
"18352","2023-12-04","2025-06-06"
"18353","",""
"18354","",""
"18355","",""
"18356","2023-05-26","2025-08-28"
"18357","2023-09-23","2023-12-01"
"18358","",""
"18359","2023-04-08","2023-04-08"
"18360","2023-07-12","2023-08-26"
"18361","",""
"18362","2023-06-21","2023-08-13"
"18363","2023-04-04","2026-06-12"
"18364","2023-04-12","2025-09-18"
"18365","2023-05-23","2025-08-05"
"18366","",""
"18367","2023-05-18","2023-08-13"
"18368","2023-04-17","2025-04-30"
"18369","2023-04-09","2023-10-16"
"18370","",""
"18371","2023-05-06","2023-08-27"
"18372","",""
"18373","",""
"18374","",""
"18375","2023-04-28","2026-05-31"
"18376","2023-04-09","2025-08-28"
"18377","",""
"18378","2023-04-07","2026-06-14"
"18379","2023-05-16","2026-05-10"
"18380","2023-04-08","2026-04-28"
"18381","2023-06-14","2026-06-05"
"18382","2023-09-01","2026-03-30"
"18383","2023-04-11","2023-09-12"
"18384","2023-10-07","2026-05-15"
"18385","2023-05-25","2026-04-11"
"18386","2024-01-31","2024-04-01"
"18387","2023-05-28","2023-08-29"
"18388","2023-05-08","2026-03-04"
"18389","2023-09-02","2025-08-31"
"18390","2025-08-03","2025-08-03"
"18391","2023-04-09","2026-05-24"
"18392","2023-04-09","2023-11-27"
"18393","2023-12-11","2025-02-02"
"18394","2023-04-28","2023-04-28"
"18395","",""
"18396","2023-04-13","2025-10-29"
"18397","2023-04-28","2023-06-17"
"18398","",""
"18399","",""
"18400","2023-04-09","2025-12-26"
"18401","",""
"18402","2023-04-17","2023-04-17"
"18403","2023-05-05","2023-05-05"
"18404","2023-04-30","2026-06-11"
"18405","2023-05-11","2026-01-18"
"18406","",""
"18407","",""
"18408","2023-11-17","2024-12-21"
"18409","2023-07-23","2024-04-05"
"18410","",""
"18411","2023-04-19","2026-05-11"
"18412","2023-09-30","2024-11-29"
"18413","",""
"18414","2023-04-09","2023-10-15"
"18415","2023-05-16","2023-07-26"
"18416","2023-06-26","2026-06-12"
"18417","2023-05-11","2026-05-05"
"18418","2023-08-08","2023-08-08"
"18419","2023-06-08","2026-02-25"
"18420","",""
"18421","",""
"18422","2024-11-17","2025-12-19"
"18423","2023-08-05","2025-12-17"
"18424","2023-06-15","2023-06-21"
"18425","2023-08-18","2025-03-14"
"18426","2023-08-05","2025-08-10"
"18427","2024-09-23","2026-05-17"
"18428","2023-04-06","2026-05-15"
"18429","2023-05-07","2026-03-31"
"18430","2023-06-07","2026-02-08"
"18431","",""
"18432","2023-04-08","2023-10-09"
"18433","2023-04-22","2023-08-15"
"18434","2023-05-24","2026-04-30"
"18435","2023-12-08","2025-07-31"
"18436","2023-05-10","2026-05-22"
"18437","2023-04-21","2025-11-05"
"18438","2023-08-30","2026-06-05"
"18439","2023-04-23","2025-12-30"
"18440","2023-06-23","2024-11-01"
"18441","2023-08-11","2026-06-03"
"18442","2023-05-31","2025-12-01"
"18443","2023-05-24","2026-06-07"
"18444","",""
"18445","2023-05-20","2023-05-20"
"18446","2023-04-16","2023-10-16"
"18447","2023-12-16","2026-05-13"
"18448","2023-04-30","2026-03-30"
"18449","2023-04-15","2023-10-30"
"18450","2023-04-20","2024-06-15"
"18451","2023-05-02","2026-05-10"
"18452","",""
"18453","",""
"18454","2023-04-22","2023-09-11"
"18455","2023-07-04","2023-08-29"
"18456","",""
"18457","2023-05-12","2023-11-13"
"18458","2023-05-21","2026-06-02"
"18459","2023-08-12","2026-01-09"
"18460","2023-04-19","2023-10-02"
"18461","",""
"18462","2023-06-24","2023-06-24"
"18463","2023-05-21","2023-05-21"
"18464","2023-04-16","2023-06-04"
"18465","2023-05-08","2025-11-30"
"18466","",""
"18467","2023-05-09","2026-06-03"
"18468","2023-07-18","2025-09-02"
"18469","2023-05-20","2024-06-19"
"18470","2023-04-17","2023-08-11"
"18471","2023-05-13","2023-05-28"
"18472","2023-04-16","2026-04-15"
"18473","2023-12-17","2026-03-31"
"18474","2023-05-16","2024-03-04"
"18475","2023-05-13","2023-09-01"
"18476","2023-06-30","2023-06-30"
"18477","2023-06-28","2024-05-01"
"18478","",""
"18479","2023-05-07","2026-05-17"
"18480","2023-06-04","2026-06-07"
"18481","2023-05-17","2023-05-17"
"18482","2024-06-01","2024-10-31"
"18483","2025-07-26","2025-10-28"
"18484","2024-09-03","2024-09-03"
"18485","",""
"18486","2023-06-25","2025-07-01"
"18487","2023-06-13","2025-06-28"
"18488","2023-04-22","2023-11-24"
"18489","",""
"18490","2023-04-15","2026-05-23"
"18491","2023-07-01","2026-05-21"
"18492","2023-11-11","2023-11-11"
"18493","2023-05-31","2026-05-28"
"18494","2023-05-07","2026-05-09"
"18495","2025-08-07","2026-01-15"
"18496","2023-10-21","2023-10-21"
"18497","",""
"18498","",""
"18499","2025-10-11","2025-10-11"
"18500","2023-05-09","2025-07-21"
"18501","2023-05-15","2026-05-20"
"18502","",""
"18503","2023-05-20","2025-07-29"
"18504","2023-08-31","2025-04-30"
"18505","2023-05-08","2023-09-06"
"18506","",""
"18507","",""
"18508","",""
"18509","2023-05-15","2026-01-04"
"18510","2023-05-31","2026-04-14"
"18511","2023-04-22","2025-09-11"
"18512","2023-05-31","2025-09-21"
"18513","2023-07-01","2026-01-27"
"18514","2023-07-27","2025-10-31"
"18515","2023-07-24","2026-06-06"
"18516","2023-05-03","2025-12-03"
"18517","2023-05-02","2023-06-11"
"18518","2023-05-29","2023-05-29"
"18519","2023-06-18","2023-08-07"
"18520","2023-12-13","2025-06-22"
"18521","2025-02-15","2025-04-03"
"18522","2023-05-10","2026-05-29"
"18523","2023-12-17","2026-04-27"
"18524","2023-07-30","2026-02-28"
"18525","2023-07-29","2023-08-11"
"18526","",""
"18527","2023-04-24","2025-10-15"
"18528","2023-04-23","2025-11-04"
"18529","2023-04-28","2026-01-13"
"18530","2023-05-02","2026-01-31"
"18531","2023-08-20","2023-08-20"
"18532","2023-04-26","2025-10-13"
"18533","",""
"18534","2023-04-28","2026-06-11"
"18535","2024-10-31","2024-10-31"
"18536","2023-08-19","2026-01-01"
"18537","2023-06-19","2025-11-24"
"18538","2023-06-17","2026-05-31"
"18539","2023-08-23","2025-08-20"
"18540","",""
"18541","2023-05-02","2026-05-02"
"18542","",""
"18543","2023-10-05","2023-10-05"
"18544","",""
"18545","2023-04-30","2023-09-29"
"18546","2023-08-05","2023-08-05"
"18547","",""
"18548","",""
"18549","2023-08-12","2026-01-07"
"18550","",""
"18551","",""
"18552","2023-04-23","2023-09-04"
"18553","2023-05-02","2023-10-11"
"18554","2023-04-20","2024-10-13"
"18555","",""
"18556","2024-09-04","2025-10-31"
"18557","2023-12-02","2026-05-14"
"18558","",""
"18559","2023-04-30","2023-12-31"
"18560","2023-06-05","2026-05-09"
"18561","2023-06-01","2023-06-01"
"18562","2023-07-07","2023-12-14"
"18563","2023-05-30","2025-05-07"
"18564","2023-04-24","2025-12-13"
"18565","2023-04-27","2026-01-22"
"18566","2023-04-23","2023-11-30"
"18567","2023-05-07","2023-06-10"
"18568","2023-05-08","2023-09-04"
"18569","2023-06-10","2026-05-08"
"18570","2023-05-21","2026-05-31"
"18571","2023-05-20","2023-08-26"
"18572","2023-06-09","2023-06-09"
"18573","2023-06-17","2026-05-31"
"18574","2023-04-22","2023-10-09"
"18575","2023-09-07","2025-08-18"
"18576","2023-08-13","2023-08-30"
"18577","2023-07-14","2025-02-17"
"18578","2023-04-30","2026-06-12"
"18579","2023-04-30","2023-08-29"
"18580","2023-06-07","2024-06-28"
"18581","2023-04-28","2023-09-03"
"18582","2023-05-28","2023-11-12"
"18583","2023-06-21","2023-11-05"
"18584","",""
"18585","2023-06-16","2023-06-16"
"18586","2023-05-19","2025-12-01"
"18587","2023-04-30","2026-05-31"
"18588","2023-05-07","2026-06-07"
"18589","2023-08-04","2025-09-01"
"18590","",""
"18591","2023-04-30","2026-01-03"
"18592","2023-05-19","2025-12-31"
"18593","2023-05-29","2024-08-14"
"18594","2023-06-21","2023-06-21"
"18595","2023-05-16","2023-07-24"
"18596","2023-07-31","2023-08-31"
"18597","2023-05-29","2026-03-28"
"18598","",""
"18599","2023-04-30","2025-12-28"
"18600","2023-07-02","2023-08-20"
"18601","",""
"18602","2023-05-07","2023-07-01"
"18603","2023-05-08","2025-01-03"
"18604","2023-06-06","2025-06-19"
"18605","2023-06-02","2026-04-27"
"18606","2023-05-17","2025-12-21"
"18607","2025-02-28","2025-02-28"
"18608","2023-05-23","2025-07-20"
"18609","2023-05-27","2023-09-04"
"18610","",""
"18611","",""
"18612","",""
"18613","2023-04-30","2026-06-11"
"18614","",""
"18615","2023-07-30","2026-05-18"
"18616","2023-06-03","2025-11-03"
"18617","",""
"18618","2023-09-15","2024-08-15"
"18619","2023-06-03","2023-07-12"
"18620","",""
"18621","2023-06-30","2023-06-30"
"18622","2023-09-25","2026-06-07"
"18623","",""
"18624","",""
"18625","2023-06-04","2023-07-30"
"18626","2023-05-30","2023-06-07"
"18627","2023-06-19","2023-09-04"
"18628","2023-05-06","2023-08-20"
"18629","2025-10-16","2025-10-16"
"18630","",""
"18631","2023-05-24","2024-08-20"
"18632","2023-04-29","2023-11-23"
"18633","2023-05-12","2024-11-05"
"18634","2023-04-30","2026-06-09"
"18635","2023-04-29","2023-08-28"
"18636","2023-09-20","2024-10-02"
"18637","2023-08-29","2023-08-29"
"18638","2023-06-06","2023-08-20"
"18639","2023-06-19","2026-06-12"
"18640","2023-05-30","2023-09-05"
"18641","",""
"18642","2024-07-31","2024-10-06"
"18643","2023-10-31","2025-06-21"
"18644","2023-05-08","2023-06-09"
"18645","",""
"18646","",""
"18647","2023-07-18","2023-07-18"
"18648","",""
"18649","2023-09-03","2024-07-16"
"18650","2024-10-25","2024-10-25"
"18651","2023-04-30","2026-05-19"
"18652","",""
"18653","2023-07-24","2026-02-23"
"18654","2023-05-07","2023-07-06"
"18655","",""
"18656","2023-06-29","2025-05-09"
"18657","2023-08-21","2023-08-21"
"18658","2023-08-04","2025-03-23"
"18659","",""
"18660","2023-06-21","2026-06-07"
"18661","2023-05-15","2025-11-05"
"18662","2023-04-29","2026-05-03"
"18663","2023-10-03","2025-05-05"
"18664","2023-05-28","2026-06-14"
"18665","2024-03-09","2025-01-25"
"18666","",""
"18667","2023-08-27","2023-08-27"
"18668","2023-05-22","2023-06-18"
"18669","2023-07-01","2023-07-01"
"18670","2023-05-08","2023-05-08"
"18671","",""
"18672","2023-05-06","2023-12-01"
"18673","2023-05-15","2023-11-01"
"18674","2023-04-29","2023-10-14"
"18675","2023-09-25","2025-03-23"
"18676","2023-06-11","2023-08-16"
"18677","2024-12-07","2024-12-07"
"18678","2023-06-04","2025-10-31"
"18679","",""
"18680","",""
"18681","2023-05-01","2023-08-27"
"18682","",""
"18683","2023-08-17","2026-05-09"
"18684","2024-12-03","2024-12-03"
"18685","2023-05-25","2023-09-04"
"18686","",""
"18687","2023-05-06","2023-05-07"
"18688","2023-06-26","2023-09-05"
"18689","2023-06-04","2026-05-31"
"18690","2023-05-19","2023-06-18"
"18691","2023-06-17","2026-05-18"
"18692","2023-05-18","2025-09-04"
"18693","",""
"18694","2023-05-06","2023-10-07"
"18695","2023-12-03","2023-12-03"
"18696","2024-03-31","2025-11-01"
"18697","2023-06-19","2025-03-15"
"18698","2023-05-20","2023-06-12"
"18699","2023-05-19","2026-03-01"
"18700","2023-09-16","2023-10-31"
"18701","2023-05-22","2023-09-02"
"18702","2023-06-08","2023-11-09"
"18703","2023-05-15","2023-09-04"
"18704","2023-05-27","2026-04-10"
"18705","2023-07-16","2023-08-08"
"18706","2023-05-07","2025-08-17"
"18707","",""
"18708","",""
"18709","2024-01-20","2024-05-27"
"18710","2023-06-10","2025-07-08"
"18711","2023-07-01","2024-11-01"
"18712","",""
"18713","",""
"18714","",""
"18715","2023-06-12","2026-05-18"
"18716","2023-05-11","2023-08-22"
"18717","2023-05-23","2023-10-31"
"18718","2023-06-25","2023-09-10"
"18719","2023-05-24","2024-06-30"
"18720","2023-05-12","2023-06-12"
"18721","2023-05-30","2026-05-27"
"18722","2023-05-18","2025-03-28"
"18723","2023-05-12","2026-05-29"
"18724","2023-05-21","2023-11-24"
"18725","2023-05-16","2025-03-05"
"18726","",""
"18727","2023-09-01","2024-04-12"
"18728","2024-07-28","2026-05-29"
"18729","2023-07-08","2026-05-11"
"18730","",""
"18731","2024-05-28","2024-05-28"
"18732","2024-08-31","2024-08-31"
"18733","2023-08-20","2023-09-12"
"18734","2023-05-07","2023-08-20"
"18735","2023-06-07","2023-06-07"
"18736","2023-05-14","2024-04-30"
"18737","",""
"18738","2023-05-16","2023-11-26"
"18739","",""
"18740","2023-05-17","2026-06-07"
"18741","2024-01-27","2025-12-01"
"18742","2023-06-30","2026-06-13"
"18743","2023-06-04","2026-05-15"
"18744","2023-06-26","2026-05-31"
"18745","2023-05-19","2023-07-09"
"18746","2023-05-14","2026-06-07"
"18747","",""
"18748","2023-06-02","2025-08-31"
"18749","2023-05-13","2023-06-12"
"18750","2023-05-19","2024-11-03"
"18751","",""
"18752","2023-07-23","2026-01-16"
"18753","2023-05-21","2023-09-03"
"18754","2023-05-15","2023-11-01"
"18755","2023-05-16","2023-08-06"
"18756","",""
"18757","",""
"18758","",""
"18759","2025-12-01","2026-06-10"
"18760","2023-07-24","2023-07-24"
"18761","",""
"18762","2025-07-21","2025-07-21"
"18763","2023-10-31","2025-10-02"
"18764","2023-07-01","2025-08-20"
"18765","2023-08-27","2025-10-05"
"18766","2023-06-24","2026-06-01"
"18767","2023-05-14","2023-12-02"
"18768","2023-05-15","2026-01-02"
"18769","2023-05-30","2026-05-22"
"18770","",""
"18771","2023-09-01","2023-09-01"
"18772","2025-09-03","2025-09-03"
"18773","2023-07-31","2025-01-11"
"18774","2023-12-18","2026-05-28"
"18775","2023-07-31","2024-08-01"
"18776","2023-06-16","2025-05-25"
"18777","2023-06-25","2025-05-31"
"18778","2023-05-20","2023-06-25"
"18779","",""
"18780","",""
"18781","",""
"18782","2023-09-21","2026-06-07"
"18783","2023-07-29","2023-07-29"
"18784","2023-05-14","2023-06-25"
"18785","2023-06-26","2026-05-29"
"18786","2023-05-22","2026-01-18"
"18787","2023-06-26","2023-08-14"
"18788","2023-09-30","2025-12-31"
"18789","",""
"18790","2023-06-28","2024-10-21"
"18791","2023-07-16","2026-05-03"
"18792","2023-05-19","2026-06-18"
"18793","2023-09-01","2026-04-11"
"18794","2024-01-01","2025-01-03"
"18795","",""
"18796","2023-07-29","2025-12-12"
"18797","2024-06-26","2024-10-14"
"18798","2023-08-26","2025-10-24"
"18799","",""
"18800","",""
"18801","",""
"18802","",""
"18803","2023-05-14","2026-06-12"
"18804","2023-05-19","2023-11-12"
"18805","2023-06-27","2026-02-13"
"18806","",""
"18807","2023-06-30","2023-06-30"
"18808","2023-11-06","2026-05-23"
"18809","2023-07-31","2026-05-16"
"18810","2023-05-24","2025-11-02"
"18811","2023-05-26","2024-07-26"
"18812","2023-05-23","2026-03-16"
"18813","2023-11-12","2024-10-01"
"18814","2023-06-09","2023-09-30"
"18815","",""
"18816","2025-10-23","2025-10-23"
"18817","2023-06-26","2026-05-03"
"18818","2023-08-15","2024-09-24"
"18819","2023-05-19","2026-06-12"
"18820","2023-08-01","2025-05-09"
"18821","",""
"18822","",""
"18823","2023-06-13","2025-11-17"
"18824","2025-10-05","2026-04-10"
"18825","",""
"18826","2023-08-20","2024-02-10"
"18827","",""
"18828","",""
"18829","",""
"18830","2023-09-21","2025-12-06"
"18831","",""
"18832","",""
"18833","",""
"18834","",""
"18835","2023-06-04","2025-09-28"
"18836","2023-05-19","2023-08-18"
"18837","2023-05-18","2023-05-18"
"18838","2025-03-29","2025-08-09"
"18839","2023-11-30","2026-05-31"
"18840","2023-05-21","2026-05-06"
"18841","",""
"18842","2023-09-30","2025-10-28"
"18843","",""
"18844","2023-10-21","2023-10-21"
"18845","2023-08-15","2023-08-15"
"18846","2024-07-25","2024-07-25"
"18847","2023-05-20","2026-05-31"
"18848","2023-06-06","2023-06-12"
"18849","2023-05-29","2024-01-23"
"18850","",""
"18851","2023-05-29","2026-05-01"
"18852","2023-06-13","2023-08-29"
"18853","2025-07-15","2026-03-27"
"18854","2025-12-15","2026-02-15"
"18855","2024-01-07","2026-05-26"
"18856","2023-07-28","2024-08-03"
"18857","",""
"18858","2023-06-25","2024-04-30"
"18859","2023-05-16","2026-04-21"
"18860","",""
"18861","2023-05-28","2023-11-17"
"18862","2023-05-21","2023-12-03"
"18863","2024-04-05","2026-01-02"
"18864","2023-05-20","2023-10-01"
"18865","2023-05-18","2023-06-22"
"18866","2023-06-25","2023-06-25"
"18867","2023-06-07","2023-08-21"
"18868","2023-05-20","2023-08-26"
"18869","2023-10-22","2026-02-07"
"18870","2023-06-04","2026-05-09"
"18871","2023-09-11","2025-09-30"
"18872","2023-05-18","2025-12-21"
"18873","2023-09-02","2023-09-02"
"18874","",""
"18875","2023-05-21","2026-05-22"
"18876","2023-06-12","2026-01-02"
"18877","2023-05-29","2026-04-02"
"18878","2023-10-06","2023-10-06"
"18879","2023-05-20","2024-10-01"
"18880","2023-11-02","2026-05-22"
"18881","2023-07-04","2023-07-23"
"18882","2023-07-11","2024-09-02"
"18883","",""
"18884","2023-05-21","2024-08-11"
"18885","2023-06-11","2026-05-17"
"18886","",""
"18887","2023-06-05","2025-07-06"
"18888","2023-07-09","2026-03-29"
"18889","2023-07-29","2023-07-29"
"18890","2023-06-20","2023-10-08"
"18891","2023-06-04","2026-06-08"
"18892","2023-06-01","2026-05-07"
"18893","2023-06-02","2026-04-25"
"18894","2023-07-31","2023-08-20"
"18895","2023-06-25","2026-05-22"
"18896","2023-07-31","2023-07-31"
"18897","2023-08-06","2026-04-30"
"18898","2023-06-24","2024-08-31"
"18899","",""
"18900","2023-06-04","2026-01-03"
"18901","2023-05-23","2023-10-14"
"18902","2023-05-30","2026-06-08"
"18903","2023-08-15","2026-06-12"
"18904","2023-08-25","2023-11-21"
"18905","2023-08-14","2026-05-01"
"18906","2023-07-08","2025-07-31"
"18907","2023-06-10","2023-10-19"
"18908","2023-06-12","2023-10-09"
"18909","",""
"18910","",""
"18911","2023-06-07","2026-03-09"
"18912","2023-08-06","2023-08-06"
"18913","",""
"18914","2023-07-31","2025-03-15"
"18915","2023-08-12","2026-05-01"
"18916","",""
"18917","2023-06-19","2025-02-14"
"18918","2023-06-15","2023-11-18"
"18919","2023-08-11","2026-06-08"
"18920","2023-06-12","2024-01-26"
"18921","2023-06-19","2026-03-23"
"18922","",""
"18923","2023-07-21","2023-07-21"
"18924","",""
"18925","2023-06-21","2023-08-19"
"18926","2023-07-30","2025-09-13"
"18927","2023-05-26","2024-09-12"
"18928","2023-07-23","2023-08-02"
"18929","2024-08-15","2024-08-15"
"18930","2023-06-10","2024-10-30"
"18931","",""
"18932","",""
"18933","",""
"18934","",""
"18935","",""
"18936","2023-06-20","2026-01-05"
"18937","2023-06-17","2023-10-17"
"18938","2023-06-04","2026-06-13"
"18939","2023-08-09","2023-08-09"
"18940","2023-05-26","2026-06-14"
"18941","2024-02-24","2026-05-15"
"18942","2023-06-12","2025-08-16"
"18943","2023-09-01","2023-09-22"
"18944","2023-05-28","2023-10-22"
"18945","2023-06-22","2023-11-05"
"18946","2023-06-21","2023-06-21"
"18947","2023-07-13","2026-06-02"
"18948","2023-06-12","2023-07-23"
"18949","2023-08-10","2023-12-31"
"18950","",""
"18951","2023-06-27","2023-07-27"
"18952","",""
"18953","2023-06-12","2023-10-28"
"18954","2024-01-05","2026-02-02"
"18955","2023-09-15","2026-05-23"
"18956","2024-12-29","2026-01-11"
"18957","2024-07-04","2024-07-04"
"18958","2023-06-04","2025-06-14"
"18959","",""
"18960","2026-01-31","2026-04-02"
"18961","2023-09-11","2026-06-01"
"18962","2023-09-11","2026-05-04"
"18963","",""
"18964","",""
"18965","2023-07-23","2025-09-30"
"18966","2023-06-02","2025-07-17"
"18967","",""
"18968","2023-07-31","2026-02-05"
"18969","",""
"18970","",""
"18971","2025-03-05","2025-03-05"
"18972","2024-05-29","2026-03-06"
"18973","2024-05-31","2026-01-19"
"18974","2023-08-28","2023-08-28"
"18975","2024-09-30","2025-02-28"
"18976","",""
"18977","",""
"18978","2023-05-28","2023-08-26"
"18979","2023-08-07","2023-08-20"
"18980","",""
"18981","2023-05-28","2023-10-17"
"18982","2023-06-06","2024-07-28"
"18983","2023-06-11","2024-07-16"
"18984","2023-06-07","2024-09-03"
"18985","2023-08-06","2023-08-20"
"18986","2023-06-20","2025-07-06"
"18987","2023-08-04","2024-10-11"
"18988","",""
"18989","2023-07-02","2023-10-30"
"18990","2023-06-05","2023-09-16"
"18991","2023-06-24","2023-06-30"
"18992","2023-12-20","2025-07-26"
"18993","2023-05-29","2023-09-11"
"18994","2023-06-02","2023-09-22"
"18995","2023-06-25","2023-08-09"
"18996","2023-06-10","2023-10-21"
"18997","",""
"18998","2023-05-30","2026-05-17"
"18999","2023-06-04","2026-06-09"
"19000","",""
"19001","2023-06-04","2026-03-30"
"19002","2023-06-02","2025-12-07"
"19003","",""
"19004","2023-06-24","2024-04-01"
"19005","",""
"19006","",""
"19007","",""
"19008","2023-06-06","2026-05-24"
"19009","2023-07-30","2026-05-26"
"19010","2023-07-04","2023-10-31"
"19011","2023-06-17","2026-05-31"
"19012","",""
"19013","2023-06-06","2026-06-10"
"19014","2023-09-04","2023-09-04"
"19015","2023-06-29","2023-08-13"
"19016","2023-06-04","2026-05-19"
"19017","2024-02-15","2024-04-22"
"19018","2023-06-23","2023-09-29"
"19019","2023-06-12","2026-06-13"
"19020","2023-06-11","2023-09-03"
"19021","2023-06-06","2026-06-01"
"19022","2023-06-14","2026-05-15"
"19023","2023-06-22","2024-07-01"
"19024","2024-05-31","2026-05-03"
"19025","",""
"19026","",""
"19027","",""
"19028","",""
"19029","",""
"19030","",""
"19031","",""
"19032","2023-09-07","2026-06-05"
"19033","2023-09-05","2026-02-28"
"19034","2023-06-06","2023-09-25"
"19035","2025-01-15","2025-01-15"
"19036","2023-06-23","2023-09-05"
"19037","2024-03-27","2026-04-09"
"19038","2023-09-12","2024-06-08"
"19039","2023-09-04","2023-09-04"
"19040","2023-09-04","2023-09-04"
"19041","2023-06-04","2023-07-04"
"19042","",""
"19043","2023-08-13","2024-12-02"
"19044","2023-08-06","2025-09-24"
"19045","",""
"19046","",""
"19047","2023-06-08","2023-08-20"
"19048","2023-07-15","2025-10-02"
"19049","2023-06-02","2026-04-14"
"19050","",""
"19051","2023-06-10","2023-10-16"
"19052","2023-07-30","2026-06-03"
"19053","",""
"19054","2024-03-10","2026-05-17"
"19055","2025-07-02","2025-07-02"
"19056","2023-06-19","2026-05-30"
"19057","2023-07-16","2026-04-18"
"19058","2024-07-02","2026-02-07"
"19059","",""
"19060","2023-06-11","2026-06-07"
"19061","",""
"19062","",""
"19063","2024-06-20","2026-06-08"
"19064","2023-07-05","2023-07-05"
"19065","",""
"19066","",""
"19067","",""
"19068","",""
"19069","",""
"19070","2023-11-27","2023-11-27"
"19071","",""
"19072","",""
"19073","",""
"19074","2023-06-18","2023-11-20"
"19075","2023-09-05","2026-05-26"
"19076","2023-07-17","2025-12-15"
"19077","",""
"19078","2023-07-01","2023-09-15"
"19079","",""
"19080","",""
"19081","2023-09-17","2023-09-17"
"19082","2024-11-20","2024-11-20"
"19083","2025-03-23","2025-03-23"
"19084","2023-06-26","2023-11-25"
"19085","2024-05-27","2024-05-27"
"19086","",""
"19087","2023-06-12","2023-10-29"
"19088","2023-07-02","2026-03-14"
"19089","2023-08-04","2023-08-04"
"19090","2023-06-08","2026-06-13"
"19091","2023-08-19","2023-08-19"
"19092","",""
"19093","",""
"19094","2023-07-08","2023-07-08"
"19095","2023-07-28","2023-07-28"
"19096","2023-12-08","2026-06-01"
"19097","",""
"19098","2023-08-24","2023-08-24"
"19099","",""
"19100","2023-11-15","2026-06-14"
"19101","2024-03-23","2026-06-07"
"19102","2024-05-23","2025-07-22"
"19103","",""
"19104","2024-09-25","2026-04-25"
"19105","",""
"19106","",""
"19107","2023-10-03","2025-09-21"
"19108","",""
"19109","2023-09-24","2026-05-31"
"19110","2024-04-07","2026-01-31"
"19111","2023-07-17","2026-04-20"
"19112","",""
"19113","2023-10-26","2026-04-18"
"19114","2023-07-01","2023-08-13"
"19115","",""
"19116","2024-11-24","2026-02-28"
"19117","2023-12-03","2026-05-03"
"19118","",""
"19119","",""
"19120","2023-09-20","2023-12-17"
"19121","2023-09-13","2023-09-13"
"19122","",""
"19123","",""
"19124","2023-09-01","2024-11-01"
"19125","2023-08-16","2025-11-18"
"19126","2023-06-19","2023-08-24"
"19127","2023-08-07","2026-06-07"
"19128","2023-08-28","2025-12-22"
"19129","2023-08-10","2026-01-31"
"19130","2023-08-20","2024-05-29"
"19131","2023-12-03","2026-04-03"
"19132","2024-07-07","2026-05-22"
"19133","2024-01-15","2026-06-12"
"19134","",""
"19135","",""
"19136","",""
"19137","2024-05-26","2024-11-27"
"19138","2023-07-22","2026-06-02"
"19139","2025-04-09","2025-04-09"
"19140","2024-08-12","2025-02-09"
"19141","2025-03-31","2026-05-31"
"19142","",""
"19143","2023-08-07","2023-08-07"
"19144","",""
"19145","2023-08-20","2026-05-22"
"19146","2023-07-14","2025-09-27"
"19147","",""
"19148","2024-10-08","2024-10-08"
"19149","2025-09-19","2026-05-31"
"19150","",""
"19151","2023-07-05","2026-05-25"
"19152","2023-07-09","2026-05-26"
"19153","2024-05-29","2025-09-30"
"19154","2023-09-12","2023-09-12"
"19155","2024-07-05","2025-08-09"
"19156","",""
"19157","2025-07-23","2025-07-23"
"19158","",""
"19159","2023-06-28","2026-06-10"
"19160","2023-08-03","2025-03-13"
"19161","",""
"19162","2023-09-09","2026-05-18"
"19163","",""
"19164","2023-08-24","2025-08-03"
"19165","2023-07-13","2025-02-22"
"19166","2023-08-28","2023-08-28"
"19167","2024-03-28","2025-09-01"
"19168","2023-06-25","2023-10-09"
"19169","2023-06-24","2026-06-11"
"19170","2025-11-15","2025-11-15"
"19171","2025-09-20","2025-09-20"
"19172","2023-06-18","2026-01-19"
"19173","",""
"19174","2024-01-01","2024-01-01"
"19175","2025-02-04","2025-05-25"
"19176","",""
"19177","2023-08-17","2024-02-15"
"19178","2023-10-15","2023-10-15"
"19179","",""
"19180","",""
"19181","2023-09-15","2026-05-30"
"19182","2023-08-06","2026-06-12"
"19183","2023-06-26","2023-08-23"
"19184","2023-08-26","2024-10-01"
"19185","",""
"19186","",""
"19187","2023-06-20","2023-12-05"
"19188","2023-06-18","2023-06-18"
"19189","2023-08-12","2023-08-12"
"19190","2024-06-14","2024-06-14"
"19191","",""
"19192","2023-06-24","2023-06-24"
"19193","2023-06-22","2023-09-02"
"19194","",""
"19195","2024-08-10","2026-05-28"
"19196","2023-08-07","2023-08-07"
"19197","",""
"19198","",""
"19199","2023-11-11","2025-11-22"
"19200","",""
"19201","2023-06-30","2023-07-29"
"19202","2023-08-20","2025-02-26"
"19203","",""
"19204","2023-07-31","2024-10-03"
"19205","",""
"19206","2023-06-19","2023-06-21"
"19207","",""
"19208","",""
"19209","",""
"19210","",""
"19211","",""
"19212","",""
"19213","",""
"19214","",""
"19215","",""
"19216","2023-07-29","2023-07-29"
"19217","2023-08-03","2026-04-22"
"19218","2023-11-18","2025-07-08"
"19219","2023-06-19","2026-05-30"
"19220","2023-07-22","2025-11-09"
"19221","2023-10-01","2023-10-01"
"19222","2023-08-14","2024-02-01"
"19223","2023-07-31","2023-07-31"
"19224","",""
"19225","",""
"19226","2023-10-01","2026-03-08"
"19227","",""
"19228","",""
"19229","2023-09-03","2026-06-09"
"19230","2023-11-30","2026-04-01"
"19231","",""
"19232","",""
"19233","2024-11-28","2024-11-28"
"19234","",""
"19235","",""
"19236","",""
"19237","2024-05-13","2026-06-06"
"19238","",""
"19239","",""
"19240","2023-12-17","2026-02-21"
"19241","2023-07-16","2026-06-07"
"19242","2023-12-01","2025-08-02"
"19243","",""
"19244","",""
"19245","2024-11-11","2026-04-30"
"19246","",""
"19247","",""
"19248","",""
"19249","",""
"19250","2023-08-02","2026-05-24"
"19251","",""
"19252","",""
"19253","2025-12-02","2026-05-01"
"19254","2024-09-07","2026-05-18"
"19255","",""
"19256","2024-04-19","2026-05-31"
"19257","2024-06-29","2026-05-26"
"19258","2023-11-04","2026-04-01"
"19259","2023-12-20","2023-12-20"
"19260","",""
"19261","2023-12-31","2023-12-31"
"19262","",""
"19263","2026-03-19","2026-03-19"
"19264","2023-06-30","2026-04-26"
"19265","2023-06-25","2025-08-10"
"19266","2023-07-06","2026-05-22"
"19267","2025-11-05","2026-05-31"
"19268","2023-08-31","2026-04-02"
"19269","",""
"19270","2025-10-26","2026-01-02"
"19271","2023-09-24","2023-10-10"
"19272","2023-10-01","2024-10-26"
"19273","2023-07-09","2026-06-09"
"19274","2023-08-26","2024-07-31"
"19275","",""
"19276","2023-09-24","2026-05-18"
"19277","",""
"19278","",""
"19279","2023-09-02","2024-08-22"
"19280","",""
"19281","",""
"19282","2023-12-21","2024-05-12"
"19283","",""
"19284","",""
"19285","2023-07-09","2023-07-16"
"19286","2025-05-07","2025-05-07"
"19287","2025-08-20","2025-08-20"
"19288","",""
"19289","",""
"19290","2023-11-15","2024-04-01"
"19291","",""
"19292","2023-07-31","2026-06-13"
"19293","2023-10-05","2026-05-30"
"19294","2023-07-05","2026-01-09"
"19295","2026-05-20","2026-05-20"
"19296","2024-03-01","2026-03-29"
"19297","2024-03-03","2026-03-14"
"19298","2024-06-16","2026-02-24"
"19299","2023-07-22","2023-10-01"
"19300","2023-07-10","2026-05-23"
"19301","",""
"19302","2023-07-14","2024-10-18"
"19303","",""
"19304","2023-07-12","2026-05-19"
"19305","2024-08-31","2025-06-28"
"19306","2025-10-12","2025-10-12"
"19307","2026-03-23","2026-03-23"
"19308","2024-03-12","2026-04-06"
"19309","2024-07-07","2024-07-07"
"19310","2023-08-31","2024-03-16"
"19311","",""
"19312","",""
"19313","2024-02-17","2026-05-13"
"19314","2023-08-06","2025-02-16"
"19315","",""
"19316","2025-02-28","2025-02-28"
"19317","2024-08-31","2026-06-01"
"19318","",""
"19319","",""
"19320","",""
"19321","2024-07-17","2024-11-02"
"19322","2023-07-29","2026-05-28"
"19323","2023-07-03","2026-05-29"
"19324","2023-08-06","2026-06-07"
"19325","2023-07-04","2026-04-20"
"19326","",""
"19327","2023-08-24","2024-08-31"
"19328","2023-07-10","2025-10-02"
"19329","2023-07-09","2026-06-10"
"19330","",""
"19331","2025-11-01","2025-11-01"
"19332","2023-10-15","2025-07-27"
"19333","2023-07-17","2023-10-27"
"19334","",""
"19335","2023-07-10","2023-07-14"
"19336","2023-07-07","2023-08-07"
"19337","2025-02-16","2025-02-16"
"19338","",""
"19339","",""
"19340","",""
"19341","",""
"19342","",""
"19343","",""
"19344","2024-03-31","2026-05-21"
"19345","2023-08-07","2023-10-21"
"19346","2023-08-31","2023-10-09"
"19347","2023-12-15","2026-05-09"
"19348","2023-10-08","2024-08-01"
"19349","2023-07-26","2026-05-27"
"19350","2023-11-16","2024-05-18"
"19351","2023-09-25","2026-05-18"
"19352","",""
"19353","2023-09-21","2023-11-07"
"19354","2023-08-05","2025-09-30"
"19355","2024-09-07","2025-02-26"
"19356","2023-09-30","2023-12-31"
"19357","2024-06-20","2026-05-23"
"19358","2024-12-31","2024-12-31"
"19359","2025-02-20","2025-06-01"
"19360","2023-10-10","2023-10-10"
"19361","",""
"19362","2024-10-01","2025-12-09"
"19363","2023-12-15","2026-05-22"
"19364","2023-07-16","2023-11-05"
"19365","2023-09-03","2026-05-17"
"19366","2023-08-09","2026-06-13"
"19367","2023-07-11","2026-06-13"
"19368","2023-07-17","2024-02-27"
"19369","2023-07-24","2023-09-25"
"19370","2025-04-22","2026-06-01"
"19371","2023-09-16","2026-05-09"
"19372","2023-08-30","2023-08-30"
"19373","",""
"19374","",""
"19375","2024-05-08","2026-05-23"
"19376","2023-10-01","2026-03-19"
"19377","",""
"19378","2025-09-08","2025-09-08"
"19379","2025-04-15","2026-05-31"
"19380","2026-02-01","2026-02-01"
"19381","2024-02-14","2024-02-14"
"19382","",""
"19383","2024-02-18","2025-07-27"
"19384","2023-10-15","2024-12-01"
"19385","2023-08-21","2023-10-21"
"19386","",""
"19387","2023-08-23","2024-01-03"
"19388","2023-08-20","2026-06-07"
"19389","2023-07-30","2026-05-30"
"19390","2023-09-03","2024-12-09"
"19391","2023-11-30","2026-01-04"
"19392","2024-06-14","2026-03-01"
"19393","2024-05-21","2024-12-13"
"19394","",""
"19395","2023-08-06","2023-12-05"
"19396","2023-08-04","2023-09-05"
"19397","2024-07-01","2026-05-29"
"19398","2023-12-24","2026-01-01"
"19399","2023-08-10","2026-05-29"
"19400","2023-07-29","2026-03-01"
"19401","2023-10-13","2024-10-21"
"19402","2024-06-09","2024-08-04"
"19403","2023-08-09","2026-05-26"
"19404","",""
"19405","2023-10-01","2026-05-31"
"19406","2023-09-24","2023-09-24"
"19407","2023-10-16","2024-02-20"
"19408","2023-07-16","2026-05-31"
"19409","",""
"19410","2024-03-04","2026-06-11"
"19411","2023-11-12","2026-06-05"
"19412","2023-07-24","2023-11-23"
"19413","",""
"19414","2023-11-14","2026-02-04"
"19415","2023-09-21","2026-03-01"
"19416","2024-06-29","2024-06-29"
"19417","2024-09-03","2024-09-03"
"19418","2023-11-04","2023-11-04"
"19419","2024-09-21","2026-03-27"
"19420","2023-08-17","2025-08-26"
"19421","",""
"19422","2023-08-28","2026-03-31"
"19423","2023-10-18","2026-06-13"
"19424","",""
"19425","",""
"19426","",""
"19427","2023-07-26","2023-11-12"
"19428","",""
"19429","",""
"19430","",""
"19431","2024-06-15","2025-05-29"
"19432","",""
"19433","",""
"19434","2024-01-25","2026-04-30"
"19435","2023-11-06","2023-11-06"
"19436","",""
"19437","2023-09-28","2025-10-09"
"19438","2023-07-26","2026-05-30"
"19439","2023-09-04","2026-03-04"
"19440","2023-09-23","2026-05-25"
"19441","",""
"19442","2023-07-25","2023-10-29"
"19443","",""
"19444","2023-07-31","2023-10-12"
"19445","2023-07-23","2023-10-27"
"19446","2026-05-08","2026-05-08"
"19447","2023-12-24","2025-11-27"
"19448","",""
"19449","2023-10-02","2025-12-23"
"19450","2023-08-27","2024-08-12"
"19451","",""
"19452","2023-08-05","2026-05-20"
"19453","2023-07-23","2026-05-18"
"19454","",""
"19455","",""
"19456","2023-09-10","2026-05-28"
"19457","2024-08-17","2024-08-17"
"19458","",""
"19459","2023-08-16","2023-09-09"
"19460","2024-05-06","2026-01-04"
"19461","",""
"19462","2025-04-27","2025-12-31"
"19463","2025-03-22","2026-02-01"
"19464","2023-08-09","2026-05-11"
"19465","2023-08-01","2023-08-01"
"19466","2023-09-01","2026-01-10"
"19467","2023-09-12","2023-09-12"
"19468","2023-08-20","2023-10-08"
"19469","2023-09-04","2026-03-04"
"19470","2023-07-30","2025-07-04"
"19471","2023-08-31","2023-10-06"
"19472","2023-08-01","2026-05-14"
"19473","2023-07-30","2026-06-06"
"19474","2026-04-08","2026-06-09"
"19475","2023-09-22","2026-04-02"
"19476","",""
"19477","",""
"19478","2024-07-06","2025-08-03"
"19479","2023-10-14","2025-11-22"
"19480","2023-09-04","2026-05-23"
"19481","2023-12-24","2025-10-01"
"19482","",""
"19483","2023-08-31","2023-08-31"
"19484","2024-07-01","2026-01-03"
"19485","2025-05-01","2025-08-30"
"19486","",""
"19487","2023-10-31","2026-03-31"
"19488","2023-12-02","2025-08-31"
"19489","2023-08-13","2023-11-04"
"19490","",""
"19491","2023-09-07","2026-04-08"
"19492","2023-10-25","2026-06-01"
"19493","",""
"19494","2024-01-30","2026-01-31"
"19495","2023-10-01","2024-05-31"
"19496","2023-07-29","2023-10-01"
"19497","2024-04-28","2026-05-24"
"19498","",""
"19499","",""
"19500","2023-10-13","2025-05-14"
"19501","2023-10-12","2026-05-26"
"19502","2026-03-03","2026-05-18"
"19503","2024-10-31","2026-05-23"
"19504","",""
"19505","",""
"19506","2023-09-05","2026-05-29"
"19507","2024-04-01","2026-04-05"
"19508","",""
"19509","2024-03-23","2025-08-15"
"19510","2024-09-29","2025-06-01"
"19511","2023-08-06","2026-06-05"
"19512","2024-01-05","2024-04-18"
"19513","2023-12-10","2026-06-10"
"19514","2024-01-02","2026-03-18"
"19515","2023-12-01","2026-04-02"
"19516","2023-09-30","2024-12-15"
"19517","2024-02-28","2024-02-28"
"19518","",""
"19519","",""
"19520","",""
"19521","",""
"19522","2024-09-03","2024-12-03"
"19523","",""
"19524","2024-10-31","2024-10-31"
"19525","2023-09-03","2024-08-04"
"19526","2023-09-02","2023-09-23"
"19527","",""
"19528","2023-08-21","2026-06-03"
"19529","2025-11-30","2025-11-30"
"19530","2023-08-06","2023-10-15"
"19531","2023-11-14","2023-11-14"
"19532","2023-08-08","2024-07-31"
"19533","2023-08-14","2025-03-25"
"19534","2023-10-31","2025-07-12"
"19535","2023-08-24","2025-05-31"
"19536","2023-08-08","2025-10-07"
"19537","2023-09-16","2023-12-12"
"19538","2023-08-27","2023-10-29"
"19539","2023-09-08","2023-09-21"
"19540","2024-12-31","2024-12-31"
"19541","",""
"19542","2023-09-07","2024-03-30"
"19543","2023-09-04","2026-06-06"
"19544","",""
"19545","2023-08-04","2026-02-07"
"19546","2023-09-02","2026-06-05"
"19547","2023-09-01","2026-05-27"
"19548","2023-08-28","2025-12-22"
"19549","",""
"19550","2023-09-04","2023-09-18"
"19551","2023-08-07","2024-10-04"
"19552","2023-08-06","2026-06-07"
"19553","2023-09-03","2023-11-05"
"19554","",""
"19555","2024-07-15","2024-09-03"
"19556","2024-01-20","2026-06-04"
"19557","2023-08-13","2023-10-23"
"19558","2023-09-22","2025-01-09"
"19559","2023-10-22","2025-08-13"
"19560","2023-09-04","2026-05-19"
"19561","2023-08-07","2024-04-29"
"19562","",""
"19563","2026-05-07","2026-05-07"
"19564","",""
"19565","2023-08-05","2024-06-17"
"19566","",""
"19567","2024-01-31","2026-05-25"
"19568","2023-10-09","2023-10-09"
"19569","2023-08-21","2026-06-02"
"19570","2023-10-31","2026-04-15"
"19571","2023-11-07","2026-05-15"
"19572","",""
"19573","",""
"19574","",""
"19575","2023-09-24","2026-03-31"
"19576","",""
"19577","2024-06-14","2026-05-10"
"19578","",""
"19579","2023-09-30","2025-10-05"
"19580","",""
"19581","2023-08-19","2025-04-19"
"19582","2024-01-13","2026-05-10"
"19583","2025-02-09","2026-06-04"
"19584","2025-08-05","2025-08-05"
"19585","2025-02-16","2025-12-09"
"19586","2023-12-20","2024-07-03"
"19587","2025-01-01","2025-08-31"
"19588","2025-01-11","2025-01-11"
"19589","2025-05-09","2025-05-09"
"19590","2025-04-06","2025-04-06"
"19591","",""
"19592","2025-05-26","2025-08-11"
"19593","2025-02-28","2025-02-28"
"19594","2025-05-19","2025-06-30"
"19595","2025-03-20","2025-09-16"
"19596","2025-01-18","2026-06-06"
"19597","2024-12-31","2026-04-06"
"19598","2025-03-31","2026-04-01"
"19599","2025-08-02","2026-05-30"
"19600","2023-10-01","2025-02-07"
"19601","",""
"19602","2025-07-01","2025-07-01"
"19603","2023-11-25","2026-06-09"
"19604","2023-12-05","2024-09-11"
"19605","",""
"19606","2023-08-20","2026-05-04"
"19607","2023-09-24","2026-05-26"
"19608","",""
"19609","",""
"19610","2025-06-26","2025-06-26"
"19611","2024-06-20","2024-08-01"
"19612","2024-08-31","2024-08-31"
"19613","2023-11-11","2024-07-28"
"19614","2024-01-21","2025-11-20"
"19615","2026-05-08","2026-05-08"
"19616","2023-08-21","2026-04-08"
"19617","2023-08-13","2024-11-09"
"19618","",""
"19619","2025-08-23","2025-12-09"
"19620","2024-04-04","2026-05-30"
"19621","2025-07-17","2025-07-17"
"19622","",""
"19623","2023-08-28","2026-05-24"
"19624","2023-09-24","2025-08-05"
"19625","2023-10-21","2026-02-09"
"19626","2023-09-14","2026-01-08"
"19627","2023-10-06","2025-05-01"
"19628","2023-09-20","2025-05-19"
"19629","",""
"19630","2023-09-17","2025-11-10"
"19631","2023-10-29","2024-08-10"
"19632","2023-11-20","2025-05-15"
"19633","2024-01-04","2025-12-02"
"19634","2023-11-18","2025-03-08"
"19635","2023-11-13","2026-05-30"
"19636","2023-12-07","2026-03-01"
"19637","2023-08-23","2025-08-04"
"19638","2024-05-06","2026-01-05"
"19639","2023-08-31","2026-05-30"
"19640","",""
"19641","2023-11-30","2025-09-24"
"19642","2023-08-20","2023-10-31"
"19643","2023-08-18","2023-10-28"
"19644","",""
"19645","2024-03-05","2025-08-16"
"19646","",""
"19647","2023-10-16","2026-05-16"
"19648","2024-04-15","2025-06-07"
"19649","",""
"19650","",""
"19651","",""
"19652","2023-12-25","2023-12-25"
"19653","",""
"19654","2023-12-28","2024-03-21"
"19655","2024-04-07","2025-03-23"
"19656","2024-04-08","2025-05-17"
"19657","2023-10-03","2026-05-31"
"19658","2023-11-18","2026-06-10"
"19659","2023-09-12","2023-11-14"
"19660","",""
"19661","2024-03-03","2026-03-26"
"19662","2023-10-13","2026-06-10"
"19663","2023-11-05","2026-04-02"
"19664","2024-03-10","2026-06-11"
"19665","",""
"19666","2023-10-22","2026-05-01"
"19667","",""
"19668","2024-07-27","2026-01-01"
"19669","2023-12-11","2026-06-03"
"19670","",""
"19671","2023-09-24","2023-09-24"
"19672","",""
"19673","2023-12-13","2026-06-07"
"19674","2024-05-26","2025-10-06"
"19675","2024-06-30","2026-06-01"
"19676","2024-01-02","2026-05-17"
"19677","2023-11-01","2025-08-14"
"19678","2025-03-04","2026-05-10"
"19679","2023-12-24","2026-05-31"
"19680","2025-08-24","2025-08-24"
"19681","",""
"19682","",""
"19683","2024-08-18","2025-12-09"
"19684","2023-08-18","2026-06-13"
"19685","2024-08-31","2024-08-31"
"19686","",""
"19687","",""
"19688","2023-09-13","2026-05-28"
"19689","2023-09-20","2026-05-18"
"19690","2023-10-01","2025-07-01"
"19691","2023-10-15","2023-10-15"
"19692","2023-09-13","2026-06-12"
"19693","2023-09-11","2026-06-03"
"19694","",""
"19695","",""
"19696","",""
"19697","",""
"19698","2024-01-01","2024-01-01"
"19699","2025-08-18","2026-06-11"
"19700","2023-12-18","2026-05-22"
"19701","2023-09-26","2026-03-25"
"19702","2023-10-31","2026-01-05"
"19703","2024-06-11","2024-06-11"
"19704","2023-12-07","2026-06-09"
"19705","",""
"19706","2023-11-13","2026-05-22"
"19707","2024-07-08","2024-07-08"
"19708","2023-09-10","2023-10-13"
"19709","2023-09-08","2023-12-03"
"19710","2023-08-29","2026-05-28"
"19711","2024-07-14","2024-08-13"
"19712","",""
"19713","",""
"19714","2023-09-04","2023-11-05"
"19715","2025-08-17","2026-05-31"
"19716","",""
"19717","2023-09-18","2026-05-19"
"19718","2024-05-16","2024-12-14"
"19719","2023-09-16","2026-05-05"
"19720","2023-09-14","2025-10-20"
"19721","2023-10-04","2026-06-02"
"19722","",""
"19723","2023-09-07","2023-11-08"
"19724","2024-05-05","2025-12-29"
"19725","",""
"19726","2023-09-04","2023-09-04"
"19727","",""
"19728","",""
"19729","",""
"19730","",""
"19731","",""
"19732","",""
"19733","",""
"19734","",""
"19735","",""
"19736","",""
"19737","",""
"19738","",""
"19739","",""
"19740","",""
"19741","",""
"19742","",""
"19743","2024-10-31","2025-10-02"
"19744","2023-09-04","2023-10-08"
"19745","2023-09-12","2023-10-01"
"19746","",""
"19747","2023-08-30","2023-10-29"
"19748","",""
"19749","2023-08-27","2025-06-03"
"19750","2023-11-23","2026-05-31"
"19751","2023-10-29","2025-12-19"
"19752","",""
"19753","2023-09-02","2023-09-23"
"19754","2024-02-03","2024-09-30"
"19755","2023-08-28","2026-05-21"
"19756","",""
"19757","2024-03-31","2025-12-21"
"19758","2023-09-06","2026-03-29"
"19759","2024-01-02","2026-03-12"
"19760","2024-02-02","2025-04-14"
"19761","",""
"19762","2023-09-24","2026-05-18"
"19763","2024-03-31","2024-03-31"
"19764","",""
"19765","2024-07-20","2024-07-20"
"19766","2024-12-15","2024-12-15"
"19767","",""
"19768","",""
"19769","",""
"19770","2023-09-02","2026-05-31"
"19771","2023-11-11","2024-08-01"
"19772","",""
"19773","",""
"19774","2023-09-04","2024-07-29"
"19775","2023-09-20","2023-10-30"
"19776","",""
"19777","",""
"19778","2023-10-01","2023-11-02"
"19779","2024-05-07","2026-06-04"
"19780","2023-12-17","2023-12-17"
"19781","2023-12-25","2026-05-18"
"19782","2023-12-15","2026-02-09"
"19783","2023-09-09","2023-10-07"
"19784","2023-09-26","2026-05-16"
"19785","",""
"19786","",""
"19787","",""
"19788","",""
"19789","2024-09-22","2026-05-25"
"19790","2024-04-15","2024-04-15"
"19791","",""
"19792","2024-01-01","2024-01-01"
"19793","2023-11-15","2026-05-01"
"19794","2024-01-31","2026-04-05"
"19795","2023-11-01","2026-05-23"
"19796","2023-12-19","2026-05-26"
"19797","2023-12-10","2026-04-08"
"19798","2024-09-27","2024-09-27"
"19799","",""
"19800","2023-11-05","2023-11-05"
"19801","",""
"19802","2023-10-09","2026-03-15"
"19803","",""
"19804","2023-09-03","2024-07-21"
"19805","2024-03-24","2026-06-08"
"19806","2026-03-16","2026-06-07"
"19807","2024-02-03","2024-03-05"
"19808","",""
"19809","",""
"19810","",""
"19811","",""
"19812","",""
"19813","",""
"19814","",""
"19815","",""
"19816","",""
"19817","",""
"19818","",""
"19819","2023-10-18","2023-11-26"
"19820","2023-08-27","2023-10-11"
"19821","2024-11-29","2024-11-29"
"19822","",""
"19823","2023-09-06","2026-06-13"
"19824","",""
"19825","2023-12-20","2023-12-20"
"19826","",""
"19827","",""
"19828","",""
"19829","2024-10-12","2025-12-17"
"19830","2023-12-19","2026-06-08"
"19831","",""
"19832","2023-10-08","2026-06-14"
"19833","",""
"19834","2023-11-07","2026-06-10"
"19835","",""
"19836","2023-11-04","2026-06-12"
"19837","2023-10-17","2026-04-05"
"19838","2024-01-26","2026-05-23"
"19839","2023-09-01","2026-05-25"
"19840","2023-11-14","2025-11-02"
"19841","2023-09-05","2026-01-25"
"19842","",""
"19843","",""
"19844","2023-09-10","2023-09-19"
"19845","2025-09-07","2025-09-07"
"19846","2024-01-28","2025-12-07"
"19847","2023-10-10","2026-05-25"
"19848","2025-06-06","2025-06-06"
"19849","2023-10-21","2024-11-22"
"19850","2023-09-05","2026-06-09"
"19851","2024-02-02","2025-10-12"
"19852","",""
"19853","2024-05-11","2026-04-28"
"19854","2024-01-07","2026-06-06"
"19855","2024-04-22","2026-05-26"
"19856","2023-09-06","2026-06-07"
"19857","2023-09-04","2023-09-12"
"19858","2023-09-14","2023-09-14"
"19859","2023-09-12","2023-09-17"
"19860","2024-03-18","2026-05-31"
"19861","2024-02-20","2026-05-01"
"19862","2024-06-07","2026-06-08"
"19863","2023-12-03","2026-05-10"
"19864","",""
"19865","2023-12-12","2026-06-07"
"19866","2024-04-19","2026-06-13"
"19867","2023-12-03","2026-04-26"
"19868","2023-11-30","2026-04-19"
"19869","2023-10-02","2025-12-30"
"19870","2024-08-05","2024-10-31"
"19871","2023-10-05","2026-04-23"
"19872","",""
"19873","",""
"19874","2023-11-26","2026-06-07"
"19875","2023-09-16","2023-10-16"
"19876","2024-04-23","2026-06-01"
"19877","2023-09-12","2025-01-01"
"19878","2023-09-11","2026-05-18"
"19879","2026-01-30","2026-01-30"
"19880","2023-09-16","2024-03-31"
"19881","",""
"19882","",""
"19883","2024-12-02","2024-12-02"
"19884","",""
"19885","",""
"19886","2024-04-01","2026-05-25"
"19887","2023-10-13","2024-05-01"
"19888","2024-04-30","2024-04-30"
"19889","2024-02-20","2026-05-14"
"19890","2023-10-22","2023-10-22"
"19891","2023-12-11","2026-06-12"
"19892","2023-10-01","2025-01-31"
"19893","2023-09-13","2026-05-23"
"19894","2023-10-15","2026-01-03"
"19895","",""
"19896","2024-06-15","2026-05-25"
"19897","",""
"19898","",""
"19899","2023-09-18","2023-11-07"
"19900","2023-09-10","2023-09-20"
"19901","2025-04-06","2026-05-22"
"19902","2023-10-09","2024-08-03"
"19903","2023-09-06","2026-06-03"
"19904","2023-11-30","2025-08-11"
"19905","2023-09-13","2023-10-23"
"19906","2024-07-01","2025-07-01"
"19907","",""
"19908","2023-09-05","2026-06-07"
"19909","2024-02-19","2026-05-30"
"19910","2023-09-07","2026-05-28"
"19911","2024-07-28","2026-02-20"
"19912","",""
"19913","2023-09-24","2023-09-24"
"19914","2024-04-15","2025-09-13"
"19915","2024-10-23","2024-10-23"
"19916","",""
"19917","2024-05-12","2024-05-12"
"19918","2023-10-26","2025-10-31"
"19919","2023-09-19","2026-05-27"
"19920","2023-09-16","2026-05-14"
"19921","",""
"19922","",""
"19923","2023-11-03","2023-11-03"
"19924","2023-09-14","2026-05-22"
"19925","2023-09-08","2026-06-07"
"19926","2023-09-14","2025-08-10"
"19927","2023-09-12","2026-06-08"
"19928","2023-09-13","2026-04-30"
"19929","2023-09-10","2026-06-06"
"19930","",""
"19931","2024-08-10","2025-08-10"
"19932","2024-10-28","2026-05-30"
"19933","2024-08-11","2024-08-11"
"19934","2024-03-06","2024-03-06"
"19935","2023-11-30","2025-12-09"
"19936","",""
"19937","",""
"19938","",""
"19939","2024-10-28","2026-03-23"
"19940","2024-07-05","2026-05-31"
"19941","2023-10-16","2023-10-16"
"19942","",""
"19943","2025-08-07","2026-06-10"
"19944","",""
"19945","",""
"19946","2023-12-01","2025-10-28"
"19947","",""
"19948","2023-09-07","2026-05-24"
"19949","2023-11-04","2026-04-06"
"19950","2023-09-23","2023-09-23"
"19951","2023-10-06","2026-06-08"
"19952","",""
"19953","2024-04-30","2026-03-23"
"19954","2024-11-01","2026-05-28"
"19955","2024-06-04","2026-05-10"
"19956","2024-08-31","2026-03-20"
"19957","2024-03-10","2026-06-09"
"19958","2023-10-11","2023-10-11"
"19959","2025-04-28","2025-04-28"
"19960","2023-09-14","2026-05-25"
"19961","",""
"19962","",""
"19963","",""
"19964","",""
"19965","2025-01-02","2026-05-18"
"19966","",""
"19967","2023-11-06","2025-01-04"
"19968","2023-10-11","2026-06-05"
"19969","2023-12-18","2026-06-07"
"19970","2025-05-03","2025-05-03"
"19971","2023-11-22","2024-12-31"
"19972","2023-11-18","2026-04-30"
"19973","2024-06-01","2024-06-01"
"19974","",""
"19975","2024-09-21","2025-11-13"
"19976","",""
"19977","",""
"19978","2025-08-30","2026-06-10"
"19979","2023-09-17","2026-05-17"
"19980","2024-03-31","2025-11-01"
"19981","2023-09-17","2026-05-31"
"19982","2023-09-13","2023-09-13"
"19983","",""
"19984","2023-09-14","2026-06-07"
"19985","",""
"19986","2025-07-30","2025-11-10"
"19987","2024-01-01","2026-05-25"
"19988","2023-10-10","2026-06-05"
"19989","",""
"19990","2023-09-14","2026-05-30"
"19991","2023-09-13","2023-09-13"
"19992","",""
"19993","",""
"19994","",""
"19995","",""
"19996","2024-12-20","2024-12-20"
"19997","",""
"19998","2024-06-23","2026-02-11"
"19999","",""
"20000","2023-11-25","2026-04-30"
"20001","2026-02-04","2026-02-04"
"20002","2023-12-28","2026-05-31"
"20003","",""
"20004","2023-09-13","2026-06-10"
"20005","",""
"20006","",""
"20007","",""
"20008","",""
"20009","2024-01-26","2025-12-07"
"20010","2023-10-09","2026-05-17"
"20011","2023-09-20","2026-05-31"
"20012","2023-10-16","2026-05-31"
"20013","2023-10-02","2026-05-31"
"20014","2025-07-27","2026-05-18"
"20015","",""
"20016","",""
"20017","2024-06-01","2026-01-09"
"20018","",""
"20019","2024-10-01","2024-10-01"
"20020","2023-10-21","2024-08-31"
"20021","2024-02-13","2026-01-31"
"20022","",""
"20023","",""
"20024","",""
"20025","",""
"20026","",""
"20027","2024-05-04","2025-12-01"
"20028","",""
"20029","",""
"20030","",""
"20031","2023-12-13","2025-04-11"
"20032","2023-11-10","2025-11-24"
"20033","2024-01-08","2026-05-31"
"20034","2023-10-22","2026-04-01"
"20035","",""
"20036","",""
"20037","2024-01-20","2024-01-20"
"20038","2023-10-16","2026-06-08"
"20039","",""
"20040","2024-08-31","2024-08-31"
"20041","2023-12-01","2025-08-24"
"20042","2023-10-27","2026-05-02"
"20043","2024-04-23","2026-05-18"
"20044","2024-09-01","2024-09-01"
"20045","",""
"20046","2023-10-19","2026-03-03"
"20047","2023-11-11","2026-06-10"
"20048","2024-01-18","2024-01-18"
"20049","",""
"20050","2024-03-04","2026-06-07"
"20051","",""
"20052","",""
"20053","",""
"20054","",""
"20055","2024-12-04","2026-04-14"
"20056","",""
"20057","2023-12-18","2026-06-07"
"20058","2023-10-05","2026-05-21"
"20059","2023-10-12","2026-06-02"
"20060","2023-11-19","2026-05-23"
"20061","2023-10-02","2026-06-07"
"20062","2023-10-15","2026-01-15"
"20063","",""
"20064","",""
"20065","2023-09-18","2026-05-31"
"20066","2023-10-09","2026-06-07"
"20067","",""
"20068","",""
"20069","",""
"20070","",""
"20071","2023-10-19","2024-05-15"
"20072","2023-11-30","2023-11-30"
"20073","2023-10-31","2024-07-21"
"20074","2023-10-06","2026-05-19"
"20075","2023-10-03","2026-06-14"
"20076","2023-11-01","2026-05-08"
"20077","",""
"20078","",""
"20079","",""
"20080","",""
"20081","2024-02-18","2026-06-08"
"20082","",""
"20083","2024-11-12","2026-03-16"
"20084","2024-09-02","2026-06-11"
"20085","2023-12-12","2026-05-24"
"20086","2023-09-22","2026-06-08"
"20087","2024-01-14","2026-05-03"
"20088","",""
"20089","2025-01-22","2025-01-22"
"20090","2024-07-15","2026-01-29"
"20091","",""
"20092","2025-01-04","2025-01-04"
"20093","",""
"20094","",""
"20095","",""
"20096","2026-05-13","2026-05-13"
"20097","",""
"20098","2025-04-30","2026-05-16"
"20099","2023-11-12","2025-10-05"
"20100","2023-11-09","2024-08-19"
"20101","2023-12-24","2025-12-04"
"20102","",""
"20103","2024-04-11","2026-06-08"
"20104","",""
"20105","",""
"20106","",""
"20107","",""
"20108","2024-12-11","2026-06-06"
"20109","",""
"20110","2023-11-04","2026-05-03"
"20111","",""
"20112","",""
"20113","",""
"20114","",""
"20115","",""
"20116","2023-11-30","2025-07-03"
"20117","2023-10-27","2023-10-27"
"20118","2023-12-10","2026-05-22"
"20119","2024-02-04","2026-06-01"
"20120","2023-10-29","2026-06-09"
"20121","2023-11-01","2026-06-04"
"20122","2023-10-27","2025-05-05"
"20123","",""
"20124","2024-04-18","2024-04-18"
"20125","2024-05-27","2026-05-21"
"20126","2024-02-21","2025-12-30"
"20127","2023-09-27","2026-06-10"
"20128","2024-01-07","2026-01-01"
"20129","2024-09-27","2025-12-01"
"20130","2023-12-28","2026-06-05"
"20131","2023-12-10","2026-05-17"
"20132","2024-01-18","2024-01-18"
"20133","2025-01-03","2026-03-18"
"20134","",""
"20135","",""
"20136","",""
"20137","",""
"20138","",""
"20139","2023-11-03","2026-05-18"
"20140","2023-10-03","2026-03-20"
"20141","",""
"20142","2023-11-26","2026-03-23"
"20143","2023-10-20","2026-05-17"
"20144","2024-05-22","2026-04-05"
"20145","",""
"20146","",""
"20147","",""
"20148","2025-09-30","2025-09-30"
"20149","2025-01-12","2025-04-05"
"20150","2026-06-03","2026-06-03"
"20151","2023-10-26","2026-05-28"
"20152","2023-12-23","2023-12-24"
"20153","",""
"20154","2023-11-13","2026-02-17"
"20155","2023-10-12","2026-05-31"
"20156","2026-02-19","2026-02-19"
"20157","2023-10-19","2026-05-13"
"20158","2023-11-16","2026-05-02"
"20159","2023-10-12","2026-06-08"
"20160","2024-08-31","2024-08-31"
"20161","",""
"20162","",""
"20163","",""
"20164","2025-05-12","2026-01-06"
"20165","",""
"20166","2025-05-03","2026-06-09"
"20167","2024-05-06","2026-03-31"
"20168","",""
"20169","2023-10-14","2026-05-23"
"20170","2023-11-05","2026-05-08"
"20171","2024-02-04","2026-05-30"
"20172","",""
"20173","2023-10-16","2026-05-26"
"20174","2023-10-15","2026-05-31"
"20175","2023-11-13","2026-01-23"
"20176","2024-03-01","2026-06-01"
"20177","",""
"20178","2023-11-01","2026-05-24"
"20179","2023-11-24","2025-12-31"
"20180","2023-10-12","2026-05-09"
"20181","2024-01-06","2026-04-13"
"20182","",""
"20183","2023-11-28","2025-07-31"
"20184","2024-07-01","2024-12-15"
"20185","2023-10-27","2026-05-11"
"20186","2023-10-08","2026-05-18"
"20187","2024-05-09","2026-05-31"
"20188","2023-11-05","2026-01-06"
"20189","2024-08-01","2024-08-01"
"20190","2023-10-17","2025-12-07"
"20191","2023-10-23","2026-01-03"
"20192","2023-10-29","2026-05-01"
"20193","2023-11-06","2026-05-17"
"20194","2023-11-07","2025-03-15"
"20195","2023-11-06","2026-04-22"
"20196","2025-07-20","2025-07-20"
"20197","2023-11-21","2025-08-19"
"20198","2025-08-15","2026-05-31"
"20199","2024-03-18","2026-06-05"
"20200","",""
"20201","",""
"20202","2023-12-02","2026-05-30"
"20203","2023-11-07","2026-02-19"
"20204","2024-05-03","2026-01-07"
"20205","2023-11-01","2026-05-26"
"20206","2023-11-12","2026-05-17"
"20207","2024-12-16","2026-05-09"
"20208","2023-11-03","2026-05-29"
"20209","2023-11-26","2026-05-23"
"20210","2023-12-04","2026-03-31"
"20211","",""
"20212","",""
"20213","2023-10-25","2026-04-27"
"20214","2023-11-11","2026-05-31"
"20215","2023-11-18","2026-05-10"
"20216","2024-07-28","2025-12-05"
"20217","2023-10-06","2026-05-17"
"20218","2024-04-13","2025-09-20"
"20219","2023-10-19","2026-05-17"
"20220","2024-12-09","2026-03-09"
"20221","",""
"20222","",""
"20223","",""
"20224","2024-01-22","2025-07-06"
"20225","2023-11-10","2025-01-19"
"20226","",""
"20227","2025-05-01","2025-06-30"
"20228","2025-05-31","2026-03-30"
"20229","2023-12-21","2023-12-21"
"20230","2023-12-31","2026-04-12"
"20231","2023-11-27","2026-02-28"
"20232","2024-07-03","2025-02-12"
"20233","2024-06-01","2024-06-01"
"20234","",""
"20235","2023-11-09","2026-05-24"
"20236","2023-12-25","2025-08-16"
"20237","2023-11-15","2026-04-30"
"20238","",""
"20239","2023-10-22","2026-06-13"
"20240","2023-10-11","2026-05-30"
"20241","2026-03-22","2026-05-22"
"20242","2023-12-08","2026-05-31"
"20243","2023-11-13","2026-05-24"
"20244","2024-02-29","2026-06-05"
"20245","",""
"20246","2023-11-26","2026-05-25"
"20247","2023-11-15","2024-11-15"
"20248","2024-03-11","2025-12-01"
"20249","2023-10-23","2026-05-18"
"20250","2023-10-23","2026-05-18"
"20251","2023-12-04","2025-01-02"
"20252","",""
"20253","2024-08-10","2026-06-02"
"20254","2023-11-22","2026-06-15"
"20255","2023-12-04","2026-06-07"
"20256","2023-12-10","2025-01-02"
"20257","2023-10-15","2026-06-07"
"20258","",""
"20259","",""
"20260","2023-11-18","2026-04-20"
"20261","",""
"20262","",""
"20263","",""
"20264","2024-11-30","2026-06-07"
"20265","",""
"20266","",""
"20267","",""
"20268","2024-08-04","2024-08-04"
"20269","2024-03-27","2024-03-27"
"20270","",""
"20271","",""
"20272","",""
"20273","",""
"20274","",""
"20275","2025-01-05","2026-04-14"
"20276","2023-11-01","2026-05-31"
"20277","2024-06-26","2024-06-26"
"20278","",""
"20279","",""
"20280","2025-05-31","2025-05-31"
"20281","",""
"20282","2024-03-11","2024-11-15"
"20283","2024-03-18","2026-06-13"
"20284","2023-10-20","2026-06-05"
"20285","2023-11-11","2023-12-11"
"20286","2023-10-16","2026-05-23"
"20287","",""
"20288","",""
"20289","2024-07-03","2024-11-17"
"20290","2023-11-30","2026-05-16"
"20291","",""
"20292","2024-06-18","2025-10-07"
"20293","2023-10-20","2026-05-25"
"20294","2023-12-27","2026-05-31"
"20295","2023-11-18","2026-05-21"
"20296","2024-05-05","2025-02-07"
"20297","2023-11-10","2026-06-12"
"20298","2023-11-23","2026-04-01"
"20299","2023-10-15","2024-12-07"
"20300","2024-10-14","2024-10-14"
"20301","2023-10-29","2026-06-03"
"20302","",""
"20303","",""
"20304","2025-02-01","2026-05-20"
"20305","2024-12-11","2026-06-06"
"20306","2024-09-28","2025-10-22"
"20307","2023-10-27","2026-05-31"
"20308","2024-05-02","2024-10-24"
"20309","2023-11-05","2026-05-25"
"20310","2023-10-16","2026-05-25"
"20311","2023-11-19","2026-05-14"
"20312","2024-02-12","2025-06-15"
"20313","2024-06-14","2025-12-09"
"20314","",""
"20315","2024-01-23","2024-02-22"
"20316","2024-03-07","2026-06-08"
"20317","",""
"20318","2024-12-19","2026-01-16"
"20319","2024-03-31","2024-06-20"
"20320","2023-10-15","2026-05-03"
"20321","",""
"20322","",""
"20323","2024-09-15","2024-09-15"
"20324","",""
"20325","",""
"20326","",""
"20327","",""
"20328","",""
"20329","",""
"20330","",""
"20331","2023-10-17","2025-08-03"
"20332","2023-11-12","2026-05-14"
"20333","2024-01-28","2025-08-24"
"20334","2023-10-18","2026-05-29"
"20335","2024-01-26","2026-02-14"
"20336","",""
"20337","2023-11-02","2025-12-15"
"20338","",""
"20339","2023-12-23","2026-05-25"
"20340","2023-11-10","2026-05-31"
"20341","2023-10-19","2026-06-11"
"20342","",""
"20343","2024-08-11","2024-10-31"
"20344","2024-01-06","2024-06-16"
"20345","2023-11-13","2026-06-01"
"20346","",""
"20347","",""
"20348","",""
"20349","2024-06-21","2026-05-17"
"20350","",""
"20351","2023-10-22","2026-06-08"
"20352","2025-09-16","2025-09-16"
"20353","",""
"20354","2023-12-01","2023-12-01"
"20355","",""
"20356","2024-05-31","2024-05-31"
"20357","2023-12-18","2023-12-18"
"20358","2023-11-07","2026-06-08"
"20359","2024-03-30","2026-05-02"
"20360","2024-01-31","2026-06-05"
"20361","2023-10-24","2025-12-01"
"20362","2023-12-01","2025-12-23"
"20363","2024-06-13","2024-06-13"
"20364","",""
"20365","2024-03-01","2026-03-08"
"20366","2024-10-15","2024-10-15"
"20367","2024-01-01","2025-04-26"
"20368","2024-07-27","2026-05-16"
"20369","2023-10-27","2026-04-30"
"20370","2023-10-18","2026-05-18"
"20371","",""
"20372","2023-12-03","2026-05-28"
"20373","2023-10-23","2026-06-05"
"20374","2024-05-12","2025-11-25"
"20375","2023-12-08","2026-05-13"
"20376","2025-03-18","2025-03-18"
"20377","2024-08-15","2026-01-18"
"20378","2023-11-30","2023-11-30"
"20379","2024-03-23","2024-06-30"
"20380","2024-06-10","2026-06-07"
"20381","2024-03-31","2026-04-12"
"20382","",""
"20383","2024-03-02","2026-04-15"
"20384","",""
"20385","2024-09-04","2024-09-04"
"20386","2025-08-10","2025-08-10"
"20387","",""
"20388","2023-11-18","2025-05-02"
"20389","2023-10-21","2026-04-27"
"20390","2024-01-31","2024-11-17"
"20391","",""
"20392","2023-11-22","2023-11-22"
"20393","",""
"20394","2025-08-18","2025-09-18"
"20395","",""
"20396","",""
"20397","",""
"20398","2023-11-21","2024-05-28"
"20399","",""
"20400","2024-06-02","2026-06-10"
"20401","2023-10-26","2026-06-07"
"20402","2025-07-30","2025-07-30"
"20403","2025-02-17","2025-09-05"
"20404","",""
"20405","",""
"20406","2024-03-31","2026-06-04"
"20407","",""
"20408","2023-12-05","2025-08-15"
"20409","2024-01-01","2026-05-19"
"20410","2024-07-08","2024-07-27"
"20411","",""
"20412","2024-07-07","2024-07-07"
"20413","",""
"20414","",""
"20415","2023-11-17","2026-04-07"
"20416","2023-10-27","2026-05-25"
"20417","2024-03-10","2024-04-30"
"20418","2024-01-11","2025-11-26"
"20419","2024-08-24","2024-08-24"
"20420","",""
"20421","",""
"20422","",""
"20423","2024-12-07","2025-03-31"
"20424","",""
"20425","",""
"20426","2024-01-02","2026-04-06"
"20427","2025-11-04","2025-11-04"
"20428","2024-11-23","2025-10-31"
"20429","",""
"20430","",""
"20431","2023-11-01","2025-11-06"
"20432","",""
"20433","2026-01-22","2026-01-22"
"20434","",""
"20435","2025-05-31","2025-05-31"
"20436","2024-08-11","2024-08-11"
"20437","",""
"20438","2023-11-14","2026-05-07"
"20439","2024-11-10","2025-02-19"
"20440","2025-08-09","2025-08-09"
"20441","",""
"20442","2023-11-26","2026-06-04"
"20443","2024-11-09","2024-11-09"
"20444","2024-02-05","2025-12-17"
"20445","2024-04-14","2024-04-14"
"20446","",""
"20447","",""
"20448","2023-12-20","2026-05-27"
"20449","2024-09-25","2024-09-25"
"20450","",""
"20451","2025-10-29","2026-05-14"
"20452","2023-11-27","2026-04-24"
"20453","",""
"20454","2023-11-14","2026-05-17"
"20455","2024-09-02","2025-01-12"
"20456","2024-09-23","2026-06-03"
"20457","2023-10-26","2025-12-15"
"20458","",""
"20459","2026-05-01","2026-05-01"
"20460","2023-10-28","2026-06-14"
"20461","",""
"20462","2023-12-01","2026-03-30"
"20463","",""
"20464","2024-06-30","2024-12-26"
"20465","2024-05-31","2024-05-31"
"20466","",""
"20467","2026-01-06","2026-01-06"
"20468","2023-10-27","2026-05-29"
"20469","2023-11-09","2024-12-15"
"20470","",""
"20471","2024-07-26","2025-08-10"
"20472","",""
"20473","2025-10-09","2026-05-12"
"20474","2024-08-14","2025-05-17"
"20475","2024-07-28","2024-12-07"
"20476","2024-09-01","2025-12-17"
"20477","",""
"20478","",""
"20479","",""
"20480","2024-06-01","2024-06-01"
"20481","2024-01-08","2024-01-08"
"20482","",""
"20483","2025-05-30","2025-05-30"
"20484","",""
"20485","",""
"20486","2024-09-10","2026-06-08"
"20487","2024-01-21","2025-12-17"
"20488","2024-05-25","2026-05-18"
"20489","2023-12-23","2026-05-03"
"20490","2023-11-07","2026-06-16"
"20491","2023-11-19","2026-06-03"
"20492","2023-12-07","2026-06-05"
"20493","2024-05-13","2026-05-16"
"20494","2024-07-30","2025-12-01"
"20495","2023-11-12","2024-10-23"
"20496","2023-11-04","2026-05-31"
"20497","2023-10-28","2026-05-27"
"20498","2025-10-31","2025-10-31"
"20499","2024-08-10","2024-08-10"
"20500","",""
"20501","2024-02-10","2026-03-01"
"20502","2024-06-01","2024-06-01"
"20503","",""
"20504","",""
"20505","2024-04-04","2024-04-04"
"20506","",""
"20507","",""
"20508","",""
"20509","2025-08-22","2025-08-22"
"20510","2025-03-06","2026-05-25"
"20511","",""
"20512","2023-11-07","2026-05-31"
"20513","2023-11-09","2026-05-21"
"20514","2024-01-24","2026-03-23"
"20515","2023-11-26","2026-06-08"
"20516","2025-03-16","2026-06-21"
"20517","2025-07-21","2025-10-18"
"20518","2023-11-03","2026-05-30"
"20519","2024-05-07","2024-05-07"
"20520","2024-02-19","2026-06-05"
"20521","2024-04-16","2026-05-24"
"20522","2023-11-17","2026-05-31"
"20523","",""
"20524","2024-01-04","2026-03-02"
"20525","",""
"20526","2023-11-06","2026-05-25"
"20527","",""
"20528","",""
"20529","2023-12-26","2026-06-03"
"20530","2024-01-31","2026-06-03"
"20531","2023-12-22","2026-03-31"
"20532","2023-12-10","2026-06-04"
"20533","2024-01-06","2025-10-01"
"20534","",""
"20535","2024-02-21","2026-03-03"
"20536","2024-08-31","2024-08-31"
"20537","",""
"20538","2023-12-24","2023-12-24"
"20539","2024-08-24","2025-10-26"
"20540","2024-02-24","2025-06-30"
"20541","2024-08-21","2025-10-01"
"20542","2024-01-06","2026-05-01"
"20543","2024-05-29","2025-05-17"
"20544","2024-01-15","2026-06-03"
"20545","2023-11-09","2026-04-30"
"20546","2024-04-07","2026-05-15"
"20547","2023-12-04","2024-11-07"
"20548","2024-01-31","2025-10-16"
"20549","2024-07-04","2026-04-30"
"20550","",""
"20551","2024-10-18","2024-10-18"
"20552","",""
"20553","2023-11-10","2026-06-10"
"20554","2024-08-01","2026-06-06"
"20555","2024-07-10","2026-05-30"
"20556","2024-05-26","2026-06-03"
"20557","2024-01-02","2024-02-17"
"20558","2024-01-14","2024-01-14"
"20559","2024-05-04","2026-01-01"
"20560","",""
"20561","",""
"20562","2023-11-18","2026-06-01"
"20563","2023-11-20","2026-06-08"
"20564","2024-02-04","2024-06-21"
"20565","",""
"20566","",""
"20567","",""
"20568","2023-11-29","2026-05-10"
"20569","",""
"20570","",""
"20571","2023-11-19","2026-04-05"
"20572","",""
"20573","2025-01-02","2026-05-02"
"20574","2024-02-02","2026-03-26"
"20575","2024-04-12","2026-06-11"
"20576","2024-06-15","2024-06-15"
"20577","2024-10-19","2024-10-19"
"20578","2024-05-07","2026-05-24"
"20579","2023-12-05","2026-05-09"
"20580","2023-11-19","2026-05-18"
"20581","2024-08-17","2024-10-19"
"20582","",""
"20583","2024-05-16","2025-12-21"
"20584","2023-11-11","2026-05-24"
"20585","",""
"20586","2025-04-18","2026-06-12"
"20587","2025-11-07","2025-12-07"
"20588","",""
"20589","2024-08-25","2026-01-04"
"20590","2024-05-19","2025-07-26"
"20591","",""
"20592","2024-06-08","2025-04-01"
"20593","",""
"20594","2025-12-24","2025-12-24"
"20595","",""
"20596","",""
"20597","",""
"20598","2023-11-17","2026-05-19"
"20599","",""
"20600","2024-02-17","2025-09-06"
"20601","2023-11-16","2026-05-24"
"20602","2024-01-14","2026-03-02"
"20603","",""
"20604","2023-12-11","2026-05-24"
"20605","",""
"20606","",""
"20607","2023-12-03","2026-05-13"
"20608","2024-01-29","2026-04-25"
"20609","2024-08-05","2024-10-29"
"20610","2024-03-24","2025-07-17"
"20611","",""
"20612","2024-01-12","2025-07-02"
"20613","2024-01-22","2026-01-02"
"20614","2023-11-11","2026-01-05"
"20615","2023-11-15","2025-06-18"
"20616","",""
"20617","2024-04-23","2024-04-23"
"20618","2024-02-16","2025-11-19"
"20619","2026-01-03","2026-01-03"
"20620","2024-02-19","2026-05-18"
"20621","2024-01-13","2026-06-09"
"20622","",""
"20623","2023-12-20","2025-07-18"
"20624","",""
"20625","2024-01-25","2025-04-30"
"20626","",""
"20627","",""
"20628","2025-05-13","2025-05-13"
"20629","",""
"20630","",""
"20631","2023-12-07","2026-05-18"
"20632","2023-12-11","2026-06-12"
"20633","2023-12-05","2026-06-11"
"20634","",""
"20635","2026-05-21","2026-05-21"
"20636","",""
"20637","2023-11-15","2026-05-25"
"20638","",""
"20639","",""
"20640","2024-07-06","2024-07-06"
"20641","2023-12-03","2026-05-30"
"20642","",""
"20643","2024-08-01","2026-02-28"
"20644","",""
"20645","2023-12-11","2026-05-15"
"20646","",""
"20647","2023-11-16","2026-05-25"
"20648","2024-07-23","2024-09-10"
"20649","",""
"20650","2026-05-31","2026-05-31"
"20651","2023-12-18","2026-06-07"
"20652","2024-02-11","2026-05-22"
"20653","2024-02-03","2026-05-17"
"20654","",""
"20655","2024-01-11","2026-06-08"
"20656","2023-12-18","2026-05-25"
"20657","2024-05-16","2025-09-16"
"20658","",""
"20659","2023-12-03","2026-04-23"
"20660","",""
"20661","2024-10-31","2025-07-26"
"20662","2024-01-01","2026-04-10"
"20663","",""
"20664","2024-04-01","2026-06-08"
"20665","2026-04-26","2026-05-29"
"20666","2024-02-14","2026-05-17"
"20667","2023-11-18","2026-05-29"
"20668","2023-12-17","2026-06-11"
"20669","2023-12-21","2026-06-01"
"20670","2025-03-08","2025-03-08"
"20671","",""
"20672","2024-10-26","2025-05-22"
"20673","2023-12-28","2026-06-09"
"20674","2024-02-04","2026-06-07"
"20675","",""
"20676","2023-12-27","2026-03-11"
"20677","2024-10-03","2024-10-03"
"20678","2024-05-11","2025-12-25"
"20679","2025-06-01","2025-06-01"
"20680","",""
"20681","",""
"20682","",""
"20683","",""
"20684","",""
"20685","",""
"20686","",""
"20687","",""
"20688","",""
"20689","",""
"20690","",""
"20691","2023-12-25","2025-05-15"
"20692","2026-04-18","2026-04-18"
"20693","",""
"20694","2024-03-31","2025-11-12"
"20695","",""
"20696","",""
"20697","2023-11-24","2026-04-11"
"20698","2023-12-07","2026-05-20"
"20699","",""
"20700","2023-12-03","2026-06-01"
"20701","2024-11-01","2025-02-01"
"20702","2025-05-13","2026-06-12"
"20703","",""
"20704","2023-12-17","2026-06-06"
"20705","",""
"20706","",""
"20707","2023-12-03","2026-05-28"
"20708","2024-06-27","2026-06-19"
"20709","2023-11-25","2026-06-07"
"20710","2023-11-29","2026-01-02"
"20711","2024-08-31","2025-09-16"
"20712","",""
"20713","",""
"20714","2024-04-06","2025-11-26"
"20715","2024-03-26","2026-05-23"
"20716","2024-04-14","2026-05-24"
"20717","2025-11-06","2025-11-06"
"20718","2023-11-21","2026-06-08"
"20719","2023-12-14","2026-05-20"
"20720","2023-12-13","2026-05-25"
"20721","2024-07-20","2024-07-20"
"20722","2024-05-12","2024-05-12"
"20723","",""
"20724","2024-12-16","2024-12-16"
"20725","2023-12-31","2026-05-30"
"20726","2024-02-23","2025-11-04"
"20727","2024-05-19","2025-10-19"
"20728","2024-04-12","2025-12-31"
"20729","2023-12-30","2026-06-10"
"20730","2024-06-30","2026-05-24"
"20731","2024-07-28","2026-06-13"
"20732","2023-11-24","2026-05-27"
"20733","2024-01-26","2026-05-28"
"20734","2023-12-08","2026-05-28"
"20735","2024-05-24","2026-05-29"
"20736","2024-03-31","2026-06-10"
"20737","2023-11-26","2026-05-25"
"20738","",""
"20739","2023-11-24","2026-05-29"
"20740","",""
"20741","2024-03-07","2025-02-02"
"20742","2023-12-30","2025-05-18"
"20743","",""
"20744","2024-10-01","2024-10-01"
"20745","",""
"20746","2023-12-14","2023-12-27"
"20747","2024-02-17","2026-06-01"
"20748","2023-12-30","2026-02-13"
"20749","2024-01-01","2026-05-24"
"20750","2024-04-26","2026-05-18"
"20751","2023-12-11","2026-01-02"
"20752","2025-09-01","2025-09-01"
"20753","2025-08-13","2025-08-13"
"20754","",""
"20755","2024-03-17","2025-11-30"
"20756","2023-12-27","2026-04-26"
"20757","",""
"20758","2024-01-30","2026-05-14"
"20759","2024-01-03","2026-04-15"
"20760","2023-11-26","2026-05-31"
"20761","",""
"20762","",""
"20763","2023-11-24","2026-05-19"
"20764","",""
"20765","2024-05-30","2024-05-30"
"20766","",""
"20767","2025-11-30","2026-06-10"
"20768","2024-01-05","2026-02-01"
"20769","",""
"20770","",""
"20771","2023-12-18","2025-06-30"
"20772","",""
"20773","2023-12-12","2026-05-30"
"20774","2024-01-20","2026-02-15"
"20775","",""
"20776","",""
"20777","",""
"20778","",""
"20779","",""
"20780","2024-05-31","2026-04-25"
"20781","2023-12-02","2026-04-21"
"20782","",""
"20783","2023-12-08","2026-05-19"
"20784","2023-12-12","2026-05-24"
"20785","",""
"20786","",""
"20787","",""
"20788","",""
"20789","",""
"20790","2023-11-29","2026-05-29"
"20791","2025-05-12","2026-04-19"
"20792","2025-12-14","2025-12-14"
"20793","2024-06-12","2024-06-12"
"20794","2025-08-16","2025-08-16"
"20795","",""
"20796","",""
"20797","2026-03-26","2026-03-26"
"20798","",""
"20799","",""
"20800","2024-12-23","2026-03-17"
"20801","2023-12-28","2026-04-11"
"20802","",""
"20803","",""
"20804","2023-12-04","2026-05-31"
"20805","2024-08-17","2024-08-17"
"20806","2024-06-08","2026-05-23"
"20807","",""
"20808","2024-06-01","2024-07-08"
"20809","2025-05-10","2026-05-09"
"20810","2023-11-29","2026-05-25"
"20811","2024-01-11","2026-05-31"
"20812","2023-12-01","2026-05-04"
"20813","2024-03-03","2026-05-22"
"20814","",""
"20815","2023-12-06","2026-05-24"
"20816","",""
"20817","2024-09-08","2026-04-20"
"20818","2024-04-06","2026-01-06"
"20819","",""
"20820","2023-12-10","2026-04-08"
"20821","",""
"20822","",""
"20823","",""
"20824","2024-02-03","2025-11-24"
"20825","",""
"20826","",""
"20827","",""
"20828","",""
"20829","2024-02-25","2026-06-13"
"20830","2023-12-06","2026-05-09"
"20831","2023-12-03","2026-06-09"
"20832","2024-04-12","2024-04-12"
"20833","",""
"20834","2024-01-03","2026-04-08"
"20835","",""
"20836","",""
"20837","2024-04-27","2026-06-11"
"20838","2024-05-21","2026-06-08"
"20839","",""
"20840","",""
"20841","",""
"20842","",""
"20843","",""
"20844","",""
"20845","",""
"20846","2023-12-10","2026-05-22"
"20847","2024-01-01","2026-05-19"
"20848","",""
"20849","2024-03-18","2026-05-31"
"20850","2023-12-16","2026-06-05"
"20851","",""
"20852","",""
"20853","2024-01-07","2025-06-19"
"20854","2023-12-23","2025-10-22"
"20855","2024-06-01","2024-06-01"
"20856","",""
"20857","",""
"20858","",""
"20859","",""
"20860","",""
"20861","",""
"20862","",""
"20863","2024-08-12","2026-05-20"
"20864","2024-01-01","2026-05-25"
"20865","",""
"20866","",""
"20867","",""
"20868","",""
"20869","2023-12-06","2026-05-21"
"20870","2023-12-03","2026-05-14"
"20871","",""
"20872","",""
"20873","2024-08-13","2024-08-13"
"20874","",""
"20875","",""
"20876","",""
"20877","",""
"20878","2024-01-07","2025-11-26"
"20879","",""
"20880","2024-06-15","2024-06-15"
"20881","2024-06-24","2024-11-02"
"20882","2024-05-26","2025-08-01"
"20883","2023-12-04","2026-05-29"
"20884","2024-04-07","2026-05-25"
"20885","2025-12-20","2025-12-20"
"20886","",""
"20887","",""
"20888","2024-02-29","2026-05-14"
"20889","2024-07-23","2024-07-23"
"20890","2024-01-10","2026-01-15"
"20891","2023-12-19","2026-05-31"
"20892","",""
"20893","2024-09-24","2026-04-27"
"20894","2023-12-10","2026-05-25"
"20895","2024-04-18","2026-05-05"
"20896","2023-12-17","2026-05-29"
"20897","2023-12-08","2026-05-30"
"20898","2024-05-07","2026-06-11"
"20899","",""
"20900","2023-12-24","2026-05-27"
"20901","2025-08-16","2025-08-16"
"20902","2024-07-25","2025-07-01"
"20903","2023-12-26","2026-05-10"
"20904","2023-12-07","2026-06-08"
"20905","2023-12-08","2026-05-27"
"20906","2025-06-30","2025-06-30"
"20907","2024-03-06","2026-02-28"
"20908","2024-03-04","2026-05-02"
"20909","2025-05-26","2025-05-26"
"20910","2024-04-20","2026-04-19"
"20911","2023-12-17","2026-06-02"
"20912","2024-03-13","2026-06-13"
"20913","2025-04-26","2025-11-07"
"20914","2025-04-30","2026-06-07"
"20915","2023-12-22","2026-04-12"
"20916","",""
"20917","2024-02-01","2025-12-21"
"20918","",""
"20919","",""
"20920","",""
"20921","2024-06-17","2026-06-04"
"20922","",""
"20923","2024-03-09","2026-05-18"
"20924","",""
"20925","",""
"20926","",""
"20927","",""
"20928","",""
"20929","2023-12-18","2024-03-11"
"20930","",""
"20931","",""
"20932","",""
"20933","",""
"20934","",""
"20935","",""
"20936","2024-08-01","2025-07-29"
"20937","2026-04-24","2026-04-24"
"20938","",""
"20939","",""
"20940","",""
"20941","",""
"20942","2024-01-20","2024-01-20"
"20943","",""
"20944","2026-03-13","2026-05-10"
"20945","2024-01-23","2026-05-29"
"20946","2026-04-14","2026-04-27"
"20947","2025-12-10","2026-05-14"
"20948","2024-08-02","2026-02-08"
"20949","",""
"20950","2024-02-15","2024-02-15"
"20951","",""
"20952","2024-09-02","2025-08-20"
"20953","2025-10-01","2026-06-07"
"20954","2024-05-23","2026-06-13"
"20955","2024-04-27","2026-04-05"
"20956","2024-01-27","2024-01-27"
"20957","2025-07-20","2026-05-25"
"20958","",""
"20959","2024-11-02","2025-06-04"
"20960","2024-03-17","2026-05-25"
"20961","",""
"20962","",""
"20963","2024-04-12","2026-05-30"
"20964","",""
"20965","",""
"20966","2024-06-19","2024-10-07"
"20967","2025-07-31","2025-07-31"
"20968","",""
"20969","",""
"20970","",""
"20971","",""
"20972","",""
"20973","2025-05-17","2026-05-30"
"20974","2024-04-21","2026-06-07"
"20975","2024-01-01","2026-05-07"
"20976","",""
"20977","",""
"20978","",""
"20979","",""
"20980","",""
"20981","",""
"20982","",""
"20983","",""
"20984","",""
"20985","",""
"20986","2024-08-03","2024-08-03"
"20987","",""
"20988","",""
"20989","2024-06-17","2026-06-07"
"20990","2024-03-12","2024-12-01"
"20991","2024-05-25","2026-03-31"
"20992","2024-01-26","2025-01-31"
"20993","2024-01-15","2026-06-02"
"20994","2024-03-25","2025-12-12"
"20995","2024-04-06","2024-08-29"
"20996","2023-12-22","2026-06-19"
"20997","2023-12-19","2026-06-16"
"20998","2024-06-09","2026-06-11"
"20999","",""
"21000","2024-11-30","2024-11-30"
"21001","2024-09-04","2026-06-13"
"21002","2024-03-01","2026-04-04"
"21003","",""
"21004","2024-11-24","2026-05-17"
"21005","",""
"21006","",""
"21007","2024-02-05","2024-06-29"
"21008","",""
"21009","",""
"21010","",""
"21011","",""
"21012","",""
"21013","",""
"21014","2024-05-10","2026-02-17"
"21015","",""
"21016","2024-03-25","2026-04-04"
"21017","",""
"21018","",""
"21019","",""
"21020","",""
"21021","2024-05-21","2026-05-13"
"21022","2023-12-31","2026-05-25"
"21023","2024-10-09","2026-04-14"
"21024","2024-06-27","2026-04-19"
"21025","2024-01-07","2026-05-31"
"21026","2024-01-28","2026-06-08"
"21027","2024-02-25","2025-08-30"
"21028","",""
"21029","",""
"21030","",""
"21031","",""
"21032","2024-03-10","2024-03-10"
"21033","",""
"21034","",""
"21035","",""
"21036","2024-05-01","2024-06-03"
"21037","2024-03-11","2025-11-02"
"21038","",""
"21039","",""
"21040","2024-02-29","2026-03-31"
"21041","2024-02-15","2024-02-15"
"21042","2025-10-10","2025-10-10"
"21043","",""
"21044","2025-04-16","2025-11-23"
"21045","",""
"21046","2024-02-11","2024-02-11"
"21047","2024-02-11","2026-01-27"
"21048","",""
"21049","",""
"21050","2024-03-04","2025-10-03"
"21051","2024-08-17","2026-01-16"
"21052","2024-03-30","2026-06-08"
"21053","2024-03-02","2026-05-19"
"21054","",""
"21055","2024-02-06","2026-05-28"
"21056","2026-05-25","2026-05-25"
"21057","2026-05-03","2026-06-10"
"21058","2024-03-17","2026-05-25"
"21059","2024-02-15","2026-06-07"
"21060","2024-01-21","2026-05-27"
"21061","2024-02-04","2026-05-10"
"21062","2025-08-31","2026-05-02"
"21063","",""
"21064","2024-08-17","2025-12-31"
"21065","",""
"21066","2024-06-30","2024-12-01"
"21067","2024-04-28","2024-09-03"
"21068","2024-04-16","2024-11-05"
"21069","",""
"21070","",""
"21071","",""
"21072","",""
"21073","2024-08-09","2026-01-09"
"21074","",""
"21075","2024-01-28","2025-02-02"
"21076","",""
"21077","2024-07-02","2026-03-09"
"21078","",""
"21079","",""
"21080","2025-12-05","2026-05-08"
"21081","",""
"21082","",""
"21083","2025-05-27","2025-05-27"
"21084","2024-03-12","2026-05-16"
"21085","2024-05-03","2026-01-30"
"21086","2024-03-16","2026-04-26"
"21087","2024-02-01","2026-06-05"
"21088","2024-05-27","2026-05-29"
"21089","2024-03-28","2025-02-10"
"21090","2024-07-30","2026-04-07"
"21091","2024-10-01","2024-12-23"
"21092","2024-08-10","2024-08-10"
"21093","2024-10-01","2025-01-17"
"21094","",""
"21095","",""
"21096","2024-11-05","2025-04-27"
"21097","",""
"21098","2024-05-14","2026-02-09"
"21099","2024-06-01","2026-02-15"
"21100","2024-04-11","2026-06-06"
"21101","2024-02-06","2026-04-07"
"21102","",""
"21103","2024-07-22","2025-12-29"
"21104","2024-06-15","2026-05-14"
"21105","2024-06-06","2026-05-31"
"21106","2024-05-15","2026-06-02"
"21107","2024-01-02","2026-05-22"
"21108","2024-01-01","2026-05-10"
"21109","2024-04-09","2026-05-26"
"21110","2024-04-12","2024-04-12"
"21111","2024-01-29","2025-07-10"
"21112","2024-05-05","2026-04-22"
"21113","2024-02-11","2026-06-12"
"21114","2024-03-05","2026-05-24"
"21115","2024-02-19","2026-06-09"
"21116","2024-09-12","2025-12-26"
"21117","2024-05-31","2026-05-31"
"21118","2024-04-18","2026-05-20"
"21119","",""
"21120","",""
"21121","",""
"21122","",""
"21123","",""
"21124","2024-02-22","2024-06-01"
"21125","",""
"21126","2024-06-18","2025-01-31"
"21127","2024-06-28","2026-01-01"
"21128","2024-03-18","2026-03-21"
"21129","2024-03-18","2026-06-14"
"21130","2024-04-16","2024-11-01"
"21131","",""
"21132","",""
"21133","",""
"21134","2024-10-31","2026-05-30"
"21135","2024-08-10","2024-09-30"
"21136","2024-06-12","2026-04-01"
"21137","2024-04-29","2026-01-02"
"21138","2024-08-25","2026-06-14"
"21139","",""
"21140","2024-05-31","2024-12-01"
"21141","2024-04-25","2026-06-03"
"21142","",""
"21143","2024-04-30","2026-04-01"
"21144","",""
"21145","2024-03-02","2026-06-08"
"21146","2024-02-29","2026-04-05"
"21147","2024-03-02","2026-05-31"
"21148","2024-03-03","2026-06-02"
"21149","",""
"21150","",""
"21151","2024-03-28","2024-12-08"
"21152","2024-04-02","2026-05-30"
"21153","",""
"21154","2024-04-01","2025-03-31"
"21155","2024-04-27","2025-11-08"
"21156","",""
"21157","2024-05-19","2026-06-03"
"21158","2024-11-15","2026-05-17"
"21159","2024-12-15","2026-06-08"
"21160","2024-06-18","2026-05-27"
"21161","2024-04-09","2026-05-12"
"21162","",""
"21163","2024-02-12","2026-05-31"
"21164","",""
"21165","2024-05-28","2026-03-29"
"21166","2024-07-19","2026-06-07"
"21167","2024-10-24","2025-01-18"
"21168","2024-12-27","2026-04-28"
"21169","2025-01-01","2025-12-04"
"21170","2026-03-08","2026-06-02"
"21171","",""
"21172","",""
"21173","",""
"21174","",""
"21175","2025-05-15","2026-06-08"
"21176","2024-05-01","2025-12-26"
"21177","",""
"21178","2025-11-03","2025-11-03"
"21179","2024-04-13","2026-05-31"
"21180","2024-06-14","2026-02-24"
"21181","2024-01-31","2026-05-14"
"21182","2024-06-12","2026-05-24"
"21183","2025-02-27","2025-10-23"
"21184","2024-05-14","2025-05-11"
"21185","2026-03-31","2026-03-31"
"21186","2024-07-09","2025-11-06"
"21187","2025-05-07","2025-05-07"
"21188","2024-08-17","2025-08-31"
"21189","2024-03-03","2024-04-21"
"21190","",""
"21191","2024-03-01","2024-03-01"
"21192","2024-11-30","2025-11-01"
"21193","",""
"21194","",""
"21195","",""
"21196","2024-05-05","2026-06-19"
"21197","2025-10-22","2026-05-29"
"21198","2026-01-11","2026-01-11"
"21199","2024-08-15","2026-05-03"
"21200","",""
"21201","2024-12-04","2026-04-30"
"21202","",""
"21203","2024-04-16","2024-04-16"
"21204","2024-05-31","2026-04-07"
"21205","2024-03-12","2026-06-07"
"21206","2024-04-19","2026-03-21"
"21207","2024-05-19","2026-05-26"
"21208","",""
"21209","",""
"21210","2024-01-21","2026-06-01"
"21211","2024-03-26","2024-03-26"
"21212","2024-09-01","2026-04-26"
"21213","2024-07-05","2024-07-05"
"21214","2024-09-15","2026-05-03"
"21215","2024-02-26","2026-04-16"
"21216","2024-06-10","2026-06-04"
"21217","",""
"21218","2025-01-26","2026-06-08"
"21219","2025-06-30","2025-06-30"
"21220","",""
"21221","2024-01-14","2026-04-10"
"21222","",""
"21223","",""
"21224","",""
"21225","",""
"21226","2024-08-22","2026-04-09"
"21227","2024-05-18","2025-01-01"
"21228","2024-09-15","2026-06-06"
"21229","",""
"21230","",""
"21231","",""
"21232","",""
"21233","",""
"21234","",""
"21235","",""
"21236","",""
"21237","",""
"21238","",""
"21239","",""
"21240","",""
"21241","",""
"21242","",""
"21243","",""
"21244","",""
"21245","",""
"21246","",""
"21247","",""
"21248","2025-07-29","2025-08-31"
"21249","2025-07-31","2025-07-31"
"21250","2024-02-11","2026-05-19"
"21251","2024-01-28","2026-02-08"
"21252","2024-02-04","2026-04-22"
"21253","2024-07-30","2025-12-06"
"21254","2024-02-25","2026-06-07"
"21255","2024-04-19","2025-12-18"
"21256","2024-07-01","2024-12-11"
"21257","2024-05-18","2025-08-23"
"21258","2024-04-27","2025-12-23"
"21259","2024-03-21","2024-12-02"
"21260","2024-04-17","2025-10-15"
"21261","2024-04-07","2026-05-27"
"21262","2024-02-04","2026-05-30"
"21263","2024-03-16","2026-05-27"
"21264","2024-05-12","2026-01-02"
"21265","2024-03-25","2026-06-14"
"21266","2024-05-06","2025-11-03"
"21267","2025-11-30","2025-11-30"
"21268","2024-03-15","2026-06-10"
"21269","",""
"21270","2024-03-31","2024-03-31"
"21271","2024-02-11","2026-06-12"
"21272","2024-02-13","2026-06-06"
"21273","2024-06-01","2025-11-04"
"21274","",""
"21275","2025-01-02","2025-11-04"
"21276","",""
"21277","2024-05-14","2026-03-02"
"21278","2024-05-10","2025-10-19"
"21279","2024-05-22","2026-06-08"
"21280","2024-01-21","2026-06-13"
"21281","2024-01-28","2026-06-13"
"21282","2024-04-21","2026-05-25"
"21283","",""
"21284","2024-03-13","2026-05-25"
"21285","2024-06-13","2024-06-13"
"21286","",""
"21287","2024-06-10","2024-06-10"
"21288","",""
"21289","2024-09-02","2024-09-02"
"21290","2024-03-10","2026-06-01"
"21291","",""
"21292","",""
"21293","2025-01-03","2026-05-19"
"21294","2024-04-23","2026-04-30"
"21295","2024-03-27","2026-06-14"
"21296","2024-05-10","2026-06-02"
"21297","2024-02-10","2026-05-17"
"21298","2024-09-01","2024-12-31"
"21299","",""
"21300","2024-06-15","2024-10-01"
"21301","",""
"21302","2024-06-21","2026-05-15"
"21303","2025-10-05","2025-10-05"
"21304","2024-05-14","2024-10-07"
"21305","",""
"21306","2025-05-01","2025-05-01"
"21307","2024-03-16","2025-04-30"
"21308","",""
"21309","2024-07-06","2025-11-15"
"21310","2025-12-06","2025-12-06"
"21311","2024-02-05","2026-05-22"
"21312","2024-02-26","2026-05-31"
"21313","",""
"21314","2024-04-23","2024-09-01"
"21315","2024-02-12","2026-05-23"
"21316","2024-08-18","2026-05-09"
"21317","",""
"21318","2024-05-05","2026-01-01"
"21319","2026-02-19","2026-02-19"
"21320","",""
"21321","2024-11-07","2025-12-15"
"21322","2024-01-28","2026-06-08"
"21323","2024-05-03","2026-01-03"
"21324","2024-02-05","2026-04-11"
"21325","2024-03-06","2026-03-25"
"21326","2024-05-19","2026-06-07"
"21327","2024-03-15","2024-04-13"
"21328","2024-07-22","2026-05-25"
"21329","2024-03-09","2026-06-14"
"21330","",""
"21331","2024-06-09","2025-10-01"
"21332","",""
"21333","2024-06-03","2026-05-18"
"21334","2024-04-16","2025-08-17"
"21335","2024-04-12","2026-05-14"
"21336","",""
"21337","2025-09-28","2026-06-01"
"21338","2024-02-13","2024-06-11"
"21339","",""
"21340","2024-04-26","2024-10-28"
"21341","",""
"21342","2025-10-11","2026-01-17"
"21343","2024-03-14","2026-05-18"
"21344","2025-04-26","2025-04-26"
"21345","2024-02-29","2025-02-07"
"21346","2024-06-29","2024-06-29"
"21347","",""
"21348","2025-09-14","2026-04-20"
"21349","2024-11-23","2024-11-23"
"21350","",""
"21351","2024-06-22","2024-12-02"
"21352","2024-05-06","2025-02-19"
"21353","2024-03-25","2026-05-25"
"21354","2024-05-01","2026-01-10"
"21355","2024-11-22","2026-06-03"
"21356","2024-04-20","2026-05-09"
"21357","2024-03-25","2026-06-01"
"21358","",""
"21359","2024-03-26","2024-03-26"
"21360","",""
"21361","",""
"21362","",""
"21363","2024-03-04","2024-03-04"
"21364","2024-02-22","2026-05-24"
"21365","2024-07-07","2026-01-05"
"21366","2024-07-03","2026-03-08"
"21367","",""
"21368","2024-03-31","2024-06-09"
"21369","2024-06-06","2024-06-06"
"21370","2024-11-10","2024-11-10"
"21371","2024-03-27","2024-03-27"
"21372","",""
"21373","",""
"21374","2024-04-19","2024-05-25"
"21375","",""
"21376","",""
"21377","",""
"21378","2024-06-05","2025-11-16"
"21379","2024-03-23","2026-05-25"
"21380","2024-09-04","2025-06-09"
"21381","2024-05-14","2024-05-14"
"21382","2025-04-30","2025-04-30"
"21383","2024-03-31","2024-03-31"
"21384","",""
"21385","",""
"21386","2024-04-05","2024-08-02"
"21387","2026-03-31","2026-06-07"
"21388","",""
"21389","2024-02-19","2026-06-07"
"21390","2024-05-27","2026-05-25"
"21391","",""
"21392","2024-02-29","2024-09-10"
"21393","2024-08-27","2025-03-05"
"21394","2025-06-30","2025-09-30"
"21395","2024-02-11","2026-05-06"
"21396","",""
"21397","2025-06-12","2026-05-12"
"21398","2025-03-01","2025-03-01"
"21399","",""
"21400","",""
"21401","2024-04-07","2026-05-30"
"21402","2024-03-13","2026-06-13"
"21403","2024-01-31","2026-06-01"
"21404","2024-02-29","2024-02-29"
"21405","2024-03-07","2026-06-13"
"21406","2024-05-26","2026-05-30"
"21407","2024-03-03","2026-06-08"
"21408","2024-05-01","2026-05-31"
"21409","2024-02-19","2026-06-11"
"21410","",""
"21411","2024-08-18","2026-05-25"
"21412","2026-06-01","2026-06-01"
"21413","2024-03-27","2026-03-16"
"21414","2024-03-20","2026-04-04"
"21415","",""
"21416","2025-02-10","2026-05-22"
"21417","2024-05-11","2024-12-07"
"21418","",""
"21419","",""
"21420","",""
"21421","2024-08-31","2024-12-20"
"21422","2024-08-26","2026-02-15"
"21423","2024-12-08","2026-04-27"
"21424","2024-03-01","2024-03-01"
"21425","2024-12-22","2024-12-22"
"21426","2024-03-23","2026-02-22"
"21427","2024-09-09","2026-05-31"
"21428","2024-04-19","2026-05-25"
"21429","",""
"21430","2024-03-17","2026-05-17"
"21431","2025-12-06","2026-05-16"
"21432","2024-04-04","2024-07-15"
"21433","2025-03-31","2026-02-22"
"21434","2024-03-16","2026-02-15"
"21435","2024-03-30","2025-08-18"
"21436","2024-03-17","2026-06-07"
"21437","2024-06-30","2025-05-02"
"21438","2024-03-18","2026-05-25"
"21439","2024-03-07","2026-05-24"
"21440","",""
"21441","2024-04-02","2026-05-31"
"21442","2025-05-08","2025-08-16"
"21443","",""
"21444","",""
"21445","2024-05-23","2024-09-02"
"21446","",""
"21447","2024-12-01","2026-01-31"
"21448","",""
"21449","",""
"21450","2024-08-31","2024-08-31"
"21451","2025-11-29","2026-06-08"
"21452","2024-03-08","2024-04-09"
"21453","2024-10-21","2025-01-03"
"21454","",""
"21455","",""
"21456","2024-07-15","2025-10-01"
"21457","2024-05-22","2026-01-05"
"21458","",""
"21459","",""
"21460","",""
"21461","2024-03-24","2025-10-20"
"21462","2025-03-02","2025-08-10"
"21463","2024-06-09","2024-12-30"
"21464","",""
"21465","2024-04-23","2026-06-13"
"21466","2024-07-04","2024-07-04"
"21467","2024-03-03","2026-05-31"
"21468","2024-05-03","2024-05-03"
"21469","2024-02-19","2026-05-29"
"21470","2024-07-15","2026-05-10"
"21471","2024-04-23","2025-12-26"
"21472","2024-02-19","2024-12-08"
"21473","2024-03-31","2026-06-07"
"21474","",""
"21475","2024-02-26","2025-06-26"
"21476","2024-03-23","2026-05-23"
"21477","2024-03-14","2026-05-10"
"21478","2024-04-23","2026-02-08"
"21479","",""
"21480","",""
"21481","2024-03-31","2024-07-26"
"21482","2024-03-12","2024-06-03"
"21483","2024-10-12","2026-06-07"
"21484","2024-07-17","2026-06-02"
"21485","2024-08-10","2024-08-10"
"21486","2024-05-13","2025-12-05"
"21487","2024-04-22","2026-06-08"
"21488","2024-06-20","2024-06-20"
"21489","2024-04-15","2026-06-10"
"21490","2024-07-07","2025-10-01"
"21491","",""
"21492","",""
"21493","2025-10-12","2026-04-30"
"21494","2024-08-24","2024-08-24"
"21495","2024-05-18","2026-05-18"
"21496","2024-03-22","2025-08-19"
"21497","",""
"21498","2024-05-20","2025-12-30"
"21499","2024-04-23","2024-04-23"
"21500","",""
"21501","2025-07-20","2026-03-31"
"21502","2024-07-29","2025-12-20"
"21503","",""
"21504","2024-05-26","2026-06-08"
"21505","2024-08-24","2026-01-27"
"21506","",""
"21507","2024-10-15","2026-05-31"
"21508","2024-04-03","2026-06-06"
"21509","2024-03-14","2026-06-07"
"21510","",""
"21511","2024-03-11","2025-08-24"
"21512","2024-05-15","2026-06-05"
"21513","2024-04-08","2025-07-01"
"21514","",""
"21515","2024-03-11","2026-05-24"
"21516","2024-04-30","2026-02-14"
"21517","",""
"21518","",""
"21519","2024-10-30","2024-11-30"
"21520","2024-10-12","2025-05-03"
"21521","",""
"21522","",""
"21523","",""
"21524","2024-11-05","2024-11-05"
"21525","2024-04-09","2024-04-09"
"21526","2026-03-01","2026-03-01"
"21527","",""
"21528","2025-09-22","2025-12-30"
"21529","",""
"21530","",""
"21531","2024-04-07","2026-03-29"
"21532","2024-10-05","2024-10-05"
"21533","2024-09-15","2024-09-15"
"21534","2024-05-25","2026-05-11"
"21535","2024-10-06","2024-10-06"
"21536","2024-05-16","2025-06-30"
"21537","2024-09-08","2025-11-15"
"21538","2024-02-26","2026-03-21"
"21539","2024-10-15","2024-10-15"
"21540","",""
"21541","2024-06-07","2026-06-12"
"21542","2024-09-29","2026-05-31"
"21543","",""
"21544","2024-05-14","2026-06-02"
"21545","",""
"21546","2024-08-16","2026-04-15"
"21547","",""
"21548","",""
"21549","2024-03-11","2026-04-27"
"21550","2024-02-26","2026-05-15"
"21551","",""
"21552","",""
"21553","2024-03-09","2026-06-07"
"21554","2024-03-31","2026-03-06"
"21555","",""
"21556","2024-05-14","2026-05-20"
"21557","2024-03-21","2024-03-21"
"21558","2025-06-30","2025-11-15"
"21559","2024-05-01","2024-12-31"
"21560","",""
"21561","2025-11-10","2026-05-26"
"21562","2025-06-08","2026-05-02"
"21563","2024-10-31","2024-10-31"
"21564","",""
"21565","2024-08-13","2024-08-13"
"21566","2024-08-02","2024-11-07"
"21567","2024-09-15","2026-06-10"
"21568","2024-03-10","2026-05-31"
"21569","",""
"21570","2024-06-10","2024-06-10"
"21571","2024-05-03","2025-08-03"
"21572","2024-03-18","2025-10-31"
"21573","",""
"21574","2024-05-07","2026-01-06"
"21575","2024-04-30","2026-05-31"
"21576","2024-03-01","2026-06-11"
"21577","2024-03-07","2026-06-09"
"21578","2024-05-13","2025-09-29"
"21579","2024-04-03","2026-05-14"
"21580","2024-08-31","2025-08-15"
"21581","",""
"21582","2024-05-04","2025-12-07"
"21583","2024-04-01","2025-12-08"
"21584","",""
"21585","",""
"21586","",""
"21587","2024-07-08","2026-05-17"
"21588","2024-05-18","2026-06-07"
"21589","",""
"21590","2024-03-31","2026-04-26"
"21591","",""
"21592","2024-04-26","2026-04-10"
"21593","2025-07-20","2025-07-21"
"21594","",""
"21595","2025-02-23","2025-10-29"
"21596","",""
"21597","",""
"21598","",""
"21599","",""
"21600","",""
"21601","2025-12-15","2025-12-15"
"21602","",""
"21603","2024-08-31","2024-08-31"
"21604","",""
"21605","",""
"21606","",""
"21607","",""
"21608","",""
"21609","2025-11-22","2025-12-26"
"21610","",""
"21611","",""
"21612","",""
"21613","",""
"21614","2025-01-20","2026-05-03"
"21615","",""
"21616","",""
"21617","",""
"21618","",""
"21619","2024-03-06","2026-05-30"
"21620","2024-07-04","2024-08-07"
"21621","",""
"21622","",""
"21623","",""
"21624","2024-12-29","2024-12-29"
"21625","2025-02-23","2025-08-02"
"21626","2025-07-27","2025-07-27"
"21627","2024-07-29","2024-07-29"
"21628","2024-05-25","2026-03-03"
"21629","2024-04-07","2026-04-27"
"21630","2024-10-10","2024-12-24"
"21631","",""
"21632","",""
"21633","2024-11-30","2024-11-30"
"21634","",""
"21635","",""
"21636","",""
"21637","2024-06-01","2024-10-02"
"21638","",""
"21639","2025-03-10","2025-12-21"
"21640","",""
"21641","2024-06-03","2024-12-11"
"21642","",""
"21643","2024-06-16","2026-05-30"
"21644","2024-12-01","2025-02-01"
"21645","2024-03-14","2026-05-31"
"21646","2024-07-21","2026-05-25"
"21647","2024-12-27","2026-05-01"
"21648","",""
"21649","2024-10-21","2026-03-31"
"21650","2024-10-05","2026-04-05"
"21651","",""
"21652","",""
"21653","",""
"21654","2025-07-21","2025-08-04"
"21655","2024-04-07","2026-05-02"
"21656","2024-03-19","2026-06-07"
"21657","",""
"21658","2024-03-31","2025-12-29"
"21659","",""
"21660","",""
"21661","2024-03-01","2026-06-19"
"21662","2024-04-04","2026-06-18"
"21663","2024-07-14","2026-05-29"
"21664","2024-03-05","2026-06-07"
"21665","2025-12-05","2026-06-05"
"21666","2025-01-05","2026-06-19"
"21667","2026-02-14","2026-04-19"
"21668","",""
"21669","2025-06-14","2025-06-14"
"21670","",""
"21671","2024-06-30","2025-01-02"
"21672","2024-04-02","2026-02-25"
"21673","2024-03-31","2026-01-03"
"21674","2025-01-22","2026-06-18"
"21675","",""
"21676","",""
"21677","2024-07-01","2026-03-28"
"21678","2024-06-08","2026-05-30"
"21679","2024-07-27","2025-01-03"
"21680","",""
"21681","",""
"21682","",""
"21683","2026-02-14","2026-02-14"
"21684","",""
"21685","",""
"21686","",""
"21687","",""
"21688","2024-03-01","2025-11-19"
"21689","",""
"21690","2024-07-06","2026-05-23"
"21691","2026-02-13","2026-05-17"
"21692","",""
"21693","2025-04-07","2025-07-11"
"21694","",""
"21695","",""
"21696","",""
"21697","",""
"21698","",""
"21699","2024-03-31","2026-03-01"
"21700","2025-06-27","2026-02-01"
"21701","2024-03-31","2025-09-06"
"21702","2025-01-14","2025-09-02"
"21703","",""
"21704","",""
"21705","2024-04-27","2024-12-01"
"21706","2024-04-26","2024-12-02"
"21707","2024-04-28","2024-10-29"
"21708","2024-05-31","2026-04-22"
"21709","2024-06-01","2024-06-01"
"21710","2024-03-31","2026-05-25"
"21711","2024-04-01","2026-02-17"
"21712","",""
"21713","",""
"21714","",""
"21715","2025-11-30","2025-11-30"
"21716","2024-06-01","2024-06-01"
"21717","",""
"21718","2024-03-14","2026-06-02"
"21719","2025-07-27","2025-07-27"
"21720","2024-08-01","2025-05-14"
"21721","2024-06-13","2024-06-13"
"21722","2024-08-31","2025-10-13"
"21723","2025-08-30","2025-11-01"
"21724","",""
"21725","",""
"21726","2024-03-31","2025-08-16"
"21727","2024-05-22","2026-05-24"
"21728","",""
"21729","2026-02-04","2026-02-04"
"21730","",""
"21731","",""
"21732","2024-05-16","2025-10-05"
"21733","",""
"21734","",""
"21735","2024-03-14","2026-05-30"
"21736","2024-03-03","2026-05-26"
"21737","2024-03-25","2026-05-22"
"21738","2026-03-14","2026-05-27"
"21739","2024-03-01","2024-03-20"
"21740","",""
"21741","2024-08-28","2026-06-08"
"21742","",""
"21743","2024-05-19","2026-05-25"
"21744","",""
"21745","2025-03-30","2026-04-20"
"21746","",""
"21747","",""
"21748","",""
"21749","2024-04-07","2026-06-13"
"21750","",""
"21751","2024-10-11","2026-04-18"
"21752","2024-12-12","2024-12-12"
"21753","2024-06-27","2025-12-14"
"21754","2024-08-27","2025-08-12"
"21755","2024-03-28","2025-01-03"
"21756","2024-06-01","2026-05-31"
"21757","",""
"21758","",""
"21759","2024-06-01","2026-01-21"
"21760","",""
"21761","2024-05-01","2026-02-09"
"21762","2024-03-10","2026-02-08"
"21763","2026-01-18","2026-02-25"
"21764","2025-02-16","2025-06-03"
"21765","2024-03-24","2026-05-31"
"21766","2024-03-24","2026-06-12"
"21767","2025-06-25","2026-04-06"
"21768","2024-04-01","2025-01-04"
"21769","2024-03-16","2024-12-10"
"21770","2024-03-10","2024-12-25"
"21771","",""
"21772","",""
"21773","",""
"21774","",""
"21775","2024-03-21","2026-05-31"
"21776","",""
"21777","",""
"21778","",""
"21779","2026-03-03","2026-06-06"
"21780","",""
"21781","2024-05-11","2026-06-07"
"21782","2025-11-16","2026-05-02"
"21783","2026-01-02","2026-04-12"
"21784","2024-08-03","2024-09-14"
"21785","2024-10-06","2024-10-06"
"21786","",""
"21787","",""
"21788","",""
"21789","",""
"21790","",""
"21791","2025-09-07","2026-04-23"
"21792","",""
"21793","",""
"21794","",""
"21795","2024-11-11","2024-11-11"
"21796","",""
"21797","",""
"21798","",""
"21799","",""
"21800","",""
"21801","2025-04-06","2026-02-14"
"21802","2024-03-17","2026-05-04"
"21803","2024-05-14","2025-06-21"
"21804","",""
"21805","",""
"21806","2024-05-12","2026-05-24"
"21807","2024-04-15","2026-05-25"
"21808","2024-12-05","2025-12-03"
"21809","",""
"21810","",""
"21811","",""
"21812","",""
"21813","2024-08-10","2025-11-02"
"21814","",""
"21815","2024-06-21","2026-05-14"
"21816","2025-10-28","2025-11-28"
"21817","2024-04-01","2026-06-12"
"21818","2024-07-08","2026-05-15"
"21819","2024-04-06","2026-05-22"
"21820","2024-04-12","2026-05-31"
"21821","",""
"21822","2024-06-08","2025-08-23"
"21823","2024-04-20","2026-05-30"
"21824","2024-04-24","2025-12-25"
"21825","2024-08-31","2025-05-07"
"21826","2024-08-13","2026-06-11"
"21827","2025-11-08","2026-02-28"
"21828","",""
"21829","",""
"21830","2024-08-03","2025-11-08"
"21831","",""
"21832","",""
"21833","2024-03-18","2026-05-25"
"21834","",""
"21835","",""
"21836","2024-03-20","2026-05-21"
"21837","2024-03-14","2026-05-26"
"21838","2024-03-20","2026-05-13"
"21839","2024-04-04","2026-05-13"
"21840","",""
"21841","",""
"21842","",""
"21843","2024-08-04","2026-06-02"
"21844","2024-08-12","2024-12-03"
"21845","2025-02-12","2025-03-17"
"21846","2025-04-24","2026-03-16"
"21847","",""
"21848","",""
"21849","",""
"21850","2024-05-19","2025-09-17"
"21851","2025-08-31","2026-02-15"
"21852","",""
"21853","2024-06-11","2024-06-11"
"21854","2024-09-03","2025-08-05"
"21855","2024-06-20","2026-03-01"
"21856","2024-04-20","2025-01-01"
"21857","2024-11-15","2025-12-12"
"21858","2024-07-28","2026-05-22"
"21859","2025-03-03","2026-06-14"
"21860","2024-08-04","2026-06-15"
"21861","2024-03-17","2025-12-21"
"21862","2026-03-21","2026-06-09"
"21863","2024-07-19","2026-06-05"
"21864","",""
"21865","2025-11-15","2025-11-15"
"21866","2024-08-18","2026-03-10"
"21867","",""
"21868","2024-06-10","2024-06-10"
"21869","2025-05-04","2026-05-08"
"21870","",""
"21871","2024-03-17","2026-05-17"
"21872","2025-03-04","2025-12-22"
"21873","2024-04-29","2024-04-29"
"21874","2024-04-26","2024-04-26"
"21875","2024-04-19","2024-05-28"
"21876","2024-07-14","2024-07-14"
"21877","2024-03-17","2025-03-23"
"21878","",""
"21879","2025-10-04","2025-10-04"
"21880","",""
"21881","2024-05-03","2026-01-25"
"21882","2024-05-15","2026-05-22"
"21883","",""
"21884","2024-05-25","2024-05-25"
"21885","2024-09-18","2026-06-07"
"21886","2024-04-22","2026-06-05"
"21887","2024-06-13","2025-01-05"
"21888","2024-11-17","2024-11-17"
"21889","",""
"21890","",""
"21891","2024-06-05","2026-05-15"
"21892","2024-03-24","2025-09-27"
"21893","2024-04-30","2025-12-01"
"21894","",""
"21895","",""
"21896","",""
"21897","",""
"21898","2025-10-13","2026-05-31"
"21899","2024-09-01","2026-05-18"
"21900","2024-05-24","2026-05-31"
"21901","2024-04-05","2026-06-11"
"21902","2024-06-27","2025-06-29"
"21903","",""
"21904","2024-04-19","2026-05-15"
"21905","",""
"21906","2024-05-04","2025-08-16"
"21907","2025-01-31","2025-01-31"
"21908","2024-07-06","2025-03-03"
"21909","",""
"21910","2024-08-14","2026-05-15"
"21911","2024-05-05","2026-05-04"
"21912","2024-05-31","2026-03-23"
"21913","2024-03-20","2025-01-04"
"21914","2024-03-24","2026-05-17"
"21915","2024-08-24","2026-05-10"
"21916","",""
"21917","",""
"21918","2025-03-19","2026-05-15"
"21919","2025-09-28","2025-10-10"
"21920","",""
"21921","2024-03-19","2026-05-25"
"21922","",""
"21923","2024-11-22","2025-02-01"
"21924","",""
"21925","",""
"21926","2024-05-22","2026-06-06"
"21927","2025-08-02","2025-11-25"
"21928","",""
"21929","2024-08-27","2026-06-05"
"21930","2024-05-08","2026-06-07"
"21931","2024-04-19","2026-06-10"
"21932","2024-05-08","2025-09-01"
"21933","2025-05-24","2026-03-28"
"21934","2024-04-28","2025-01-06"
"21935","2024-05-12","2026-05-21"
"21936","2024-07-11","2025-08-13"
"21937","2024-05-17","2025-12-29"
"21938","2024-05-03","2025-02-08"
"21939","",""
"21940","",""
"21941","2024-05-18","2026-05-11"
"21942","2024-05-10","2026-05-25"
"21943","2024-05-04","2026-06-12"
"21944","2024-11-27","2026-05-16"
"21945","2024-05-26","2026-06-07"
"21946","2024-09-22","2026-06-10"
"21947","",""
"21948","",""
"21949","",""
"21950","2024-04-15","2026-06-07"
"21951","2024-04-27","2026-03-27"
"21952","2024-05-05","2026-06-01"
"21953","2024-05-05","2026-05-31"
"21954","2024-04-28","2026-05-31"
"21955","2024-05-05","2025-12-26"
"21956","2024-04-29","2026-06-12"
"21957","",""
"21958","",""
"21959","",""
"21960","2024-04-15","2026-06-08"
"21961","2024-04-07","2026-06-12"
"21962","2024-10-02","2026-03-10"
"21963","2025-03-23","2026-05-13"
"21964","",""
"21965","2024-05-26","2026-01-04"
"21966","2025-02-26","2025-02-26"
"21967","2024-06-10","2025-12-14"
"21968","2025-07-18","2026-06-11"
"21969","",""
"21970","",""
"21971","",""
"21972","",""
"21973","",""
"21974","",""
"21975","",""
"21976","",""
"21977","",""
"21978","",""
"21979","",""
"21980","",""
"21981","",""
"21982","",""
"21983","",""
"21984","",""
"21985","",""
"21986","",""
"21987","",""
"21988","",""
"21989","",""
"21990","",""
"21991","",""
"21992","",""
"21993","",""
"21994","",""
"21995","",""
"21996","",""
"21997","",""
"21998","",""
"21999","",""
"22000","2025-07-02","2025-08-16"
"22001","",""
"22002","",""
"22003","",""
"22004","",""
"22005","2024-06-29","2026-06-02"
"22006","2024-04-05","2026-03-08"
"22007","2024-06-10","2026-03-05"
"22008","2024-04-19","2026-01-29"
"22009","",""
"22010","2024-05-31","2026-04-12"
"22011","2026-03-06","2026-03-06"
"22012","",""
"22013","2024-04-30","2024-04-30"
"22014","",""
"22015","",""
"22016","2024-05-05","2026-06-08"
"22017","2024-07-21","2026-02-13"
"22018","2024-11-12","2026-03-17"
"22019","2024-09-09","2026-05-21"
"22020","2024-05-31","2026-05-01"
"22021","",""
"22022","",""
"22023","",""
"22024","2024-05-01","2026-06-03"
"22025","2024-05-31","2026-03-30"
"22026","",""
"22027","2024-05-20","2025-12-09"
"22028","",""
"22029","",""
"22030","",""
"22031","",""
"22032","",""
"22033","2024-07-31","2026-05-24"
"22034","",""
"22035","2024-05-07","2024-07-08"
"22036","2024-03-29","2025-04-14"
"22037","",""
"22038","",""
"22039","2024-06-03","2025-01-31"
"22040","2024-03-25","2026-05-19"
"22041","2024-03-24","2026-01-05"
"22042","2024-05-04","2026-05-20"
"22043","2024-08-07","2026-06-12"
"22044","",""
"22045","2024-04-22","2026-04-16"
"22046","2024-05-05","2026-05-18"
"22047","2025-04-14","2025-12-14"
"22048","2024-07-01","2024-07-01"
"22049","2024-08-03","2024-08-03"
"22050","",""
"22051","",""
"22052","2025-07-24","2025-07-24"
"22053","2025-03-01","2026-05-03"
"22054","",""
"22055","2024-04-06","2026-05-04"
"22056","2024-07-30","2024-07-30"
"22057","2025-06-27","2025-06-27"
"22058","2024-08-05","2024-08-05"
"22059","",""
"22060","",""
"22061","",""
"22062","2025-03-28","2026-05-20"
"22063","2024-04-07","2026-06-01"
"22064","2024-07-18","2026-03-04"
"22065","",""
"22066","2025-04-15","2026-01-01"
"22067","",""
"22068","2024-05-15","2026-05-14"
"22069","2025-04-07","2026-06-01"
"22070","2024-06-25","2026-06-11"
"22071","2024-06-05","2026-05-31"
"22072","2024-04-21","2026-05-14"
"22073","",""
"22074","2024-07-31","2026-03-06"
"22075","2024-03-27","2026-05-16"
"22076","2024-04-09","2026-06-07"
"22077","",""
"22078","",""
"22079","2024-10-02","2026-04-10"
"22080","",""
"22081","",""
"22082","2026-05-23","2026-05-23"
"22083","",""
"22084","2024-05-27","2026-06-03"
"22085","2024-03-28","2026-05-21"
"22086","2024-06-23","2026-02-28"
"22087","2024-09-10","2024-10-28"
"22088","2024-07-02","2025-11-24"
"22089","",""
"22090","2025-07-01","2025-07-01"
"22091","",""
"22092","2024-05-15","2026-05-14"
"22093","",""
"22094","",""
"22095","",""
"22096","",""
"22097","",""
"22098","",""
"22099","2024-08-24","2026-03-11"
"22100","2024-04-11","2026-05-30"
"22101","2024-10-23","2024-10-23"
"22102","2024-05-20","2025-12-28"
"22103","2025-12-26","2025-12-26"
"22104","2024-05-04","2026-05-28"
"22105","2024-10-27","2024-10-27"
"22106","2024-05-01","2025-11-23"
"22107","2024-05-25","2024-05-25"
"22108","2025-07-13","2026-05-24"
"22109","",""
"22110","",""
"22111","",""
"22112","",""
"22113","2025-02-02","2025-02-02"
"22114","2024-05-31","2026-01-03"
"22115","2024-04-01","2024-05-09"
"22116","",""
"22117","2024-07-08","2026-05-24"
"22118","2024-07-06","2024-07-06"
"22119","",""
"22120","",""
"22121","2026-02-16","2026-02-16"
"22122","2026-01-04","2026-01-04"
"22123","2024-09-22","2026-05-27"
"22124","2024-10-04","2026-05-06"
"22125","2024-05-15","2026-03-01"
"22126","",""
"22127","2024-05-13","2025-04-12"
"22128","2024-06-03","2025-08-10"
"22129","",""
"22130","2024-05-09","2026-02-28"
"22131","2024-06-01","2024-06-01"
"22132","2024-04-20","2026-05-30"
"22133","",""
"22134","",""
"22135","",""
"22136","",""
"22137","2024-06-15","2026-06-03"
"22138","",""
"22139","2024-05-13","2026-06-07"
"22140","",""
"22141","",""
"22142","2024-06-17","2026-06-06"
"22143","2024-11-01","2025-10-31"
"22144","2024-05-14","2026-03-15"
"22145","2025-01-06","2025-09-03"
"22146","2025-04-03","2026-04-09"
"22147","2024-11-10","2025-08-30"
"22148","2025-03-04","2025-05-15"
"22149","2024-06-15","2025-11-02"
"22150","2024-04-24","2026-05-15"
"22151","",""
"22152","2024-05-01","2025-07-02"
"22153","2024-04-06","2026-05-30"
"22154","2026-05-01","2026-05-01"
"22155","2024-08-04","2026-04-25"
"22156","2026-01-01","2026-06-04"
"22157","2025-05-31","2025-12-03"
"22158","2024-07-03","2024-07-03"
"22159","2024-05-26","2026-04-30"
"22160","",""
"22161","2024-05-19","2026-05-11"
"22162","",""
"22163","",""
"22164","",""
"22165","2024-10-31","2024-10-31"
"22166","2024-06-10","2026-06-07"
"22167","2024-05-14","2026-05-26"
"22168","",""
"22169","",""
"22170","2025-08-15","2025-08-15"
"22171","2024-12-01","2026-06-11"
"22172","2024-08-12","2026-05-26"
"22173","2024-07-05","2026-06-01"
"22174","2024-10-02","2025-09-20"
"22175","",""
"22176","2024-04-18","2026-05-21"
"22177","2024-05-27","2026-02-15"
"22178","2024-10-01","2025-12-28"
"22179","2024-08-03","2024-08-03"
"22180","2024-06-14","2024-07-21"
"22181","",""
"22182","2024-06-27","2024-06-27"
"22183","2025-01-31","2025-01-31"
"22184","2024-04-23","2026-05-20"
"22185","2024-04-13","2026-06-08"
"22186","2024-05-14","2026-04-06"
"22187","",""
"22188","2024-05-27","2026-04-30"
"22189","2024-04-28","2025-12-03"
"22190","2024-11-26","2024-11-26"
"22191","",""
"22192","2026-01-18","2026-03-03"
"22193","2025-11-19","2025-11-19"
"22194","2025-06-30","2025-08-30"
"22195","2024-05-05","2026-05-17"
"22196","2024-06-01","2026-03-31"
"22197","2024-06-16","2026-05-10"
"22198","",""
"22199","",""
"22200","",""
"22201","2024-09-19","2024-09-19"
"22202","2024-08-03","2025-01-07"
"22203","",""
"22204","2024-04-20","2026-05-20"
"22205","2024-04-07","2026-04-27"
"22206","2024-04-24","2026-05-27"
"22207","2024-12-13","2024-12-13"
"22208","2024-07-15","2025-10-16"
"22209","",""
"22210","2025-06-01","2025-06-01"
"22211","",""
"22212","2024-04-09","2026-06-08"
"22213","2024-06-30","2026-01-18"
"22214","",""
"22215","",""
"22216","2024-10-20","2026-06-07"
"22217","2024-08-25","2026-05-24"
"22218","2024-09-01","2026-05-20"
"22219","",""
"22220","",""
"22221","2025-01-02","2026-05-13"
"22222","",""
"22223","",""
"22224","",""
"22225","",""
"22226","2025-11-03","2025-11-03"
"22227","2025-04-09","2026-04-30"
"22228","",""
"22229","",""
"22230","2025-07-01","2025-07-01"
"22231","2024-04-29","2026-05-24"
"22232","2024-05-12","2026-05-03"
"22233","2024-05-05","2026-05-24"
"22234","2024-06-23","2025-11-25"
"22235","",""
"22236","",""
"22237","2024-04-28","2026-06-07"
"22238","2024-07-24","2026-05-02"
"22239","",""
"22240","2024-04-09","2026-05-08"
"22241","2024-04-14","2026-05-18"
"22242","2026-02-01","2026-02-01"
"22243","",""
"22244","",""
"22245","2024-05-19","2025-01-05"
"22246","2024-06-07","2025-06-19"
"22247","2024-06-28","2025-03-16"
"22248","2024-05-27","2026-06-01"
"22249","2024-05-17","2026-06-01"
"22250","2024-07-05","2026-05-31"
"22251","2024-05-21","2024-10-07"
"22252","2024-08-10","2024-08-10"
"22253","2024-06-10","2025-05-19"
"22254","",""
"22255","",""
"22256","2024-08-28","2024-08-28"
"22257","",""
"22258","",""
"22259","2024-08-11","2026-04-01"
"22260","2024-06-30","2025-11-21"
"22261","",""
"22262","2024-07-04","2026-04-22"
"22263","2024-06-29","2024-06-29"
"22264","",""
"22265","",""
"22266","2025-10-19","2025-10-19"
"22267","",""
"22268","",""
"22269","2024-08-31","2024-08-31"
"22270","",""
"22271","2024-08-01","2026-04-30"
"22272","",""
"22273","",""
"22274","",""
"22275","2024-05-04","2026-05-25"
"22276","2025-09-25","2025-12-12"
"22277","2024-09-26","2025-12-05"
"22278","",""
"22279","",""
"22280","",""
"22281","",""
"22282","2024-04-21","2026-06-04"
"22283","2024-08-31","2024-08-31"
"22284","",""
"22285","",""
"22286","",""
"22287","",""
"22288","",""
"22289","2024-07-24","2026-05-30"
"22290","2025-02-22","2026-06-07"
"22291","2025-04-17","2026-04-01"
"22292","2024-08-29","2026-06-11"
"22293","2024-06-16","2025-12-29"
"22294","2024-08-29","2026-06-10"
"22295","",""
"22296","2024-08-30","2026-06-04"
"22297","",""
"22298","2024-04-28","2026-06-08"
"22299","",""
"22300","2024-06-23","2026-03-20"
"22301","2024-10-20","2024-10-20"
"22302","2024-06-07","2025-11-08"
"22303","",""
"22304","2025-08-17","2026-02-08"
"22305","2025-11-24","2026-05-09"
"22306","",""
"22307","2025-02-09","2026-05-16"
"22308","2025-08-11","2026-03-30"
"22309","2026-03-27","2026-03-27"
"22310","2024-05-27","2026-06-08"
"22311","2024-04-27","2026-06-07"
"22312","2024-06-11","2026-05-20"
"22313","2024-09-07","2026-06-06"
"22314","2025-09-07","2026-02-22"
"22315","2026-03-28","2026-04-28"
"22316","2024-06-14","2026-03-21"
"22317","2025-08-23","2026-03-30"
"22318","",""
"22319","2025-09-21","2026-06-01"
"22320","2025-09-08","2025-12-07"
"22321","2024-08-03","2026-05-23"
"22322","",""
"22323","",""
"22324","",""
"22325","2025-06-24","2026-03-05"
"22326","2025-12-30","2025-12-30"
"22327","2024-08-05","2024-08-05"
"22328","2025-03-08","2026-04-25"
"22329","2024-05-23","2026-05-07"
"22330","2024-10-01","2024-12-13"
"22331","2025-02-01","2026-04-12"
"22332","",""
"22333","",""
"22334","",""
"22335","",""
"22336","2024-10-02","2025-10-31"
"22337","2024-08-18","2024-08-18"
"22338","",""
"22339","2024-05-31","2025-04-03"
"22340","2024-04-21","2026-06-07"
"22341","2024-05-20","2026-06-03"
"22342","2025-05-27","2025-05-27"
"22343","2024-05-17","2026-05-20"
"22344","2024-04-28","2026-04-22"
"22345","",""
"22346","2025-05-19","2025-11-15"
"22347","",""
"22348","2025-07-13","2025-07-13"
"22349","",""
"22350","2024-07-02","2025-12-07"
"22351","2024-08-27","2026-05-21"
"22352","2024-09-09","2026-06-08"
"22353","2024-05-25","2026-05-30"
"22354","2026-03-02","2026-03-02"
"22355","2024-05-31","2024-05-31"
"22356","",""
"22357","2024-05-23","2026-04-30"
"22358","2024-05-16","2026-05-23"
"22359","2024-06-22","2026-05-17"
"22360","",""
"22361","2025-05-24","2025-05-27"
"22362","",""
"22363","2024-06-29","2025-11-05"
"22364","2024-08-10","2024-08-10"
"22365","2024-05-30","2024-10-01"
"22366","",""
"22367","2024-05-31","2024-06-30"
"22368","2024-05-27","2024-11-24"
"22369","2024-08-14","2024-09-16"
"22370","",""
"22371","2024-08-04","2026-05-30"
"22372","2024-04-26","2024-12-31"
"22373","2024-07-31","2024-12-18"
"22374","2024-05-05","2026-05-31"
"22375","2024-05-09","2026-05-24"
"22376","2024-05-06","2026-05-25"
"22377","2024-12-07","2024-12-07"
"22378","",""
"22379","",""
"22380","",""
"22381","2025-02-16","2025-02-16"
"22382","2024-05-07","2026-05-26"
"22383","2024-07-27","2024-08-30"
"22384","2024-05-06","2026-05-16"
"22385","2025-02-06","2025-02-06"
"22386","2024-10-28","2024-10-28"
"22387","2024-10-09","2025-05-08"
"22388","2024-10-23","2024-10-23"
"22389","2024-04-27","2025-12-29"
"22390","2024-04-28","2026-04-26"
"22391","2024-05-02","2026-05-29"
"22392","2024-05-15","2026-06-06"
"22393","2024-08-11","2026-03-02"
"22394","2025-09-30","2026-01-31"
"22395","2024-06-30","2025-10-31"
"22396","",""
"22397","2025-06-30","2025-08-31"
"22398","",""
"22399","2024-12-20","2026-03-01"
"22400","2025-01-07","2026-02-23"
"22401","2024-06-13","2026-03-31"
"22402","2024-09-01","2025-08-30"
"22403","2024-08-15","2026-05-20"
"22404","2024-09-22","2025-03-15"
"22405","2024-11-02","2025-08-16"
"22406","2024-04-26","2026-05-24"
"22407","2024-05-12","2026-05-15"
"22408","2025-12-08","2026-05-10"
"22409","",""
"22410","2024-09-22","2025-09-01"
"22411","2025-03-29","2026-03-31"
"22412","2024-09-14","2026-06-09"
"22413","",""
"22414","2024-10-08","2024-10-08"
"22415","2024-07-26","2026-03-14"
"22416","",""
"22417","",""
"22418","2024-07-05","2024-07-05"
"22419","2024-05-11","2026-05-18"
"22420","2024-05-06","2026-05-31"
"22421","2026-04-25","2026-06-05"
"22422","2024-05-15","2026-05-24"
"22423","",""
"22424","2024-04-25","2026-04-24"
"22425","2024-06-14","2026-06-08"
"22426","2024-10-21","2024-10-21"
"22427","",""
"22428","2024-08-10","2024-10-15"
"22429","2024-05-10","2026-05-17"
"22430","2024-09-29","2026-05-23"
"22431","2024-08-27","2024-08-27"
"22432","",""
"22433","2024-09-16","2025-10-13"
"22434","2024-07-05","2026-04-29"
"22435","2024-05-31","2024-10-31"
"22436","",""
"22437","2024-11-03","2024-11-03"
"22438","",""
"22439","",""
"22440","2024-12-01","2024-12-01"
"22441","",""
"22442","2024-06-21","2026-01-17"
"22443","2024-05-31","2025-03-20"
"22444","",""
"22445","",""
"22446","2024-06-09","2026-02-01"
"22447","2024-06-26","2026-04-15"
"22448","",""
"22449","",""
"22450","2024-06-01","2025-08-24"
"22451","2025-02-02","2026-05-14"
"22452","2024-07-04","2026-05-17"
"22453","",""
"22454","",""
"22455","",""
"22456","",""
"22457","",""
"22458","",""
"22459","2024-06-15","2024-06-15"
"22460","2024-04-27","2026-05-17"
"22461","2024-04-28","2026-05-17"
"22462","2024-04-28","2026-06-01"
"22463","2024-05-10","2026-05-27"
"22464","2024-06-02","2026-04-05"
"22465","",""
"22466","",""
"22467","",""
"22468","",""
"22469","",""
"22470","",""
"22471","",""
"22472","",""
"22473","",""
"22474","",""
"22475","",""
"22476","",""
"22477","",""
"22478","",""
"22479","",""
"22480","",""
"22481","",""
"22482","2026-05-26","2026-05-26"
"22483","",""
"22484","",""
"22485","2024-07-21","2024-07-21"
"22486","",""
"22487","",""
"22488","",""
"22489","",""
"22490","",""
"22491","",""
"22492","2024-07-12","2024-11-05"
"22493","",""
"22494","",""
"22495","2024-06-01","2024-06-01"
"22496","2024-05-07","2026-02-13"
"22497","2025-11-09","2025-11-09"
"22498","",""
"22499","",""
"22500","2024-09-05","2025-08-10"
"22501","2025-07-27","2025-09-05"
"22502","",""
"22503","2025-01-05","2026-05-24"
"22504","",""
"22505","2024-08-11","2026-06-07"
"22506","",""
"22507","",""
"22508","2024-05-08","2026-02-16"
"22509","2024-05-01","2026-05-28"
"22510","2024-08-02","2024-08-02"
"22511","2024-07-01","2024-07-01"
"22512","2024-09-01","2026-06-06"
"22513","2024-07-11","2024-11-01"
"22514","2024-10-14","2026-06-12"
"22515","2025-04-15","2026-01-15"
"22516","2024-05-02","2026-05-03"
"22517","2024-08-04","2025-11-09"
"22518","2024-08-03","2024-08-03"
"22519","2025-06-06","2025-06-06"
"22520","2025-03-23","2026-06-08"
"22521","2025-09-21","2026-05-28"
"22522","2025-07-27","2026-05-31"
"22523","2025-08-03","2026-06-07"
"22524","2024-05-26","2024-08-11"
"22525","",""
"22526","2025-05-31","2026-05-30"
"22527","",""
"22528","2024-06-30","2025-07-18"
"22529","2024-06-13","2025-09-12"
"22530","2024-07-07","2025-02-03"
"22531","",""
"22532","2024-06-18","2026-05-30"
"22533","2024-06-04","2026-06-09"
"22534","2025-09-03","2025-09-03"
"22535","",""
"22536","2024-09-20","2025-08-16"
"22537","2024-05-07","2026-04-02"
"22538","2024-05-07","2026-05-31"
"22539","2024-05-10","2026-05-17"
"22540","2025-03-23","2025-10-01"
"22541","2024-09-01","2025-10-01"
"22542","2025-04-13","2025-06-22"
"22543","2024-05-27","2025-12-30"
"22544","",""
"22545","",""
"22546","",""
"22547","",""
"22548","",""
"22549","",""
"22550","2025-04-10","2026-04-27"
"22551","2024-08-17","2025-01-07"
"22552","2024-07-01","2025-08-06"
"22553","2024-07-26","2026-06-11"
"22554","2025-04-14","2025-10-20"
"22555","",""
"22556","",""
"22557","",""
"22558","2024-07-07","2026-05-11"
"22559","2024-06-09","2026-06-13"
"22560","2025-09-01","2025-12-17"
"22561","2024-05-28","2026-05-25"
"22562","",""
"22563","",""
"22564","2024-08-16","2026-06-01"
"22565","2025-08-08","2025-08-08"
"22566","2025-08-10","2025-08-10"
"22567","",""
"22568","",""
"22569","2024-10-13","2026-06-14"
"22570","2024-08-10","2025-08-31"
"22571","2024-07-07","2026-05-29"
"22572","",""
"22573","2024-09-23","2025-09-17"
"22574","2024-06-10","2026-06-07"
"22575","",""
"22576","2024-06-02","2026-05-22"
"22577","2024-07-06","2025-10-01"
"22578","2025-08-06","2025-08-06"
"22579","",""
"22580","",""
"22581","",""
"22582","2024-10-15","2024-10-15"
"22583","",""
"22584","2024-10-18","2025-10-12"
"22585","2024-07-27","2024-11-10"
"22586","",""
"22587","2025-12-02","2026-02-11"
"22588","2024-06-13","2025-09-04"
"22589","",""
"22590","2024-06-12","2025-08-09"
"22591","",""
"22592","",""
"22593","2024-11-30","2025-06-07"
"22594","2024-08-10","2025-01-03"
"22595","2025-04-17","2026-06-01"
"22596","2024-08-23","2026-06-13"
"22597","",""
"22598","",""
"22599","2025-04-07","2026-06-08"
"22600","2025-05-20","2026-05-31"
"22601","2024-12-13","2025-06-21"
"22602","2024-06-10","2026-06-07"
"22603","",""
"22604","",""
"22605","2025-08-07","2025-08-07"
"22606","",""
"22607","",""
"22608","2024-05-21","2026-05-03"
"22609","2024-05-29","2026-05-15"
"22610","",""
"22611","2024-05-28","2026-05-23"
"22612","2025-07-04","2025-07-04"
"22613","2024-08-09","2026-04-20"
"22614","",""
"22615","2024-06-22","2025-09-09"
"22616","2024-06-02","2026-06-08"
"22617","",""
"22618","2025-02-01","2026-06-08"
"22619","2025-03-21","2026-05-05"
"22620","2024-06-10","2026-05-31"
"22621","2024-09-05","2025-06-18"
"22622","2025-03-19","2026-01-04"
"22623","",""
"22624","",""
"22625","2024-05-20","2025-12-31"
"22626","2024-05-22","2026-05-17"
"22627","2024-06-27","2026-06-07"
"22628","2024-08-02","2026-06-10"
"22629","2025-07-20","2025-12-15"
"22630","2024-06-02","2024-11-16"
"22631","2024-06-05","2026-04-26"
"22632","2024-07-06","2026-04-24"
"22633","2024-06-07","2026-05-27"
"22634","",""
"22635","2024-05-23","2026-04-19"
"22636","2024-06-08","2025-12-19"
"22637","",""
"22638","2024-05-29","2026-05-06"
"22639","2025-10-01","2025-10-01"
"22640","2024-05-17","2026-05-03"
"22641","",""
"22642","",""
"22643","",""
"22644","2024-06-02","2026-05-19"
"22645","2024-08-04","2026-05-24"
"22646","2024-06-11","2026-05-25"
"22647","2024-06-03","2026-05-28"
"22648","2024-05-22","2026-05-28"
"22649","2024-05-25","2026-05-29"
"22650","2024-05-23","2026-05-23"
"22651","2024-06-27","2026-05-30"
"22652","2024-05-26","2026-06-11"
"22653","2024-05-25","2026-06-01"
"22654","2024-08-06","2026-02-15"
"22655","2024-05-29","2026-05-31"
"22656","2024-07-20","2025-02-01"
"22657","",""
"22658","2024-06-01","2026-06-06"
"22659","",""
"22660","2024-05-20","2026-05-24"
"22661","2024-05-25","2026-05-22"
"22662","2024-06-19","2025-11-08"
"22663","2024-08-19","2024-08-19"
"22664","",""
"22665","2024-05-25","2026-05-22"
"22666","",""
"22667","2024-08-24","2025-02-01"
"22668","2024-05-26","2026-06-05"
"22669","2024-05-30","2026-05-31"
"22670","2024-05-27","2026-06-04"
"22671","",""
"22672","2024-12-01","2026-05-31"
"22673","2025-01-01","2026-05-26"
"22674","2025-08-31","2026-04-27"
"22675","2025-06-02","2026-06-05"
"22676","",""
"22677","",""
"22678","2024-06-25","2026-05-21"
"22679","2025-01-05","2026-06-07"
"22680","2024-08-11","2026-05-25"
"22681","2026-04-24","2026-04-24"
"22682","2025-09-13","2026-05-22"
"22683","2025-05-18","2026-04-17"
"22684","",""
"22685","2025-09-28","2025-09-28"
"22686","2025-08-03","2026-04-18"
"22687","",""
"22688","2024-12-20","2026-05-22"
"22689","2024-07-15","2026-05-25"
"22690","2024-11-23","2024-11-23"
"22691","2024-09-28","2026-05-16"
"22692","2024-06-27","2024-07-29"
"22693","",""
"22694","",""
"22695","",""
"22696","2024-06-10","2024-08-11"
"22697","2024-05-27","2024-09-18"
"22698","2024-05-27","2025-07-21"
"22699","",""
"22700","2024-08-08","2025-08-22"
"22701","",""
"22702","",""
"22703","2024-06-23","2026-05-23"
"22704","2024-10-04","2025-11-25"
"22705","",""
"22706","2025-03-24","2026-05-11"
"22707","2024-07-07","2025-08-22"
"22708","2024-07-03","2026-03-11"
"22709","2024-08-04","2024-08-04"
"22710","",""
"22711","2024-07-13","2026-05-28"
"22712","2024-07-01","2026-03-27"
"22713","2024-07-01","2024-08-17"
"22714","2024-05-28","2026-06-10"
"22715","2024-12-23","2025-01-31"
"22716","2024-07-29","2026-06-01"
"22717","",""
"22718","2024-06-13","2026-05-30"
"22719","2024-08-30","2024-08-30"
"22720","2024-06-30","2026-05-25"
"22721","2024-07-15","2025-04-30"
"22722","",""
"22723","2024-10-13","2025-11-22"
"22724","2024-08-10","2026-02-14"
"22725","2024-07-31","2024-10-01"
"22726","2025-05-02","2026-04-23"
"22727","",""
"22728","",""
"22729","",""
"22730","",""
"22731","2024-09-21","2026-06-06"
"22732","2024-08-04","2026-01-02"
"22733","",""
"22734","",""
"22735","",""
"22736","",""
"22737","",""
"22738","",""
"22739","",""
"22740","",""
"22741","",""
"22742","",""
"22743","",""
"22744","",""
"22745","",""
"22746","",""
"22747","",""
"22748","",""
"22749","",""
"22750","",""
"22751","",""
"22752","",""
"22753","",""
"22754","",""
"22755","",""
"22756","",""
"22757","",""
"22758","",""
"22759","",""
"22760","",""
"22761","",""
"22762","",""
"22763","",""
"22764","",""
"22765","",""
"22766","",""
"22767","",""
"22768","",""
"22769","",""
"22770","",""
"22771","",""
"22772","",""
"22773","",""
"22774","",""
"22775","",""
"22776","",""
"22777","",""
"22778","",""
"22779","",""
"22780","",""
"22781","",""
"22782","",""
"22783","",""
"22784","",""
"22785","",""
"22786","",""
"22787","",""
"22788","",""
"22789","",""
"22790","",""
"22791","",""
"22792","",""
"22793","",""
"22794","",""
"22795","",""
"22796","",""
"22797","",""
"22798","",""
"22799","",""
"22800","2024-07-30","2025-03-14"
"22801","",""
"22802","",""
"22803","",""
"22804","",""
"22805","",""
"22806","",""
"22807","",""
"22808","",""
"22809","2024-08-06","2026-03-17"
"22810","",""
"22811","",""
"22812","",""
"22813","",""
"22814","",""
"22815","",""
"22816","",""
"22817","",""
"22818","",""
"22819","",""
"22820","",""
"22821","",""
"22822","",""
"22823","",""
"22824","",""
"22825","",""
"22826","",""
"22827","",""
"22828","",""
"22829","",""
"22830","",""
"22831","",""
"22832","",""
"22833","",""
"22834","",""
"22835","",""
"22836","",""
"22837","",""
"22838","",""
"22839","",""
"22840","2024-07-02","2024-07-02"
"22841","",""
"22842","",""
"22843","",""
"22844","",""
"22845","",""
"22846","2024-08-29","2026-06-09"
"22847","",""
"22848","",""
"22849","",""
"22850","",""
"22851","",""
"22852","",""
"22853","",""
"22854","2024-09-08","2026-06-07"
"22855","",""
"22856","",""
"22857","",""
"22858","",""
"22859","",""
"22860","",""
"22861","",""
"22862","",""
"22863","",""
"22864","",""
"22865","",""
"22866","",""
"22867","",""
"22868","",""
"22869","",""
"22870","",""
"22871","",""
"22872","",""
"22873","",""
"22874","",""
"22875","",""
"22876","",""
"22877","",""
"22878","",""
"22879","",""
"22880","",""
"22881","",""
"22882","",""
"22883","",""
"22884","",""
"22885","",""
"22886","",""
"22887","",""
"22888","",""
"22889","",""
"22890","",""
"22891","",""
"22892","",""
"22893","",""
"22894","",""
"22895","",""
"22896","",""
"22897","",""
"22898","",""
"22899","",""
"22900","",""
"22901","",""
"22902","",""
"22903","",""
"22904","",""
"22905","",""
"22906","",""
"22907","",""
"22908","",""
"22909","",""
"22910","",""
"22911","",""
"22912","",""
"22913","",""
"22914","",""
"22915","",""
"22916","",""
"22917","",""
"22918","",""
"22919","2024-06-03","2025-10-11"
"22920","2024-12-15","2025-10-31"
"22921","2025-05-04","2025-05-04"
"22922","2024-06-13","2026-05-25"
"22923","2025-07-23","2025-09-02"
"22924","2024-07-21","2024-07-21"
"22925","2024-09-17","2026-01-14"
"22926","2024-08-11","2024-08-11"
"22927","2024-07-05","2025-08-16"
"22928","2024-07-14","2026-06-12"
"22929","2024-09-22","2026-06-10"
"22930","",""
"22931","",""
"22932","",""
"22933","2025-02-02","2025-12-30"
"22934","",""
"22935","",""
"22936","2024-08-12","2024-08-12"
"22937","",""
"22938","2024-08-26","2026-03-17"
"22939","2024-07-21","2026-06-07"
"22940","",""
"22941","2024-06-30","2024-07-31"
"22942","",""
"22943","2024-08-10","2026-05-01"
"22944","",""
"22945","",""
"22946","",""
"22947","",""
"22948","2024-08-05","2025-07-07"
"22949","",""
"22950","",""
"22951","",""
"22952","",""
"22953","2024-06-24","2026-06-06"
"22954","2024-08-17","2026-05-10"
"22955","",""
"22956","2026-03-19","2026-05-31"
"22957","2026-03-05","2026-05-06"
"22958","2025-01-02","2026-04-23"
"22959","",""
"22960","2024-06-03","2026-05-31"
"22961","",""
"22962","2024-08-15","2025-11-09"
"22963","",""
"22964","2025-09-18","2025-09-18"
"22965","2025-01-19","2025-01-19"
"22966","",""
"22967","2024-07-23","2025-08-03"
"22968","2024-07-06","2026-05-23"
"22969","2024-08-14","2025-04-01"
"22970","",""
"22971","2024-08-18","2024-09-25"
"22972","2024-10-18","2026-04-30"
"22973","",""
"22974","2025-06-29","2025-06-29"
"22975","2024-07-13","2024-10-08"
"22976","",""
"22977","",""
"22978","",""
"22979","",""
"22980","",""
"22981","2024-12-27","2024-12-27"
"22982","2024-10-26","2024-10-26"
"22983","2024-06-09","2026-06-07"
"22984","2024-07-04","2026-05-31"
"22985","2024-06-18","2026-06-12"
"22986","2024-06-16","2026-06-04"
"22987","2024-06-23","2026-05-31"
"22988","2024-06-09","2026-06-12"
"22989","2024-06-19","2026-06-08"
"22990","2024-06-15","2026-06-09"
"22991","2024-06-30","2026-06-06"
"22992","2024-06-15","2026-06-12"
"22993","2024-06-20","2026-06-10"
"22994","2024-06-10","2026-05-31"
"22995","2024-06-06","2026-06-11"
"22996","2024-06-10","2026-06-09"
"22997","2024-06-12","2026-06-09"
"22998","2024-06-06","2026-06-03"
"22999","2024-10-01","2026-01-01"
"23000","2024-09-13","2025-08-03"
"23001","",""
"23002","2025-02-23","2026-05-18"
"23003","2024-09-15","2025-01-16"
"23004","",""
"23005","",""
"23006","",""
"23007","",""
"23008","",""
"23009","",""
"23010","2025-02-16","2026-05-30"
"23011","",""
"23012","",""
"23013","2024-08-16","2026-06-09"
"23014","",""
"23015","2024-12-31","2024-12-31"
"23016","",""
"23017","",""
"23018","2025-09-26","2026-04-21"
"23019","",""
"23020","",""
"23021","",""
"23022","2024-06-18","2026-06-12"
"23023","",""
"23024","",""
"23025","",""
"23026","",""
"23027","2025-01-03","2025-01-03"
"23028","",""
"23029","2024-06-17","2026-05-22"
"23030","2024-09-04","2025-05-03"
"23031","",""
"23032","2024-07-31","2026-05-29"
"23033","2026-02-15","2026-02-15"
"23034","",""
"23035","2026-02-28","2026-02-28"
"23036","2024-12-01","2024-12-01"
"23037","2024-12-02","2024-12-02"
"23038","2024-10-05","2025-12-20"
"23039","",""
"23040","",""
"23041","2024-10-20","2026-05-22"
"23042","2024-06-24","2026-06-10"
"23043","2025-10-28","2025-10-28"
"23044","",""
"23045","",""
"23046","2024-07-25","2026-06-01"
"23047","2024-07-12","2026-06-12"
"23048","2024-06-23","2026-06-12"
"23049","2024-06-21","2026-06-12"
"23050","2024-06-27","2026-06-11"
"23051","2024-06-16","2026-06-07"
"23052","2024-06-25","2026-06-12"
"23053","",""
"23054","2024-08-24","2026-05-13"
"23055","2025-01-31","2025-07-28"
"23056","",""
"23057","",""
"23058","",""
"23059","",""
"23060","2025-01-01","2026-01-20"
"23061","",""
"23062","2024-07-28","2026-06-01"
"23063","2024-07-16","2025-12-12"
"23064","",""
"23065","2025-02-17","2025-10-31"
"23066","2024-07-17","2024-07-17"
"23067","2024-07-17","2025-05-31"
"23068","2024-08-09","2025-11-26"
"23069","",""
"23070","",""
"23071","",""
"23072","",""
"23073","",""
"23074","",""
"23075","",""
"23076","2024-07-22","2026-06-03"
"23077","2024-08-07","2026-05-01"
"23078","2024-07-27","2026-02-14"
"23079","2024-07-31","2026-06-14"
"23080","",""
"23081","",""
"23082","",""
"23083","2025-10-07","2026-06-07"
"23084","2024-08-31","2025-08-05"
"23085","",""
"23086","",""
"23087","",""
"23088","2024-08-05","2026-05-21"
"23089","2024-08-18","2025-12-16"
"23090","",""
"23091","2025-07-04","2025-07-04"
"23092","2024-08-19","2025-09-01"
"23093","",""
"23094","",""
"23095","2024-12-06","2025-04-18"
"23096","2024-07-31","2024-07-31"
"23097","2024-08-20","2024-09-20"
"23098","2025-03-15","2026-05-21"
"23099","",""
"23100","2024-06-27","2026-06-01"
"23101","2024-07-02","2026-05-19"
"23102","2024-07-13","2026-06-12"
"23103","2024-06-21","2026-06-08"
"23104","2024-06-22","2026-06-07"
"23105","2024-06-21","2026-05-01"
"23106","2024-07-08","2026-06-04"
"23107","2024-09-11","2026-05-06"
"23108","2024-06-24","2026-06-03"
"23109","2024-06-23","2026-05-21"
"23110","2024-06-28","2026-06-02"
"23111","2024-06-28","2026-06-05"
"23112","2024-06-23","2026-05-01"
"23113","2024-06-21","2026-05-30"
"23114","2024-06-24","2026-05-31"
"23115","2024-06-23","2026-06-11"
"23116","",""
"23117","2024-06-21","2026-06-11"
"23118","2024-07-16","2026-02-28"
"23119","2024-06-29","2026-05-22"
"23120","2024-06-23","2026-06-10"
"23121","2024-06-23","2026-06-11"
"23122","2024-06-28","2026-06-04"
"23123","2024-06-23","2026-05-31"
"23124","2024-06-27","2026-05-29"
"23125","",""
"23126","2024-07-11","2026-06-11"
"23127","",""
"23128","",""
"23129","",""
"23130","",""
"23131","2025-03-11","2026-05-29"
"23132","2024-09-22","2024-12-26"
"23133","2025-02-16","2026-03-28"
"23134","",""
"23135","",""
"23136","",""
"23137","",""
"23138","",""
"23139","",""
"23140","",""
"23141","",""
"23142","",""
"23143","",""
"23144","2025-03-31","2025-03-31"
"23145","2025-08-10","2026-05-23"
"23146","2025-08-20","2025-08-20"
"23147","",""
"23148","2024-12-23","2026-04-26"
"23149","2025-05-31","2025-12-01"
"23150","",""
"23151","",""
"23152","",""
"23153","",""
"23154","",""
"23155","",""
"23156","2024-08-25","2026-05-26"
"23157","2024-08-02","2026-05-13"
"23158","",""
"23159","2024-06-28","2026-05-24"
"23160","2025-05-02","2025-05-02"
"23161","2024-08-09","2024-08-09"
"23162","2024-09-23","2024-09-23"
"23163","2025-04-16","2026-05-18"
"23164","2024-11-29","2025-10-13"
"23165","2024-07-20","2026-05-28"
"23166","",""
"23167","",""
"23168","2024-06-25","2026-05-25"
"23169","2024-07-20","2026-06-12"
"23170","2024-06-29","2026-06-14"
"23171","",""
"23172","2024-11-08","2024-11-08"
"23173","",""
"23174","",""
"23175","",""
"23176","",""
"23177","",""
"23178","",""
"23179","",""
"23180","",""
"23181","",""
"23182","2025-04-18","2026-04-06"
"23183","2025-05-11","2026-06-17"
"23184","",""
"23185","2024-10-18","2024-10-18"
"23186","",""
"23187","",""
"23188","",""
"23189","",""
"23190","2024-08-11","2026-03-31"
"23191","2024-09-10","2026-06-08"
"23192","2024-08-04","2024-08-04"
"23193","2024-09-13","2025-10-17"
"23194","",""
"23195","2025-11-22","2026-06-15"
"23196","2026-02-12","2026-04-03"
"23197","2025-10-19","2026-05-12"
"23198","2025-09-10","2026-05-28"
"23199","2024-08-05","2025-12-05"
"23200","2024-10-10","2025-07-23"
"23201","2025-03-06","2026-05-26"
"23202","2024-07-10","2026-05-18"
"23203","",""
"23204","",""
"23205","",""
"23206","2024-08-18","2025-06-21"
"23207","",""
"23208","2025-03-11","2026-06-01"
"23209","2024-08-15","2026-04-07"
"23210","2024-08-01","2026-03-31"
"23211","",""
"23212","2024-08-10","2025-09-05"
"23213","",""
"23214","",""
"23215","2024-07-07","2026-05-18"
"23216","",""
"23217","",""
"23218","",""
"23219","2024-09-22","2026-05-02"
"23220","",""
"23221","",""
"23222","",""
"23223","",""
"23224","",""
"23225","",""
"23226","",""
"23227","",""
"23228","2025-04-10","2025-04-10"
"23229","",""
"23230","",""
"23231","",""
"23232","2025-10-01","2026-04-20"
"23233","2025-06-15","2025-06-15"
"23234","",""
"23235","",""
"23236","",""
"23237","",""
"23238","",""
"23239","",""
"23240","2024-10-31","2025-08-29"
"23241","",""
"23242","2024-12-10","2026-06-06"
"23243","",""
"23244","2024-12-18","2026-05-12"
"23245","",""
"23246","",""
"23247","",""
"23248","",""
"23249","",""
"23250","",""
"23251","2024-09-30","2025-05-08"
"23252","2025-08-06","2025-12-09"
"23253","2024-10-16","2026-04-12"
"23254","",""
"23255","",""
"23256","",""
"23257","",""
"23258","2024-07-06","2026-05-05"
"23259","",""
"23260","2024-07-05","2024-08-01"
"23261","2024-09-02","2026-01-01"
"23262","",""
"23263","2024-07-31","2026-05-16"
"23264","2024-07-31","2025-10-01"
"23265","",""
"23266","",""
"23267","",""
"23268","",""
"23269","",""
"23270","",""
"23271","",""
"23272","",""
"23273","",""
"23274","",""
"23275","",""
"23276","",""
"23277","",""
"23278","",""
"23279","",""
"23280","",""
"23281","",""
"23282","2025-08-26","2025-08-26"
"23283","2024-09-27","2025-04-10"
"23284","",""
"23285","",""
"23286","2025-03-03","2025-07-27"
"23287","",""
"23288","",""
"23289","2024-08-17","2024-08-17"
"23290","",""
"23291","",""
"23292","",""
"23293","",""
"23294","",""
"23295","",""
"23296","",""
"23297","2024-08-05","2025-03-31"
"23298","",""
"23299","",""
"23300","",""
"23301","",""
"23302","",""
"23303","",""
"23304","",""
"23305","",""
"23306","",""
"23307","2024-07-19","2026-05-28"
"23308","2024-08-25","2025-12-15"
"23309","2024-12-07","2025-04-13"
"23310","",""
"23311","",""
"23312","",""
"23313","2024-09-04","2026-04-10"
"23314","",""
"23315","",""
"23316","",""
"23317","2024-07-18","2026-06-08"
"23318","",""
"23319","2024-07-12","2026-06-09"
"23320","",""
"23321","",""
"23322","",""
"23323","2025-02-16","2025-02-16"
"23324","",""
"23325","2024-11-01","2026-05-26"
"23326","2024-10-21","2026-05-31"
"23327","2024-11-23","2026-02-01"
"23328","2024-09-07","2024-09-07"
"23329","2024-08-02","2025-09-25"
"23330","2024-12-23","2025-12-14"
"23331","",""
"23332","",""
"23333","",""
"23334","",""
"23335","",""
"23336","",""
"23337","",""
"23338","",""
"23339","",""
"23340","2024-10-24","2026-06-09"
"23341","",""
"23342","",""
"23343","",""
"23344","",""
"23345","",""
"23346","",""
"23347","2024-12-23","2026-05-20"
"23348","",""
"23349","",""
"23350","",""
"23351","",""
"23352","",""
"23353","",""
"23354","2025-09-01","2025-09-01"
"23355","",""
"23356","",""
"23357","",""
"23358","",""
"23359","",""
"23360","",""
"23361","",""
"23362","",""
"23363","",""
"23364","",""
"23365","",""
"23366","",""
"23367","",""
"23368","2024-10-04","2024-10-04"
"23369","",""
"23370","",""
"23371","2024-07-26","2026-06-07"
"23372","",""
"23373","",""
"23374","",""
"23375","",""
"23376","",""
"23377","",""
"23378","",""
"23379","",""
"23380","",""
"23381","2024-12-31","2024-12-31"
"23382","2024-10-15","2026-04-11"
"23383","",""
"23384","",""
"23385","",""
"23386","",""
"23387","",""
"23388","",""
"23389","",""
"23390","",""
"23391","",""
"23392","2025-01-24","2025-01-24"
"23393","",""
"23394","",""
"23395","",""
"23396","",""
"23397","",""
"23398","",""
"23399","2024-10-14","2024-10-14"
"23400","",""
"23401","",""
"23402","2024-09-01","2025-09-01"
"23403","2025-05-01","2026-03-22"
"23404","",""
"23405","",""
"23406","",""
"23407","2024-08-31","2024-08-31"
"23408","",""
"23409","2024-11-09","2025-07-26"
"23410","",""
"23411","2024-09-13","2025-05-30"
"23412","2024-08-15","2024-08-15"
"23413","2024-11-23","2026-01-26"
"23414","2025-07-31","2025-07-31"
"23415","",""
"23416","2024-09-22","2026-01-24"
"23417","2026-05-10","2026-05-10"
"23418","",""
"23419","",""
"23420","2024-10-14","2024-10-14"
"23421","2025-03-20","2026-03-01"
"23422","2025-02-01","2025-02-01"
"23423","2024-08-13","2025-12-28"
"23424","2024-08-30","2026-04-03"
"23425","2024-08-18","2026-04-21"
"23426","2024-11-22","2025-05-31"
"23427","2024-10-26","2025-11-21"
"23428","",""
"23429","",""
"23430","2024-09-01","2026-05-24"
"23431","2024-11-24","2026-05-02"
"23432","2024-09-08","2026-01-24"
"23433","2025-06-18","2025-06-18"
"23434","2024-11-30","2026-05-24"
"23435","",""
"23436","2024-11-30","2025-09-24"
"23437","",""
"23438","2025-01-26","2026-05-31"
"23439","2025-07-01","2025-10-18"
"23440","2024-07-15","2026-05-27"
"23441","",""
"23442","2024-08-17","2024-08-17"
"23443","",""
"23444","",""
"23445","2025-09-27","2025-09-27"
"23446","",""
"23447","",""
"23448","2024-10-09","2025-06-02"
"23449","2024-10-10","2026-05-07"
"23450","2024-08-18","2026-06-03"
"23451","",""
"23452","",""
"23453","",""
"23454","",""
"23455","",""
"23456","",""
"23457","2025-12-23","2026-06-19"
"23458","2025-06-13","2026-05-27"
"23459","2025-09-16","2026-06-07"
"23460","2024-08-31","2024-08-31"
"23461","",""
"23462","2025-01-04","2026-05-31"
"23463","2024-08-26","2026-05-18"
"23464","",""
"23465","",""
"23466","2025-09-06","2025-10-08"
"23467","2024-12-28","2025-06-08"
"23468","2024-08-15","2025-07-06"
"23469","",""
"23470","2024-08-31","2025-10-27"
"23471","2024-08-18","2026-05-24"
"23472","",""
"23473","",""
"23474","2025-07-27","2026-06-12"
"23475","",""
"23476","2024-07-30","2026-06-07"
"23477","",""
"23478","",""
"23479","",""
"23480","",""
"23481","2024-08-18","2025-08-12"
"23482","",""
"23483","",""
"23484","2024-12-30","2025-10-28"
"23485","2024-10-06","2026-05-02"
"23486","",""
"23487","2024-07-27","2026-02-28"
"23488","2024-07-30","2026-02-04"
"23489","2024-07-25","2025-04-30"
"23490","2024-07-28","2026-03-03"
"23491","2024-08-23","2026-02-23"
"23492","2024-10-01","2026-05-26"
"23493","2024-09-26","2026-03-10"
"23494","2025-11-05","2025-11-05"
"23495","",""
"23496","",""
"23497","",""
"23498","",""
"23499","2024-09-01","2024-09-01"
"23500","",""
"23501","",""
"23502","",""
"23503","2024-09-06","2024-09-06"
"23504","",""
"23505","2026-04-11","2026-05-31"
"23506","",""
"23507","",""
"23508","",""
"23509","",""
"23510","2024-08-15","2026-05-23"
"23511","2025-09-28","2026-04-24"
"23512","2024-09-04","2026-05-22"
"23513","2025-06-24","2025-11-23"
"23514","2024-08-03","2026-06-06"
"23515","",""
"23516","",""
"23517","",""
"23518","",""
"23519","2024-09-03","2026-05-18"
"23520","",""
"23521","",""
"23522","",""
"23523","",""
"23524","2024-09-08","2026-01-04"
"23525","",""
"23526","2024-10-08","2026-06-07"
"23527","",""
"23528","2024-11-08","2024-11-08"
"23529","",""
"23530","",""
"23531","",""
"23532","",""
"23533","",""
"23534","2025-07-01","2025-07-01"
"23535","2024-12-31","2024-12-31"
"23536","2024-10-01","2024-10-01"
"23537","",""
"23538","",""
"23539","2024-09-29","2025-08-31"
"23540","2024-07-30","2026-05-31"
"23541","2024-07-29","2026-05-24"
"23542","",""
"23543","",""
"23544","",""
"23545","2024-09-22","2026-05-31"
"23546","",""
"23547","2025-03-18","2025-03-18"
"23548","",""
"23549","2024-12-21","2024-12-21"
"23550","2026-06-01","2026-06-01"
"23551","2024-10-19","2025-05-23"
"23552","2025-08-09","2025-11-29"
"23553","",""
"23554","2026-06-01","2026-06-01"
"23555","2024-10-21","2026-04-03"
"23556","2024-10-20","2025-09-01"
"23557","",""
"23558","",""
"23559","2024-11-16","2026-06-04"
"23560","2024-12-31","2024-12-31"
"23561","",""
"23562","",""
"23563","2024-09-14","2024-11-30"
"23564","2024-09-02","2026-05-31"
"23565","2024-09-15","2024-10-25"
"23566","2024-10-26","2025-11-03"
"23567","2024-11-08","2026-05-03"
"23568","2024-11-17","2026-05-25"
"23569","",""
"23570","2024-08-31","2026-05-25"
"23571","2024-08-15","2026-05-15"
"23572","2024-11-14","2024-12-22"
"23573","",""
"23574","",""
"23575","2024-12-15","2025-08-09"
"23576","2025-05-19","2026-06-08"
"23577","",""
"23578","",""
"23579","2025-03-01","2025-03-01"
"23580","2024-11-08","2024-11-08"
"23581","",""
"23582","2024-09-17","2025-09-02"
"23583","2024-08-11","2026-03-29"
"23584","2024-09-20","2025-01-25"
"23585","2024-08-11","2026-06-12"
"23586","",""
"23587","2024-10-03","2026-04-08"
"23588","2024-08-24","2026-06-07"
"23589","",""
"23590","",""
"23591","",""
"23592","",""
"23593","2024-11-05","2026-05-18"
"23594","",""
"23595","",""
"23596","2024-09-16","2026-06-11"
"23597","2024-11-06","2026-06-09"
"23598","",""
"23599","",""
"23600","2025-10-01","2025-12-12"
"23601","2025-01-10","2026-05-01"
"23602","2026-02-24","2026-02-24"
"23603","2024-08-31","2026-06-11"
"23604","",""
"23605","2025-06-01","2026-06-01"
"23606","2025-06-20","2026-01-03"
"23607","",""
"23608","2024-09-14","2026-06-07"
"23609","2024-09-10","2026-05-30"
"23610","",""
"23611","2024-10-01","2024-10-01"
"23612","2025-06-14","2025-06-14"
"23613","2024-09-07","2025-12-21"
"23614","2025-01-18","2026-06-01"
"23615","2026-03-14","2026-03-14"
"23616","2024-08-22","2026-05-24"
"23617","2026-03-03","2026-03-03"
"23618","",""
"23619","",""
"23620","2024-10-08","2025-08-20"
"23621","",""
"23622","2025-01-31","2026-06-07"
"23623","2024-09-04","2024-11-15"
"23624","2024-09-12","2026-01-05"
"23625","",""
"23626","",""
"23627","2024-09-03","2026-06-01"
"23628","2024-08-28","2026-01-25"
"23629","2024-09-01","2026-03-25"
"23630","2024-08-23","2026-01-20"
"23631","",""
"23632","2024-10-11","2026-03-31"
"23633","2025-03-10","2026-05-31"
"23634","2024-09-26","2026-06-03"
"23635","2024-09-08","2026-06-08"
"23636","2024-09-12","2026-05-18"
"23637","2024-10-01","2026-03-31"
"23638","2025-05-15","2025-10-15"
"23639","2024-08-28","2026-05-31"
"23640","2024-08-14","2026-05-07"
"23641","2024-09-06","2026-03-31"
"23642","",""
"23643","",""
"23644","",""
"23645","",""
"23646","",""
"23647","",""
"23648","",""
"23649","",""
"23650","",""
"23651","2025-07-27","2026-06-08"
"23652","",""
"23653","2024-09-05","2026-05-05"
"23654","",""
"23655","2024-09-05","2025-09-20"
"23656","2024-09-16","2024-09-16"
"23657","",""
"23658","",""
"23659","2024-09-04","2025-08-17"
"23660","",""
"23661","2024-11-01","2024-11-01"
"23662","2024-10-01","2026-03-30"
"23663","",""
"23664","",""
"23665","",""
"23666","2024-11-16","2026-04-30"
"23667","",""
"23668","",""
"23669","2024-10-12","2025-09-28"
"23670","",""
"23671","",""
"23672","2024-11-03","2026-06-03"
"23673","",""
"23674","2024-10-27","2025-09-28"
"23675","2024-09-15","2025-12-23"
"23676","2025-01-01","2025-07-27"
"23677","",""
"23678","2025-02-05","2025-11-30"
"23679","2024-12-28","2025-11-11"
"23680","2025-01-31","2025-09-15"
"23681","",""
"23682","",""
"23683","",""
"23684","2024-09-06","2026-05-23"
"23685","",""
"23686","",""
"23687","2024-11-21","2024-12-24"
"23688","",""
"23689","",""
"23690","2025-02-21","2025-06-14"
"23691","",""
"23692","2026-05-31","2026-05-31"
"23693","",""
"23694","2025-02-16","2026-06-08"
"23695","2024-12-14","2024-12-14"
"23696","2024-11-22","2024-11-22"
"23697","",""
"23698","",""
"23699","",""
"23700","2024-10-06","2026-03-01"
"23701","2025-06-09","2025-09-14"
"23702","",""
"23703","2024-11-03","2026-05-07"
"23704","2024-11-21","2026-01-02"
"23705","2024-10-05","2026-03-29"
"23706","2026-03-29","2026-03-29"
"23707","2025-09-18","2025-10-09"
"23708","2024-08-27","2026-06-08"
"23709","2024-12-20","2026-04-23"
"23710","2025-08-04","2025-08-04"
"23711","2025-10-01","2025-10-01"
"23712","",""
"23713","2024-09-30","2026-06-03"
"23714","2024-09-06","2026-05-31"
"23715","2024-10-03","2026-04-30"
"23716","2024-12-29","2026-03-10"
"23717","2024-09-01","2026-06-11"
"23718","",""
"23719","",""
"23720","2025-07-06","2026-03-22"
"23721","",""
"23722","",""
"23723","",""
"23724","",""
"23725","",""
"23726","2025-12-19","2025-12-19"
"23727","",""
"23728","",""
"23729","",""
"23730","2024-09-22","2026-06-07"
"23731","2024-10-01","2026-02-14"
"23732","",""
"23733","2025-09-29","2025-11-26"
"23734","2024-12-16","2026-06-06"
"23735","2024-09-30","2025-07-01"
"23736","2024-09-23","2026-06-02"
"23737","2024-11-08","2025-10-02"
"23738","2024-10-04","2026-05-06"
"23739","2024-11-05","2025-08-19"
"23740","2024-10-21","2026-05-30"
"23741","2024-11-05","2026-06-05"
"23742","2024-09-01","2026-01-31"
"23743","",""
"23744","2024-10-27","2026-01-15"
"23745","2024-10-26","2024-10-26"
"23746","",""
"23747","2025-01-02","2025-08-24"
"23748","2025-06-22","2025-11-11"
"23749","",""
"23750","",""
"23751","",""
"23752","2024-09-26","2025-03-31"
"23753","2024-09-22","2025-08-19"
"23754","2025-08-04","2025-08-04"
"23755","2025-03-31","2026-03-12"
"23756","2024-10-01","2025-04-09"
"23757","",""
"23758","",""
"23759","",""
"23760","",""
"23761","2024-11-04","2026-05-31"
"23762","2025-05-15","2025-11-03"
"23763","2025-05-10","2026-05-08"
"23764","",""
"23765","2024-09-27","2026-05-21"
"23766","",""
"23767","",""
"23768","2024-10-15","2026-04-23"
"23769","2024-11-01","2025-10-31"
"23770","2024-09-12","2026-03-31"
"23771","2026-04-30","2026-04-30"
"23772","2024-10-18","2026-05-31"
"23773","2025-05-20","2026-06-05"
"23774","2024-11-17","2026-05-25"
"23775","",""
"23776","2024-09-29","2026-03-15"
"23777","",""
"23778","2024-09-06","2026-04-17"
"23779","",""
"23780","2025-07-26","2026-02-18"
"23781","2025-02-17","2025-08-29"
"23782","",""
"23783","2025-01-12","2025-07-27"
"23784","2025-06-30","2026-05-11"
"23785","",""
"23786","2025-03-24","2026-05-01"
"23787","2025-04-15","2026-01-19"
"23788","2025-02-17","2025-02-17"
"23789","2024-09-14","2026-05-12"
"23790","2025-05-17","2025-07-30"
"23791","2024-09-28","2026-06-07"
"23792","2024-10-22","2025-11-15"
"23793","",""
"23794","2024-09-07","2026-05-25"
"23795","2025-01-22","2025-01-22"
"23796","",""
"23797","",""
"23798","",""
"23799","",""
"23800","",""
"23801","",""
"23802","2024-12-05","2026-05-25"
"23803","2025-12-01","2025-12-01"
"23804","2025-06-26","2026-06-05"
"23805","",""
"23806","2024-10-05","2026-05-16"
"23807","2024-09-09","2026-05-17"
"23808","2024-09-15","2026-04-16"
"23809","2025-01-23","2025-10-04"
"23810","2024-11-04","2025-08-10"
"23811","2024-09-29","2025-10-31"
"23812","2025-05-01","2025-08-17"
"23813","",""
"23814","2025-07-30","2025-12-04"
"23815","",""
"23816","",""
"23817","",""
"23818","2024-10-08","2024-10-08"
"23819","",""
"23820","2025-04-28","2026-04-26"
"23821","",""
"23822","",""
"23823","",""
"23824","2024-11-06","2024-12-06"
"23825","2025-01-10","2026-06-08"
"23826","",""
"23827","2024-10-05","2025-02-03"
"23828","2024-10-22","2026-05-17"
"23829","",""
"23830","",""
"23831","",""
"23832","2024-12-08","2024-12-08"
"23833","",""
"23834","",""
"23835","",""
"23836","2024-09-30","2026-05-21"
"23837","2024-09-25","2026-06-07"
"23838","2026-02-13","2026-02-13"
"23839","2024-09-15","2026-06-06"
"23840","",""
"23841","2024-10-24","2026-05-01"
"23842","2024-10-27","2026-06-04"
"23843","",""
"23844","2025-03-02","2025-12-01"
"23845","2024-10-19","2024-12-09"
"23846","2024-10-01","2026-05-27"
"23847","2024-10-14","2026-01-03"
"23848","",""
"23849","",""
"23850","",""
"23851","2024-10-10","2026-06-08"
"23852","2025-03-07","2026-05-07"
"23853","",""
"23854","2024-11-30","2026-05-31"
"23855","2024-09-30","2026-04-18"
"23856","",""
"23857","",""
"23858","2025-08-11","2026-01-18"
"23859","2024-09-22","2026-06-07"
"23860","2025-06-21","2025-06-21"
"23861","2025-03-31","2026-05-31"
"23862","",""
"23863","2024-10-20","2026-06-07"
"23864","2024-11-01","2025-09-14"
"23865","2025-08-15","2026-02-01"
"23866","2025-06-08","2026-03-15"
"23867","2025-12-01","2026-05-17"
"23868","2025-03-30","2026-06-16"
"23869","2025-06-14","2026-05-24"
"23870","2024-10-18","2026-05-30"
"23871","2025-02-22","2026-06-02"
"23872","2025-03-07","2026-04-21"
"23873","2025-09-09","2026-01-08"
"23874","2024-10-14","2026-05-22"
"23875","2024-10-09","2025-07-31"
"23876","",""
"23877","2024-11-14","2026-05-26"
"23878","2024-10-13","2026-05-14"
"23879","2026-03-02","2026-04-20"
"23880","2026-01-01","2026-06-08"
"23881","2024-09-30","2026-06-03"
"23882","2024-09-28","2026-06-05"
"23883","2024-09-25","2026-06-07"
"23884","2024-11-08","2026-05-05"
"23885","2024-09-22","2026-06-03"
"23886","2024-10-09","2026-04-26"
"23887","2025-07-27","2025-10-04"
"23888","2025-03-01","2025-10-01"
"23889","",""
"23890","2024-11-22","2024-11-22"
"23891","2024-10-13","2025-03-03"
"23892","2024-10-09","2025-11-14"
"23893","",""
"23894","2024-11-16","2025-10-12"
"23895","",""
"23896","2024-10-06","2026-05-31"
"23897","2025-04-06","2025-12-26"
"23898","2024-12-31","2026-04-05"
"23899","2024-12-30","2026-05-15"
"23900","2025-01-07","2026-03-07"
"23901","2024-10-05","2026-06-07"
"23902","2024-11-10","2026-03-24"
"23903","",""
"23904","",""
"23905","2025-07-15","2026-05-10"
"23906","2025-06-25","2026-05-27"
"23907","",""
"23908","",""
"23909","2024-10-02","2026-04-08"
"23910","2024-09-18","2026-05-26"
"23911","2024-12-01","2025-08-08"
"23912","",""
"23913","2025-12-01","2026-03-05"
"23914","2024-11-07","2026-06-03"
"23915","2025-04-14","2026-04-25"
"23916","",""
"23917","2024-11-24","2024-11-24"
"23918","",""
"23919","2025-10-02","2025-10-02"
"23920","2025-01-29","2025-01-29"
"23921","2026-06-08","2026-06-08"
"23922","2025-08-31","2025-11-30"
"23923","2024-09-28","2026-05-17"
"23924","2024-12-01","2026-04-30"
"23925","",""
"23926","2024-12-31","2026-06-05"
"23927","",""
"23928","2024-09-26","2025-11-10"
"23929","2024-12-07","2026-05-20"
"23930","2024-10-30","2026-05-27"
"23931","2024-10-31","2026-03-10"
"23932","2025-03-04","2025-03-04"
"23933","",""
"23934","2024-11-24","2026-04-06"
"23935","2025-04-26","2025-04-26"
"23936","",""
"23937","2024-12-02","2024-12-02"
"23938","2024-12-04","2024-12-04"
"23939","2024-12-31","2025-09-01"
"23940","",""
"23941","",""
"23942","2024-12-16","2026-02-06"
"23943","",""
"23944","2026-01-04","2026-01-04"
"23945","2024-12-04","2025-10-16"
"23946","2025-03-29","2026-06-13"
"23947","2026-03-06","2026-06-09"
"23948","2026-04-02","2026-05-09"
"23949","2024-11-20","2026-05-12"
"23950","2024-10-19","2026-06-11"
"23951","2025-02-01","2025-02-01"
"23952","2026-02-07","2026-05-28"
"23953","2025-02-23","2026-02-19"
"23954","2025-04-05","2026-05-24"
"23955","2025-01-26","2025-02-26"
"23956","2025-08-10","2026-05-19"
"23957","",""
"23958","",""
"23959","",""
"23960","2025-08-13","2025-08-13"
"23961","",""
"23962","2024-09-30","2025-06-29"
"23963","",""
"23964","",""
"23965","2024-12-15","2026-05-23"
"23966","",""
"23967","",""
"23968","2024-12-15","2026-06-03"
"23969","",""
"23970","2026-03-29","2026-06-13"
"23971","2024-11-04","2025-11-26"
"23972","",""
"23973","2024-10-31","2024-10-31"
"23974","2024-10-02","2024-10-02"
"23975","",""
"23976","",""
"23977","2025-01-16","2026-01-01"
"23978","",""
"23979","2024-09-24","2025-02-06"
"23980","2025-10-24","2026-01-02"
"23981","2024-10-28","2025-04-28"
"23982","2024-10-20","2026-01-11"
"23983","",""
"23984","2025-07-17","2026-03-31"
"23985","2024-11-19","2026-06-05"
"23986","",""
"23987","",""
"23988","",""
"23989","",""
"23990","2024-10-15","2026-06-07"
"23991","2025-05-18","2026-03-04"
"23992","2024-10-19","2026-03-08"
"23993","2024-10-19","2026-06-08"
"23994","2025-08-15","2025-08-15"
"23995","2024-12-26","2026-06-07"
"23996","2024-11-29","2026-06-08"
"23997","2025-05-02","2026-06-07"
"23998","2025-06-24","2026-06-06"
"23999","",""
"24000","2024-11-02","2026-05-27"
"24001","",""
"24002","",""
"24003","",""
"24004","",""
"24005","2024-11-23","2026-03-04"
"24006","2025-05-15","2025-12-31"
"24007","",""
"24008","",""
"24009","2025-03-07","2025-07-07"
"24010","",""
"24011","2025-10-02","2026-06-06"
"24012","2025-05-08","2025-09-15"
"24013","2024-11-05","2025-06-16"
"24014","2024-10-09","2026-05-29"
"24015","2026-01-12","2026-01-12"
"24016","2024-10-27","2026-01-26"
"24017","2024-09-28","2026-06-08"
"24018","2024-12-18","2025-02-11"
"24019","2025-08-11","2026-05-25"
"24020","2024-10-14","2026-06-09"
"24021","2026-05-04","2026-05-04"
"24022","2024-11-30","2025-04-15"
"24023","",""
"24024","2024-12-07","2025-07-19"
"24025","",""
"24026","2024-10-21","2026-06-08"
"24027","2024-12-16","2025-07-31"
"24028","2024-11-07","2026-05-29"
"24029","2024-11-26","2026-05-28"
"24030","2025-03-09","2026-06-07"
"24031","2024-10-04","2026-05-31"
"24032","",""
"24033","2025-10-18","2026-05-29"
"24034","2025-03-03","2026-06-04"
"24035","2026-02-03","2026-02-03"
"24036","2025-10-08","2025-10-08"
"24037","",""
"24038","2024-11-30","2026-06-01"
"24039","",""
"24040","",""
"24041","2024-11-03","2025-03-30"
"24042","2024-10-11","2026-06-10"
"24043","2025-01-31","2025-01-31"
"24044","",""
"24045","2025-11-28","2026-04-09"
"24046","2025-02-07","2026-04-27"
"24047","2024-11-20","2026-05-29"
"24048","",""
"24049","2025-11-07","2025-11-07"
"24050","2025-09-16","2026-06-09"
"24051","2024-11-03","2026-05-03"
"24052","",""
"24053","",""
"24054","",""
"24055","",""
"24056","",""
"24057","",""
"24058","",""
"24059","",""
"24060","",""
"24061","",""
"24062","2025-03-31","2025-10-23"
"24063","2026-05-31","2026-05-31"
"24064","",""
"24065","2024-10-06","2025-10-13"
"24066","2026-05-06","2026-05-06"
"24067","2024-11-20","2026-05-25"
"24068","2025-03-11","2026-06-07"
"24069","",""
"24070","2024-11-13","2024-11-13"
"24071","",""
"24072","2025-02-09","2025-12-16"
"24073","2025-02-20","2025-03-24"
"24074","2025-07-06","2025-12-28"
"24075","2024-12-23","2026-05-21"
"24076","2024-12-08","2026-06-11"
"24077","",""
"24078","",""
"24079","",""
"24080","",""
"24081","",""
"24082","",""
"24083","",""
"24084","",""
"24085","2024-10-15","2025-10-21"
"24086","",""
"24087","",""
"24088","",""
"24089","2024-10-15","2026-02-08"
"24090","2025-03-10","2025-06-28"
"24091","2024-12-26","2025-01-27"
"24092","",""
"24093","",""
"24094","",""
"24095","2025-01-31","2025-09-16"
"24096","2025-05-03","2025-09-28"
"24097","2025-01-13","2026-05-11"
"24098","",""
"24099","",""
"24100","",""
"24101","",""
"24102","2024-10-17","2026-06-12"
"24103","2025-06-02","2025-06-02"
"24104","",""
"24105","",""
"24106","",""
"24107","",""
"24108","2024-12-01","2024-12-01"
"24109","2025-03-11","2025-12-06"
"24110","2024-11-11","2025-07-28"
"24111","2025-01-06","2025-09-14"
"24112","2025-07-29","2025-07-29"
"24113","2024-10-07","2026-06-07"
"24114","2025-01-08","2025-10-10"
"24115","2024-11-22","2025-12-05"
"24116","2025-01-03","2026-04-21"
"24117","2024-11-03","2026-01-19"
"24118","2025-08-16","2026-03-14"
"24119","2025-01-21","2025-01-21"
"24120","2025-01-06","2026-01-02"
"24121","2024-10-20","2026-06-03"
"24122","2026-01-04","2026-05-17"
"24123","",""
"24124","2025-09-03","2025-09-03"
"24125","",""
"24126","",""
"24127","",""
"24128","",""
"24129","",""
"24130","2025-05-24","2025-08-09"
"24131","2025-02-05","2026-05-01"
"24132","",""
"24133","",""
"24134","",""
"24135","2025-03-15","2026-06-07"
"24136","",""
"24137","",""
"24138","",""
"24139","",""
"24140","2024-12-27","2026-02-06"
"24141","",""
"24142","",""
"24143","",""
"24144","2024-11-16","2025-03-31"
"24145","2025-05-01","2025-05-01"
"24146","",""
"24147","2024-12-07","2026-04-27"
"24148","2024-11-08","2026-06-05"
"24149","2024-10-29","2026-05-28"
"24150","2024-12-22","2025-08-15"
"24151","",""
"24152","2024-10-24","2026-05-26"
"24153","",""
"24154","2024-12-18","2026-05-30"
"24155","2026-04-04","2026-04-04"
"24156","2024-11-16","2025-10-31"
"24157","2024-11-15","2026-05-09"
"24158","",""
"24159","",""
"24160","2025-11-12","2026-05-13"
"24161","",""
"24162","2024-11-16","2026-04-24"
"24163","2025-03-02","2026-05-29"
"24164","2025-05-31","2026-05-18"
"24165","2025-02-14","2026-02-28"
"24166","2024-12-05","2024-12-05"
"24167","",""
"24168","2025-05-19","2026-03-25"
"24169","2024-12-01","2026-02-17"
"24170","2024-12-19","2026-05-28"
"24171","2024-11-24","2026-05-10"
"24172","2024-11-23","2026-05-11"
"24173","",""
"24174","2025-01-19","2026-05-05"
"24175","2025-04-27","2026-06-07"
"24176","2025-02-06","2026-04-09"
"24177","2024-12-16","2025-11-03"
"24178","2024-12-14","2026-05-03"
"24179","2025-04-30","2026-02-01"
"24180","2024-11-17","2024-12-25"
"24181","",""
"24182","",""
"24183","2025-03-02","2026-05-31"
"24184","2024-11-16","2026-01-28"
"24185","2025-01-07","2026-03-30"
"24186","",""
"24187","2025-01-01","2026-04-01"
"24188","2025-07-27","2025-08-30"
"24189","2024-12-15","2025-06-03"
"24190","",""
"24191","2025-01-27","2026-04-30"
"24192","2024-12-15","2025-06-21"
"24193","2025-01-31","2025-07-29"
"24194","2025-01-06","2025-08-01"
"24195","2025-01-19","2025-01-19"
"24196","",""
"24197","2025-06-05","2025-10-02"
"24198","2025-03-18","2026-04-06"
"24199","2025-05-15","2026-04-25"
"24200","2024-11-09","2026-04-26"
"24201","2025-08-16","2025-08-16"
"24202","",""
"24203","2024-11-29","2026-05-30"
"24204","",""
"24205","2025-04-22","2025-10-03"
"24206","2025-05-31","2026-05-25"
"24207","2024-11-13","2026-02-28"
"24208","2024-11-26","2026-05-31"
"24209","2024-10-29","2026-05-31"
"24210","",""
"24211","2024-11-25","2026-06-16"
"24212","2024-11-04","2025-12-24"
"24213","",""
"24214","2024-11-19","2026-02-11"
"24215","",""
"24216","2025-01-09","2025-06-24"
"24217","2025-08-02","2026-04-13"
"24218","2025-09-20","2026-05-27"
"24219","",""
"24220","",""
"24221","2025-05-30","2025-05-30"
"24222","2024-11-25","2025-08-16"
"24223","",""
"24224","2025-12-03","2026-03-28"
"24225","",""
"24226","",""
"24227","2024-12-30","2024-12-30"
"24228","",""
"24229","2024-11-08","2024-11-08"
"24230","2024-11-19","2026-05-27"
"24231","2025-12-31","2025-12-31"
"24232","2024-12-22","2026-05-24"
"24233","2025-02-01","2026-05-12"
"24234","2025-01-04","2025-01-04"
"24235","",""
"24236","",""
"24237","2025-05-05","2026-05-29"
"24238","2025-03-02","2025-03-02"
"24239","2025-11-07","2025-11-07"
"24240","2025-02-16","2025-09-15"
"24241","",""
"24242","",""
"24243","2025-12-14","2026-06-08"
"24244","",""
"24245","",""
"24246","",""
"24247","",""
"24248","2024-12-08","2025-12-15"
"24249","2024-12-17","2026-05-02"
"24250","",""
"24251","",""
"24252","2024-12-07","2025-10-04"
"24253","2025-01-26","2026-06-01"
"24254","",""
"24255","2025-06-23","2026-05-25"
"24256","",""
"24257","",""
"24258","2025-04-04","2025-05-17"
"24259","2025-01-03","2026-01-08"
"24260","2025-01-10","2026-06-07"
"24261","",""
"24262","",""
"24263","",""
"24264","2024-12-01","2026-06-08"
"24265","2024-12-10","2026-03-22"
"24266","",""
"24267","2024-12-02","2025-10-31"
"24268","2025-09-07","2025-09-07"
"24269","2025-08-06","2025-08-06"
"24270","2025-05-30","2025-05-30"
"24271","2024-12-20","2026-02-02"
"24272","2025-08-04","2025-08-04"
"24273","",""
"24274","",""
"24275","2025-01-12","2026-06-06"
"24276","2024-11-05","2025-05-18"
"24277","2026-03-05","2026-03-05"
"24278","",""
"24279","2025-03-31","2026-03-16"
"24280","",""
"24281","2024-12-24","2026-06-07"
"24282","",""
"24283","",""
"24284","2025-01-03","2025-12-04"
"24285","2025-03-30","2026-05-31"
"24286","2025-01-07","2026-04-06"
"24287","2024-12-11","2026-02-14"
"24288","2025-01-17","2025-08-31"
"24289","",""
"24290","",""
"24291","2024-12-14","2026-04-30"
"24292","2025-02-03","2025-07-05"
"24293","2025-05-09","2026-05-21"
"24294","",""
"24295","2024-12-07","2026-01-31"
"24296","",""
"24297","2025-02-27","2026-05-31"
"24298","2025-08-01","2026-05-03"
"24299","2025-05-18","2026-04-17"
"24300","2024-11-12","2026-05-04"
"24301","2024-11-30","2026-05-04"
"24302","2025-05-10","2026-05-31"
"24303","2025-01-24","2026-06-08"
"24304","2025-05-09","2026-05-29"
"24305","2025-05-12","2026-06-10"
"24306","2024-12-08","2026-05-27"
"24307","2024-12-15","2026-04-03"
"24308","2025-11-19","2026-03-31"
"24309","",""
"24310","",""
"24311","",""
"24312","2024-12-15","2025-05-01"
"24313","2025-01-01","2025-08-20"
"24314","2025-06-13","2025-06-13"
"24315","",""
"24316","",""
"24317","",""
"24318","",""
"24319","",""
"24320","",""
"24341","2025-02-15","2026-02-01"
"24321","2025-11-27","2026-06-07"
"24322","2025-09-20","2026-01-04"
"24323","2025-12-14","2026-03-22"
"24324","",""
"24325","",""
"24326","",""
"24327","2025-06-21","2026-05-23"
"24328","2025-05-11","2026-05-29"
"24329","2025-04-19","2026-06-14"
"24330","",""
"24331","",""
"24332","",""
"24333","2025-02-17","2025-08-31"
"24334","",""
"24335","",""
"24336","",""
"24337","2025-01-01","2026-05-01"
"24338","2025-08-24","2026-06-12"
"24339","",""
"24340","2025-03-01","2025-12-22"
"24342","2025-01-05","2026-06-03"
"24343","2024-12-04","2024-12-04"
"24344","2024-03-31","2026-03-15"
"24345","2024-12-30","2024-12-30"
"24346","2025-06-03","2025-11-08"
"24347","2025-06-30","2025-06-30"
"24348","",""
"24349","2025-03-30","2026-06-11"
"24350","2025-01-12","2026-03-31"
"24351","",""
"24352","",""
"24353","",""
"24354","2025-02-28","2025-02-28"
"24355","",""
"24356","",""
"24357","",""
"24358","",""
"24359","",""
"24360","",""
"24361","2024-12-12","2024-12-12"
"24362","2024-12-04","2024-12-04"
"24363","",""
"24364","2025-08-09","2026-02-13"
"24365","",""
"24366","2025-08-08","2025-08-08"
"24367","2025-07-15","2026-05-31"
"24368","2025-12-15","2026-06-03"
"24369","2025-03-12","2025-05-31"
"24370","",""
"24371","2026-01-09","2026-01-09"
"24372","2025-01-27","2026-05-30"
"24373","2024-11-30","2025-12-15"
"24374","",""
"24375","",""
"24376","2025-12-31","2026-05-01"
"24377","",""
"24378","",""
"24379","",""
"24380","",""
"24381","",""
"24382","",""
"24383","2025-08-02","2026-02-28"
"24384","2024-12-26","2026-06-08"
"24385","2024-11-29","2024-12-29"
"24386","",""
"24387","",""
"24388","",""
"24389","",""
"24390","",""
"24391","",""
"24392","",""
"24393","",""
"24394","2025-06-19","2026-03-14"
"24395","2025-09-12","2026-06-11"
"24396","",""
"24397","2024-12-29","2026-06-05"
"24398","",""
"24399","2025-01-06","2026-05-24"
"24400","",""
"24401","2024-12-09","2026-06-08"
"24402","2025-05-31","2026-05-17"
"24403","2024-12-17","2026-01-31"
"24404","2024-12-09","2026-04-28"
"24405","2024-12-29","2026-05-21"
"24406","",""
"24407","2025-01-01","2025-12-15"
"24408","",""
"24409","",""
"24410","2025-10-11","2025-10-11"
"24411","",""
"24412","",""
"24413","2025-06-23","2025-06-23"
"24414","2026-06-04","2026-06-04"
"24415","",""
"24416","",""
"24417","",""
"24418","",""
"24419","",""
"24420","2025-06-17","2026-05-31"
"24421","",""
"24422","2025-10-01","2025-10-01"
"24423","",""
"24424","",""
"24425","2024-12-27","2026-05-14"
"24426","2025-01-07","2026-06-08"
"24427","",""
"24428","2025-03-17","2026-02-14"
"24429","2025-12-31","2026-05-19"
"24430","2024-12-17","2026-02-12"
"24431","",""
"24432","",""
"24433","",""
"24434","",""
"24435","",""
"24436","",""
"24437","",""
"24438","",""
"24439","",""
"24440","",""
"24441","",""
"24442","2024-11-29","2026-05-28"
"24443","2025-07-28","2026-05-30"
"24444","",""
"24445","2025-01-02","2026-04-01"
"24446","2025-01-01","2025-01-01"
"24447","",""
"24448","2024-12-15","2026-05-17"
"24449","2025-04-23","2026-06-13"
"24450","2024-12-31","2026-05-31"
"24451","",""
"24452","",""
"24453","2025-01-01","2025-09-30"
"24454","2024-12-23","2026-05-25"
"24455","2025-06-02","2026-03-11"
"24456","",""
"24457","",""
"24458","2026-04-07","2026-05-28"
"24459","",""
"24460","2025-04-26","2025-07-11"
"24461","2025-01-28","2026-05-23"
"24462","2025-06-01","2025-11-13"
"24463","",""
"24464","",""
"24465","",""
"24466","2025-02-01","2026-05-08"
"24467","2025-05-31","2026-03-20"
"24468","2025-03-07","2026-05-24"
"24469","2024-12-09","2026-06-06"
"24470","",""
"24471","",""
"24472","2025-07-10","2025-07-10"
"24473","2024-12-01","2026-06-07"
"24474","2025-07-11","2025-09-10"
"24475","2024-12-08","2026-02-04"
"24476","",""
"24477","2025-12-31","2026-03-19"
"24478","",""
"24479","",""
"24480","",""
"24481","2025-12-28","2025-12-28"
"24482","2025-09-02","2026-01-28"
"24483","",""
"24484","",""
"24485","2025-01-02","2026-06-09"
"24486","",""
"24487","2025-01-24","2025-12-20"
"24488","",""
"24489","",""
"24490","2026-01-30","2026-01-30"
"24491","",""
"24492","",""
"24493","",""
"24494","",""
"24495","",""
"24496","",""
"24497","",""
"24498","2025-12-06","2025-12-06"
"24499","",""
"24500","",""
"24501","2025-01-12","2025-01-12"
"24502","2024-11-03","2026-03-19"
"24503","2022-03-13","2026-03-30"
"24504","2023-06-07","2026-03-10"
"24505","2026-06-03","2026-06-03"
"24506","2025-07-02","2026-05-31"
"24507","2025-01-31","2025-07-09"
"24508","2025-05-21","2026-04-25"
"24509","2024-11-30","2026-05-24"
"24510","2024-12-03","2026-06-14"
"24511","",""
"24512","2025-03-09","2026-06-14"
"24513","",""
"24514","",""
"24515","",""
"24516","",""
"24517","",""
"24518","",""
"24519","2025-01-05","2025-01-05"
"24520","",""
"24521","",""
"24522","",""
"24523","",""
"24524","",""
"24525","2025-01-12","2025-04-26"
"24526","",""
"24527","",""
"24528","",""
"24529","2025-11-11","2025-11-11"
"24530","",""
"24531","",""
"24532","",""
"24533","",""
"24534","",""
"24535","2025-01-31","2025-08-12"
"24536","",""
"24537","",""
"24538","2025-05-06","2026-03-01"
"24539","2025-03-08","2025-09-10"
"24540","",""
"24541","2025-08-31","2026-04-05"
"24542","2025-09-03","2025-09-03"
"24543","2025-04-06","2026-06-10"
"24544","",""
"24545","2024-12-23","2025-07-04"
"24546","2025-07-21","2026-06-11"
"24547","",""
"24548","",""
"24549","2025-04-21","2025-06-23"
"24550","2025-02-02","2025-10-28"
"24551","",""
"24552","",""
"24553","",""
"24554","2025-12-08","2026-05-17"
"24555","2025-03-29","2026-06-14"
"24556","2025-01-14","2026-06-12"
"24557","2025-04-14","2026-05-11"
"24558","2025-10-02","2025-10-02"
"24559","",""
"24560","2025-10-31","2025-10-31"
"24561","2025-02-04","2026-05-27"
"24562","2025-03-05","2025-03-05"
"24563","2025-11-04","2026-05-05"
"24564","",""
"24565","",""
"24586","",""
"24566","2025-11-19","2026-06-13"
"24567","2024-12-10","2026-06-08"
"24568","2024-12-31","2026-01-03"
"24569","",""
"24570","",""
"24571","",""
"24572","",""
"24573","",""
"24574","2025-03-22","2026-05-25"
"24575","",""
"24576","",""
"24577","",""
"24578","",""
"24579","",""
"24580","",""
"24581","",""
"24582","2025-03-09","2025-08-19"
"24583","2025-03-30","2025-12-10"
"24584","2025-05-01","2026-05-01"
"24585","",""
"24587","2025-10-01","2025-12-22"
"24588","",""
"24589","2025-05-07","2026-06-08"
"24590","2026-02-03","2026-02-03"
"24591","2026-03-31","2026-03-31"
"24592","",""
"24593","",""
"24594","",""
"24595","2025-07-02","2026-06-07"
"24596","2025-01-01","2026-06-14"
"24597","",""
"24598","2025-04-27","2025-10-28"
"24599","2025-03-02","2025-12-15"
"24600","2025-07-26","2025-07-26"
"24601","",""
"24602","",""
"24603","2025-03-14","2025-03-14"
"24604","2025-03-09","2026-05-21"
"24605","2025-04-19","2026-05-31"
"24606","",""
"24607","",""
"24608","",""
"24609","",""
"24610","",""
"24611","",""
"24612","",""
"24613","",""
"24614","2025-04-01","2025-09-18"
"24615","2025-09-15","2026-02-06"
"24616","2025-09-28","2025-09-28"
"24617","",""
"24618","2025-01-18","2026-06-09"
"24619","2024-12-29","2026-06-08"
"24620","",""
"24621","",""
"24622","",""
"24623","2025-03-01","2025-11-13"
"24624","",""
"24625","",""
"24626","2025-02-03","2025-03-18"
"24627","",""
"24628","2025-10-30","2026-02-14"
"24629","2025-02-01","2026-06-01"
"24630","2025-02-02","2026-06-07"
"24631","2025-02-14","2026-03-05"
"24632","2025-02-01","2026-06-02"
"24633","2025-02-02","2026-05-11"
"24634","2025-02-02","2026-05-28"
"24635","2025-02-09","2026-06-01"
"24636","2025-02-03","2026-06-04"
"24637","2025-02-04","2026-05-27"
"24638","2025-02-01","2026-05-26"
"24639","2025-10-27","2025-10-27"
"24640","2026-04-30","2026-04-30"
"24641","",""
"24642","",""
"24643","",""
"24644","2025-03-25","2026-05-24"
"24645","",""
"24646","",""
"24647","2025-02-08","2025-10-06"
"24648","",""
"24649","",""
"24650","2025-03-02","2026-02-28"
"24651","",""
"24652","",""
"24653","",""
"24654","",""
"24655","",""
"24656","",""
"24657","2025-10-10","2025-10-10"
"24658","2025-03-14","2025-11-04"
"24659","",""
"24660","",""
"24661","",""
"24662","",""
"24663","2025-04-17","2026-04-26"
"24664","",""
"24665","2025-03-05","2025-10-08"
"24666","",""
"24667","",""
"24668","2025-03-31","2025-03-31"
"24669","2025-01-01","2026-05-29"
"24670","",""
"24671","2025-04-30","2026-04-20"
"24672","2025-04-16","2026-05-17"
"24673","2025-02-28","2025-08-31"
"24674","2025-06-10","2026-03-29"
"24675","2025-05-31","2025-11-22"
"24676","2025-03-18","2026-06-01"
"24677","",""
"24678","2025-05-02","2026-02-08"
"24679","",""
"24680","",""
"24681","2024-12-30","2026-06-07"
"24682","",""
"24683","2025-04-16","2025-08-08"
"24684","2025-02-10","2026-05-02"
"24685","",""
"24686","",""
"24687","2025-07-20","2025-07-20"
"24688","",""
"24689","",""
"24690","2025-05-21","2025-05-21"
"24691","",""
"24692","2025-01-26","2026-05-29"
"24693","2025-02-25","2026-06-07"
"24694","2025-01-12","2026-04-26"
"24695","2025-02-06","2026-05-24"
"24696","",""
"24697","2025-02-02","2025-02-02"
"24698","",""
"24699","2025-02-26","2025-12-02"
"24700","",""
"24701","",""
"24702","",""
"24703","",""
"24704","",""
"24705","2025-05-03","2025-05-03"
"24706","2025-01-14","2026-06-05"
"24707","",""
"24708","",""
"24709","",""
"24710","",""
"24711","",""
"24712","",""
"24713","",""
"24714","",""
"24715","",""
"24716","",""
"24717","2025-01-25","2026-06-01"
"24718","",""
"24719","",""
"24720","2025-02-18","2025-02-18"
"24721","",""
"24722","2025-05-03","2026-05-11"
"24723","2025-06-23","2026-06-07"
"24724","",""
"24725","2026-05-08","2026-05-08"
"24726","",""
"24727","",""
"24728","2025-03-22","2026-05-25"
"24729","",""
"24730","2025-03-01","2026-02-22"
"24731","",""
"24732","",""
"24733","",""
"24734","2025-03-03","2026-05-04"
"24735","2026-01-26","2026-01-26"
"24736","2025-06-10","2025-07-16"
"24737","2025-02-06","2026-05-24"
"24738","",""
"24739","",""
"24740","",""
"24741","",""
"24742","2025-01-31","2026-05-31"
"24743","",""
"24744","",""
"24745","2025-01-18","2026-05-16"
"24746","2025-09-26","2025-09-26"
"24747","",""
"24748","",""
"24749","2025-09-23","2025-09-23"
"24750","",""
"24751","2025-10-01","2026-02-16"
"24752","2025-03-03","2026-06-11"
"24753","2025-04-23","2026-06-10"
"24754","",""
"24755","2026-01-26","2026-01-26"
"24756","2025-06-10","2026-02-14"
"24757","",""
"24758","2025-11-30","2026-04-20"
"24759","",""
"24760","2025-06-07","2026-03-27"
"24761","",""
"24762","2025-11-30","2025-11-30"
"24763","",""
"24764","",""
"24765","",""
"24766","",""
"24767","",""
"24768","",""
"24769","2025-02-23","2026-06-03"
"24770","2025-10-31","2025-10-31"
"24771","2025-04-28","2026-06-05"
"24772","2025-01-31","2026-05-25"
"24773","",""
"24774","2025-03-20","2025-05-25"
"24775","2025-03-05","2025-03-05"
"24776","2025-04-11","2025-04-11"
"24777","",""
"24778","",""
"24779","",""
"24780","",""
"24781","",""
"24782","",""
"24783","",""
"24784","2025-05-27","2025-05-27"
"24785","2025-08-10","2025-08-10"
"24786","",""
"24787","2025-11-12","2025-11-12"
"24788","",""
"24789","",""
"24790","",""
"24791","",""
"24792","",""
"24793","",""
"24794","",""
"24795","",""
"24796","",""
"24797","",""
"24798","",""
"24799","",""
"24800","",""
"24801","",""
"24802","",""
"24803","",""
"24804","",""
"24805","",""
"24806","",""
"24807","",""
"24808","",""
"24809","",""
"24810","",""
"24811","",""
"24812","",""
"24813","",""
"24814","",""
"24815","",""
"24816","",""
"24817","",""
"24818","",""
"24819","",""
"24820","",""
"24821","",""
"24822","",""
"24823","2025-05-30","2026-03-15"
"24824","2025-06-29","2025-10-01"
"24825","2025-08-29","2026-05-19"
"24826","2026-03-31","2026-03-31"
"24827","2025-06-13","2026-06-10"
"24828","2025-01-24","2026-06-02"
"24829","",""
"24830","",""
"24831","",""
"24832","",""
"24833","2025-07-15","2025-07-15"
"24834","2025-03-06","2025-03-06"
"24835","2025-02-28","2026-03-15"
"24836","2025-05-26","2025-05-26"
"24837","2025-03-08","2026-03-31"
"24838","",""
"24839","",""
"24840","2025-05-13","2025-05-13"
"24841","",""
"24842","2025-07-27","2026-03-03"
"24843","2025-10-10","2026-06-10"
"24844","",""
"24845","",""
"24846","2025-02-28","2026-02-08"
"24847","",""
"24848","",""
"24849","",""
"24850","2025-08-09","2025-08-09"
"24851","2025-04-22","2025-11-03"
"24852","2025-02-28","2026-01-12"
"24853","2026-03-31","2026-05-31"
"24854","2025-04-22","2026-06-14"
"24855","2025-07-01","2025-07-01"
"24856","2025-03-30","2025-10-21"
"24857","",""
"24858","2025-01-14","2026-06-01"
"24859","",""
"24860","2025-11-24","2026-02-07"
"24861","",""
"24862","",""
"24863","2025-10-12","2025-10-12"
"24864","2025-03-18","2026-05-31"
"24865","",""
"24866","2025-09-09","2026-06-08"
"24867","",""
"24868","2026-03-28","2026-03-28"
"24869","",""
"24870","2025-06-01","2026-01-31"
"24871","2025-10-11","2026-05-04"
"24872","2026-02-14","2026-04-06"
"24873","2025-07-28","2026-05-12"
"24874","2026-02-22","2026-04-27"
"24875","2025-07-28","2026-03-30"
"24876","2026-01-23","2026-04-26"
"24877","",""
"24878","",""
"24879","2025-06-14","2025-06-14"
"24880","2025-07-25","2025-07-25"
"24881","2025-02-13","2026-02-05"
"24882","2025-04-19","2026-05-25"
"24883","2025-05-10","2026-01-14"
"24884","2025-04-20","2026-05-03"
"24885","2025-06-08","2026-05-14"
"24886","2025-05-08","2025-06-15"
"24887","2025-11-04","2025-11-04"
"24888","2025-05-04","2026-06-08"
"24889","",""
"24890","2025-08-10","2025-12-20"
"24891","2025-04-10","2026-05-24"
"24892","",""
"24893","2025-07-27","2026-06-07"
"24894","",""
"24895","",""
"24896","",""
"24897","2025-06-08","2025-06-08"
"24898","2025-02-26","2026-05-24"
"24899","",""
"24900","2025-02-12","2026-05-16"
"24901","",""
"24902","2025-10-15","2026-03-01"
"24903","2025-06-01","2025-06-01"
"24904","",""
"24905","",""
"24906","",""
"24907","",""
"24908","2025-10-01","2025-10-01"
"24909","2025-06-07","2025-09-06"
"24910","",""
"24911","2025-10-27","2026-03-01"
"24912","2025-03-21","2026-05-15"
"24913","",""
"24914","2026-04-11","2026-05-17"
"24915","",""
"24916","",""
"24917","",""
"24918","2025-04-30","2026-01-01"
"24919","",""
"24920","2025-06-14","2026-06-08"
"24921","2025-07-09","2026-02-28"
"24922","",""
"24923","2025-02-28","2025-02-28"
"24924","2025-12-20","2025-12-20"
"24925","",""
"24926","",""
"24927","",""
"24928","",""
"24929","",""
"24930","",""
"24931","2025-05-01","2025-10-01"
"24932","2026-05-24","2026-05-24"
"24933","2025-04-11","2026-04-30"
"24934","2025-02-08","2026-05-23"
"24935","2025-04-07","2026-06-06"
"24936","2025-09-19","2025-09-19"
"24937","2025-01-29","2026-05-04"
"24938","2025-08-09","2026-04-29"
"24939","",""
"24940","",""
"24941","",""
"24942","",""
"24943","",""
"24944","",""
"24945","2025-07-27","2026-02-15"
"24946","2025-12-21","2026-02-01"
"24947","2025-03-03","2026-05-18"
"24948","2025-10-31","2025-10-31"
"24949","2025-09-16","2025-09-16"
"24950","2026-03-14","2026-03-14"
"24951","",""
"24952","",""
"24953","",""
"24954","",""
"24955","2025-03-31","2026-03-15"
"24956","2025-03-24","2026-05-25"
"24957","2025-03-30","2025-08-16"
"24958","",""
"24959","2025-02-10","2026-05-27"
"24960","",""
"24961","2025-03-30","2026-05-18"
"24962","2025-02-09","2026-05-26"
"24963","",""
"24964","2025-12-16","2026-05-23"
"24965","2025-03-09","2026-06-14"
"24966","2025-02-26","2026-06-11"
"24967","",""
"24968","",""
"24969","2025-06-30","2025-06-30"
"24970","",""
"24971","",""
"24972","",""
"24973","",""
"24974","",""
"24975","",""
"24976","",""
"24977","",""
"24978","",""
"24979","2025-07-10","2026-02-27"
"24980","",""
"24981","",""
"24982","",""
"24983","2025-06-04","2025-06-04"
"24984","2025-11-01","2026-05-02"
"24985","",""
"24986","",""
"24987","",""
"24988","",""
"24989","2025-12-17","2025-12-17"
"24990","2025-05-17","2026-01-24"
"24991","2025-06-07","2025-09-30"
"24992","2025-03-12","2026-05-09"
"24993","",""
"24994","2025-04-27","2025-10-31"
"24995","2025-04-10","2025-09-01"
"24996","",""
"24997","",""
"24998","2025-08-06","2026-05-23"
"24999","2025-09-04","2025-10-16"
"25000","",""
"25001","2026-02-11","2026-02-11"
"25002","",""
"25003","",""
"25004","",""
"25005","2025-02-21","2026-04-01"
"25006","",""
"25007","",""
"25008","",""
"25009","2025-04-05","2025-12-20"
"25010","",""
"25011","2025-03-04","2026-06-08"
"25012","2025-04-06","2026-04-21"
"25013","2025-04-17","2025-10-13"
"25014","2025-02-18","2026-05-28"
"25015","",""
"25016","2025-06-29","2025-06-29"
"25017","",""
"25018","2025-04-04","2026-05-31"
"25019","",""
"25020","2025-04-30","2025-04-30"
"25021","2025-05-01","2025-05-01"
"25022","2025-11-23","2025-11-23"
"25023","",""
"25024","2025-06-30","2025-12-26"
"25025","2025-09-05","2025-09-05"
"25026","",""
"25027","",""
"25028","",""
"25029","",""
"25030","",""
"25031","",""
"25032","",""
"25033","",""
"25034","",""
"25035","",""
"25036","",""
"25037","2025-03-17","2026-02-28"
"25038","2025-03-24","2026-06-09"
"25039","2025-05-16","2025-08-16"
"25040","2025-03-10","2025-08-09"
"25041","2025-08-25","2025-08-25"
"25042","",""
"25043","2025-07-20","2025-09-20"
"25044","",""
"25045","",""
"25046","",""
"25047","",""
"25048","",""
"25049","2025-06-25","2025-06-25"
"25050","",""
"25051","2025-11-04","2025-11-04"
"25052","2025-03-16","2026-05-31"
"25053","2025-03-29","2026-05-25"
"25054","2025-05-26","2025-05-26"
"25055","2025-06-27","2026-03-06"
"25056","2025-03-22","2026-01-11"
"25057","2025-05-10","2025-12-28"
"25058","",""
"25059","",""
"25060","2025-10-07","2025-10-07"
"25061","",""
"25062","",""
"25063","2025-03-23","2026-06-08"
"25064","2025-10-04","2026-01-16"
"25065","",""
"25066","2025-05-10","2026-06-12"
"25067","2025-05-27","2026-06-01"
"25068","",""
"25069","2025-06-15","2025-06-15"
"25070","",""
"25071","2025-03-01","2026-03-01"
"25072","2025-04-29","2026-05-17"
"25073","2025-05-16","2026-05-20"
"25074","",""
"25075","2025-09-24","2025-10-10"
"25076","2025-07-03","2026-05-07"
"25077","",""
"25078","2025-06-17","2026-01-13"
"25079","2025-06-04","2025-10-02"
"25080","2025-05-15","2025-05-15"
"25081","2025-03-25","2026-06-08"
"25082","",""
"25083","",""
"25084","2025-09-01","2026-06-08"
"25085","2025-09-14","2026-05-29"
"25086","2025-09-06","2026-06-17"
"25087","",""
"25088","",""
"25089","2025-04-16","2026-01-13"
"25090","2025-03-28","2025-11-28"
"25091","2025-11-17","2026-05-24"
"25092","2025-03-10","2025-12-21"
"25093","",""
"25094","2025-05-05","2026-05-10"
"25095","2025-03-02","2026-05-29"
"25096","2025-03-28","2026-04-18"
"25097","2025-03-03","2025-05-31"
"25098","",""
"25099","2026-01-04","2026-06-10"
"25100","",""
"25101","2026-06-08","2026-06-08"
"25102","2025-04-27","2026-05-31"
"25103","2025-04-08","2026-02-22"
"25104","2025-03-22","2025-12-23"
"25105","2025-11-03","2026-06-05"
"25106","",""
"25107","",""
"25108","",""
"25109","2025-03-31","2025-09-27"
"25110","",""
"25111","",""
"25112","2025-03-16","2026-06-02"
"25113","",""
"25114","2025-02-17","2026-05-17"
"25115","",""
"25116","2025-02-09","2026-06-07"
"25117","",""
"25118","",""
"25119","",""
"25120","",""
"25121","",""
"25122","2025-03-05","2025-03-05"
"25123","2025-03-10","2026-06-07"
"25124","2025-04-03","2025-04-03"
"25125","",""
"25126","2025-07-03","2025-07-03"
"25127","",""
"25128","2025-03-25","2026-02-16"
"25129","2025-06-01","2026-04-03"
"25130","2025-11-03","2026-06-09"
"25131","2025-07-14","2026-04-07"
"25132","2025-10-13","2026-03-16"
"25133","2025-09-01","2026-02-27"
"25134","",""
"25135","2025-07-05","2026-05-25"
"25136","2025-07-18","2026-05-13"
"25137","",""
"25138","",""
"25139","",""
"25140","2025-05-31","2026-04-30"
"25141","2026-01-31","2026-01-31"
"25142","2025-09-04","2026-06-05"
"25143","",""
"25144","",""
"25145","2025-07-23","2025-07-23"
"25146","",""
"25147","2025-07-31","2026-05-12"
"25148","",""
"25149","",""
"25150","2025-08-02","2026-01-15"
"25151","2025-08-03","2025-08-03"
"25152","",""
"25153","",""
"25154","",""
"25155","2025-04-27","2025-10-01"
"25156","",""
"25157","",""
"25158","",""
"25159","",""
"25160","2025-02-22","2026-05-20"
"25161","2025-03-22","2026-06-05"
"25162","2025-12-20","2026-04-16"
"25163","2026-05-31","2026-05-31"
"25164","2025-10-22","2026-05-14"
"25165","",""
"25166","2025-05-31","2026-04-20"
"25167","2025-03-16","2026-06-09"
"25168","",""
"25169","2026-04-13","2026-05-22"
"25170","2025-08-01","2025-08-01"
"25171","2025-07-27","2026-02-01"
"25172","2025-08-31","2026-05-01"
"25173","2026-05-01","2026-05-01"
"25174","2025-04-06","2026-06-08"
"25175","",""
"25176","2025-07-22","2025-07-22"
"25177","",""
"25178","2025-04-01","2026-05-03"
"25179","2025-04-30","2026-06-05"
"25180","2025-03-01","2026-06-12"
"25181","",""
"25182","2025-03-04","2026-05-31"
"25183","",""
"25184","",""
"25185","",""
"25186","",""
"25187","2025-05-31","2025-05-31"
"25188","",""
"25189","",""
"25190","",""
"25191","2025-05-03","2025-05-03"
"25192","",""
"25193","2025-12-28","2025-12-28"
"25194","2025-04-30","2025-11-28"
"25195","2025-08-12","2026-02-28"
"25196","",""
"25197","",""
"25198","2025-04-13","2026-05-27"
"25199","",""
"25200","",""
"25201","",""
"25202","",""
"25203","2026-01-05","2026-01-05"
"25204","",""
"25205","",""
"25206","2025-12-07","2026-06-13"
"25207","",""
"25208","2025-03-31","2025-12-27"
"25209","",""
"25210","2025-09-12","2025-09-12"
"25211","2025-03-16","2026-06-10"
"25212","2025-12-23","2026-06-06"
"25213","2025-04-10","2026-04-02"
"25214","2025-08-16","2025-08-16"
"25215","",""
"25216","",""
"25217","",""
"25218","2025-04-09","2025-08-02"
"25219","",""
"25220","",""
"25221","2025-09-30","2025-09-30"
"25222","2025-03-25","2026-04-10"
"25223","2025-06-25","2026-06-09"
"25224","2025-04-06","2026-06-07"
"25225","",""
"25226","2025-08-15","2025-12-01"
"25227","2025-03-29","2025-04-30"
"25228","2026-05-24","2026-05-24"
"25229","",""
"25230","2025-07-31","2026-04-29"
"25231","",""
"25232","2025-04-30","2025-04-30"
"25233","2025-04-07","2026-05-30"
"25234","",""
"25235","2025-09-01","2026-01-18"
"25236","",""
"25237","",""
"25238","",""
"25239","",""
"25240","",""
"25241","",""
"25242","2026-04-05","2026-05-05"
"25243","",""
"25244","2025-08-02","2026-03-10"
"25245","2025-05-19","2026-06-08"
"25246","",""
"25247","",""
"25248","2025-03-31","2026-05-31"
"25249","",""
"25250","2025-07-27","2025-07-27"
"25251","2025-04-20","2026-03-29"
"25252","2025-05-14","2026-06-13"
"25253","",""
"25254","",""
"25255","2025-05-06","2025-08-01"
"25256","",""
"25257","2025-03-05","2026-06-05"
"25258","2025-03-09","2026-05-25"
"25259","",""
"25260","",""
"25261","",""
"25262","2026-05-03","2026-06-07"
"25263","2025-05-06","2025-05-06"
"25264","",""
"25265","2025-04-11","2026-05-28"
"25266","",""
"25267","",""
"25268","",""
"25269","",""
"25270","2025-04-13","2026-06-07"
"25271","2025-04-28","2026-04-10"
"25272","2025-04-26","2026-05-30"
"25273","2025-04-03","2026-05-31"
"25274","",""
"25275","",""
"25276","",""
"25277","2025-05-07","2026-06-08"
"25278","",""
"25279","2025-12-31","2025-12-31"
"25280","",""
"25281","",""
"25282","",""
"25283","",""
"25284","2025-08-31","2025-08-31"
"25285","",""
"25286","2025-05-13","2026-04-05"
"25287","2025-06-07","2025-12-21"
"25288","2026-01-14","2026-01-14"
"25289","2025-10-31","2025-10-31"
"25290","2025-05-25","2026-04-29"
"25291","2025-10-15","2026-05-25"
"25292","2025-06-03","2026-05-18"
"25293","",""
"25294","2025-04-16","2026-05-31"
"25295","2025-07-13","2026-03-28"
"25296","",""
"25297","",""
"25298","",""
"25299","2025-09-30","2026-05-01"
"25300","",""
"25301","2025-05-31","2026-05-01"
"25302","",""
"25303","2025-11-13","2025-12-20"
"25304","2025-04-05","2025-12-21"
"25305","2025-09-16","2025-09-16"
"25306","",""
"25307","",""
"25308","",""
"25309","",""
"25310","2025-03-20","2026-06-14"
"25311","2025-07-29","2025-07-29"
"25312","",""
"25313","2025-03-20","2026-05-31"
"25314","2025-06-06","2025-06-06"
"25315","",""
"25316","",""
"25317","",""
"25318","",""
"25319","",""
"25320","",""
"25321","",""
"25322","",""
"25323","",""
"25324","",""
"25325","",""
"25326","2025-05-01","2025-09-19"
"25327","2025-10-08","2026-03-05"
"25328","",""
"25329","2025-07-17","2026-04-10"
"25330","2026-03-07","2026-06-14"
"25331","2025-04-09","2025-06-18"
"25332","",""
"25333","",""
"25334","2025-04-24","2025-11-01"
"25335","",""
"25336","2025-04-14","2026-05-17"
"25337","2025-07-01","2026-05-20"
"25338","2025-04-13","2026-05-30"
"25339","2025-10-04","2026-01-31"
"25340","",""
"25341","",""
"25342","",""
"25343","2025-08-09","2025-08-09"
"25344","2025-03-15","2026-05-25"
"25345","2025-06-01","2026-02-28"
"25346","",""
"25347","",""
"25348","",""
"25349","",""
"25350","",""
"25351","2025-06-16","2026-06-07"
"25352","2025-06-14","2026-06-01"
"25353","",""
"25354","2025-06-08","2026-06-10"
"25355","2025-11-05","2026-04-03"
"25356","2025-08-04","2025-08-04"
"25357","",""
"25358","",""
"25359","2025-06-23","2026-05-16"
"25360","2025-10-18","2025-10-18"
"25361","",""
"25362","",""
"25363","",""
"25364","",""
"25365","",""
"25366","",""
"25367","2025-09-05","2026-05-01"
"25368","2026-03-27","2026-05-27"
"25369","",""
"25370","",""
"25371","",""
"25372","2025-11-09","2025-11-09"
"25373","",""
"25374","2025-04-07","2025-04-07"
"25375","2025-12-20","2025-12-20"
"25376","",""
"25377","2025-03-20","2026-06-18"
"25378","",""
"25379","",""
"25380","",""
"25381","2025-06-03","2025-06-03"
"25382","2025-08-08","2026-05-03"
"25383","",""
"25384","",""
"25385","2025-09-06","2026-06-09"
"25386","",""
"25387","",""
"25388","",""
"25389","",""
"25390","",""
"25391","",""
"25392","2025-05-01","2025-05-01"
"25393","2025-05-04","2025-09-29"
"25394","",""
"25395","2025-04-07","2025-05-09"
"25396","",""
"25397","",""
"25398","2026-01-15","2026-05-31"
"25399","2025-12-01","2025-12-01"
"25400","",""
"25401","2025-07-01","2025-07-01"
"25402","",""
"25403","2025-09-22","2025-09-22"
"25404","2026-03-31","2026-03-31"
"25405","2025-05-10","2026-05-19"
"25406","",""
"25407","2025-06-01","2026-05-24"
"25408","2025-09-28","2026-05-31"
"25409","2025-05-01","2025-09-30"
"25410","2026-03-25","2026-03-25"
"25411","2025-05-27","2025-07-05"
"25412","",""
"25413","",""
"25414","",""
"25415","2026-05-30","2026-05-30"
"25416","",""
"25417","",""
"25418","2025-11-03","2026-02-21"
"25419","2025-11-24","2026-05-01"
"25420","",""
"25421","",""
"25422","2025-08-28","2026-06-08"
"25423","",""
"25424","",""
"25425","2025-11-23","2025-11-23"
"25426","2025-03-31","2026-06-06"
"25427","",""
"25428","2026-03-15","2026-03-15"
"25429","2025-12-20","2025-12-30"
"25430","2026-01-03","2026-04-04"
"25431","",""
"25432","",""
"25433","2025-06-01","2026-05-19"
"25434","2025-08-13","2025-08-13"
"25435","2025-05-09","2026-04-07"
"25436","",""
"25437","",""
"25438","2025-04-02","2026-06-07"
"25439","",""
"25440","",""
"25441","",""
"25442","2025-05-18","2025-05-18"
"25443","",""
"25444","",""
"25445","2025-07-31","2026-05-10"
"25446","2026-01-18","2026-04-04"
"25447","",""
"25448","",""
"25449","",""
"25450","2025-05-20","2026-05-07"
"25451","2025-04-25","2025-04-25"
"25452","2025-11-23","2026-05-05"
"25453","",""
"25454","",""
"25455","2025-05-01","2025-09-06"
"25456","2025-06-13","2026-05-22"
"25457","",""
"25458","2025-10-09","2026-06-08"
"25459","2025-04-16","2026-05-17"
"25460","2025-04-03","2026-06-07"
"25461","",""
"25462","",""
"25463","",""
"25464","",""
"25465","",""
"25466","2025-08-12","2026-05-04"
"25467","",""
"25468","2025-05-25","2026-04-30"
"25469","2025-10-30","2026-04-06"
"25470","",""
"25471","",""
"25472","2025-09-23","2025-09-23"
"25473","",""
"25474","2025-11-03","2026-05-20"
"25475","2025-05-25","2026-04-05"
"25476","2025-04-25","2026-04-20"
"25477","2025-06-17","2026-06-12"
"25478","",""
"25479","2025-08-02","2026-05-14"
"25480","",""
"25481","",""
"25482","2025-04-17","2026-05-31"
"25483","",""
"25484","",""
"25485","",""
"25486","2025-06-17","2025-06-17"
"25487","2025-05-02","2026-05-15"
"25488","",""
"25489","2025-08-23","2025-08-23"
"25490","2025-05-21","2026-05-30"
"25491","",""
"25492","2025-04-21","2026-06-13"
"25493","2025-04-26","2026-05-25"
"25494","",""
"25495","2025-08-15","2025-08-15"
"25496","2025-07-03","2026-01-04"
"25497","2026-06-06","2026-06-13"
"25498","",""
"25499","2025-05-12","2026-05-26"
"25500","",""
"25501","2025-05-26","2025-05-26"
"25502","",""
"25503","",""
"25504","2025-06-04","2026-06-08"
"25505","2025-11-03","2025-11-03"
"25506","",""
"25507","",""
"25508","",""
"25509","2025-09-08","2026-06-12"
"25510","2025-10-09","2025-10-09"
"25511","",""
"25512","",""
"25513","2025-09-17","2025-09-17"
"25514","2025-04-07","2026-05-17"
"25515","2025-04-16","2026-05-20"
"25516","",""
"25517","2026-05-06","2026-05-06"
"25518","",""
"25519","2025-08-31","2026-04-30"
"25520","2025-08-31","2025-08-31"
"25521","2025-08-12","2025-08-12"
"25522","2026-05-31","2026-05-31"
"25523","2025-11-01","2026-01-17"
"25524","",""
"25525","",""
"25526","2025-04-30","2025-04-30"
"25527","",""
"25528","2025-05-31","2026-04-11"
"25529","2026-02-06","2026-02-06"
"25530","2025-08-01","2026-04-15"
"25531","2025-10-31","2026-04-20"
"25532","2025-05-04","2026-06-13"
"25533","2025-12-31","2026-05-20"
"25534","2025-04-27","2026-06-07"
"25535","2025-04-15","2026-05-31"
"25536","2025-12-21","2026-01-31"
"25537","2025-08-20","2025-10-29"
"25538","",""
"25539","2026-05-29","2026-05-29"
"25540","2025-05-21","2026-06-13"
"25541","2025-06-09","2025-08-08"
"25542","2026-04-21","2026-04-21"
"25543","2025-07-27","2026-03-19"
"25544","",""
"25545","",""
"25546","",""
"25547","",""
"25548","",""
"25549","2025-07-20","2026-06-04"
"25550","",""
"25551","2025-04-29","2025-04-29"
"25552","2025-08-06","2025-08-06"
"25553","",""
"25554","2025-06-16","2025-06-16"
"25555","2025-05-18","2026-06-13"
"25556","2025-07-17","2026-06-14"
"25557","",""
"25558","",""
"25559","",""
"25560","2025-06-23","2026-04-29"
"25561","2025-05-14","2026-06-02"
"25562","",""
"25563","2025-08-16","2026-04-27"
"25564","2025-06-01","2025-06-01"
"25565","",""
"25566","",""
"25567","",""
"25568","2025-07-20","2026-05-31"
"25569","2026-05-05","2026-06-10"
"25570","",""
"25571","",""
"25572","2025-07-28","2026-05-24"
"25573","",""
"25574","2025-06-27","2026-01-02"
"25575","2025-05-02","2026-04-20"
"25576","",""
"25577","",""
"25578","2025-06-22","2026-06-12"
"25579","2025-07-01","2026-05-02"
"25580","",""
"25581","2025-11-02","2026-02-15"
"25582","2025-05-18","2026-05-31"
"25583","2025-04-27","2026-06-14"
"25584","",""
"25585","",""
"25586","2025-05-07","2026-05-24"
"25587","",""
"25588","",""
"25589","",""
"25590","",""
"25591","",""
"25592","2025-06-27","2025-09-30"
"25593","",""
"25594","2025-05-15","2026-05-03"
"25595","2025-05-26","2026-05-29"
"25596","2025-07-14","2026-05-28"
"25597","2026-02-14","2026-02-14"
"25598","2025-05-11","2026-05-29"
"25599","2025-06-28","2026-05-25"
"25600","2025-05-14","2026-05-30"
"25601","2025-05-21","2026-04-26"
"25602","2025-05-28","2026-03-21"
"25603","2025-04-25","2026-05-30"
"25604","2025-12-26","2026-05-12"
"25605","2025-05-13","2026-05-21"
"25606","2025-05-18","2026-03-29"
"25607","2025-05-13","2026-05-24"
"25608","2025-05-09","2026-05-30"
"25609","2025-09-30","2026-03-19"
"25610","2025-05-15","2026-05-24"
"25611","2025-06-14","2026-05-21"
"25612","",""
"25613","",""
"25614","2026-03-02","2026-04-03"
"25615","2026-02-22","2026-02-22"
"25616","",""
"25617","",""
"25618","",""
"25619","2025-12-29","2026-05-09"
"25620","2025-09-20","2026-06-19"
"25621","2025-05-10","2026-05-23"
"25622","",""
"25623","",""
"25624","2025-09-15","2025-09-15"
"25625","",""
"25626","2025-11-11","2026-02-17"
"25627","",""
"25628","2025-06-19","2025-06-19"
"25629","2026-03-31","2026-03-31"
"25630","",""
"25631","2025-06-20","2026-05-28"
"25632","",""
"25633","",""
"25634","2025-09-12","2025-12-02"
"25635","",""
"25636","2026-01-10","2026-04-12"
"25637","2025-06-30","2026-05-31"
"25638","",""
"25639","2026-01-01","2026-06-05"
"25640","2025-07-31","2025-11-11"
"25641","2025-06-21","2025-06-21"
"25642","2025-09-14","2026-04-12"
"25643","",""
"25644","",""
"25645","",""
"25646","",""
"25647","",""
"25648","",""
"25649","2025-05-13","2025-05-13"
"25650","2025-06-03","2026-01-01"
"25651","2026-01-14","2026-01-14"
"25652","2025-07-05","2026-04-11"
"25653","2025-06-18","2026-01-08"
"25654","",""
"25655","2025-08-09","2025-10-30"
"25656","2025-07-13","2025-07-13"
"25657","2025-07-10","2026-01-04"
"25658","",""
"25659","",""
"25660","",""
"25661","",""
"25662","2025-05-10","2026-06-11"
"25663","2025-07-26","2025-07-26"
"25664","",""
"25665","",""
"25666","",""
"25667","",""
"25668","",""
"25669","",""
"25670","",""
"25671","",""
"25672","",""
"25673","",""
"25674","",""
"25675","",""
"25676","",""
"25677","2025-07-01","2025-07-31"
"25678","2026-02-21","2026-05-25"
"25679","",""
"25680","2026-03-11","2026-03-11"
"25681","",""
"25682","2025-06-07","2026-04-04"
"25683","2025-09-27","2025-09-27"
"25684","2025-11-09","2026-06-07"
"25685","",""
"25686","2025-06-01","2026-06-01"
"25687","",""
"25688","2025-05-20","2025-10-12"
"25689","2025-06-09","2026-06-12"
"25690","",""
"25691","",""
"25692","2025-10-04","2026-04-30"
"25693","",""
"25694","2025-07-20","2025-11-11"
"25695","",""
"25696","",""
"25697","2025-09-02","2026-05-25"
"25698","",""
"25699","2025-05-19","2026-05-14"
"25700","2025-12-31","2026-05-20"
"25701","2025-08-31","2025-08-31"
"25702","2025-05-30","2025-12-31"
"25703","",""
"25704","",""
"25705","2025-06-04","2026-05-26"
"25706","",""
"25707","",""
"25708","2025-05-15","2026-06-01"
"25709","2025-10-12","2025-10-12"
"25710","2025-04-26","2025-04-26"
"25711","2025-06-09","2026-06-08"
"25712","",""
"25713","2025-08-31","2026-05-29"
"25714","2025-09-01","2025-10-01"
"25715","2025-06-23","2026-05-16"
"25716","2025-08-02","2025-08-02"
"25717","2025-05-11","2026-06-11"
"25718","",""
"25719","",""
"25720","",""
"25721","",""
"25722","2025-05-21","2026-04-27"
"25723","2025-07-22","2025-07-22"
"25724","2025-05-11","2026-05-24"
"25725","2025-08-10","2025-08-10"
"25726","2025-09-16","2025-09-16"
"25727","",""
"25728","",""
"25729","",""
"25730","2025-11-23","2026-06-14"
"25731","",""
"25732","",""
"25733","2025-07-26","2025-07-26"
"25734","2025-06-08","2026-06-07"
"25735","",""
"25736","2025-08-11","2026-05-24"
"25737","",""
"25738","2026-03-13","2026-03-13"
"25739","",""
"25740","",""
"25741","2025-08-01","2026-06-01"
"25742","2026-02-28","2026-02-28"
"25743","2025-08-11","2025-09-23"
"25744","",""
"25745","",""
"25746","2025-08-02","2025-12-31"
"25747","",""
"25748","",""
"25749","2025-11-01","2025-11-01"
"25750","2026-04-06","2026-06-12"
"25751","2026-04-09","2026-06-01"
"25752","",""
"25753","",""
"25754","2025-05-13","2026-06-07"
"25755","2025-07-22","2025-09-01"
"25756","2025-08-11","2026-04-06"
"25757","2025-08-02","2026-05-20"
"25758","2025-05-22","2026-05-25"
"25759","2025-08-31","2026-05-23"
"25760","2025-08-24","2026-05-25"
"25761","2025-05-04","2026-05-30"
"25762","",""
"25763","2025-05-10","2026-05-26"
"25764","2025-05-12","2026-05-31"
"25765","2025-05-08","2026-05-30"
"25766","2025-05-15","2026-05-31"
"25767","",""
"25768","2025-09-22","2026-02-02"
"25769","",""
"25770","",""
"25771","",""
"25772","2025-08-31","2025-09-30"
"25773","",""
"25774","",""
"25775","2025-06-02","2025-11-23"
"25776","",""
"25777","",""
"25778","",""
"25779","",""
"25780","",""
"25781","",""
"25782","2025-06-28","2025-06-28"
"25783","",""
"25784","2025-09-01","2026-06-07"
"25785","2025-07-13","2026-02-17"
"25786","",""
"25787","2025-06-24","2026-06-15"
"25788","2025-10-13","2025-10-13"
"25789","2025-10-05","2026-01-15"
"25790","",""
"25791","",""
"25792","",""
"25793","2025-11-28","2026-05-23"
"25794","",""
"25795","",""
"25796","2026-02-07","2026-06-09"
"25797","",""
"25798","",""
"25799","",""
"25800","2025-05-06","2025-08-09"
"25801","2025-06-03","2026-05-02"
"25802","",""
"25803","2025-08-09","2026-06-09"
"25804","2025-07-17","2025-07-17"
"25805","2025-06-04","2026-06-12"
"25806","2025-05-22","2026-06-08"
"25807","2025-06-08","2025-06-08"
"25808","2025-07-14","2026-06-07"
"25809","2025-06-04","2025-06-04"
"25810","",""
"25811","",""
"25812","2025-05-31","2026-06-13"
"25813","2025-06-22","2026-06-06"
"25814","2025-09-22","2025-10-23"
"25815","",""
"25816","2025-06-28","2026-03-01"
"25817","2025-05-19","2026-06-07"
"25818","",""
"25819","2025-11-24","2025-11-24"
"25820","",""
"25821","2025-12-10","2025-12-10"
"25822","",""
"25823","2025-05-29","2026-01-14"
"25824","2025-08-04","2025-08-04"
"25825","2025-07-03","2026-06-01"
"25826","2025-10-02","2026-03-10"
"25827","2025-09-06","2026-03-01"
"25828","2025-06-15","2025-06-15"
"25829","2025-12-09","2026-05-31"
"25830","",""
"25831","2025-06-13","2026-04-15"
"25832","",""
"25833","",""
"25834","",""
"25835","",""
"25836","2025-10-02","2025-10-02"
"25837","",""
"25838","",""
"25839","",""
"25840","",""
"25841","2026-06-10","2026-06-10"
"25842","",""
"25843","2025-10-09","2025-12-10"
"25844","2025-07-11","2026-04-30"
"25845","",""
"25846","",""
"25847","",""
"25848","2025-07-30","2026-01-04"
"25849","2025-11-16","2025-11-16"
"25850","2025-07-31","2025-09-09"
"25851","",""
"25852","",""
"25853","",""
"25854","",""
"25855","",""
"25856","",""
"25857","2025-12-01","2026-04-15"
"25858","",""
"25859","",""
"25860","2025-12-05","2025-12-05"
"25861","",""
"25862","2025-10-20","2025-10-20"
"25863","2025-06-06","2025-11-21"
"25864","",""
"25865","",""
"25866","",""
"25867","2025-07-06","2025-08-09"
"25868","2025-07-18","2026-03-11"
"25869","2025-06-21","2026-06-07"
"25870","",""
"25871","2026-06-08","2026-06-08"
"25872","2025-05-26","2026-05-17"
"25873","",""
"25874","",""
"25875","",""
"25876","2025-06-25","2025-10-29"
"25877","",""
"25878","",""
"25879","",""
"25880","",""
"25881","2025-08-22","2025-08-22"
"25882","",""
"25883","2026-05-17","2026-05-17"
"25884","2025-06-06","2026-05-31"
"25885","",""
"25886","2025-12-09","2026-06-10"
"25887","",""
"25888","",""
"25889","",""
"25890","",""
"25891","",""
"25892","",""
"25893","",""
"25894","2025-08-30","2026-01-10"
"25895","",""
"25896","",""
"25897","",""
"25898","",""
"25899","",""
"25900","",""
"25901","",""
"25902","",""
"25903","",""
"25904","",""
"25905","",""
"25906","",""
"25907","",""
"25908","",""
"25909","2025-09-27","2026-05-12"
"25910","2025-11-19","2025-11-19"
"25911","",""
"25912","2025-10-14","2025-10-14"
"25913","2025-09-27","2025-09-27"
"25914","2026-03-01","2026-03-01"
"25915","",""
"25916","",""
"25917","",""
"25918","",""
"25919","",""
"25920","",""
"25921","2025-08-16","2026-02-26"
"25922","",""
"25923","",""
"25924","",""
"25925","",""
"25926","2026-05-04","2026-05-04"
"25927","",""
"25928","",""
"25929","2025-08-17","2026-05-29"
"25930","2026-02-03","2026-05-02"
"25931","2025-07-07","2025-07-29"
"25932","2025-07-14","2026-01-11"
"25933","2025-08-10","2025-08-10"
"25934","2025-06-29","2025-06-29"
"25935","",""
"25936","2025-09-29","2025-09-29"
"25937","2026-01-04","2026-05-21"
"25938","",""
"25939","2025-07-04","2026-06-09"
"25940","2025-06-13","2025-06-29"
"25941","",""
"25942","",""
"25943","",""
"25944","",""
"25945","2025-08-18","2025-08-18"
"25946","",""
"25947","",""
"25948","",""
"25949","",""
"25950","",""
"25951","",""
"25952","2025-07-02","2026-04-04"
"25953","",""
"25954","",""
"25955","",""
"25956","2025-08-08","2025-08-08"
"25957","",""
"25958","",""
"25959","",""
"25960","",""
"25961","",""
"25962","",""
"25963","2026-01-31","2026-01-31"
"25964","",""
"25965","",""
"25966","",""
"25967","2025-06-02","2026-05-09"
"25968","2025-08-05","2026-06-14"
"25969","2025-06-16","2025-12-26"
"25970","",""
"25971","2025-06-27","2026-06-08"
"25972","",""
"25973","2025-06-26","2025-08-31"
"25974","",""
"25975","2025-08-03","2026-05-11"
"25976","2026-01-06","2026-05-01"
"25977","2025-07-20","2026-06-07"
"25978","",""
"25979","2025-08-11","2025-08-11"
"25980","2025-10-07","2026-06-11"
"25981","",""
"25982","2025-06-20","2026-05-22"
"25983","",""
"25984","2026-06-08","2026-06-08"
"25985","",""
"25986","",""
"25987","",""
"25988","",""
"25989","",""
"25990","",""
"25991","",""
"25992","2025-08-16","2025-08-16"
"25993","2025-05-24","2026-06-04"
"25994","",""
"25995","2025-06-29","2025-06-29"
"25996","",""
"25997","",""
"25998","",""
"25999","",""
"26000","",""
"26001","2025-07-01","2026-02-01"
"26002","2025-06-22","2026-05-11"
"26003","2025-09-01","2025-12-07"
"26004","",""
"26005","",""
"26006","",""
"26007","2025-06-30","2026-04-07"
"26008","",""
"26009","2025-07-15","2025-07-15"
"26010","2025-07-10","2025-07-10"
"26011","2025-08-31","2025-12-15"
"26012","",""
"26013","",""
"26014","2025-11-01","2025-11-01"
"26015","2025-11-16","2025-11-16"
"26016","",""
"26017","",""
"26018","",""
"26019","",""
"26020","",""
"26021","2026-02-25","2026-05-05"
"26022","2025-07-20","2025-07-20"
"26023","2025-06-24","2025-11-30"
"26024","2025-08-26","2025-12-17"
"26025","",""
"26026","2025-06-30","2025-06-30"
"26027","2025-11-10","2026-06-04"
"26028","2026-01-12","2026-01-12"
"26029","",""
"26030","2025-06-08","2026-05-17"
"26031","2026-04-15","2026-04-15"
"26032","",""
"26033","",""
"26034","2025-07-12","2025-10-14"
"26035","2025-10-01","2025-10-01"
"26036","2025-07-31","2025-07-31"
"26037","",""
"26038","2025-08-31","2026-04-29"
"26039","",""
"26040","2025-08-02","2026-05-31"
"26041","2025-09-29","2026-05-05"
"26042","2025-06-11","2026-06-07"
"26043","2025-08-09","2025-08-09"
"26044","2026-04-15","2026-05-15"
"26045","2025-09-24","2025-09-24"
"26046","2025-06-22","2025-12-14"
"26047","2026-02-15","2026-02-15"
"26048","",""
"26049","",""
"26050","",""
"26051","2025-09-12","2026-06-10"
"26052","2025-08-20","2025-08-20"
"26053","",""
"26054","2026-01-02","2026-05-20"
"26055","2025-07-03","2026-05-25"
"26056","2025-11-16","2026-05-18"
"26057","",""
"26058","",""
"26059","2026-05-26","2026-05-26"
"26060","2025-07-05","2026-06-10"
"26061","2025-07-05","2026-06-12"
"26062","2025-07-13","2026-02-18"
"26063","",""
"26064","",""
"26065","",""
"26066","",""
"26067","2026-05-23","2026-05-23"
"26068","",""
"26069","",""
"26070","2025-10-15","2025-10-15"
"26071","",""
"26072","2025-08-20","2025-08-20"
"26073","",""
"26074","",""
"26075","2025-08-17","2025-08-17"
"26076","2026-03-31","2026-05-12"
"26077","2025-08-07","2026-04-04"
"26078","",""
"26079","",""
"26080","",""
"26081","",""
"26082","",""
"26083","",""
"26084","2025-07-06","2026-06-07"
"26085","",""
"26086","",""
"26087","2025-08-09","2025-09-17"
"26088","2025-07-06","2026-02-16"
"26089","2025-08-31","2026-05-31"
"26090","2025-12-03","2025-12-03"
"26091","",""
"26092","",""
"26093","2026-05-20","2026-05-20"
"26094","",""
"26095","",""
"26096","2025-07-25","2025-07-25"
"26097","",""
"26098","",""
"26099","2025-09-08","2026-01-04"
"26100","",""
"26101","2025-07-19","2026-05-20"
"26102","",""
"26103","",""
"26104","2025-10-10","2026-06-11"
"26105","",""
"26106","2025-10-10","2026-04-30"
"26107","2026-06-01","2026-06-01"
"26108","2025-08-10","2026-04-05"
"26109","",""
"26110","",""
"26111","",""
"26112","",""
"26113","",""
"26114","",""
"26115","",""
"26116","2026-04-06","2026-05-18"
"26117","2026-02-03","2026-06-07"
"26118","2025-12-17","2026-04-24"
"26119","2025-08-06","2026-06-12"
"26120","2025-08-19","2026-06-10"
"26121","2025-09-12","2025-09-12"
"26122","",""
"26123","",""
"26124","2025-07-04","2025-10-13"
"26125","",""
"26126","",""
"26127","",""
"26128","",""
"26129","",""
"26130","",""
"26131","",""
"26132","2025-08-16","2026-05-16"
"26133","2025-08-02","2026-06-05"
"26134","2025-12-18","2026-05-25"
"26135","2026-01-03","2026-01-03"
"26136","2025-08-11","2026-06-10"
"26137","2025-08-14","2026-06-05"
"26138","2025-10-17","2026-05-30"
"26139","2025-09-01","2026-06-19"
"26140","2025-11-02","2025-12-15"
"26141","2025-07-19","2026-04-30"
"26142","",""
"26143","",""
"26144","2025-08-15","2026-06-06"
"26145","2025-09-06","2026-06-09"
"26146","",""
"26147","",""
"26148","2025-07-28","2026-06-06"
"26149","",""
"26150","2025-08-05","2025-10-07"
"26151","2025-08-04","2026-05-25"
"26152","2025-11-06","2025-11-06"
"26153","2025-08-25","2025-08-25"
"26154","2025-07-06","2026-05-06"
"26155","2025-08-01","2026-04-29"
"26156","2025-11-09","2026-01-02"
"26157","2026-02-28","2026-02-28"
"26158","2025-08-14","2026-03-06"
"26159","2025-08-31","2025-08-31"
"26160","",""
"26161","2025-09-01","2025-09-01"
"26162","",""
"26163","2025-07-21","2026-05-16"
"26164","",""
"26165","2025-08-22","2025-08-22"
"26166","",""
"26167","",""
"26168","2025-10-01","2025-10-01"
"26169","2025-06-25","2025-07-25"
"26170","",""
"26171","",""
"26172","2026-02-09","2026-02-09"
"26173","",""
"26174","2025-06-29","2025-11-03"
"26175","",""
"26176","",""
"26177","",""
"26178","2025-08-08","2026-06-13"
"26179","2026-01-10","2026-03-31"
"26180","2025-11-01","2025-11-01"
"26181","",""
"26182","2025-07-12","2026-06-04"
"26183","2025-11-11","2026-05-16"
"26184","",""
"26185","",""
"26186","",""
"26187","2025-09-16","2025-09-16"
"26188","2025-10-09","2026-06-07"
"26189","2025-09-18","2026-05-31"
"26190","2025-09-15","2025-12-21"
"26191","2025-11-16","2025-12-03"
"26192","",""
"26193","2026-04-06","2026-04-06"
"26194","2025-12-25","2026-06-07"
"26195","2026-01-06","2026-03-20"
"26196","",""
"26197","2026-03-29","2026-05-06"
"26198","2026-04-17","2026-05-31"
"26199","",""
"26200","",""
"26201","",""
"26202","",""
"26203","",""
"26204","2025-07-19","2026-06-12"
"26205","2025-07-14","2025-07-14"
"26206","",""
"26207","2026-04-26","2026-04-26"
"26208","",""
"26209","",""
"26210","",""
"26211","",""
"26212","2025-06-27","2026-05-28"
"26213","2025-07-28","2026-06-07"
"26214","2025-07-20","2026-06-10"
"26215","2025-07-05","2026-06-03"
"26216","2025-06-29","2026-05-29"
"26217","2025-06-29","2026-06-06"
"26218","",""
"26219","",""
"26220","",""
"26221","2026-02-17","2026-02-17"
"26222","2025-12-25","2026-06-01"
"26223","2025-11-20","2026-06-01"
"26224","",""
"26225","2025-11-03","2026-02-16"
"26226","2025-09-24","2025-09-28"
"26227","",""
"26228","",""
"26229","2025-07-18","2026-05-17"
"26230","2025-09-24","2026-05-07"
"26231","2025-11-09","2025-11-09"
"26232","2026-02-02","2026-02-02"
"26233","2025-10-27","2026-02-02"
"26234","",""
"26235","",""
"26236","2025-11-11","2025-11-11"
"26237","2025-10-26","2025-12-25"
"26238","",""
"26239","",""
"26240","2026-04-17","2026-04-17"
"26241","",""
"26242","",""
"26243","",""
"26244","",""
"26245","",""
"26246","",""
"26247","",""
"26248","",""
"26249","",""
"26250","",""
"26251","",""
"26252","",""
"26253","2025-08-31","2026-04-17"
"26254","2025-09-30","2026-04-25"
"26255","2025-11-04","2026-05-24"
"26256","2025-09-01","2026-05-31"
"26257","2025-10-03","2025-10-03"
"26258","2025-09-03","2026-05-20"
"26259","2026-03-18","2026-03-18"
"26260","",""
"26261","2025-09-15","2026-01-15"
"26262","2025-08-01","2026-05-01"
"26263","",""
"26264","",""
"26265","2025-10-04","2025-10-04"
"26266","",""
"26267","",""
"26268","2025-07-27","2026-06-09"
"26269","",""
"26270","",""
"26271","",""
"26272","",""
"26273","",""
"26274","",""
"26275","",""
"26276","2025-08-11","2025-08-11"
"26277","",""
"26278","2025-08-31","2025-08-31"
"26279","",""
"26280","2025-12-26","2025-12-26"
"26281","",""
"26282","2025-08-29","2026-05-07"
"26283","",""
"26284","2025-12-18","2025-12-18"
"26285","",""
"26286","2025-08-02","2026-01-15"
"26287","2025-10-31","2026-05-07"
"26288","",""
"26289","",""
"26290","2025-08-03","2025-12-02"
"26291","",""
"26292","",""
"26293","2026-04-30","2026-06-03"
"26294","",""
"26295","",""
"26296","",""
"26297","",""
"26298","",""
"26299","2025-12-05","2025-12-05"
"26300","",""
"26301","",""
"26302","",""
"26303","",""
"26304","",""
"26305","",""
"26306","",""
"26307","2025-09-01","2026-04-30"
"26308","",""
"26309","",""
"26310","2025-08-16","2026-06-05"
"26311","2025-08-04","2026-05-25"
"26312","",""
"26313","",""
"26314","2020-08-30","2025-10-12"
"26315","2025-12-17","2026-04-05"
"26316","",""
"26317","2019-11-23","2026-05-03"
"26318","2019-11-24","2026-05-23"
"26319","2019-11-26","2026-04-27"
"26320","2025-08-17","2026-05-24"
"26321","",""
"26322","2026-01-07","2026-01-07"
"26323","2020-01-24","2026-02-13"
"26324","2025-07-31","2025-11-18"
"26325","",""
"26326","2025-11-03","2025-11-03"
"26327","",""
"26328","",""
"26329","",""
"26330","2025-08-22","2026-04-08"
"26331","2025-09-03","2026-02-17"
"26332","",""
"26333","2025-10-27","2025-10-27"
"26334","",""
"26335","2025-07-27","2026-06-12"
"26336","",""
"26337","",""
"26338","2025-08-24","2026-06-07"
"26339","",""
"26340","",""
"26341","",""
"26342","2025-07-31","2026-06-08"
"26343","2026-05-13","2026-05-13"
"26344","",""
"26345","",""
"26346","",""
"26347","",""
"26348","",""
"26349","2025-12-02","2025-12-02"
"26350","",""
"26351","2025-09-30","2026-01-20"
"26352","",""
"26353","",""
"26354","2025-07-24","2026-01-02"
"26355","2026-05-17","2026-05-17"
"26356","2025-08-04","2026-06-13"
"26357","2025-08-03","2026-06-08"
"26358","",""
"26359","2025-07-05","2026-05-30"
"26360","",""
"26361","",""
"26362","2025-08-21","2026-06-07"
"26363","",""
"26364","",""
"26365","2025-10-09","2026-06-07"
"26366","",""
"26367","2025-08-19","2026-05-25"
"26368","2025-08-11","2025-08-11"
"26369","",""
"26370","2025-08-09","2025-08-09"
"26371","",""
"26372","2025-09-29","2026-05-27"
"26373","2025-10-12","2025-10-12"
"26374","",""
"26375","2025-09-09","2026-03-14"
"26376","",""
"26377","",""
"26378","",""
"26379","",""
"26380","2026-05-25","2026-05-31"
"26381","2026-05-08","2026-05-08"
"26382","",""
"26383","2025-10-04","2025-10-04"
"26384","2025-08-31","2025-08-31"
"26385","2025-08-19","2025-10-01"
"26386","2025-07-25","2026-06-12"
"26387","2025-08-03","2026-06-11"
"26388","2025-11-22","2026-04-23"
"26389","",""
"26390","",""
"26391","2025-07-10","2026-05-29"
"26392","2025-11-04","2026-05-20"
"26393","2025-08-14","2026-05-28"
"26394","",""
"26395","",""
"26396","",""
"26397","",""
"26398","2025-08-06","2025-09-10"
"26399","2026-05-10","2026-05-10"
"26400","",""
"26401","2025-08-15","2025-08-15"
"26402","2025-12-26","2026-05-01"
"26403","2025-12-24","2026-05-14"
"26404","2025-12-13","2026-05-29"
"26405","",""
"26406","",""
"26407","",""
"26408","",""
"26409","2025-08-04","2026-05-20"
"26410","2025-08-10","2026-05-26"
"26411","",""
"26412","",""
"26413","2025-08-30","2025-12-26"
"26414","",""
"26415","",""
"26416","2025-11-15","2026-04-30"
"26417","",""
"26418","",""
"26419","2025-08-12","2026-05-03"
"26420","2025-09-30","2026-05-01"
"26421","2025-12-09","2026-05-30"
"26422","",""
"26423","",""
"26424","2025-08-17","2025-10-20"
"26425","2025-11-08","2026-01-15"
"26426","",""
"26427","2025-08-08","2025-08-08"
"26428","2026-05-17","2026-05-17"
"26429","",""
"26430","2025-12-01","2026-05-02"
"26431","",""
"26432","",""
"26433","2025-10-11","2026-05-19"
"26434","",""
"26435","",""
"26436","2025-10-04","2026-02-19"
"26437","2025-10-31","2025-10-31"
"26438","2025-09-04","2026-05-24"
"26439","2025-08-31","2025-10-14"
"26440","2025-08-28","2025-12-21"
"26441","2026-03-31","2026-04-30"
"26442","2026-05-01","2026-05-01"
"26443","2025-08-16","2026-04-07"
"26444","",""
"26445","2026-01-31","2026-01-31"
"26446","",""
"26447","",""
"26448","",""
"26449","2026-01-17","2026-04-25"
"26450","2025-07-26","2026-06-14"
"26451","",""
"26452","",""
"26453","2025-10-26","2026-05-31"
"26454","",""
"26455","2026-04-26","2026-04-26"
"26456","",""
"26457","",""
"26458","2026-03-10","2026-03-10"
"26459","",""
"26460","",""
"26461","",""
"26462","2025-08-18","2026-06-07"
"26463","2026-02-27","2026-02-27"
"26464","",""
"26465","2026-04-01","2026-04-01"
"26466","",""
"26467","",""
"26468","",""
"26469","2025-11-01","2025-11-01"
"26470","2025-08-13","2026-05-20"
"26471","",""
"26472","2025-11-28","2026-01-14"
"26473","",""
"26474","2025-09-30","2025-09-30"
"26475","2025-08-17","2026-01-15"
"26476","",""
"26477","",""
"26478","",""
"26479","",""
"26480","2025-09-15","2026-03-29"
"26481","2025-09-18","2026-06-05"
"26482","2025-07-22","2026-05-25"
"26483","",""
"26484","",""
"26485","",""
"26486","2026-02-05","2026-02-05"
"26487","",""
"26488","2025-10-01","2026-06-08"
"26489","",""
"26490","2025-11-26","2026-05-30"
"26491","2026-04-26","2026-04-26"
"26492","",""
"26493","2025-09-23","2026-06-11"
"26494","",""
"26495","",""
"26496","",""
"26497","",""
"26498","",""
"26499","",""
"26500","",""
"26501","",""
"26502","",""
"26503","",""
"26504","2025-08-02","2026-05-22"
"26505","2025-08-27","2026-05-26"
"26506","2025-08-19","2026-05-25"
"26507","2025-08-28","2026-05-26"
"26508","2025-08-28","2026-05-28"
"26509","2025-08-28","2026-05-25"
"26510","2026-01-31","2026-01-31"
"26511","",""
"26512","2025-10-15","2026-05-31"
"26513","",""
"26514","2026-05-31","2026-05-31"
"26515","2026-06-12","2026-06-12"
"26516","",""
"26517","2025-08-24","2025-08-24"
"26518","2025-12-20","2026-05-16"
"26519","",""
"26520","2026-04-01","2026-04-01"
"26521","2025-08-24","2026-06-13"
"26522","",""
"26523","",""
"26524","",""
"26525","2025-09-29","2026-03-21"
"26526","",""
"26527","",""
"26528","",""
"26529","",""
"26530","2025-08-22","2026-05-31"
"26531","2025-08-03","2026-05-15"
"26532","2025-10-31","2026-06-01"
"26533","2025-12-07","2026-06-03"
"26534","2025-12-07","2026-05-30"
"26535","2025-12-09","2026-06-01"
"26536","",""
"26537","2025-11-30","2026-05-31"
"26538","2025-12-15","2025-12-15"
"26539","2025-08-14","2026-06-07"
"26540","2026-05-20","2026-05-20"
"26541","2025-11-13","2025-11-13"
"26542","2026-02-28","2026-02-28"
"26543","2025-10-01","2025-10-01"
"26544","",""
"26545","2025-10-04","2026-04-19"
"26546","2026-04-04","2026-05-09"
"26547","2025-09-19","2026-05-27"
"26548","",""
"26549","",""
"26550","2025-10-04","2025-10-04"
"26551","",""
"26552","2026-01-03","2026-01-03"
"26553","2026-03-31","2026-03-31"
"26554","",""
"26555","",""
"26556","",""
"26557","2025-09-09","2026-06-04"
"26558","2025-09-09","2026-05-29"
"26559","2025-12-21","2026-05-26"
"26560","",""
"26561","2025-12-31","2026-04-05"
"26562","",""
"26563","",""
"26564","",""
"26565","",""
"26566","",""
"26567","",""
"26568","",""
"26569","",""
"26570","",""
"26571","",""
"26572","2025-11-23","2025-11-23"
"26573","",""
"26574","",""
"26575","",""
"26576","",""
"26577","",""
"26578","",""
"26579","",""
"26580","",""
"26581","",""
"26582","",""
"26583","",""
"26584","",""
"26585","",""
"26586","",""
"26587","",""
"26588","2025-10-01","2025-10-01"
"26589","",""
"26590","",""
"26591","",""
"26592","2026-01-05","2026-01-05"
"26593","",""
"26594","2025-12-10","2026-01-03"
"26595","",""
"26596","2025-12-19","2026-05-31"
"26597","2025-11-08","2025-11-08"
"26598","2026-03-31","2026-03-31"
"26599","",""
"26600","",""
"26601","",""
"26602","",""
"26603","",""
"26604","",""
"26605","",""
"26606","",""
"26607","",""
"26608","2026-05-24","2026-05-24"
"26609","",""
"26610","",""
"26611","",""
"26612","2025-08-28","2026-02-15"
"26613","",""
"26614","2025-08-31","2025-11-07"
"26615","",""
"26616","",""
"26617","2025-10-04","2025-11-30"
"26618","2025-11-05","2025-11-05"
"26619","",""
"26620","2025-12-07","2026-06-07"
"26621","2025-12-22","2025-12-22"
"26622","",""
"26623","",""
"26624","",""
"26625","",""
"26626","2025-11-03","2025-11-03"
"26627","",""
"26628","2025-08-10","2026-05-22"
"26629","",""
"26630","",""
"26631","2025-12-07","2026-06-08"
"26632","",""
"26633","2025-10-15","2026-02-28"
"26634","2025-09-14","2025-11-13"
"26635","",""
"26636","",""
"26637","",""
"26638","2026-05-31","2026-05-31"
"26639","",""
"26640","",""
"26641","2025-09-16","2025-09-16"
"26642","",""
"26643","2025-09-15","2025-09-15"
"26644","2025-08-15","2025-08-15"
"26645","",""
"26646","",""
"26647","",""
"26648","",""
"26649","2026-04-04","2026-04-04"
"26650","2025-08-30","2025-08-30"
"26651","",""
"26652","2025-09-11","2025-09-11"
"26653","",""
"26654","",""
"26655","",""
"26656","",""
"26657","",""
"26658","2025-08-31","2025-08-31"
"26659","2025-10-01","2026-05-02"
"26660","2025-09-10","2026-03-21"
"26661","2025-11-01","2025-11-01"
"26662","",""
"26663","",""
"26664","2025-12-01","2026-05-04"
"26665","",""
"26666","",""
"26667","2025-11-13","2025-11-13"
"26668","2025-10-12","2025-10-12"
"26669","2025-09-29","2025-09-29"
"26670","",""
"26671","",""
"26672","",""
"26673","2026-01-05","2026-06-08"
"26674","2025-12-21","2025-12-21"
"26675","2026-01-06","2026-04-16"
"26676","",""
"26677","",""
"26678","2025-09-01","2026-01-23"
"26679","",""
"26680","2025-10-18","2026-06-13"
"26681","2025-11-15","2025-11-15"
"26682","",""
"26683","",""
"26684","",""
"26685","",""
"26686","2026-05-02","2026-05-02"
"26687","2026-01-02","2026-04-11"
"26688","2025-11-02","2026-05-20"
"26689","",""
"26690","",""
"26691","2025-10-09","2026-06-10"
"26692","2025-09-19","2026-06-13"
"26693","",""
"26694","2025-09-26","2025-09-26"
"26695","",""
"26696","2025-09-25","2025-12-10"
"26697","2026-01-01","2026-01-01"
"26698","2025-09-27","2026-01-23"
"26699","",""
"26700","",""
"26701","",""
"26702","2025-11-07","2026-06-06"
"26703","",""
"26704","2026-05-04","2026-05-04"
"26705","2026-02-24","2026-02-24"
"26706","2025-09-09","2026-05-08"
"26707","",""
"26708","",""
"26709","2025-12-10","2025-12-10"
"26710","2025-09-20","2025-09-20"
"26711","2025-10-19","2026-05-05"
"26712","",""
"26713","2025-10-20","2025-10-20"
"26714","2026-06-06","2026-06-06"
"26715","2025-10-23","2025-10-23"
"26716","",""
"26717","2025-11-02","2026-05-31"
"26718","",""
"26719","2025-08-31","2026-05-31"
"26720","2026-02-01","2026-02-01"
"26721","2025-10-04","2026-03-02"
"26722","2026-05-29","2026-05-29"
"26723","",""
"26724","",""
"26725","2025-10-04","2026-06-11"
"26726","2025-09-10","2025-09-10"
"26727","",""
"26728","",""
"26729","2026-04-30","2026-05-31"
"26730","",""
"26731","",""
"26732","2025-11-20","2025-11-20"
"26733","",""
"26734","",""
"26735","",""
"26736","2025-09-30","2025-09-30"
"26737","2026-05-31","2026-06-07"
"26738","2025-10-01","2025-10-01"
"26739","2025-10-10","2026-01-11"
"26740","",""
"26741","2025-09-22","2026-02-21"
"26742","2026-04-19","2026-06-07"
"26743","2026-03-03","2026-06-01"
"26744","",""
"26745","",""
"26746","",""
"26747","2025-11-30","2026-06-08"
"26748","2025-11-02","2026-06-19"
"26749","",""
"26750","",""
"26751","",""
"26752","2025-09-30","2026-02-12"
"26753","",""
"26754","2025-10-05","2025-10-05"
"26755","2026-04-04","2026-04-04"
"26756","2025-09-19","2026-06-04"
"26757","2025-12-10","2026-06-11"
"26758","",""
"26759","",""
"26760","2025-10-01","2026-04-30"
"26761","",""
"26762","",""
"26763","2026-04-03","2026-04-03"
"26764","2025-11-02","2026-05-15"
"26765","2026-01-03","2026-01-03"
"26766","",""
"26767","",""
"26768","2026-04-24","2026-04-24"
"26769","",""
"26770","2025-09-13","2026-05-25"
"26771","2025-09-08","2026-05-25"
"26772","2025-11-08","2026-06-08"
"26773","2025-09-01","2026-02-28"
"26774","2025-08-31","2025-11-10"
"26775","2025-09-14","2025-10-18"
"26776","",""
"26777","2025-09-11","2026-06-12"
"26778","2025-09-30","2025-09-30"
"26779","2025-11-28","2026-05-31"
"26780","",""
"26781","2026-04-10","2026-05-25"
"26782","",""
"26783","2025-11-01","2025-11-01"
"26784","",""
"26785","",""
"26786","2025-10-25","2026-02-25"
"26787","2025-11-23","2026-05-01"
"26788","",""
"26789","",""
"26790","2025-11-22","2026-02-19"
"26791","",""
"26792","",""
"26793","2025-09-29","2025-11-08"
"26794","",""
"26795","2026-02-03","2026-04-04"
"26796","",""
"26797","",""
"26798","",""
"26799","",""
"26800","",""
"26801","2025-11-19","2026-05-19"
"26802","2026-01-05","2026-01-05"
"26803","2025-10-04","2025-10-04"
"26804","2025-09-13","2026-05-31"
"26805","",""
"26806","2025-09-14","2026-05-26"
"26807","2026-02-15","2026-04-30"
"26808","",""
"26809","2026-01-16","2026-05-28"
"26810","",""
"26811","2025-12-06","2026-05-18"
"26812","",""
"26813","",""
"26814","",""
"26815","",""
"26816","2025-09-07","2026-06-15"
"26817","2026-01-08","2026-05-10"
"26818","2025-12-07","2026-06-01"
"26819","2025-12-01","2026-05-19"
"26820","2025-11-27","2026-05-17"
"26821","2025-12-26","2026-05-25"
"26822","",""
"26823","2025-10-18","2026-06-08"
"26824","2025-11-16","2025-11-16"
"26825","",""
"26826","2025-09-30","2025-11-02"
"26827","",""
"26828","2025-11-13","2025-11-13"
"26829","2025-12-01","2025-12-01"
"26830","2025-11-01","2026-04-30"
"26831","",""
"26832","2026-05-01","2026-05-31"
"26833","",""
"26834","2025-11-15","2026-01-20"
"26835","",""
"26836","",""
"26837","2025-10-14","2025-11-23"
"26838","2025-09-27","2025-09-27"
"26839","",""
"26840","",""
"26841","2025-10-08","2025-10-08"
"26842","2025-12-31","2026-04-12"
"26843","",""
"26844","2025-11-06","2025-11-06"
"26845","",""
"26846","2026-05-11","2026-05-11"
"26847","2025-12-10","2026-05-04"
"26848","",""
"26849","2025-11-16","2026-06-01"
"26850","",""
"26851","",""
"26852","",""
"26853","2025-10-05","2026-01-08"
"26854","2025-11-01","2025-11-01"
"26855","2025-11-14","2026-04-12"
"26856","",""
"26857","2025-09-28","2025-09-28"
"26858","2026-04-17","2026-04-17"
"26859","2025-12-06","2025-12-06"
"26860","",""
"26861","",""
"26862","2025-10-01","2025-12-11"
"26863","",""
"26864","",""
"26865","2025-11-05","2026-05-15"
"26866","2025-10-01","2026-02-19"
"26867","2025-09-30","2025-09-30"
"26868","",""
"26869","2025-12-14","2026-06-07"
"26870","2025-10-31","2025-10-31"
"26871","2026-05-07","2026-06-12"
"26872","2026-05-12","2026-06-10"
"26873","2026-05-10","2026-06-08"
"26874","",""
"26875","",""
"26876","",""
"26877","2025-12-21","2025-12-21"
"26878","2025-10-07","2025-10-07"
"26879","2025-11-16","2025-11-16"
"26880","2025-09-30","2025-10-01"
"26881","",""
"26882","2025-12-20","2025-12-20"
"26883","2025-10-11","2026-05-15"
"26884","2025-11-19","2026-05-30"
"26885","",""
"26886","2025-10-01","2025-10-01"
"26887","",""
"26888","2025-11-28","2025-11-28"
"26889","2025-09-28","2025-09-28"
"26890","2025-12-15","2025-12-15"
"26891","2026-01-17","2026-01-17"
"26892","2025-10-18","2025-10-18"
"26893","2025-10-01","2025-10-01"
"26894","",""
"26895","",""
"26896","",""
"26897","2025-10-18","2026-03-08"
"26898","",""
"26899","2026-06-04","2026-06-04"
"26900","",""
"26901","",""
"26902","",""
"26903","2025-10-29","2025-10-29"
"26904","2026-01-11","2026-01-11"
"26905","2025-09-16","2026-05-01"
"26906","2025-12-29","2026-02-22"
"26907","2025-12-20","2026-03-22"
"26908","",""
"26909","",""
"26910","",""
"26911","",""
"26912","2026-02-15","2026-02-15"
"26913","",""
"26914","",""
"26915","2025-10-11","2026-02-28"
"26916","",""
"26917","",""
"26918","",""
"26919","2026-04-30","2026-04-30"
"26920","2025-12-10","2026-05-24"
"26921","2025-12-16","2026-05-17"
"26922","",""
"26923","2025-12-21","2026-05-29"
"26924","2025-12-16","2025-12-16"
"26925","",""
"26926","",""
"26927","2025-10-04","2025-12-06"
"26928","2025-11-16","2026-06-08"
"26929","2025-10-05","2025-10-05"
"26930","",""
"26931","2026-03-01","2026-05-01"
"26932","2025-12-11","2026-05-10"
"26933","",""
"26934","2026-02-25","2026-05-25"
"26935","",""
"26936","2026-02-28","2026-05-09"
"26937","2026-03-31","2026-03-31"
"26938","",""
"26939","2025-09-13","2025-09-22"
"26940","",""
"26941","2025-09-19","2026-05-21"
"26942","",""
"26943","",""
"26944","",""
"26945","2025-11-02","2026-01-03"
"26946","",""
"26947","2025-12-21","2026-05-10"
"26948","2026-01-04","2026-06-06"
"26949","2025-10-04","2026-01-02"
"26950","",""
"26951","",""
"26952","",""
"26953","2025-10-10","2026-05-19"
"26954","",""
"26955","",""
"26956","",""
"26957","",""
"26958","",""
"26959","",""
"26960","",""
"26961","",""
"26962","2026-01-13","2026-01-13"
"26963","2026-04-30","2026-04-30"
"26964","2025-09-14","2026-05-10"
"26965","2025-10-11","2026-05-13"
"26966","",""
"26967","",""
"26968","2025-12-09","2026-04-27"
"26969","",""
"26970","2025-10-07","2026-01-23"
"26971","2025-12-14","2026-06-08"
"26972","2025-11-24","2026-05-25"
"26973","2025-10-31","2026-05-19"
"26974","2025-10-09","2026-01-18"
"26975","2025-09-16","2025-12-30"
"26976","2025-10-10","2026-05-17"
"26977","2025-11-11","2025-11-11"
"26978","2025-11-06","2025-11-06"
"26979","",""
"26980","2025-11-01","2026-04-27"
"26981","",""
"26982","",""
"26983","",""
"26984","",""
"26985","",""
"26986","2025-12-01","2026-04-15"
"26987","",""
"26988","2025-11-02","2025-11-02"
"26989","2025-11-20","2026-06-12"
"26990","2025-11-24","2025-11-24"
"26991","",""
"26992","2026-01-13","2026-01-13"
"26993","",""
"26994","",""
"26995","",""
"26996","",""
"26997","2025-11-03","2026-05-19"
"26998","2026-05-30","2026-05-30"
"26999","2026-04-06","2026-04-06"
"27000","",""
"27001","",""
"27002","",""
"27003","",""
"27004","",""
"27005","2025-11-07","2025-11-07"
"27006","2025-11-01","2026-05-30"
"27007","",""
"27008","2026-06-13","2026-06-13"
"27009","2026-05-19","2026-05-19"
"27010","",""
"27011","",""
"27012","",""
"27013","2025-11-16","2026-06-10"
"27014","2026-04-15","2026-04-15"
"27015","",""
"27016","",""
"27017","",""
"27018","",""
"27019","2025-11-17","2026-06-01"
"27020","",""
"27021","2025-10-16","2025-10-16"
"27022","2026-05-31","2026-05-31"
"27023","2025-09-17","2026-05-31"
"27024","2025-10-19","2026-06-13"
"27025","",""
"27026","",""
"27027","",""
"27028","2026-04-20","2026-05-25"
"27029","2026-01-25","2026-06-12"
"27030","",""
"27031","2025-11-12","2026-01-04"
"27032","",""
"27033","",""
"27034","",""
"27035","2025-10-16","2026-01-05"
"27036","2026-01-01","2026-01-01"
"27037","",""
"27038","",""
"27039","2025-10-30","2025-10-30"
"27040","",""
"27041","2025-10-15","2026-02-03"
"27042","",""
"27043","",""
"27044","2025-12-01","2026-02-05"
"27045","",""
"27046","2025-10-18","2025-10-18"
"27047","",""
"27048","2026-01-18","2026-02-18"
"27049","2025-11-11","2025-11-11"
"27050","2025-10-20","2026-04-03"
"27051","",""
"27052","",""
"27053","",""
"27054","2025-11-03","2025-12-04"
"27055","2025-10-26","2026-06-01"
"27056","",""
"27057","",""
"27058","",""
"27059","",""
"27060","",""
"27061","",""
"27062","",""
"27063","",""
"27064","",""
"27065","",""
"27066","2026-05-19","2026-05-19"
"27067","",""
"27068","",""
"27069","",""
"27070","",""
"27071","",""
"27072","",""
"27073","",""
"27074","",""
"27075","",""
"27076","2025-12-30","2025-12-30"
"27077","2025-12-07","2026-06-07"
"27078","2026-06-05","2026-06-05"
"27079","",""
"27080","",""
"27081","2025-10-19","2026-04-01"
"27082","",""
"27083","2026-01-11","2026-03-19"
"27084","2026-05-11","2026-05-11"
"27085","",""
"27086","",""
"27087","",""
"27088","2026-01-17","2026-05-15"
"27089","2026-05-09","2026-05-09"
"27090","2025-11-30","2025-11-30"
"27091","2025-11-14","2026-05-01"
"27092","",""
"27093","2026-01-09","2026-01-09"
"27094","2025-12-10","2026-04-30"
"27095","",""
"27096","2025-11-17","2025-11-17"
"27097","2025-11-24","2025-11-24"
"27098","",""
"27099","",""
"27100","",""
"27101","",""
"27102","2025-10-31","2026-05-13"
"27103","2025-10-07","2026-06-12"
"27104","2025-11-20","2026-05-27"
"27105","2026-05-05","2026-05-05"
"27106","",""
"27107","2026-01-01","2026-06-03"
"27108","",""
"27109","",""
"27110","2025-10-28","2026-06-13"
"27111","2025-11-13","2026-06-07"
"27112","2026-01-18","2026-03-31"
"27113","2025-10-20","2026-06-08"
"27114","",""
"27115","",""
"27116","2025-10-22","2026-06-02"
"27117","2025-12-12","2026-05-23"
"27118","2025-10-29","2026-05-05"
"27119","",""
"27120","",""
"27121","",""
"27122","",""
"27123","",""
"27124","",""
"27125","2025-11-01","2026-03-26"
"27126","",""
"27127","",""
"27128","",""
"27129","",""
"27130","",""
"27131","",""
"27132","",""
"27133","",""
"27134","2026-06-02","2026-06-07"
"27135","2025-10-28","2026-06-08"
"27136","",""
"27137","",""
"27138","",""
"27139","2025-10-31","2025-10-31"
"27140","",""
"27141","",""
"27142","",""
"27143","",""
"27144","2025-11-23","2025-11-23"
"27145","2025-12-03","2025-12-03"
"27146","2026-01-13","2026-01-13"
"27147","",""
"27148","2025-11-01","2025-11-01"
"27149","",""
"27150","",""
"27151","",""
"27152","2025-11-03","2026-06-01"
"27153","",""
"27154","",""
"27155","",""
"27156","",""
"27157","2025-12-05","2025-12-05"
"27158","2025-10-31","2025-10-31"
"27159","",""
"27160","2025-12-15","2026-05-31"
"27161","2025-11-16","2025-11-16"
"27162","",""
"27163","2025-11-04","2026-06-13"
"27164","2025-11-15","2026-06-01"
"27165","2025-12-08","2025-12-08"
"27166","2025-10-30","2025-10-30"
"27167","2025-11-01","2026-05-02"
"27168","",""
"27169","",""
"27170","",""
"27171","",""
"27172","",""
"27173","",""
"27174","2025-11-03","2026-06-08"
"27175","2025-12-03","2025-12-03"
"27176","",""
"27177","",""
"27178","",""
"27179","",""
"27180","2025-12-19","2026-05-17"
"27181","",""
"27182","",""
"27183","",""
"27184","2025-11-01","2025-11-01"
"27185","",""
"27186","2025-12-03","2025-12-03"
"27187","",""
"27188","",""
"27189","",""
"27190","",""
"27191","",""
"27192","2025-10-17","2026-05-28"
"27193","2026-03-16","2026-03-16"
"27194","",""
"27195","",""
"27196","2025-11-15","2025-11-15"
"27197","2025-10-31","2025-10-31"
"27198","2026-01-30","2026-01-30"
"27199","",""
"27200","2025-12-14","2026-05-01"
"27201","",""
"27202","",""
"27203","",""
"27204","",""
"27205","",""
"27206","",""
"27207","2026-05-31","2026-05-31"
"27208","",""
"27209","",""
"27210","",""
"27211","2025-12-01","2026-01-28"
"27212","2025-10-20","2026-05-15"
"27213","2025-11-19","2026-04-30"
"27214","",""
"27215","",""
"27216","2025-11-25","2026-06-11"
"27217","2025-11-22","2026-06-02"
"27218","2025-11-09","2026-05-02"
"27219","",""
"27220","2026-03-13","2026-05-07"
"27221","",""
"27222","",""
"27223","",""
"27224","",""
"27225","",""
"27226","2025-10-15","2026-05-31"
"27227","2026-04-30","2026-04-30"
"27228","",""
"27229","",""
"27230","",""
"27231","",""
"27232","",""
"27233","",""
"27234","2025-11-30","2025-11-30"
"27235","",""
"27236","2026-01-15","2026-01-15"
"27237","",""
"27238","2025-12-17","2025-12-17"
"27239","",""
"27240","2025-10-17","2026-06-14"
"27261","",""
"27241","2025-10-17","2026-06-10"
"27242","2025-11-30","2026-05-31"
"27243","",""
"27244","2025-11-13","2026-04-03"
"27245","2025-12-07","2026-06-01"
"27246","",""
"27247","2026-02-22","2026-04-12"
"27248","",""
"27249","",""
"27250","",""
"27251","2026-01-17","2026-01-17"
"27252","",""
"27253","2026-03-16","2026-03-16"
"27254","2025-11-22","2026-05-25"
"27255","2025-11-06","2026-03-05"
"27256","2025-12-16","2025-12-16"
"27257","2025-11-20","2026-04-22"
"27258","2025-11-30","2025-11-30"
"27259","2025-11-26","2026-03-30"
"27260","2025-11-20","2026-06-14"
"27262","2025-10-23","2026-06-12"
"27263","2026-05-30","2026-05-30"
"27264","2025-11-05","2026-05-31"
"27265","",""
"27266","2025-12-14","2026-02-28"
"27267","2026-01-08","2026-01-08"
"27268","",""
"27269","",""
"27270","",""
"27271","2026-04-09","2026-04-09"
"27272","",""
"27273","",""
"27274","",""
"27275","",""
"27276","",""
"27277","2026-01-08","2026-03-11"
"27278","2025-11-17","2026-06-05"
"27279","",""
"27280","",""
"27281","2025-11-02","2026-03-18"
"27282","",""
"27283","2025-12-09","2026-04-06"
"27284","2026-05-31","2026-05-31"
"27285","2025-11-09","2026-06-07"
"27286","2025-11-30","2026-06-08"
"27287","",""
"27288","",""
"27289","",""
"27290","",""
"27291","",""
"27292","",""
"27293","2025-12-08","2026-05-22"
"27294","",""
"27295","",""
"27296","2026-05-12","2026-05-12"
"27297","",""
"27298","",""
"27299","",""
"27300","",""
"27301","",""
"27302","",""
"27303","",""
"27304","2026-05-06","2026-05-06"
"27305","",""
"27306","",""
"27307","2026-01-01","2026-01-01"
"27308","",""
"27309","2025-11-15","2026-02-21"
"27310","",""
"27311","2026-01-01","2026-06-10"
"27312","",""
"27313","2025-10-20","2026-02-27"
"27314","2025-11-02","2026-05-07"
"27315","2025-11-27","2026-03-22"
"27316","2026-03-23","2026-03-23"
"27317","2026-01-17","2026-05-14"
"27318","2026-03-08","2026-03-08"
"27319","",""
"27320","",""
"27321","",""
"27322","2025-11-22","2025-11-22"
"27323","2025-12-13","2025-12-13"
"27324","",""
"27325","",""
"27326","2025-12-18","2025-12-18"
"27327","2025-11-17","2025-11-17"
"27328","",""
"27329","2025-11-26","2026-04-09"
"27330","",""
"27331","2026-01-01","2026-02-22"
"27332","2026-05-09","2026-05-09"
"27333","2026-05-17","2026-06-03"
"27334","",""
"27335","2026-05-16","2026-05-16"
"27336","2025-12-28","2026-05-24"
"27337","2025-11-29","2026-05-04"
"27338","2025-11-12","2026-05-21"
"27339","2025-11-09","2026-05-26"
"27340","2026-06-01","2026-06-01"
"27341","2026-01-23","2026-01-23"
"27342","2025-12-31","2025-12-31"
"27343","",""
"27344","",""
"27345","",""
"27346","",""
"27347","",""
"27348","2026-04-18","2026-04-18"
"27349","2026-03-25","2026-06-10"
"27350","2025-11-15","2026-03-28"
"27351","",""
"27352","2026-05-17","2026-06-08"
"27353","",""
"27354","",""
"27355","",""
"27356","2025-12-16","2026-06-14"
"27357","2025-11-22","2025-11-22"
"27358","2026-01-05","2026-01-05"
"27359","",""
"27360","",""
"27361","2025-12-29","2026-06-13"
"27362","",""
"27363","2025-12-08","2025-12-08"
"27364","2025-12-09","2026-06-13"
"27365","",""
"27366","2025-10-31","2026-04-23"
"27367","",""
"27368","",""
"27369","2026-04-25","2026-04-25"
"27370","",""
"27371","2026-01-11","2026-01-11"
"27372","",""
"27373","2026-01-18","2026-05-11"
"27374","2025-12-29","2026-06-07"
"27375","2025-11-03","2026-03-07"
"27376","2026-05-31","2026-05-31"
"27377","2025-11-23","2026-02-13"
"27378","",""
"27379","2026-05-31","2026-05-31"
"27380","2025-12-06","2026-06-06"
"27381","",""
"27382","2025-12-07","2026-06-07"
"27383","",""
"27384","",""
"27385","",""
"27386","",""
"27387","",""
"27388","",""
"27389","",""
"27390","",""
"27391","2026-04-11","2026-06-14"
"27392","",""
"27393","",""
"27394","",""
"27395","",""
"27396","2026-03-29","2026-05-31"
"27397","2026-05-10","2026-05-10"
"27398","2026-05-21","2026-05-21"
"27399","2026-02-18","2026-06-07"
"27400","2026-04-14","2026-05-02"
"27401","2026-05-13","2026-05-13"
"27402","",""
"27403","2026-02-16","2026-06-07"
"27404","2026-05-09","2026-05-18"
"27405","",""
"27406","2026-03-11","2026-03-11"
"27407","",""
"27408","2026-05-04","2026-05-04"
"27409","",""
"27410","2026-03-20","2026-03-20"
"27411","",""
"27412","2025-11-21","2026-02-25"
"27413","",""
"27414","",""
"27415","",""
"27416","",""
"27417","2025-11-21","2026-05-14"
"27418","2026-02-28","2026-02-28"
"27419","",""
"27420","",""
"27421","2026-05-30","2026-05-30"
"27422","2025-11-26","2026-03-25"
"27423","",""
"27424","2026-05-13","2026-05-13"
"27425","",""
"27426","2025-12-01","2025-12-01"
"27427","",""
"27428","2026-03-30","2026-04-21"
"27429","2026-03-31","2026-03-31"
"27430","",""
"27431","2026-03-05","2026-06-14"
"27432","2026-01-29","2026-01-29"
"27433","",""
"27434","2026-05-23","2026-05-23"
"27435","",""
"27436","",""
"27437","",""
"27438","",""
"27439","2025-12-12","2025-12-12"
"27440","",""
"27441","",""
"27442","",""
"27443","2025-12-04","2026-06-01"
"27444","2026-01-13","2026-05-31"
"27445","",""
"27446","",""
"27447","2025-11-06","2026-04-12"
"27448","",""
"27449","",""
"27450","2026-05-20","2026-06-05"
"27451","2026-04-14","2026-04-14"
"27452","",""
"27453","",""
"27454","",""
"27455","2025-11-30","2026-03-24"
"27456","",""
"27457","",""
"27458","2025-11-06","2026-02-28"
"27459","2025-12-01","2026-05-07"
"27460","",""
"27461","",""
"27462","",""
"27463","",""
"27464","",""
"27465","",""
"27466","",""
"27467","",""
"27468","2025-11-07","2026-05-28"
"27469","2026-03-30","2026-04-29"
"27470","",""
"27471","",""
"27472","2025-11-06","2026-05-10"
"27473","2025-11-16","2026-05-29"
"27474","2026-04-17","2026-06-05"
"27475","",""
"27476","",""
"27477","2025-12-02","2026-03-31"
"27478","",""
"27479","2026-02-16","2026-06-21"
"27480","2026-05-05","2026-05-05"
"27481","",""
"27482","",""
"27483","",""
"27484","",""
"27485","",""
"27486","2025-12-18","2026-03-07"
"27487","2026-02-07","2026-06-01"
"27488","2025-12-20","2026-05-25"
"27489","",""
"27490","2026-01-14","2026-04-30"
"27491","2026-03-29","2026-03-29"
"27492","2026-03-01","2026-03-01"
"27493","",""
"27494","",""
"27495","2025-12-14","2026-05-30"
"27496","2026-04-04","2026-04-04"
"27497","2026-02-14","2026-05-20"
"27498","2026-02-22","2026-03-31"
"27499","2026-02-15","2026-05-15"
"27500","2026-03-15","2026-06-01"
"27501","2026-02-16","2026-05-24"
"27502","",""
"27503","",""
"27504","",""
"27505","",""
"27506","",""
"27507","",""
"27508","2026-02-17","2026-06-08"
"27509","2025-12-02","2025-12-02"
"27510","",""
"27511","",""
"27512","",""
"27513","",""
"27514","2026-05-13","2026-05-13"
"27515","",""
"27516","",""
"27517","2025-12-01","2025-12-01"
"27518","",""
"27519","",""
"27520","",""
"27521","",""
"27522","",""
"27523","",""
"27524","2026-02-24","2026-05-28"
"27525","",""
"27526","2026-03-01","2026-03-15"
"27527","",""
"27528","",""
"27529","",""
"27530","",""
"27531","2026-05-24","2026-05-24"
"27532","",""
"27533","",""
"27534","2026-05-10","2026-05-10"
"27535","2026-05-01","2026-05-01"
"27536","2026-03-23","2026-04-14"
"27537","2026-02-12","2026-02-12"
"27538","",""
"27539","",""
"27540","2026-04-04","2026-05-10"
"27541","",""
"27542","2026-05-01","2026-05-01"
"27543","2025-11-10","2026-05-12"
"27544","2025-12-28","2026-04-26"
"27545","2025-12-11","2026-05-31"
"27546","2026-04-30","2026-05-30"
"27547","",""
"27548","",""
"27549","",""
"27550","",""
"27551","",""
"27552","",""
"27553","2025-12-01","2025-12-01"
"27554","",""
"27555","",""
"27556","2026-05-03","2026-05-03"
"27557","2026-01-15","2026-05-28"
"27558","2026-02-14","2026-06-14"
"27559","",""
"27560","2025-11-29","2026-06-09"
"27561","2025-12-29","2026-04-16"
"27562","2025-11-14","2026-06-10"
"27563","2025-12-07","2026-05-24"
"27564","2025-11-09","2026-06-09"
"27565","2026-02-19","2026-06-07"
"27566","",""
"27567","2025-12-13","2026-02-27"
"27568","2025-12-26","2025-12-26"
"27569","",""
"27570","",""
"27571","2026-03-07","2026-03-07"
"27572","",""
"27573","2025-11-23","2026-05-31"
"27574","2025-12-12","2026-05-03"
"27575","",""
"27576","",""
"27577","",""
"27578","",""
"27579","",""
"27580","",""
"27581","2026-05-26","2026-05-26"
"27582","",""
"27583","2026-01-26","2026-01-26"
"27584","",""
"27585","",""
"27586","",""
"27587","",""
"27588","2026-01-19","2026-05-19"
"27589","2026-01-11","2026-05-10"
"27590","2025-12-20","2026-06-18"
"27591","",""
"27592","2025-12-06","2026-06-08"
"27593","2026-03-07","2026-06-18"
"27594","",""
"27595","",""
"27596","",""
"27597","2025-12-16","2026-06-13"
"27598","2025-11-28","2026-06-19"
"27599","2025-11-28","2026-06-08"
"27600","2025-12-25","2026-06-07"
"27601","2025-12-18","2026-06-18"
"27602","2025-12-14","2026-06-10"
"27603","2026-03-29","2026-06-13"
"27604","2025-11-28","2026-06-15"
"27605","2025-11-22","2026-03-02"
"27606","",""
"27607","",""
"27608","2026-02-18","2026-02-18"
"27609","",""
"27610","",""
"27611","",""
"27612","",""
"27613","",""
"27614","",""
"27615","",""
"27616","",""
"27617","",""
"27618","",""
"27619","",""
"27620","",""
"27621","",""
"27622","2025-12-22","2025-12-22"
"27623","",""
"27624","2025-11-23","2026-01-02"
"27625","",""
"27626","2025-12-27","2025-12-27"
"27627","2026-04-26","2026-04-26"
"27628","2025-12-26","2025-12-26"
"27629","",""
"27630","2025-12-31","2026-05-30"
"27631","",""
"27632","",""
"27633","",""
"27634","2025-12-31","2026-05-06"
"27635","2025-12-06","2026-06-05"
"27636","",""
"27637","2026-03-18","2026-05-16"
"27638","2026-01-16","2026-01-16"
"27639","",""
"27640","2026-01-03","2026-01-03"
"27641","2025-12-09","2026-01-31"
"27642","",""
"27643","",""
"27644","2026-04-29","2026-04-29"
"27645","2026-02-01","2026-02-01"
"27646","",""
"27647","2025-12-27","2025-12-27"
"27648","",""
"27649","",""
"27650","2026-03-09","2026-05-14"
"27651","",""
"27652","",""
"27653","",""
"27654","",""
"27655","",""
"27656","2026-02-16","2026-05-25"
"27657","",""
"27658","",""
"27659","",""
"27660","",""
"27661","2025-11-23","2026-05-16"
"27662","2026-04-27","2026-05-31"
"27663","2026-05-18","2026-05-18"
"27664","2026-03-16","2026-04-18"
"27665","",""
"27666","",""
"27667","2026-02-15","2026-02-15"
"27668","",""
"27669","2026-01-30","2026-01-30"
"27670","",""
"27671","2026-02-18","2026-05-29"
"27672","2025-11-20","2026-06-04"
"27673","2025-12-08","2026-05-30"
"27674","",""
"27675","",""
"27676","2025-12-17","2026-05-24"
"27677","2026-03-10","2026-03-10"
"27678","",""
"27679","2026-01-07","2026-04-30"
"27680","",""
"27681","2025-11-20","2026-05-24"
"27682","2025-11-14","2026-05-26"
"27683","2025-11-14","2026-05-21"
"27684","",""
"27685","",""
"27686","",""
"27687","2025-12-09","2026-05-31"
"27688","2026-05-08","2026-05-08"
"27689","2026-01-12","2026-01-12"
"27690","2026-02-14","2026-05-12"
"27691","2026-03-14","2026-03-14"
"27692","2026-03-28","2026-03-28"
"27693","2026-01-22","2026-01-22"
"27694","",""
"27695","",""
"27696","",""
"27697","2026-03-01","2026-03-01"
"27698","",""
"27699","",""
"27700","2026-02-15","2026-06-08"
"27701","2025-11-11","2026-05-27"
"27702","2025-12-17","2026-06-14"
"27703","",""
"27704","",""
"27705","",""
"27706","",""
"27707","",""
"27708","",""
"27709","",""
"27710","2026-03-10","2026-03-10"
"27711","",""
"27712","",""
"27713","",""
"27714","",""
"27715","",""
"27716","",""
"27717","",""
"27718","",""
"27719","",""
"27720","",""
"27721","2026-01-18","2026-06-06"
"27722","",""
"27723","",""
"27724","2026-01-02","2026-05-16"
"27725","",""
"27726","2026-03-29","2026-06-12"
"27727","2026-03-10","2026-03-10"
"27728","",""
"27729","2026-02-01","2026-02-01"
"27730","",""
"27731","",""
"27732","",""
"27733","",""
"27734","",""
"27735","2026-01-02","2026-05-30"
"27736","2026-05-31","2026-05-31"
"27737","",""
"27738","",""
"27739","",""
"27740","",""
"27741","2025-11-18","2026-05-05"
"27742","2025-11-20","2026-05-25"
"27743","2026-01-02","2026-02-09"
"27744","",""
"27745","",""
"27746","",""
"27747","",""
"27748","2026-05-25","2026-05-25"
"27749","",""
"27750","",""
"27751","2026-02-03","2026-02-03"
"27752","",""
"27753","",""
"27754","",""
"27755","",""
"27756","",""
"27757","",""
"27758","",""
"27759","",""
"27760","",""
"27761","",""
"27762","",""
"27763","",""
"27764","2026-01-05","2026-05-25"
"27765","2026-01-18","2026-05-19"
"27766","",""
"27767","",""
"27768","2025-11-30","2026-06-14"
"27769","2025-12-10","2026-05-17"
"27770","",""
"27771","2026-05-31","2026-05-31"
"27772","",""
"27773","",""
"27774","",""
"27775","2026-05-10","2026-06-14"
"27776","2025-12-31","2025-12-31"
"27777","2026-02-06","2026-05-14"
"27778","2026-01-01","2026-01-26"
"27779","",""
"27780","2026-06-07","2026-06-07"
"27781","",""
"27782","",""
"27783","",""
"27784","",""
"27785","",""
"27786","2026-01-01","2026-01-01"
"27787","2026-01-22","2026-05-30"
"27788","2025-11-23","2026-06-09"
"27789","",""
"27790","",""
"27791","2026-05-14","2026-06-13"
"27792","2026-05-02","2026-05-02"
"27793","",""
"27794","2026-03-17","2026-03-17"
"27795","",""
"27796","",""
"27797","2026-04-06","2026-04-06"
"27798","",""
"27799","",""
"27800","2026-03-14","2026-03-14"
"27801","",""
"27802","2026-05-01","2026-06-01"
"27803","",""
"27804","2026-01-12","2026-06-11"
"27805","",""
"27806","",""
"27807","2026-03-31","2026-06-12"
"27808","2026-06-09","2026-06-11"
"27809","",""
"27810","2026-03-07","2026-05-01"
"27811","",""
"27812","2026-01-31","2026-06-01"
"27813","",""
"27814","",""
"27815","",""
"27816","",""
"27817","",""
"27818","2026-03-22","2026-04-26"
"27819","2026-03-13","2026-05-19"
"27820","2026-02-08","2026-02-08"
"27821","",""
"27822","",""
"27823","2026-01-05","2026-06-01"
"27824","",""
"27825","",""
"27826","",""
"27827","2026-02-15","2026-06-11"
"27828","2026-05-30","2026-05-30"
"27829","2026-01-24","2026-06-01"
"27830","2025-12-04","2026-06-11"
"27831","2026-03-15","2026-03-15"
"27832","",""
"27833","2026-01-26","2026-05-31"
"27834","",""
"27835","",""
"27836","2026-02-01","2026-02-01"
"27837","",""
"27838","",""
"27839","2025-12-21","2026-05-21"
"27840","",""
"27841","",""
"27842","",""
"27843","2026-01-04","2026-05-05"
"27844","",""
"27845","",""
"27846","",""
"27847","2025-12-22","2026-05-24"
"27848","",""
"27849","",""
"27850","",""
"27851","2026-02-01","2026-06-08"
"27852","2026-03-21","2026-06-01"
"27853","2026-03-02","2026-06-08"
"27854","",""
"27855","",""
"27856","",""
"27857","2026-02-25","2026-05-17"
"27858","",""
"27859","",""
"27860","2026-04-20","2026-05-26"
"27861","",""
"27862","2026-03-26","2026-06-01"
"27863","2025-12-22","2026-06-06"
"27864","2026-03-27","2026-05-06"
"27865","",""
"27866","",""
"27867","",""
"27868","2026-03-31","2026-03-31"
"27869","",""
"27870","2026-04-19","2026-06-07"
"27871","",""
"27872","2025-12-23","2026-05-24"
"27873","2026-01-20","2026-03-03"
"27874","",""
"27875","",""
"27876","",""
"27877","2026-01-12","2026-06-02"
"27878","2026-02-15","2026-03-23"
"27879","2026-01-05","2026-01-05"
"27880","",""
"27881","",""
"27882","",""
"27883","2026-03-09","2026-06-11"
"27884","2026-03-29","2026-06-09"
"27885","",""
"27886","",""
"27887","",""
"27888","2026-03-08","2026-05-15"
"27889","",""
"27890","",""
"27891","",""
"27892","",""
"27893","",""
"27894","2025-12-31","2025-12-31"
"27895","",""
"27896","2026-02-15","2026-03-17"
"27897","",""
"27898","2026-05-12","2026-05-12"
"27899","",""
"27900","",""
"27901","",""
"27902","2026-03-30","2026-03-30"
"27903","",""
"27904","2026-02-15","2026-06-06"
"27905","",""
"27906","2026-05-31","2026-05-31"
"27907","",""
"27908","",""
"27909","",""
"27910","2026-03-04","2026-03-04"
"27911","",""
"27912","",""
"27913","",""
"27914","",""
"27915","",""
"27916","2026-05-17","2026-05-17"
"27917","2026-03-17","2026-06-07"
"27918","2026-01-26","2026-01-26"
"27919","2026-04-20","2026-06-21"
"27920","",""
"27921","2025-12-25","2026-06-10"
"27922","2026-05-03","2026-05-29"
"27923","",""
"27924","",""
"27925","2026-03-01","2026-05-31"
"27926","",""
"27927","",""
"27928","",""
"27929","",""
"27930","",""
"27931","",""
"27932","",""
"27933","",""
"27934","",""
"27935","",""
"27936","",""
"27937","",""
"27938","",""
"27939","2026-03-05","2026-06-05"
"27940","",""
"27941","",""
"27942","",""
"27943","",""
"27944","",""
"27945","",""
"27946","",""
"27947","",""
"27948","",""
"27949","2026-03-14","2026-03-14"
"27950","2026-04-26","2026-06-07"
"27951","2026-01-17","2026-03-30"
"27952","2026-04-25","2026-06-16"
"27953","2026-01-31","2026-01-31"
"27954","",""
"27955","2026-04-28","2026-04-28"
"27956","",""
"27957","",""
"27958","",""
"27959","",""
"27960","",""
"27961","",""
"27962","",""
"27963","",""
"27964","2026-05-20","2026-05-20"
"27965","2026-03-10","2026-06-01"
"27966","2025-12-09","2026-06-05"
"27967","",""
"27968","",""
"27969","2026-06-06","2026-06-13"
"27970","",""
"27971","",""
"27972","2026-03-21","2026-03-21"
"27973","2026-02-16","2026-02-16"
"27974","2026-01-01","2026-03-29"
"27975","",""
"27976","2026-01-13","2026-01-13"
"27977","",""
"27978","2026-02-12","2026-06-07"
"27979","2026-05-26","2026-05-26"
"27980","",""
"27981","",""
"27982","",""
"27983","",""
"27984","",""
"27985","2026-02-22","2026-05-21"
"27986","",""
"27987","",""
"27988","",""
"27989","2025-12-19","2026-05-30"
"27990","",""
"27991","",""
"27992","2026-01-29","2026-01-29"
"27993","",""
"27994","",""
"27995","",""
"27996","",""
"27997","",""
"27998","",""
"27999","",""
"28000","2025-12-22","2026-05-01"
"28001","",""
"28002","2025-12-14","2026-04-01"
"28003","",""
"28004","2025-12-22","2026-05-21"
"28005","",""
"28006","2026-02-16","2026-05-25"
"28007","2025-12-21","2026-03-01"
"28008","",""
"28009","",""
"28010","",""
"28011","2026-05-15","2026-05-15"
"28012","2026-03-21","2026-06-08"
"28013","2026-04-19","2026-06-08"
"28014","",""
"28015","2026-03-30","2026-05-09"
"28016","",""
"28017","2026-01-17","2026-01-17"
"28018","",""
"28019","2026-03-28","2026-03-28"
"28020","2026-01-21","2026-05-16"
"28021","",""
"28022","",""
"28023","2026-04-27","2026-05-30"
"28024","",""
"28025","",""
"28026","",""
"28027","",""
"28028","",""
"28029","",""
"28030","2026-04-04","2026-05-31"
"28031","",""
"28032","",""
"28033","",""
"28034","",""
"28035","",""
"28036","",""
"28037","",""
"28038","",""
"28039","",""
"28040","2026-03-31","2026-06-01"
"28041","",""
"28042","",""
"28043","2026-02-19","2026-02-19"
"28044","2026-02-05","2026-02-05"
"28045","",""
"28046","2026-02-28","2026-04-23"
"28047","2026-05-05","2026-05-24"
"28048","",""
"28049","",""
"28050","",""
"28051","2026-03-06","2026-05-10"
"28052","",""
"28053","2026-03-31","2026-03-31"
"28054","",""
"28055","2026-05-31","2026-05-31"
"28056","2026-02-09","2026-04-25"
"28057","2026-04-07","2026-04-07"
"28058","",""
"28059","",""
"28060","2026-04-27","2026-04-27"
"28061","",""
"28062","2026-04-01","2026-05-15"
"28063","2026-05-23","2026-05-23"
"28064","",""
"28065","",""
"28066","",""
"28067","2026-03-15","2026-06-13"
"28068","",""
"28069","",""
"28070","",""
"28071","",""
"28072","",""
"28073","2026-05-01","2026-05-01"
"28074","2026-02-28","2026-05-01"
"28075","2026-03-15","2026-03-15"
"28076","",""
"28077","",""
"28078","",""
"28079","2026-05-31","2026-05-31"
"28080","2026-03-14","2026-04-27"
"28081","",""
"28082","",""
"28083","2026-02-27","2026-02-27"
"28084","",""
"28085","",""
"28086","",""
"28087","2026-01-22","2026-01-22"
"28088","2026-02-27","2026-02-27"
"28089","",""
"28090","",""
"28091","",""
"28092","",""
"28093","",""
"28094","2026-05-17","2026-05-31"
"28095","",""
"28096","",""
"28097","2026-04-02","2026-04-02"
"28098","",""
"28099","",""
"28100","",""
"28101","",""
"28102","",""
"28103","",""
"28104","",""
"28105","",""
"28106","",""
"28107","",""
"28108","",""
"28109","2026-03-22","2026-05-29"
"28110","2026-02-25","2026-02-25"
"28111","",""
"28112","2026-04-18","2026-04-18"
"28113","",""
"28114","2026-05-16","2026-05-16"
"28115","2026-04-08","2026-06-11"
"28116","2026-05-12","2026-05-12"
"28117","",""
"28118","2026-02-14","2026-04-26"
"28119","2026-01-17","2026-01-17"
"28120","",""
"28121","2026-06-02","2026-06-02"
"28122","2026-02-10","2026-02-10"
"28123","2026-02-01","2026-06-06"
"28124","2026-02-20","2026-03-15"
"28125","",""
"28126","",""
"28127","2026-04-27","2026-04-27"
"28128","",""
"28129","",""
"28130","",""
"28131","",""
"28132","",""
"28133","",""
"28134","",""
"28135","2026-04-06","2026-04-06"
"28136","",""
"28137","",""
"28138","",""
"28139","",""
"28140","2026-05-06","2026-05-24"
"28141","2026-03-31","2026-05-17"
"28142","2026-03-23","2026-03-23"
"28143","2026-01-31","2026-01-31"
"28144","2026-05-21","2026-05-21"
"28145","",""
"28146","2026-04-13","2026-04-13"
"28147","",""
"28148","2026-01-27","2026-04-19"
"28149","",""
"28150","",""
"28151","",""
"28152","2026-05-31","2026-05-31"
"28153","2026-05-01","2026-05-01"
"28154","",""
"28155","2026-05-01","2026-05-01"
"28156","",""
"28157","",""
"28158","2026-02-14","2026-05-28"
"28159","2026-05-23","2026-05-23"
"28160","",""
"28161","",""
"28162","2026-03-10","2026-06-08"
"28163","2026-05-10","2026-05-10"
"28164","",""
"28165","2026-03-31","2026-03-31"
"28166","",""
"28167","",""
"28168","",""
"28169","2026-02-14","2026-05-31"
"28170","",""
"28171","",""
"28172","",""
"28173","",""
"28174","2026-05-22","2026-05-22"
"28175","",""
"28176","",""
"28177","2026-03-31","2026-03-31"
"28178","",""
"28179","",""
"28180","2026-01-30","2026-01-30"
"28181","",""
"28182","",""
"28183","",""
"28184","",""
"28185","",""
"28186","2026-05-18","2026-05-18"
"28187","",""
"28188","",""
"28189","",""
"28190","2026-02-11","2026-03-19"
"28191","",""
"28192","",""
"28193","2026-05-02","2026-06-11"
"28194","",""
"28195","",""
"28196","",""
"28197","",""
"28198","",""
"28199","",""
"28200","",""
"28201","",""
"28202","",""
"28203","2026-02-15","2026-06-02"
"28204","2026-02-15","2026-06-14"
"28205","",""
"28206","",""
"28207","",""
"28208","",""
"28209","",""
"28210","",""
"28211","",""
"28212","",""
"28213","",""
"28214","",""
"28215","",""
"28216","",""
"28217","",""
"28218","",""
"28219","",""
"28220","2026-05-04","2026-05-04"
"28221","",""
"28222","",""
"28223","2026-03-02","2026-03-02"
"28224","",""
"28225","2026-05-04","2026-06-07"
"28226","",""
"28227","",""
"28228","",""
"28229","",""
"28230","",""
"28231","2026-02-25","2026-05-26"
"28232","2026-03-01","2026-05-21"
"28233","",""
"28234","",""
"28235","2026-04-17","2026-04-17"
"28236","",""
"28237","2026-02-22","2026-06-03"
"28238","",""
"28239","2026-05-02","2026-05-02"
"28240","",""
"28241","2026-04-02","2026-04-02"
"28242","2026-02-25","2026-06-04"
"28243","",""
"28244","",""
"28245","",""
"28246","2026-04-26","2026-04-26"
"28247","",""
"28248","",""
"28249","",""
"28250","2026-04-04","2026-05-31"
"28251","",""
"28252","",""
"28253","",""
"28254","",""
"28255","2026-03-19","2026-06-08"
"28256","",""
"28257","",""
"28258","",""
"28259","",""
"28260","",""
"28261","",""
"28262","",""
"28263","",""
"28264","2026-04-27","2026-04-27"
"28265","2026-02-11","2026-06-12"
"28266","",""
"28267","",""
"28268","",""
"28269","",""
"28270","",""
"28271","",""
"28272","2026-03-14","2026-05-04"
"28273","2026-01-21","2026-05-25"
"28274","",""
"28275","",""
"28276","",""
"28277","2026-02-25","2026-04-05"
"28278","",""
"28279","2026-06-01","2026-06-01"
"28280","",""
"28281","",""
"28282","",""
"28283","",""
"28284","",""
"28285","",""
"28286","",""
"28287","",""
"28288","",""
"28289","",""
"28290","",""
"28291","",""
"28292","",""
"28293","",""
"28294","",""
"28295","",""
"28296","2026-03-22","2026-03-22"
"28297","2026-04-22","2026-04-22"
"28298","",""
"28299","",""
"28300","",""
"28301","",""
"28302","",""
"28303","2026-02-19","2026-02-19"
"28304","",""
"28305","",""
"28306","2026-06-01","2026-06-01"
"28307","",""
"28308","",""
"28309","",""
"28310","",""
"28311","",""
"28312","",""
"28313","",""
"28314","2026-03-01","2026-05-21"
"28315","2026-03-31","2026-03-31"
"28316","",""
"28317","",""
"28318","2026-03-16","2026-03-16"
"28319","",""
"28320","",""
"28321","2026-05-01","2026-05-01"
"28322","2026-02-16","2026-05-30"
"28323","",""
"28324","",""
"28325","2026-03-16","2026-03-16"
"28326","",""
"28327","",""
"28328","",""
"28329","2026-06-01","2026-06-01"
"28330","",""
"28331","",""
"28332","",""
"28333","",""
"28334","",""
"28335","",""
"28336","",""
"28337","",""
"28338","2026-04-21","2026-04-21"
"28339","",""
"28340","",""
"28341","",""
"28342","",""
"28343","",""
"28344","",""
"28345","",""
"28346","2026-04-17","2026-04-17"
"28347","",""
"28348","",""
"28349","2026-03-31","2026-03-31"
"28350","",""
"28351","2026-04-01","2026-05-03"
"28352","",""
"28353","2026-05-17","2026-06-07"
"28354","",""
"28355","",""
"28356","2026-04-25","2026-04-25"
"28357","",""
"28358","",""
"28359","",""
"28360","",""
"28361","2026-03-02","2026-04-09"
"28362","",""
"28363","",""
"28364","",""
"28365","",""
"28366","",""
"28367","",""
"28368","",""
"28369","",""
"28370","2026-03-16","2026-06-05"
"28371","2026-05-05","2026-05-05"
"28372","2026-05-16","2026-05-16"
"28373","2026-03-11","2026-04-11"
"28374","",""
"28375","",""
"28376","2026-05-31","2026-05-31"
"28377","",""
"28378","",""
"28379","",""
"28380","",""
"28381","",""
"28382","",""
"28383","2026-03-10","2026-06-01"
"28384","2026-03-08","2026-05-31"
"28385","",""
"28386","",""
"28387","",""
"28388","2026-04-10","2026-05-24"
"28389","",""
"28390","2026-02-22","2026-06-09"
"28391","",""
"28392","2026-02-28","2026-02-28"
"28393","",""
"28394","",""
"28395","2026-05-06","2026-06-08"
"28396","",""
"28397","",""
"28398","",""
"28399","",""
"28400","",""
"28401","2026-05-30","2026-05-30"
"28402","",""
"28403","",""
"28404","",""
"28405","2026-05-17","2026-05-17"
"28406","",""
"28407","",""
"28408","",""
"28409","",""
"28410","",""
"28411","",""
"28412","2026-04-20","2026-05-31"
"28413","2026-05-30","2026-05-30"
"28414","",""
"28415","",""
"28416","",""
"28417","",""
"28418","",""
"28419","",""
"28420","",""
"28421","",""
"28422","",""
"28423","",""
"28424","",""
"28425","",""
"28426","2026-02-15","2026-05-25"
"28427","",""
"28428","",""
"28429","",""
"28430","",""
"28431","",""
"28432","",""
"28433","",""
"28434","",""
"28435","",""
"28436","",""
"28437","",""
"28438","",""
"28439","",""
"28440","",""
"28441","",""
"28442","",""
"28443","2026-05-30","2026-05-30"
"28444","2026-04-01","2026-04-01"
"28445","",""
"28446","2026-03-31","2026-03-31"
"28447","",""
"28448","2026-05-20","2026-05-21"
"28449","",""
"28450","2026-03-18","2026-03-18"
"28451","",""
"28452","",""
"28453","2026-03-14","2026-03-14"
"28454","",""
"28455","2026-03-26","2026-03-26"
"28456","",""
"28457","",""
"28458","",""
"28459","",""
"28460","",""
"28461","",""
"28462","",""
"28463","2026-04-30","2026-05-31"
"28464","",""
"28465","2026-03-09","2026-04-13"
"28466","",""
"28467","",""
"28468","2026-05-11","2026-05-11"
"28469","",""
"28470","",""
"28471","2026-02-27","2026-05-16"
"28472","",""
"28473","",""
"28474","2026-05-03","2026-05-03"
"28475","",""
"28476","",""
"28477","",""
"28478","",""
"28479","",""
"28480","",""
"28481","",""
"28482","2026-04-06","2026-06-13"
"28483","",""
"28484","",""
"28485","",""
"28486","",""
"28487","",""
"28488","",""
"28489","2026-05-18","2026-05-18"
"28490","",""
"28491","",""
"28492","2026-03-03","2026-05-27"
"28493","2026-03-06","2026-05-30"
"28494","2026-03-08","2026-04-14"
"28495","2026-02-25","2026-05-21"
"28496","2026-03-03","2026-05-30"
"28497","2026-03-02","2026-05-28"
"28498","2026-02-15","2026-05-25"
"28499","2026-02-11","2026-06-12"
"28500","",""
"28501","",""
"28502","",""
"28503","",""
"28504","",""
"28505","2026-03-12","2026-06-09"
"28506","2026-02-22","2026-04-18"
"28507","2026-03-29","2026-04-26"
"28508","2026-03-08","2026-04-19"
"28509","2026-05-11","2026-05-11"
"28510","",""
"28511","2026-05-09","2026-05-31"
"28512","",""
"28513","",""
"28514","",""
"28515","",""
"28516","",""
"28517","",""
"28518","",""
"28519","",""
"28520","",""
"28521","",""
"28522","",""
"28523","",""
"28524","",""
"28525","",""
"28526","",""
"28527","",""
"28528","",""
"28529","",""
"28530","",""
"28531","",""
"28532","",""
"28533","",""
"28534","2026-05-28","2026-05-29"
"28535","2026-05-15","2026-06-12"
"28536","2026-04-30","2026-06-02"
"28537","",""
"28538","2026-03-31","2026-03-31"
"28539","2026-04-01","2026-04-01"
"28540","2026-04-16","2026-04-16"
"28541","",""
"28542","",""
"28543","",""
"28544","",""
"28545","",""
"28546","2026-03-08","2026-06-14"
"28547","",""
"28548","",""
"28549","",""
"28550","",""
"28551","2026-04-04","2026-04-04"
"28552","2026-04-26","2026-06-02"
"28553","",""
"28554","",""
"28555","",""
"28556","",""
"28557","",""
"28558","",""
"28559","",""
"28560","2026-03-07","2026-04-11"
"28561","",""
"28562","",""
"28563","",""
"28564","2026-04-16","2026-05-18"
"28565","",""
"28566","",""
"28567","",""
"28568","",""
"28569","",""
"28570","2026-05-21","2026-05-21"
"28571","",""
"28572","",""
"28573","",""
"28574","",""
"28575","",""
"28576","",""
"28577","",""
"28578","",""
"28579","",""
"28580","",""
"28581","",""
"28582","",""
"28583","",""
"28584","",""
"28585","",""
"28586","",""
"28587","",""
"28588","",""
"28589","",""
"28590","",""
"28591","",""
"28592","2026-03-11","2026-06-14"
"28593","",""
"28594","",""
"28595","",""
"28596","",""
"28597","2026-04-23","2026-05-25"
"28598","",""
"28599","",""
"28600","",""
"28601","",""
"28602","",""
"28603","",""
"28604","",""
"28605","",""
"28606","",""
"28607","2026-06-01","2026-06-01"
"28608","2026-04-05","2026-06-06"
"28609","2026-03-01","2026-03-23"
"28610","",""
"28611","",""
"28612","",""
"28613","",""
"28614","",""
"28615","",""
"28616","",""
"28617","",""
"28618","",""
"28619","2026-03-23","2026-05-31"
"28620","",""
"28621","",""
"28622","",""
"28623","",""
"28624","2026-03-16","2026-04-15"
"28625","",""
"28626","2026-05-31","2026-05-31"
"28627","",""
"28628","",""
"28629","",""
"28630","2026-05-28","2026-05-28"
"28631","",""
"28632","",""
"28633","",""
"28634","",""
"28635","2026-04-05","2026-06-07"
"28636","2026-04-25","2026-04-25"
"28637","",""
"28638","",""
"28639","",""
"28640","2026-03-01","2026-06-09"
"28641","",""
"28642","2026-04-27","2026-05-31"
"28643","",""
"28644","2026-05-12","2026-05-12"
"28645","2026-03-31","2026-06-06"
"28646","",""
"28647","",""
"28648","",""
"28649","",""
"28650","",""
"28651","",""
"28652","",""
"28653","",""
"28654","",""
"28655","",""
"28656","",""
"28657","",""
"28658","",""
"28659","",""
"28660","",""
"28661","",""
"28662","",""
"28663","",""
"28664","",""
"28665","",""
"28666","",""
"28667","2026-06-08","2026-06-08"
"28668","",""
"28669","2026-05-26","2026-05-26"
"28670","",""
"28671","",""
"28672","",""
"28673","",""
"28674","",""
"28675","",""
"28676","",""
"28677","",""
"28678","",""
"28679","",""
"28680","",""
"28681","",""
"28682","",""
"28683","",""
"28684","",""
"28685","",""
"28686","2026-04-26","2026-04-26"
"28687","",""
"28688","",""
"28689","",""
"28690","",""
"28691","",""
"28692","",""
"28693","",""
"28694","",""
"28695","",""
"28696","",""
"28697","",""
"28698","",""
"28699","",""
"28700","",""
"28701","",""
"28702","",""
"28703","",""
"28704","",""
"28705","2026-04-07","2026-04-07"
"28706","2026-03-28","2026-06-09"
"28707","2026-04-30","2026-04-30"
"28708","",""
"28709","2026-05-17","2026-06-07"
"28710","",""
"28711","",""
"28712","",""
"28713","",""
"28714","",""
"28715","2026-03-18","2026-05-31"
"28716","2026-05-31","2026-05-31"
"28717","",""
"28718","2026-04-29","2026-04-29"
"28719","",""
"28720","",""
"28721","",""
"28722","2026-05-31","2026-05-31"
"28723","",""
"28724","2026-03-02","2026-06-09"
"28725","",""
"28726","",""
"28727","2026-06-02","2026-06-02"
"28728","",""
"28729","",""
"28730","",""
"28731","",""
"28732","2026-03-30","2026-06-01"
"28733","2026-06-08","2026-06-08"
"28734","2026-06-13","2026-06-13"
"28735","2026-03-20","2026-06-08"
"28736","2026-03-13","2026-06-02"
"28737","2026-03-31","2026-05-30"
"28738","",""
"28739","2026-06-01","2026-06-01"
"28740","",""
"28741","",""
"28742","2026-04-01","2026-04-01"
"28743","2026-04-27","2026-06-11"
"28744","",""
"28745","2026-05-15","2026-06-14"
"28746","",""
"28747","",""
"28748","",""
"28749","",""
"28750","",""
"28751","",""
"28752","2026-03-28","2026-03-28"
"28753","",""
"28754","",""
"28755","",""
"28756","",""
"28757","",""
"28758","2026-03-31","2026-03-31"
"28759","",""
"28760","2026-04-10","2026-04-10"
"28761","",""
"28762","",""
"28763","",""
"28764","",""
"28765","",""
"28766","",""
"28767","",""
"28768","",""
"28769","",""
"28770","2026-06-01","2026-06-01"
"28771","2026-04-12","2026-05-30"
"28772","",""
"28773","2026-06-07","2026-06-07"
"28774","",""
"28775","",""
"28776","",""
"28777","2026-05-31","2026-05-31"
"28778","2026-03-14","2026-03-26"
"28779","2026-03-15","2026-06-04"
"28780","",""
"28781","",""
"28782","",""
"28783","",""
"28784","2026-04-20","2026-04-20"
"28785","",""
"28786","",""
"28787","",""
"28788","",""
"28789","",""
"28790","",""
"28791","",""
"28792","",""
"28793","",""
"28794","2026-05-26","2026-06-11"
"28795","",""
"28796","",""
"28797","",""
"28798","2026-05-16","2026-05-16"
"28799","",""
"28800","",""
"28801","",""
"28802","",""
"28803","2026-03-22","2026-06-11"
"28804","",""
"28805","",""
"28806","",""
"28807","",""
"28808","",""
"28809","2026-05-10","2026-05-28"
"28810","",""
"28811","",""
"28812","",""
"28813","",""
"28814","",""
"28815","2026-05-01","2026-05-01"
"28816","2026-05-28","2026-05-28"
"28817","2026-03-29","2026-05-21"
"28818","",""
"28819","2026-06-10","2026-06-10"
"28820","",""
"28821","",""
"28822","",""
"28823","",""
"28824","",""
"28825","2026-04-03","2026-04-03"
"28826","",""
"28827","2026-03-21","2026-05-30"
"28828","2026-03-03","2026-06-03"
"28829","",""
"28830","",""
"28831","2026-04-03","2026-06-04"
"28832","",""
"28833","",""
"28834","",""
"28835","",""
"28836","",""
"28837","",""
"28838","",""
"28839","2026-04-03","2026-05-12"
"28840","",""
"28841","2026-05-23","2026-05-31"
"28842","",""
"28843","",""
"28844","",""
"28845","",""
"28846","2026-04-12","2026-04-12"
"28847","2026-04-19","2026-06-18"
"28848","2026-03-17","2026-06-05"
"28849","2026-05-15","2026-05-15"
"28850","2026-04-21","2026-05-24"
"28851","",""
"28852","2026-05-16","2026-06-07"
"28853","",""
"28854","2026-06-07","2026-06-07"
"28855","",""
"28856","",""
"28857","2026-04-01","2026-04-01"
"28858","",""
"28859","",""
"28860","",""
"28861","",""
"28862","",""
"28863","2026-04-15","2026-04-15"
"28864","",""
"28865","",""
"28866","",""
"28867","",""
"28868","",""
"28869","",""
"28870","",""
"28871","2026-05-22","2026-05-22"
"28872","2026-05-23","2026-05-23"
"28873","",""
"28874","2026-04-04","2026-04-27"
"28875","2026-03-31","2026-06-07"
"28876","",""
"28877","",""
"28878","",""
"28879","2026-05-14","2026-05-14"
"28880","",""
"28881","",""
"28882","2026-05-31","2026-05-31"
"28883","",""
"28884","",""
"28885","",""
"28886","2026-05-12","2026-05-12"
"28887","",""
"28888","",""
"28889","2026-05-01","2026-05-31"
"28890","",""
"28891","",""
"28892","",""
"28893","",""
"28894","",""
"28895","",""
"28896","",""
"28897","",""
"28898","",""
"28899","",""
"28900","2026-05-12","2026-05-12"
"28901","",""
"28902","",""
"28903","",""
"28904","",""
"28905","2026-03-08","2026-06-05"
"28906","2026-03-27","2026-06-06"
"28907","",""
"28908","2026-03-27","2026-03-27"
"28909","",""
"28910","",""
"28911","",""
"28912","",""
"28913","",""
"28914","",""
"28915","",""
"28916","",""
"28917","",""
"28918","",""
"28919","",""
"28920","2026-05-14","2026-06-12"
"28921","",""
"28922","",""
"28923","",""
"28924","",""
"28925","",""
"28926","",""
"28927","",""
"28928","",""
"28929","",""
"28930","2026-06-04","2026-06-04"
"28931","",""
"28932","",""
"28933","",""
"28934","",""
"28935","",""
"28936","",""
"28937","",""
"28938","",""
"28939","",""
"28940","2026-04-30","2026-04-30"
"28941","",""
"28942","",""
"28943","2026-05-15","2026-05-15"
"28944","",""
"28945","",""
"28946","",""
"28947","2026-05-14","2026-05-14"
"28948","",""
"28949","",""
"28950","",""
"28951","2026-05-01","2026-05-01"
"28952","",""
"28953","2026-04-30","2026-04-30"
"28954","",""
"28955","",""
"28956","",""
"28957","",""
"28958","",""
"28959","",""
"28960","",""
"28961","",""
"28962","",""
"28963","",""
"28964","",""
"28965","",""
"28966","2026-04-22","2026-05-30"
"28967","",""
"28968","",""
"28969","",""
"28970","",""
"28971","",""
"28972","",""
"28973","",""
"28974","",""
"28975","",""
"28976","",""
"28977","2026-04-22","2026-05-31"
"28978","2026-05-10","2026-05-10"
"28979","",""
"28980","",""
"28981","",""
"28982","",""
"28983","",""
"28984","2026-04-02","2026-05-09"
"28985","",""
"28986","",""
"28987","2026-04-10","2026-04-10"
"28988","",""
"28989","",""
"28990","",""
"28991","",""
"28992","2026-04-30","2026-04-30"
"28993","2026-05-28","2026-05-28"
"28994","",""
"28995","2026-06-09","2026-06-09"
"28996","",""
"28997","",""
"28998","2026-05-02","2026-05-02"
"28999","",""
"29000","",""
"29001","",""
"29002","",""
"29003","",""
"29004","",""
"29005","",""
"29006","",""
"29007","",""
"29008","2026-03-26","2026-06-07"
"29009","",""
"29010","",""
"29011","",""
"29012","",""
"29013","",""
"29014","",""
"29015","",""
"29016","",""
"29017","",""
"29018","",""
"29019","2026-04-19","2026-05-29"
"29020","",""
"29021","",""
"29022","2026-03-31","2026-06-08"
"29023","2026-04-22","2026-05-31"
"29024","2026-04-10","2026-05-19"
"29025","",""
"29026","2026-04-06","2026-05-31"
"29046","2026-05-10","2026-06-10"
"29027","",""
"29028","",""
"29029","",""
"29030","",""
"29031","",""
"29032","",""
"29033","",""
"29034","",""
"29035","",""
"29036","2026-05-27","2026-05-27"
"29037","",""
"29038","",""
"29039","",""
"29040","",""
"29041","2026-05-18","2026-06-10"
"29042","",""
"29043","",""
"29044","",""
"29045","",""
"29047","",""
"29048","",""
"29049","",""
"29050","",""
"29051","2026-05-16","2026-05-30"
"29052","",""
"29053","2026-05-10","2026-06-12"
"29054","",""
"29055","",""
"29056","",""
"29057","",""
"29058","2026-05-03","2026-06-12"
"29059","",""
"29060","2026-05-20","2026-05-20"
"29061","",""
"29062","",""
"29063","2026-04-26","2026-06-05"
"29064","",""
"29065","",""
"29066","",""
"29067","2026-06-01","2026-06-01"
"29068","",""
"29069","",""
"29070","",""
"29071","",""
"29072","",""
"29073","",""
"29074","",""
"29075","",""
"29076","",""
"29077","",""
"29078","",""
"29079","2026-05-02","2026-05-02"
"29080","",""
"29081","2026-04-23","2026-05-13"
"29082","2026-05-25","2026-06-08"
"29083","2026-05-15","2026-05-20"
"29084","",""
"29085","",""
"29086","",""
"29087","",""
"29088","",""
"29089","",""
"29090","",""
"29091","",""
"29092","",""
"29093","",""
"29094","",""
"29095","",""
"29096","",""
"29097","",""
"29098","",""
"29099","",""
"29100","",""
"29101","",""
"29102","",""
"29103","",""
"29104","",""
"29105","",""
"29106","",""
"29107","",""
"29108","",""
"29109","",""
"29110","",""
"29111","",""
"29112","2026-04-20","2026-05-31"
"29113","2026-05-22","2026-05-22"
"29114","",""
"29115","",""
"29116","",""
"29117","",""
"29118","",""
"29119","",""
"29120","",""
"29121","",""
"29122","",""
"29123","",""
"29124","2026-04-20","2026-06-12"
"29125","",""
"29126","",""
"29127","",""
"29128","",""
"29129","",""
"29130","",""
"29131","",""
"29132","",""
"29133","2026-06-09","2026-06-09"
"29134","",""
"29135","",""
"29136","",""
"29137","2026-05-21","2026-05-21"
"29138","2026-05-07","2026-05-07"
"29139","",""
"29140","",""
"29141","",""
"29142","",""
"29143","",""
"29144","",""
"29145","",""
"29146","2026-06-03","2026-06-03"
"29147","2026-05-30","2026-05-30"
"29148","",""
"29149","",""
"29150","2026-04-11","2026-05-28"
"29151","",""
"29152","",""
"29153","",""
"29154","",""
"29155","",""
"29156","",""
"29157","",""
"29158","",""
"29159","",""
"29160","2026-05-08","2026-05-25"
"29161","2026-04-12","2026-05-11"
"29162","2026-04-12","2026-05-29"
"29163","2026-04-12","2026-05-30"
"29164","2026-04-26","2026-05-22"
"29165","2026-04-26","2026-05-14"
"29166","",""
"29167","",""
"29168","2026-05-29","2026-05-29"
"29169","",""
"29170","",""
"29171","",""
"29172","",""
"29173","",""
"29174","2026-05-05","2026-06-01"
"29175","",""
"29176","",""
"29177","",""
"29178","",""
"29179","",""
"29180","",""
"29181","",""
"29182","",""
"29183","2026-06-06","2026-06-06"
"29184","",""
"29185","",""
"29186","",""
"29187","2026-06-14","2026-06-14"
"29188","",""
"29189","",""
"29190","",""
"29191","",""
"29192","",""
"29193","",""
"29194","",""
"29195","2026-05-13","2026-05-13"
"29196","",""
"29197","2026-05-31","2026-05-31"
"29198","",""
"29199","",""
"29200","2026-06-08","2026-06-14"
"29201","",""
"29202","",""
"29203","",""
"29204","",""
"29205","",""
"29206","",""
"29207","",""
"29208","",""
"29209","",""
"29210","",""
"29211","2026-05-18","2026-05-18"
"29212","",""
"29213","2026-05-03","2026-06-07"
"29214","",""
"29215","2026-05-03","2026-06-14"
"29216","",""
"29217","",""
"29218","",""
"29219","",""
"29220","",""
"29221","",""
"29222","",""
"29223","",""
"29224","",""
"29225","",""
"29226","",""
"29227","",""
"29228","",""
"29229","",""
"29230","",""
"29231","",""
"29232","2026-06-03","2026-06-13"
"29233","",""
"29234","",""
"29235","",""
"29236","2026-06-07","2026-06-07"
"29237","",""
"29238","2026-05-16","2026-05-31"
"29239","",""
"29240","",""
"29241","",""
"29242","",""
"29243","",""
"29244","",""
"29245","",""
"29246","",""
"29247","",""
"29248","2026-05-22","2026-05-22"
"29249","",""
"29250","",""
"29251","",""
"29252","",""
"29253","",""
"29254","2026-05-22","2026-05-22"
"29255","",""
"29256","",""
"29257","",""
"29258","",""
"29259","",""
"29260","2026-05-30","2026-05-30"
"29261","",""
"29262","",""
"29263","",""
"29264","2026-06-08","2026-06-12"
"29265","",""
"29266","",""
"29267","2026-05-23","2026-05-23"
"29268","2026-05-16","2026-06-07"
"29269","",""
"29270","",""
"29271","",""
"29272","",""
"29273","",""
"29274","2026-05-10","2026-05-31"
"29275","",""
"29276","",""
"29277","",""
"29278","",""
"29279","",""
"29280","",""
"29281","2026-06-02","2026-06-02"
"29282","",""
"29283","2026-06-02","2026-06-02"
"29284","",""
"29285","",""
"29286","2026-05-20","2026-05-20"
"29287","",""
"29288","",""
"29289","",""
"29290","",""
"29291","",""
"29292","",""
"29293","2026-05-26","2026-05-26"
"29294","",""
"29295","",""
"29296","",""
"29297","2026-05-31","2026-05-31"
"29298","",""
"29299","",""
"29300","",""
"29301","2026-05-21","2026-06-03"
"29302","",""
"29303","",""
"29304","",""
"29305","",""
"29306","",""
"29307","",""
"29308","",""
"29309","",""
"29310","",""
"29311","",""
"29312","",""
"29313","",""
"29314","",""
"29315","",""
"29316","",""
"29317","",""
"29318","",""
"29319","",""
"29320","2026-05-31","2026-05-31"
"29321","",""
"29322","",""
"29323","",""
"29324","",""
"29325","",""
"29326","",""
"29327","",""
"29328","",""
"29329","",""
"29330","",""
"29331","",""
"29332","",""
"29333","",""
"29334","",""
"29335","",""
"29336","",""
"29337","",""
"29338","",""
"29339","",""
"29340","",""
"29341","",""
"29342","",""
"29343","2026-04-26","2026-06-14"
"29344","",""
"29345","",""
"29346","2026-05-14","2026-05-14"
"29347","2026-05-08","2026-05-30"
"29348","",""
"29349","",""
"29350","2026-05-07","2026-06-09"
"29351","",""
"29352","",""
"29353","",""
"29354","",""
"29355","",""
"29356","",""
"29357","2026-05-30","2026-06-02"
"29358","2026-05-31","2026-05-31"
"29359","",""
"29360","",""
"29361","",""
"29362","",""
"29363","",""
"29364","2026-04-25","2026-05-17"
"29365","",""
"29366","",""
"29367","2026-05-17","2026-06-01"
"29368","",""
"29369","",""
"29370","",""
"29371","",""
"29372","",""
"29373","",""
"29374","",""
"29375","",""
"29376","",""
"29377","",""
"29378","",""
"29379","2026-05-18","2026-06-12"
"29380","2026-04-23","2026-05-25"
"29381","",""
"29382","",""
"29383","",""
"29384","",""
"29385","",""
"29386","2026-06-08","2026-06-08"
"29387","",""
"29388","",""
"29389","",""
"29390","",""
"29391","",""
"29392","",""
"29393","2026-06-04","2026-06-04"
"29394","",""
"29395","",""
"29396","",""
"29397","2026-06-04","2026-06-04"
"29398","",""
"29399","",""
"29400","",""
"29401","",""
"29402","",""
"29403","",""
"29404","",""
"29405","2026-06-07","2026-06-07"
"29406","2026-05-28","2026-05-28"
"29407","",""
"29408","",""
"29409","",""
"29410","",""
"29411","",""
"29412","",""
"29413","",""
"29414","",""
"29415","",""
"29416","",""
"29417","2026-05-30","2026-05-30"
"29418","",""
"29419","",""
"29420","",""
"29421","",""
"29422","2026-05-30","2026-05-30"
"29423","",""
"29424","",""
"29425","",""
"29426","",""
"29427","",""
"29428","",""
"29429","",""
"29430","",""
"29431","",""
"29432","",""
"29433","",""
"29434","",""
"29435","",""
"29436","",""
"29437","",""
"29438","",""
"29439","",""
"29440","",""
"29441","",""
"29442","",""
"29443","",""
"29444","",""
"29445","",""
"29446","",""
"29447","",""
"29448","",""
"29449","",""
"29450","",""
"29451","",""
"29452","2026-05-26","2026-06-08"
"29453","2026-05-10","2026-06-08"
"29454","",""
"29455","",""
"29456","",""
"29457","",""
"29458","",""
"29459","",""
"29460","",""
"29461","",""
"29462","",""
"29463","",""
"29464","2026-06-12","2026-06-14"
"29465","",""
"29466","",""
"29467","",""
"29468","",""
"29469","",""
"29470","2026-05-18","2026-06-05"
"29471","",""
"29472","",""
"29473","",""
"29474","",""
"29475","",""
"29476","",""
"29477","",""
"29478","2026-06-01","2026-06-01"
"29479","",""
"29480","",""
"29481","",""
"29482","",""
"29483","",""
"29484","",""
"29485","",""
"29486","",""
"29487","",""
"29488","",""
"29489","",""
"29490","",""
"29491","",""
"29492","",""
"29493","",""
"29494","",""
"29495","",""
"29496","",""
"29497","",""
"29498","2026-05-24","2026-06-07"
"29499","2026-05-03","2026-05-24"
"29500","2026-06-07","2026-06-07"
"29501","2026-05-18","2026-05-31"
"29502","2026-05-05","2026-06-01"
"29503","2026-05-03","2026-06-03"
"29504","2026-05-06","2026-05-25"
"29505","2026-05-10","2026-06-07"
"29506","2026-05-02","2026-06-07"
"29507","",""
"29508","",""
"29509","",""
"29510","",""
"29511","",""
"29512","",""
"29513","",""
"29514","",""
"29515","",""
"29516","",""
"29517","",""
"29518","",""
"29519","",""
"29520","",""
"29521","2026-06-08","2026-06-08"
"29522","",""
"29523","",""
"29524","",""
"29525","",""
"29526","",""
"29527","",""
"29528","",""
"29529","",""
"29530","",""
"29531","",""
"29532","",""
"29533","2026-05-16","2026-06-04"
"29534","",""
"29535","",""
"29536","",""
"29537","",""
"29538","",""
"29539","",""
"29540","",""
"29541","",""
"29542","",""
"29543","",""
"29544","",""
"29545","",""
"29546","",""
"29547","",""
"29548","",""
"29549","",""
"29550","2026-05-06","2026-06-07"
"29551","2026-05-25","2026-05-25"
"29552","2026-05-25","2026-06-07"
"29553","2026-05-10","2026-06-07"
"29554","",""
"29555","",""
"29556","",""
"29557","",""
"29558","",""
"29559","",""
"29560","",""
"29561","",""
"29562","",""
"29563","",""
"29564","",""
"29565","2026-05-13","2026-06-04"
"29566","",""
"29567","",""
"29568","",""
"29569","2026-05-13","2026-05-28"
"29570","",""
"29571","",""
"29572","",""
"29573","",""
"29574","",""
"29575","",""
"29576","2026-06-06","2026-06-06"
"29577","2026-06-08","2026-06-08"
"29578","",""
"29579","",""
"29580","",""
"29581","",""
"29582","",""
"29583","",""
"29584","",""
"29585","2026-05-31","2026-05-31"
"29586","",""
"29587","",""
"29588","",""
"29589","",""
"29590","",""
"29591","",""
"29592","",""
"29593","2026-05-19","2026-05-30"
"29594","",""
"29595","",""
"29596","",""
"29597","",""
"29598","",""
"29599","",""
"29600","",""
"29601","",""
"29602","",""
"29603","",""
"29604","",""
"29605","",""
"29606","",""
"29607","",""
"29608","",""
"29609","",""
"29610","",""
"29611","",""
"29612","",""
"29613","",""
"29614","",""
"29615","",""
"29616","",""
"29617","",""
"29618","",""
"29619","",""
"29620","",""
"29621","2026-05-15","2026-06-13"
"29622","",""
"29623","",""
"29624","2026-05-31","2026-06-13"
"29625","",""
"29626","2026-05-26","2026-06-07"
"29627","",""
"29628","",""
"29629","",""
"29630","",""
"29631","",""
"29632","",""
"29633","",""
"29634","",""
"29635","",""
"29636","",""
"29637","",""
"29638","",""
"29639","",""
"29640","",""
"29641","",""
"29642","",""
"29643","",""
"29644","",""
"29645","",""
"29646","",""
"29647","",""
"29648","",""
"29649","",""
"29650","",""
"29651","",""
"29652","",""
"29653","",""
"29654","",""
"29655","",""
"29656","",""
"29657","",""
"29658","",""
"29659","",""
"29660","2026-06-10","2026-06-10"
"29661","",""
"29662","",""
"29663","",""
"29664","",""
"29665","",""
"29666","",""
"29667","2026-06-08","2026-06-08"
"29668","",""
"29669","",""
"29670","",""
"29671","",""
"29672","",""
"29673","",""
"29674","",""
"29675","",""
"29676","",""
"29677","",""
"29678","",""
"29679","",""
"29680","",""
"29681","",""
"29682","",""
"29683","",""
"29684","",""
"29685","",""
"29686","",""
"29687","",""
"29688","",""
"29689","",""
"29690","",""
"29691","",""
"29692","",""
"29693","",""
"29694","",""
"29695","",""
"29696","",""
"29697","",""
"29698","",""
"29699","",""
"29700","",""
"29701","",""
"29702","",""
"29703","",""
"29704","",""
"29705","",""
"29706","",""
"29707","",""
"29708","",""
"29709","",""
"29710","",""
"29711","",""
"29712","",""
"29713","",""
"29714","",""
"29715","",""
"29716","",""
"29717","",""
"29718","2026-05-29","2026-05-29"
"29719","",""
"29720","",""
"29721","",""
"29722","",""
"29723","",""
"29724","",""
"29725","",""
"29726","",""
"29727","",""
"29728","",""
"29729","",""
"29730","",""
"29731","",""
"29732","",""
"29733","",""
"29734","",""
"29735","",""
"29736","",""
"29737","",""
"29738","",""
"29739","",""
"29740","",""
"29741","",""
"29742","",""
"29743","",""
"29744","",""
"29745","",""
"29746","",""
"29747","",""
"29748","",""
"29749","",""
"29750","",""
"29751","",""
"29752","",""
"29753","",""
"29754","",""
"29755","",""
"29756","",""
"29757","",""
"29758","",""
"29759","",""
"29760","",""
"29761","",""
"29762","",""
"29763","",""
"29764","",""
"29765","",""
"29766","",""
"29767","",""
"29768","",""
"29769","",""
"29770","",""
"29771","",""
"29772","",""
"29773","",""
"29774","",""
"29775","",""
"29776","",""
"29777","",""
"29778","",""
"29779","",""
"29780","",""
"29781","",""
"29782","",""
"29783","",""
"29784","",""
"29785","",""
"29786","",""
"29787","",""
"29788","",""
"29789","",""
"29790","",""
"29791","",""
"29792","",""
"29793","",""
"29794","",""
"29795","",""
"29796","",""
"29797","",""
"29798","",""
"29799","",""
"29800","",""
"29801","",""
"29802","",""
"29803","",""
"29804","",""
"29805","",""
"29806","",""
"29807","",""
"29808","",""
"29809","",""
"29810","",""
"29811","",""
"29812","",""
"29813","",""
"29814","",""
"29815","2026-06-12","2026-06-12"
"29816","",""
"29817","",""
"29818","",""
"29819","",""
"29820","",""
"29821","",""
"29822","2026-06-07","2026-06-07"
"29823","",""
"29824","",""
"29825","",""
"29826","",""
"29827","",""
"29828","",""
"29829","",""
"29830","",""
"29831","",""
"29832","",""
"29833","",""
"29834","",""
"29835","",""
"29836","",""
"29837","",""
"29838","",""
"29839","",""
"29840","",""
"29841","",""
"29842","",""
"29843","",""
"29844","",""
"29845","",""
"29846","",""
"29847","",""
"29848","",""
"29849","",""
"29850","",""
"29851","",""
"29852","",""
"29853","",""
"29854","",""
"29855","",""
"29856","",""
"29857","",""
"29858","",""
"29859","",""
"29860","",""
"29861","",""
"29862","",""
"29863","",""
"29864","",""
"29865","",""
"29866","",""
"29867","",""
"29868","",""
"29869","",""
"29870","",""
"29871","",""
"29872","",""
"29873","",""
"29874","",""
"29875","",""
"29876","",""
"29877","",""
"29878","",""
"29879","",""
"29880","",""
"29881","",""
"29882","",""
"29883","",""
"29884","",""
"29885","",""
"29886","",""
"29887","",""
"29888","",""
"29889","",""
"29890","",""
"29891","",""
"29892","",""
"29893","",""
"29894","",""
"29895","",""
"29896","",""
"29897","",""
"29898","",""
"29899","",""
"29900","",""
"29901","",""
"29902","",""
"29903","",""
"29904","",""
"29905","",""
"29906","",""
"29907","",""
"29908","",""
"29909","",""
"29910","",""
"29911","",""
"29912","",""
"29913","",""
"29914","",""
"29915","",""
"29916","",""
"29917","",""
"29918","",""
"29919","",""
"29920","",""
"29921","",""
"29922","",""
"29923","",""
"29924","",""
"29925","",""
"29926","",""
"29927","",""
"29928","",""
"29929","",""
"29930","",""
"29931","",""
"29932","",""
"29933","",""
"29934","",""
"29935","",""
"29936","",""
"29937","",""
"29938","",""
"29939","",""
"29940","",""
"29941","",""
"29942","",""
"29943","",""
"29944","",""
"29945","",""
"29946","",""
"29947","",""
"29948","",""
"29949","",""
"29950","",""
"29951","",""
"29952","",""
"29953","",""
"29954","",""
"29955","",""
"29956","",""
"29957","",""
"29958","",""
"29959","",""
"29960","",""
"29961","",""
"29962","",""
"29963","",""
"29964","",""
"29965","",""
"29966","",""
"29967","",""
"29968","",""
"29969","",""
"29970","",""
"29971","",""
"29972","",""
"29973","",""
"29974","",""
"29975","",""
"29976","",""
"29977","",""
"29978","",""
"29979","",""
"29980","",""
"29981","",""
"29982","",""
"29983","",""
"29984","",""
"29985","",""
"29986","",""
"29987","",""
"29988","",""
"29989","",""
"29990","",""
"29991","",""
"29992","",""
"29993","",""
"29994","",""
"29995","",""
"29996","",""
"29997","",""
"29998","",""
"29999","",""
"30000","",""
"30001","",""
"30002","",""
"30003","",""
"30004","",""
"30005","",""
"30006","",""
"30007","2026-06-10","2026-06-10"
"30008","",""
"30009","",""
"30010","",""
"30011","",""
"30012","",""
"30013","",""
"30014","",""
"30015","",""
"30016","",""
"30017","",""
"30018","",""
"30019","",""
"30020","",""
"30021","",""
"30022","",""
"30023","",""
"30024","",""
"30025","",""
"30026","",""
"30027","",""
"30028","",""
"30029","",""
"30030","",""
"30031","",""
"30032","",""
"30033","",""
"30034","",""
"30035","",""
"30036","",""
"30037","",""
"30038","",""
"30039","",""
"30040","",""
"30041","",""
"30042","",""
"30043","",""
"30044","",""
"30045","",""
"30046","",""
"30047","",""
"30048","",""
"30049","",""
"30050","",""
"30051","",""
"30052","",""
"30053","",""
"30054","",""
"30055","",""
"30056","",""
"30057","",""
"30058","",""
"30059","",""
"30060","",""
"30061","",""
"30062","",""
"30063","",""
"30064","",""
"30065","",""
"30066","",""
"30067","",""
"30068","",""
"30069","",""
"30070","",""
"30071","",""
"30072","",""
"30073","",""
"30074","",""
"30075","",""
"30076","",""
"30077","",""
"30078","",""
"30079","",""
"30080","",""
"30081","",""
"30082","",""
"30083","",""
"30084","",""
"30085","",""
"30086","",""
"30087","",""
"30088","",""
"30089","",""
"30090","",""
"30091","",""
"30092","",""
"30093","",""
"30094","",""
"30095","",""
"30096","",""
"30097","",""
"30098","",""
"30099","",""
"30100","",""
"30101","",""
"30102","",""
"30103","",""
"30104","",""
"30105","",""
"30106","",""
"30107","",""
"30108","",""
"30109","",""
"30110","",""
"30111","",""
"30112","",""
"30113","",""
"30114","",""
"30115","",""
"30116","",""
"30117","",""
"30118","",""
"30119","",""
"30120","",""
"30121","",""
"30122","",""
"30123","",""
"30124","",""
"30125","",""
"30126","",""
"30127","",""
"30128","",""
"30129","",""
"30130","",""
"30131","",""
"30132","",""
"30133","",""
"30134","",""
"30135","",""
"30136","",""
"30137","",""
"30138","",""
"30139","",""
"30140","",""
"30141","",""
"30142","",""
"30143","",""
"30144","",""
"30145","",""
"30146","",""
"30147","",""
"30148","",""
"30149","",""
"30150","",""
"30151","",""
"30152","",""
"30153","",""
"30154","",""
"30155","",""
"30156","",""
"30157","",""
"30158","",""
"30159","",""
"30160","",""
"30161","",""
"30162","",""
"30163","",""
"30164","",""
"30165","",""
"30166","",""
"30167","",""
"30168","",""
"30169","",""
"30170","",""
"30171","",""
"30172","",""
"30173","",""
"30174","",""
"30175","",""
"30176","",""
"30177","",""
"30178","",""
"30179","",""
"30180","",""
"30181","",""
"30182","",""
"30183","",""
"30184","",""
"30185","",""
"30186","",""
"30187","",""
"30188","",""
"30189","",""
"30190","",""
"30191","",""
"30192","",""
"30193","",""
"30194","",""
"30195","",""
"30196","",""
"30197","",""
"30198","",""
"30199","",""
"30200","",""
"30201","",""
"30202","",""
"30203","",""
"30204","",""
"30205","",""
"30206","",""
"30207","",""
"30208","",""
"30209","",""
"30210","",""
"30211","",""
"30212","",""
"30213","",""
"30214","",""
"30215","",""
"30216","",""
"30217","",""
"30218","",""
"30219","",""
"30220","",""
"30221","",""
"30222","",""
"30223","",""
"30224","",""
"30225","",""
"30226","",""
"30227","",""
"30228","",""
"30229","",""
"30230","",""
"30231","",""
"30232","",""
"30233","",""
"30234","",""
"30235","",""
"30236","",""
"30237","",""
"30238","",""
"30239","",""
"30240","",""
"30241","",""
"30242","",""
"30243","",""
"30244","",""
"30245","",""
"30246","",""
"30247","",""
"30248","",""
"30249","",""
"30250","",""
"30251","",""
"30252","",""
"30253","",""
"30254","",""
"30255","",""
"30256","",""
"30257","",""
"30258","",""
"30259","",""
